song_id,title,artist,image_url,playlist_id,page_crawled,source
2159469368,sweet rally,ilysam,http://p1.music.126.net/SBQXahdXQbMA5Y0omqVPhg==/109951169621639971.jpg,17387580241,0.0,
2714910127,ACELERADA,sma$her,http://p1.music.126.net/Ql9asUw6NFw0b-Tnnn0e5A==/109951171298044408.jpg,17387580241,0.0,
1437471507,Vidrado Em Você,Dj Guuga,http://p1.music.126.net/rmXzwVDUFeRz5kmndMTQAA==/109951166182464764.jpg,17387580241,0.0,
2616935721,VAPO NO SETOR,DJ ANXVAR,http://p1.music.126.net/q0d7FbNKjguVcLWX4RFpNw==/109951169868882989.jpg,17387580241,0.0,
2700768820,Montagem Bandido,Jmilton,http://p2.music.126.net/Kv_pVSSugouKfvAwdhZs_w==/109951170934699705.jpg,17387580241,0.0,
2147237370,"Automotivo Amar, Ma Ma Ma",Dj Brunin XM,http://p2.music.126.net/KoZ_rcKY5jjISf7UNvOpNw==/109951169508886662.jpg,17387580241,0.0,
2045224593,Sequência da Dz7,TRASHXRL,http://p2.music.126.net/SNuVQcEn3QdtPe04PEBfYQ==/109951169305095345.jpg,17387580241,0.0,
2637117813,SPOOKY,fennecxx,http://p2.music.126.net/-1txe3HlhQcgbotKLFxNXQ==/109951170048809375.jpg,17387580241,0.0,
2044150270,MONTAGEM - PR FUNK,S3BZS,http://p2.music.126.net/CD8sDtHN-YG2j4Ite18gZQ==/109951168844438148.jpg,17387580241,0.0,
2105743764,TUCA DONKA (RXDXVIL Remix),CURSEDEVIL,http://p2.music.126.net/cOETGFr8175YnFgz_YWM6Q==/109951169138290434.jpg,17387580241,0.0,
480097178,月がきれい,東山奈央,http://p2.music.126.net/3Cpj_jrscHguYjjFeO1yHg==/19242552997853427.jpg,14435495551,0.0,
30496836,オレンジ,seven oops,http://p2.music.126.net/HD3_u-G87OLIgXjGlHE9gA==/2537672839932536.jpg,14435495551,0.0,
31649312,Departures ~あなたにおくるアイの歌~,EGOIST,http://p2.music.126.net/6_U3BqyOyORzgT-Pk8EaJA==/7823025232375393.jpg,14435495551,0.0,
33911781,secret base ~君がくれたもの~ (10 years after Ver.),茅野愛衣,http://p2.music.126.net/qMg2-kgxvYwMRvABdQJ91Q==/109951166198069948.jpg,14435495551,0.0,
578090,いのちの名前,広橋真紀子,http://p2.music.126.net/5NayMySLIbjxWDCGOwmRYw==/109951169424857649.jpg,14435495551,0.0,
1930226368,Summer Ghost,小瀬村晶,http://p2.music.126.net/LnBAm-rE8kDdyaIUBbJ5-A==/109951167177880386.jpg,14435495551,0.0,
426881500,三葉のテーマ,RADWIMPS,http://p2.music.126.net/UoHin_i29CVJr4gKPEY1kQ==/109951171836647530.jpg,14435495551,0.0,
22707008,潮鳴り,折戸伸治,http://p1.music.126.net/kkkPkRGflxLurhhKBbCmPg==/109951171268737495.jpg,14435495551,0.0,
28151022,鳥の詩,Lia,http://p1.music.126.net/xzm2HOT5DpobOk73OhE9QQ==/109951170627348480.jpg,14435495551,0.0,
471987,一番の宝物 (Original Version),karuta,http://p1.music.126.net/2xc1ZXSTxNkW8u-c9Emdgw==/109951170245717432.jpg,14435495551,0.0,
1958557540,golden hour,JVKE,http://p1.music.126.net/xKRQRZxEClE6653o7NbHiw==/109951167909857256.jpg,14349700825,0.0,
515453363,All Falls Down,Alan Walker,http://p1.music.126.net/LSNp2g4GIUaQBT1yvOq6XQ==/109951165983599325.jpg,14349700825,0.0,
31010566,Sold Out,Jonathan Steingard,http://p1.music.126.net/K8hM5Y5U2CNUY8o7-_IOUQ==/109951168234104467.jpg,14349700825,0.0,
400876320,Unstoppable,Sia,http://p1.music.126.net/zmDE8IMf0QKDLVQc1xh4RA==/109951165973312283.jpg,14349700825,0.0,
37653063,Please Don't Go,Joel Adams,http://p1.music.126.net/1NxeKsBq72tlxd8MYW0A-A==/109951168290934449.jpg,14349700825,0.0,
31789010,Shots (Broiler Remix),Imagine Dragons,http://p1.music.126.net/_WUjq86Db9pfhpwaYeoLqQ==/109951163219130849.jpg,14349700825,0.0,
492145159,Superstar,Beatrich,http://p1.music.126.net/2Ghg_UTkTm1i4gA_GkM8NA==/109951164149167555.jpg,14349700825,0.0,
19292984,Love Story,Taylor Swift,http://p1.music.126.net/GZERNplXUdzTPkKqo2F4tA==/109951169217536854.jpg,14349700825,0.0,
4164331,Bye Bye Bye,Lovestoned,http://p1.music.126.net/__TFfEz3M6Coxauyxnmk0g==/1695446930044953.jpg,14349700825,0.0,
1478568147,Not Angry,Chris James,http://p1.music.126.net/FjTlwGl1x5Klwj0JIwtIyQ==/109951172389383872.jpg,14349700825,0.0,
2719313745,蝶之心 (Lepidary),心语馆,http://p2.music.126.net/pZz4J3VuuYGxUy46UTj_rA==/109951172419177552.jpg,17430413151,0.0,
2699754024,无尽幸福,凌晨一点的莱茵猫,http://p1.music.126.net/R7pahY_SeIUeEcKRNNtxvg==/109951170921327614.jpg,17430413151,0.0,
2682678391,逃向春天,凌晨一点的莱茵猫,http://p1.music.126.net/c5L3cDpqOXV3-QZzxKfPCg==/109951170586448192.jpg,17430413151,0.0,
2055540515,暮春,CMJ,http://p1.music.126.net/yfMAY28BsODV6OMek54xLw==/109951168677458340.jpg,17430413151,0.0,
3316277379,花之浪漫 (Petal whisper),心语馆,http://p1.music.126.net/D7T8LXN6_Cq4O3dMqfRs5w==/109951172453254361.jpg,17430413151,0.0,
3323668937,下一秒是幸福 (Bliss in Next),凌晨一点的莱茵猫,http://p1.music.126.net/imRD_ow7SWiWlXspi60yWQ==/109951172370373139.jpg,17430413151,0.0,
2686282515,晨曲（morning mood）,MT1990,http://p1.music.126.net/BX3z8210gbQ8P0D04aeHsg==/109951170627328901.jpg,17430413151,0.0,
2743191463,惊鸿一梦,凌晨一点的莱茵猫,http://p1.music.126.net/1YOmM4FoaHGrAW6U9wtWRA==/109951171998586275.jpg,17430413151,0.0,
2672540472,涟漪,CMJ,http://p1.music.126.net/hB3rUJ9WkqXi-MnpRduDNw==/109951170457858289.jpg,17430413151,0.0,
2651898735,森之境,Hea2t,http://p1.music.126.net/Ne-rAaOWt1XsD74E93NybQ==/109951170206995318.jpg,17430413151,0.0,
3315240687,千年泪,刘宇,http://p1.music.126.net/6exMNt65NdkT9p0ClwT0UQ==/109951172263946182.jpg,17440686473,0.0,
2745117374,千年,刘宇,http://p1.music.126.net/pVY7axN_l-8BnrgO5k79ng==/109951172020137087.jpg,17440686473,0.0,
2666927887,雨滴,刘宇,http://p2.music.126.net/GRVP-E2ExsipsglFzg-_HQ==/109951170386881441.jpg,17440686473,0.0,
2707775885,柳,刘宇,http://p2.music.126.net/H9IrvqBkBbEpThMU4rYexg==/109951171020283688.jpg,17440686473,0.0,
1377385730,失眠飞行,刘宇,http://p2.music.126.net/MZzuo6hgxHaVJ87Dg50KjA==/109951164207459589.jpg,17440686473,0.0,
2616614696,海芋恋 (Live),萧敬腾,http://p2.music.126.net/zim7NxBTSNnTfvfsAHlpcg==/109951171268125064.jpg,17440686473,0.0,
2670097424,西藏拉萨分会场：格桑花开,才旦卓玛,http://p2.music.126.net/osG3vkhjc-_a_kv2zV3BnQ==/109951170412800167.jpg,17440686473,0.0,
2698043533,揽星河,刘宇,http://p2.music.126.net/CG3z8khBe-MKJ740GFE9NA==/109951170827633326.jpg,17440686473,0.0,
2071509901,Focus,刘宇,http://p2.music.126.net/k6qls9MfnUo79On0ErvOKw==/109951168886690341.jpg,17440686473,0.0,
2072601940,只听晚风,刘宇,http://p2.music.126.net/k6qls9MfnUo79On0ErvOKw==/109951168886690341.jpg,17440686473,0.0,
866434,赤い実,やなわらばー,http://p2.music.126.net/gROy22Q0mSdH1QD4jhDeyQ==/808141046415384.jpg,14418989058,0.0,
740530,日が落ちるまで,ハンバート ハンバート,http://p2.music.126.net/RqP5ECFl5Qy-x-obsuudKQ==/938982930120740.jpg,14418989058,0.0,
28461702,猫になりたい,つじあやの,http://p2.music.126.net/cRCFlxZLkLHtEmRb9tCF-Q==/5825212604154216.jpg,14418989058,0.0,
32544922,ちいさなラズベリー,南壽あさ子,http://p2.music.126.net/kQii2Yb1QpZG8pk1hHX2fw==/7837318883703028.jpg,14418989058,0.0,
2729795726,Bloom,心语馆,http://p2.music.126.net/y0gih3ieybDYFRnMDQGZug==/109951171518899594.jpg,14418989058,0.0,
465487,秋桜,森山直太朗,http://p2.music.126.net/WHvv9CHWVIlqW4URDOcUSg==/109951167004030749.jpg,14418989058,0.0,
740579,旅の終わり,ハンバート ハンバート,http://p2.music.126.net/JGeKMyMzPrJdFHKToT536Q==/109951169476863962.jpg,14418989058,0.0,
757761,歩いても 歩いても,ゴンチチ,http://p2.music.126.net/Z-2zz2eK1qFr0VIBWbY0pg==/109951170961705410.jpg,14418989058,0.0,
555853,Sunshine after the rain,AMADORI,http://p2.music.126.net/HCD5IVLHnlGmrnhieSV2Vw==/764160581316226.jpg,14418989058,0.0,
762499,波よせて,クラムボン,http://p2.music.126.net/3iJnqNBW_W2NQ0IM45iMXQ==/739971325505356.jpg,14418989058,0.0,
2071452224,Take My Hand,DAISHI DANCE,http://p1.music.126.net/q_ZSJmVQ_NlLXq7UNAYK3g==/109951168826077552.jpg,17426483259,0.0,
501468000,Sacred Play Secret Place,Matryoshka,http://p1.music.126.net/NcB0KW6bKs83cmO-OTT1fw==/109951163013755204.jpg,17426483259,0.0,
19827042,Call You Tonight,Whitney Houston,http://p1.music.126.net/0rCqvshmixfyHpQYxd1LsQ==/109951165987301859.jpg,17426483259,0.0,
1817576399,Fool For You,KASTRA,http://p1.music.126.net/Ticf6nqZV5zlePPFuhrjBA==/109951172361066641.jpg,17426483259,0.0,
442867526,Die For You,The Weeknd,http://p1.music.126.net/9i2hrhQfRPNbTWD6YVAQXg==/109951167103667631.jpg,17426483259,0.0,
28635797,Payphone,Maroon 5,http://p1.music.126.net/uu-w0oNMcm8gQV2vTDvvoQ==/5891183301866018.jpg,17426483259,0.0,
2140626391,Baby,Justin Bieber,http://p1.music.126.net/11PFdKRGw6sNZqk4j7UXnw==/109951169453080577.jpg,17426483259,0.0,
2637558926,APT.,ROSÉ,http://p1.music.126.net/t47xJ6AwOv9qOQ51PZoiPw==/109951170052324935.jpg,17426483259,0.0,
29966565,Love Me Like You Do,Ellie Goulding,http://p1.music.126.net/f4HkWKq-NrCTlnrZWP4cpQ==/6647647303036966.jpg,17426483259,0.0,
28403111,特别的人,方大同,http://p1.music.126.net/FtAvIYLF3qwqohQhwycVDg==/109951171386379124.jpg,14407617761,0.0,
108485,Always Online,林俊杰,http://p1.music.126.net/q8RW-c9LY27XNVEaqAa3NA==/109951170565907820.jpg,14407617761,0.0,
85571,我们俩,郭顶,http://p1.music.126.net/Zxb_k2LI77GLmXGg-k2r0g==/109951170514277229.jpg,14407617761,0.0,
25648006,麦恩莉,方大同,http://p1.music.126.net/8I4zvpNSsj--wGNg-mE2kw==/109951168870428045.jpg,14407617761,0.0,
420401511,和你,余佳运,http://p1.music.126.net/O6d7GYY3gp2uy8zehvcOjQ==/17699938184267410.jpg,14407617761,0.0,
2015896805,浆果,TINY7,http://p1.music.126.net/BQAY8w9XzOj_j1wZgIsczQ==/109951168247366566.jpg,14407617761,0.0,
28718313,The Way I Still Love You,Reynard Silva,http://p1.music.126.net/JyPsd_g00M-4mqXLLtHncw==/5984641790343690.jpg,14407617761,0.0,
255574,恶作剧,林依晨,http://p1.music.126.net/DBxURY3cIspQqY0Jl91MQg==/109951165625481274.jpg,14407617761,0.0,
25642952,我们的歌,王力宏,http://p1.music.126.net/lHab-TuxFpGuCCv661i7eg==/109951163095170102.jpg,14407617761,0.0,
150633,天天,陶喆,http://p1.music.126.net/tMQXBMTy8pGjGggX1j0YNQ==/109951169389595068.jpg,14407617761,0.0,
2747910283,Schizophrenic,Brian Cheng,http://p2.music.126.net/ffnVKrHqs6UULsXjWkYksg==/109951172037107186.jpg,17424593769,0.0,
2635250005,Sunburn,Brian Cheng,http://p2.music.126.net/oaAMPst4z3-eLiOyczOQLg==/109951170032353826.jpg,17424593769,0.0,
2714055638,花之舞,Brian Cheng,http://p2.music.126.net/ZnfcipjdjmUrfqvjkPd-2g==/109951171288449493.jpg,17424593769,0.0,
2081635113,Bye Bye Monica,Brian Cheng,http://p2.music.126.net/Bva37QOAgXw5uixnbGiMZg==/109951168911008919.jpg,17424593769,0.0,
2111811043,Shadow Room,Brian Cheng,http://p2.music.126.net/bi78mrfjxz3SomiCCKs17A==/109951169211159832.jpg,17424593769,0.0,
2123231513,莫名的,Brian Cheng,http://p2.music.126.net/PAAHxsxnxQS_dRlifruOeg==/109951169306071340.jpg,17424593769,0.0,
2664457974,Smooth Killer,Brian Cheng,http://p2.music.126.net/UjgvlDo0Jc1F3ZEAWPvMkw==/109951170363236263.jpg,17424593769,0.0,
2015624274,Mushroom,Brian Cheng,http://p2.music.126.net/CcMJlz2bzUQ3ojPFW2WJHg==/109951168244995526.jpg,17424593769,0.0,
2030240458,虹,Brian Cheng,http://p2.music.126.net/b2O1fOv1X8PScQDeQEy9-w==/109951168469493161.jpg,17424593769,0.0,
2158313337,Saline,Brian Cheng,http://p2.music.126.net/Y2akj_PmESCSOtxrSaty_w==/109951169612271061.jpg,17424593769,0.0,
2682141606,潜入绿色的梦里,Hea2t,http://p2.music.126.net/tbeC-9WJ9uQdNn04WzUEvw==/109951170567674503.jpg,17514849470,0.0,
430685732,Rain after Summer,羽肿,http://p1.music.126.net/YBl1n_Rg5vzDpiw0HUvlqA==/109951169500066565.jpg,26467411,0.0,
16846091,Inspire,The Nature Sounds SocietyJapan,http://p1.music.126.net/x-LVbj4tX6oEDH3qkqJP2g==/663005511556827.jpg,26467411,0.0,
26127164,Hyacinth,July,http://p1.music.126.net/ptVox3fX3DD9WvM0p1BCJA==/109951170103314506.jpg,26467411,0.0,
5308028,My Soul,July,http://p1.music.126.net/NFl1s5Hl3E37dCaFIDHfNw==/727876697598920.jpg,26467411,0.0,
698479,Best Moments (feat. Kondor),Blazo,http://p1.music.126.net/P3Lx33ENwJUnltYOhfljwQ==/109951169025845599.jpg,26467411,0.0,
493478198,Lost Love (Instrumental),Lunnna,http://p1.music.126.net/IrXGKvsMx69bRswee8bzSA==/109951162984477771.jpg,26467411,0.0,
36897723,风居住的街道（Piano ver） (翻自 磯村由紀子）,饭碗的彼岸,http://p1.music.126.net/exgI-MLc-j8HRzjeFlFfyQ==/109951163968520136.jpg,26467411,0.0,
5307982,Beyond The Memory,July,http://p1.music.126.net/ZerR7iaaF7K0gB92oDZjFQ==/783951790611000.jpg,26467411,0.0,
27514120,メインテーマ「永遠の一瞬」,伊藤賢治,http://p1.music.126.net/oaqZNsP7m0_7PfQAQcae3Q==/3198479325275187.jpg,26467411,0.0,
3312738881,BLACKBIRRRD,GALI,http://p1.music.126.net/BRyFf8XiO2QkkuSHAIQG8A==/109951172215978944.jpg,17513015568,0.0,
1921262342,6ackPack,GALI,http://p1.music.126.net/rSR0ULNIdMOGb3hxW_vahA==/109951167061630513.jpg,17513015568,0.0,
2716052258,SoulSense TWH Freestyle（Live）,GALI,http://p1.music.126.net/zgWxe1T6md8bOlaxOwVY8w==/109951171315127859.jpg,17513015568,0.0,
1921261567,亚特兰蒂斯之心,GALI,http://p1.music.126.net/rSR0ULNIdMOGb3hxW_vahA==/109951167061630513.jpg,17513015568,0.0,
1376125188,70%,GALI,http://p1.music.126.net/3NR30JYHX01rAtw08SrGkw==/109951164194420773.jpg,17513015568,0.0,
2141684191,STRIPELIF3,GALI,http://p1.music.126.net/m2SepxStqvbSJ0d09dM6Fw==/109951170315759635.jpg,17513015568,0.0,
2677398932,Step 2,Rapeter,http://p1.music.126.net/QpNRZsfMP5J4tOlziA8Pnw==/109951170504642760.jpg,17513015568,0.0,
2137768939,Chrome Heart Freestyle,GALI,http://p1.music.126.net/m2SepxStqvbSJ0d09dM6Fw==/109951170315759635.jpg,17513015568,0.0,
1921261499,Priceless (Interlude）,GALI,http://p1.music.126.net/rSR0ULNIdMOGb3hxW_vahA==/109951167061630513.jpg,17513015568,0.0,
1983464993,狂恋,GALI,http://p1.music.126.net/BkZe76Me3nrUQzsTLTTfPw==/109951169149734683.jpg,17513015568,0.0,
2040912570,颜如玉,李大奔BENZO,http://p1.music.126.net/fwRxzpd2jbS7tP0aJJAvCw==/109951168557156407.jpg,17503120184,0.0,
1844149003,噩梦,TizzyT,http://p1.music.126.net/rYF6mqPuSh1utRSslSiQIw==/109951165969845867.jpg,17503120184,0.0,
3312190219,短裙 (MiniSkirt),OuttaWave,http://p1.music.126.net/x9uwOUo0ZPFqZjD7INxHwA==/109951172210172399.jpg,17503120184,0.0,
2736432331,WagWan,AThree,http://p1.music.126.net/ly7dKZabuyOtfm5mzuoLRQ==/109951171870082965.jpg,17503120184,0.0,
2657562416,落差,JinJiBeWater_隼,http://p1.music.126.net/tcCyYr4RRQ_sCHoWYanBaA==/109951170277055284.jpg,17503120184,0.0,
2740858325,Star Crossing Night (feat. GALI),徐明浩,http://p1.music.126.net/fsz6GAKO1-khteFArDidjA==/109951171942679749.jpg,17503120184,0.0,
2736430090,微笑或拥抱,AThree,http://p1.music.126.net/ly7dKZabuyOtfm5mzuoLRQ==/109951171870082965.jpg,17503120184,0.0,
2155975891,漫长的季节,连麻Swimming,http://p1.music.126.net/Dg4tY7L441GZfYqqvWvPUw==/109951169590445432.jpg,17503120184,0.0,
2688726791,Mëni (余烬),AThree,http://p1.music.126.net/pSMDhXq4iJ7P061y_3pPbA==/109951170652805837.jpg,17503120184,0.0,
2690057654,I Wanna,SHarK,http://p1.music.126.net/njHktLTY2wTn_i7UpkdIUw==/109951170675347181.jpg,17503120184,0.0,
32922450,IF YOU,BIGBANG,http://p2.music.126.net/l-TigfvwoKBUP_LDL1XgIg==/7735064302387363.jpg,17511869819,0.0,
5341517,Only one,BoA,http://p2.music.126.net/SS2s3qM52ypYE_2I9vmPkw==/109951168273986819.jpg,17511869819,0.0,
26428002,"Baby, Don't Cry (인어의 눈물)",EXO,http://p2.music.126.net/jE-pJWN1TFqkEqJT6RShWw==/2289183209092034.jpg,17511869819,0.0,
5366190,BLUE,BIGBANG,http://p2.music.126.net/DACbuAsZkYFpDFJGhGXTsQ==/5649290743585546.jpg,17511869819,0.0,
29777545,Angel,尹美莱,http://p2.music.126.net/93xo1BwBz05-KsuPtooZ-w==/109951169712015231.jpg,17511869819,0.0,
5301152,Insomnia (불면증),辉星,http://p2.music.126.net/od4qg9xFEMyMZZS0qjKl_Q==/109951170461867736.jpg,17511869819,0.0,
26540731,잘 알지도 못하면서,金艺林,http://p1.music.126.net/DF9i2mGFNz0ycylXpcN3eQ==/109951171316683758.jpg,17511869819,0.0,
26598094,Baby I'm Sorry,MYNAME,http://p1.music.126.net/hlMC2nHTRzyZ_IAwZnAzUQ==/109951169710907744.jpg,17511869819,0.0,
863046037,Way Back Home,SHAUN,http://p1.music.126.net/H6LhX24ts3Va26ojXGQ-jQ==/109951163827768430.jpg,17511869819,0.0,
1942576027,One More Last Time,Henry Young,http://p1.music.126.net/di-NG0KHl69rpVp3j_7zAA==/109951167353439243.jpg,17511869819,0.0,
519820694,winter.,VESK GREEN,http://p1.music.126.net/V5e2Z8eZY0N0RIEQZEOPRA==/109951163066228828.jpg,17388515390,0.0,
4010201,Minecraft,C418,http://p1.music.126.net/f23Ik50Hc6R69eKnImqXNw==/109951167552381622.jpg,17388515390,0.0,
1983780110,green to blue (slowed + reverbed),Daniel.mp3,http://p1.music.126.net/5J2wVc8duegHT2pfP_5hDA==/109951167901314672.jpg,17388515390,0.0,
1958328731,distorted memories,Øneheart,http://p1.music.126.net/FoR3fOUAfNfqcNvNjkPbfQ==/109951167632038630.jpg,17388515390,0.0,
1930169224,snowfall (Slowed + Reverb),Øneheart,http://p1.music.126.net/nUY5QfLTPfmK4n2Dy2bMsQ==/109951167177161525.jpg,17388515390,0.0,
518894020,Are You Lost,Park Bird,http://p1.music.126.net/B0hvMNWSoxW5jMc9kgS5xA==/109951165076735700.jpg,17388515390,0.0,
1877558160,Fantasy Theme.,Kismet,http://p1.music.126.net/Hn15fhNoS5rFUnxlCGSIlw==/109951167000330088.jpg,17388515390,0.0,
1457728064,Night of light,D.I.O.D.O,http://p1.music.126.net/Mb4KA9I74P6MCZ7CG5rbOw==/109951165085051065.jpg,17388515390,0.0,
1465415766,Testament,Infinity Frequencies,http://p1.music.126.net/Bvy7ARqEITKTNOEgqGP6-g==/109951172059933425.jpg,17388515390,0.0,
2026866061,evenfall,Daniel.mp3,http://p1.music.126.net/oVVeoDOJgaJz7Ub2tF4b6w==/109951168437572999.jpg,17388515390,0.0,
22622728,Untitled (How Does It Feel),D'Angelo,http://p2.music.126.net/oMila8ahJ8x6PS-XnpSk7A==/109951172344704926.jpg,14422913513,0.0,
17266915,Brown Sugar,D'Angelo,http://p2.music.126.net/mqb3fnBwU_1FDjNx0ScnMw==/109951172119334166.jpg,14422913513,0.0,
17266842,Send It On,D'Angelo,http://p2.music.126.net/U-6-nTVmyKUI7Eu5YwtDLA==/109951172344698912.jpg,14422913513,0.0,
17266850,Africa,D'Angelo,http://p2.music.126.net/U-6-nTVmyKUI7Eu5YwtDLA==/109951172344698912.jpg,14422913513,0.0,
17266838,Playa Playa,D'Angelo,http://p2.music.126.net/U-6-nTVmyKUI7Eu5YwtDLA==/109951172344698912.jpg,14422913513,0.0,
17266918,Me And Those Dreamin' Eyes Of Mine,D'Angelo,http://p2.music.126.net/mqb3fnBwU_1FDjNx0ScnMw==/109951172119334166.jpg,14422913513,0.0,
17266923,Lady,D'Angelo,http://p2.music.126.net/mqb3fnBwU_1FDjNx0ScnMw==/109951172119334166.jpg,14422913513,0.0,
2926312,Nothing Even Matters,Lauryn Hill,http://p2.music.126.net/Qe5HE4VZtr8XjiNP6OHGBg==/109951165983052356.jpg,14422913513,0.0,
29800252,Betray My Heart,D'Angelo,http://p2.music.126.net/KVfVYTCjAU9ih1-OAV_RJg==/109951165971785402.jpg,14422913513,0.0,
1249347,Glass Mountain Trust,D'Angelo,http://p2.music.126.net/JvSMAF4HG8g9lqholXtRlQ==/1788905418391591.jpg,14422913513,0.0,
2139361238,ずっとずっとずっと,大橋トリオ,http://p1.music.126.net/GqssA_ih8ghIIV7dz6UPlw==/109951169443375910.jpg,14423607051,0.0,
1942019636,shan-lila shan-lula,mamerico,http://p1.music.126.net/SJzXJWjwFZUMoO5RM15Lxw==/109951167346737853.jpg,14423607051,0.0,
32544924,やり過ごされた時間たち,南壽あさ子,http://p1.music.126.net/kQii2Yb1QpZG8pk1hHX2fw==/7837318883703028.jpg,14423607051,0.0,
740558,今晩はお月さん,ハンバート ハンバート,http://p1.music.126.net/fwZiMOfxH5hqwwDVBnjLlw==/109951171316028301.jpg,14423607051,0.0,
865040269,鲁冰花,浅堤,http://p1.music.126.net/JAiH2NgwdDyvCc_L9wWDeA==/109951163413374910.jpg,17449290445,0.0,
865040270,高雄,浅堤,http://p1.music.126.net/JAiH2NgwdDyvCc_L9wWDeA==/109951163413374910.jpg,17449290445,0.0,
865040271,叨位是你的厝,浅堤,http://p1.music.126.net/JAiH2NgwdDyvCc_L9wWDeA==/109951163413374910.jpg,17449290445,0.0,
1452668702,树影,浅堤,http://p1.music.126.net/bvX3DqCbEd6w85eq1u72hA==/109951165033807752.jpg,17449290445,0.0,
2625436977,永和,浅堤,http://p1.music.126.net/MBGRSsdYHvADOj7oKbGXiA==/109951169947080144.jpg,17449290445,0.0,
1452668703,信天翁,浅堤,http://p1.music.126.net/bvX3DqCbEd6w85eq1u72hA==/109951165033807752.jpg,17449290445,0.0,
1452668704,火车,浅堤,http://p1.music.126.net/bvX3DqCbEd6w85eq1u72hA==/109951165033807752.jpg,17449290445,0.0,
1452668705,月光,浅堤,http://p1.music.126.net/bvX3DqCbEd6w85eq1u72hA==/109951165033807752.jpg,17449290445,0.0,
1383923214,陷眠,浅堤,http://p1.music.126.net/nt3DhQ4N76ME7nCDk0WMwA==/109951164289631688.jpg,17449290445,0.0,
1383923215,石头,浅堤,http://p1.music.126.net/nt3DhQ4N76ME7nCDk0WMwA==/109951164289631688.jpg,17449290445,0.0,
1817995541,Up,Cardi B,http://p2.music.126.net/zDDA8SeMKJoGUO-xUhfgQw==/109951165955794327.jpg,17427241977,0.0,
1852234574,Thot Shit,Megan Thee Stallion,http://p2.music.126.net/nLbQYjHq59EGrdDvhKDOkA==/109951166076702626.jpg,17427241977,0.0,
1971633090,Her,Megan Thee Stallion,http://p2.music.126.net/oSTbR3PQMR3kItix0LmDYg==/109951167772871238.jpg,17427241977,0.0,
1494714125,WAP (feat. Megan Thee Stallion),Cardi B,http://p2.music.126.net/gNE7KfoxMMoYceF0K1R6eg==/109951165462882199.jpg,17427241977,0.0,
1478321214,Kream,Iggy Azalea,http://p2.music.126.net/aAkn18RVnfUYFQ-esOEGTA==/109951169852799050.jpg,17427241977,0.0,
1393008523,South of the Border (feat. Camila Cabello & Cardi B) [Cheat Codes Remix],Ed Sheeran,http://p2.music.126.net/hdIEF22wFkhcrWdaeLU1LA==/109951164384436998.jpg,17427241977,0.0,
29753472,7/11,Beyoncé,http://p2.music.126.net/QohoRvckNdwvuGtDuMEoYg==/3229265651724822.jpg,17427241977,0.0,
26605207,Super Turnt Up,Ciara,http://p2.music.126.net/_KNU7C_z2NdkjwV20-3DgA==/109951167829443003.jpg,17427241977,0.0,
1346069277,Please Me,Cardi B,http://p2.music.126.net/tA9mMiftDva3__Pof5UEFA==/109951163865803797.jpg,17427241977,0.0,
550566633,I Like It,Cardi B,http://p2.music.126.net/8QA8U7wBkepTBKRjpfppKQ==/109951163233414165.jpg,17427241977,0.0,
2736959898,空山梦,Youngior,http://p2.music.126.net/6UIKejaWwrqIJ9m-GjobMg==/109951171880400701.jpg,14450762207,0.0,
2066953372,Water,Tyla,http://p2.music.126.net/UCTiXpSo1Jk9qdvVYF_f8w==/109951168763203195.jpg,14450762207,0.0,
524148990,Warm (feat. Mia),Dre'es,http://p2.music.126.net/lUr_3hI44YpbLCeTzH-OlQ==/109951168286424435.jpg,14450762207,0.0,
16434100,If I Ain't Got You,Alicia Keys,http://p2.music.126.net/Mac0wDTvq5_EJI7vDibOWQ==/759762534800468.jpg,14450762207,0.0,
17470701,Because Of You,Ne-Yo,http://p2.music.126.net/OGDqYBfH2JQf8Drscs31HQ==/109951163168886779.jpg,14450762207,0.0,
1369602061,double take,Dhruv,http://p2.music.126.net/Zr5aYqVwZnqzoZmnE_Ptzg==/109951166964637586.jpg,14450762207,0.0,
472778408,Bye Bye,Mariah Carey,http://p2.music.126.net/-fcPGc3qqppRM7j5L8r0EA==/18343152486642090.jpg,14450762207,0.0,
1403699842,Love Songs,kaash paige,http://p2.music.126.net/2MEEqZvcogLIsKSDIOJjlw==/109951164488835916.jpg,14450762207,0.0,
866065093,EX,Kiana Ledé,http://p2.music.126.net/M4mtnrlc0lMawI8qcQBJxQ==/109951163405837765.jpg,14450762207,0.0,
1892632507,wyd?,Larissa Lambert,http://p2.music.126.net/wOiwz3uDhv7amdpBgFs12g==/109951166590566451.jpg,14450762207,0.0,
2705205915,MENTE MÁ,Nakama,http://p1.music.126.net/9OU-vpUzXyxcq1QmVRMDGQ==/109951170986630542.jpg,17426605931,0.0,
2609672425,SLAY ENOUGH!,Eternxlkz,http://p1.music.126.net/R6LH5yq3kseWkN9aZOhDjA==/109951169799094552.jpg,17426605931,0.0,
2698002545,DIA DELÍCIA,Nakama,http://p1.music.126.net/8i-d1003sQ0HvKiWZniAYA==/109951171940241664.jpg,17426605931,0.0,
2712494465,SENTA CARA,Jmilton,http://p1.music.126.net/H6yF694E6TauGsdjoH4gHg==/109951171267490530.jpg,17426605931,0.0,
2748872281,MONTAGEM REBOLA,Atlxs,http://p1.music.126.net/7JKdruJtD-bCtr0AgMxqkg==/109951172053444993.jpg,17426605931,0.0,
2690403516,MONTAGEM BAILÃO,Repsaj,http://p1.music.126.net/l6-UUHckfHjMw72PWl02aQ==/109951170830160707.jpg,17426605931,0.0,
2103649643,MONTAGEM CORAL,fatit,http://p1.music.126.net/RFYtb1t73OSdiGIQPYbbjw==/109951169101267771.jpg,17426605931,0.0,
2709626091,Vem Vem,Jmilton,http://p1.music.126.net/YftNHiczBp5xwW3CoHlb2g==/109951171101495325.jpg,17426605931,0.0,
3312520851,咆哮,友成空,http://p1.music.126.net/_px71MXRi2R-K44nIOFc_g==/109951172213662447.jpg,14343396846,0.0,
2752266519,ACTION,eill,http://p1.music.126.net/leSQAoah4HuUEncdC23-ew==/109951172100922946.jpg,14343396846,0.0,
2753901914,Get No Satisfied !,JAM Project,http://p1.music.126.net/Tr9A-2LFlMeFCXCgC1-Xkg==/109951172128744802.jpg,14343396846,0.0,
2752969101,Cross heart〜偽りのない気持ち (duet ver.),東山奈央,http://p1.music.126.net/i51OOCVBYNztwdmo0JRTvA==/109951172115041374.jpg,14343396846,0.0,
2755180108,線香花火,H△G,http://p2.music.126.net/F4kB6gJNNV9vaF-OspKhAA==/109951172147167856.jpg,14343396846,0.0,
2754998498,戦場の華,CHiCO with HoneyWorks,http://p2.music.126.net/A0ibL26ZLVou06X-prQ0NA==/109951172144628003.jpg,14343396846,0.0,
2757527979,Iolite,Eve,http://p2.music.126.net/DJUQhuqWheMYowZiKl85xw==/109951172177968305.jpg,14343396846,0.0,
3312909841,ねてもさめても,Polkadot Stingray,http://p2.music.126.net/aApYkYVSIrnQO5dWGZcQew==/109951172218624808.jpg,14343396846,0.0,
3312138650,失敗しないメンヘラの育て方,平手友梨奈,http://p2.music.126.net/6F5zJd7XJ6rXQ6cMe2oezw==/109951172209679533.jpg,14343396846,0.0,
3312719598,MAGIC,Ado,http://p2.music.126.net/oVN6kzepCdZo0BCYSlr5PQ==/109951172215688179.jpg,14343396846,0.0,
2747166493,JANE DOE,米津玄師,http://p2.music.126.net/z8vkaskRIKrLhTZ0zrqzDg==/109951172028084335.jpg,14474082566,0.0,
2748705216,Pastoral,Aimer,http://p2.music.126.net/hEtlSrLHDWMjlFaEHygqsQ==/109951172051299895.jpg,14474082566,0.0,
2755971761,Little Bouquet,Aimer,http://p1.music.126.net/_mWOOHchpWGvknCQnODdEg==/109951172156655329.jpg,14474082566,0.0,
2745530073,CAT'S EYE,Ado,http://p1.music.126.net/tLHU1EB924oi4WI0Ouretg==/109951172004151584.jpg,14474082566,0.0,
2726248734,らしさ,Official髭男dism,http://p1.music.126.net/Y0Ka4T6MTvj-vhY0xvM--Q==/109951171467241055.jpg,14474082566,0.0,
2745026895,IRIS OUT,米津玄師,http://p1.music.126.net/X9wPjRlR4H39vjJtAzVA9Q==/109951171998034780.jpg,14474082566,0.0,
2751352316,星の鼓動,こはならむ,http://p1.music.126.net/Ez5FweH7Efdz_FpNLFgqrg==/109951172085499069.jpg,14474082566,0.0,
2746704590,Actor,幾田りら,http://p1.music.126.net/ByvMdvgQMd3OGaw83gbh8Q==/109951172023273800.jpg,14474082566,0.0,
2745128987,元祖！バンドリちゃんのテーマ,戸山 香澄,http://p1.music.126.net/IVpEmuC-lE3gyeVr4bFxNg==/109951171998950786.jpg,14474082566,0.0,
2747178347,贄-nie-,吉乃,http://p1.music.126.net/f7N8y_awR77cO9GJPjC1nQ==/109951172028244491.jpg,14474082566,0.0,
1420972635,Come Around Me,Justin Bieber,http://p2.music.126.net/arL022NQ94WEv97FzlwTgA==/109951164707732979.jpg,17426638717,0.0,
1421443440,Intentions,Justin Bieber,http://p2.music.126.net/arL022NQ94WEv97FzlwTgA==/109951164707732979.jpg,17426638717,0.0,
1496602635,Monster,Shawn Mendes,http://p2.music.126.net/sKJAa_JqQsgv8hm4s1brzg==/109951165482631929.jpg,17426638717,0.0,
36496695,Love Yourself,Justin Bieber,http://p2.music.126.net/blUtlEMXGvByj_SAWVqc7g==/109951171891446591.jpg,17426638717,0.0,
18638057,Baby,Justin Bieber,http://p2.music.126.net/S3Mkc-lfXPgsuUYxqVd4yQ==/710284511552973.jpg,17426638717,0.0,
1859245776,STAY,The Kid LAROI,http://p2.music.126.net/e5cvcdgeosDKTDrkTfZXnQ==/109951166155165682.jpg,17426638717,0.0,
19292987,You Belong With Me,Taylor Swift,http://p2.music.126.net/GZERNplXUdzTPkKqo2F4tA==/109951169217536854.jpg,17426638717,0.0,
37955047,BLUE,Troye Sivan,http://p2.music.126.net/iOeMIf1fhlHotBAx-Vooyw==/3404088002870760.jpg,17426638717,0.0,
29572502,Style,Taylor Swift,http://p2.music.126.net/3KDqQ9XW2Khj5Ia4tRqAAw==/18771962022688349.jpg,17426638717,0.0,
1955978156,Shut up My Moms Calling,Hotel Ugly,http://p1.music.126.net/leiox0DrZO7UtfcU_HGkhQ==/109951167551325327.jpg,17406894219,0.0,
1490987790,Soft Lips,BlankCh3ck,http://p1.music.126.net/2Hrfp31vAyznsn6jrjzVfw==/109951165423288015.jpg,17406894219,0.0,
1336871957,You Don't Know Me,Peter Manos,http://p1.music.126.net/sIgm0OrZxcIewJG_bS-rsA==/109951168470686010.jpg,17406894219,0.0,
2025082445,Moonlight,Kali Uchis,http://p1.music.126.net/Jpv8PCW1nYk4fWZqsRGt_A==/109951168402339293.jpg,17406894219,0.0,
2611038834,You Will Never Know It,Carpetman,http://p1.music.126.net/9RA_ebWfK6dwRsuWoeDXmQ==/109951170520312708.jpg,17406894219,0.0,
1955734902,Feeling Falling（Song Version）,曼尼洛夫,http://p1.music.126.net/cjbKPCKUrYiqqUq_ijVhww==/109951167548260664.jpg,17406894219,0.0,
1444959590,Chicago Freestyle,Drake,http://p1.music.126.net/zEWK544BId-RUgB-bTPTTQ==/109951164953536920.jpg,17406894219,0.0,
2643514137,What Does It Mean to You,Carpetman,http://p1.music.126.net/IzACfhjYrFJC3IRz-7Cf0A==/109951170121359445.jpg,17406894219,0.0,
552491159,Just Friends,Hayden James,http://p1.music.126.net/BcE_SORWpDsRU7fm3TIBNg==/109951163382322009.jpg,17406894219,0.0,
3327899005,不然算了吧 (Live),刘宇宁,http://p1.music.126.net/05niw9hnQgwMqNVvYN2fiw==/109951172418987244.jpg,17378411370,0.0,
2758217770,自诩周全 (Live),刘宇宁,http://p1.music.126.net/gpVfzl2KNr4OYXbtVtE2sw==/109951172185235309.jpg,17378411370,0.0,
3320401411,装货 (Live),欧阳娜娜,http://p1.music.126.net/Q-7W7d8t-LDP_HqoC3LO6w==/109951172322214563.jpg,17378411370,0.0,
3320402025,是我，也是我们 (Live),黄子弘凡,http://p1.music.126.net/Q-7W7d8t-LDP_HqoC3LO6w==/109951172322214563.jpg,17378411370,0.0,
2758218586,遗憾是 (Live),黄子弘凡,http://p1.music.126.net/gpVfzl2KNr4OYXbtVtE2sw==/109951172185235309.jpg,17378411370,0.0,
3322410882,农民与土地 (Live),薛之谦,http://p1.music.126.net/Gz1jNNV6uUxVDgUhFPyyZA==/109951172350692393.jpg,17378411370,0.0,
2758217892,时差 (Live),魏翔,http://p1.music.126.net/gpVfzl2KNr4OYXbtVtE2sw==/109951172185235309.jpg,17378411370,0.0,
3317989661,象人 (Live),张弛,http://p1.music.126.net/bX-R_rj_bnoSVFf0Q2-y9g==/109951172283582362.jpg,17378411370,0.0,
3324801830,怜悯 (Live),周深,http://p1.music.126.net/87o5VHyS2UF5TzzjqnQ8sA==/109951172382806404.jpg,17378411370,0.0,
3315586072,平庸 (Live),薛之谦,http://p1.music.126.net/e8cYboPCmYso8lUMhdjRrg==/109951172249608110.jpg,17378411370,0.0,
1927421969,TOMBOY,i-dle,http://p1.music.126.net/J9t-hmMYJMVXpFdMgHMB6A==/109951167149343548.jpg,17410540146,0.0,
2653475760,Strategy,TWICE,http://p1.music.126.net/1CscKsI2_aPZMXZ7Eby_EQ==/109951170226891594.jpg,17410540146,0.0,
551340976,What is Love?,TWICE,http://p1.music.126.net/OV2ecelKn9bUrf7YV3_1og==/109951163239065770.jpg,17410540146,0.0,
1325896374,DDU-DU DDU-DU,BLACKPINK,http://p1.music.126.net/yKysEblB7-HOVrUCjvRhqw==/109951163678530141.jpg,17410540146,0.0,
1323035774,YES or YES,TWICE,http://p1.music.126.net/CJ0l_DXjkMXhC71WvbdLBw==/109951163648167949.jpg,17410540146,0.0,
424477572,WHISTLE,BLACKPINK,http://p1.music.126.net/Rf8ayEWGM2SY7rY68Z0B0w==/109951167720812914.jpg,17410540146,0.0,
1411586102,Psycho,Red Velvet,http://p1.music.126.net/p3m7nswR_S2VjHqu71kKxg==/109951167760346730.jpg,17410540146,0.0,
2098451525,Drama,aespa,http://p1.music.126.net/B2NlBowGmH0PF3uOW6vVXA==/109951169141515758.jpg,17410540146,0.0,
1958661517,POP!,林娜琏,http://p1.music.126.net/29SvDFqtHXBpNrHJOay_Eg==/109951167584529029.jpg,17410540146,0.0,
2642222705,DRIP,BABYMONSTER,http://p1.music.126.net/ydWt-4QpSQ0h9S6LpsM7Xg==/109951170178512289.jpg,17410540146,0.0,
32431066,神のまにまに,初音ミク,http://p1.music.126.net/ze4CaBh_BTQrtBzbhYTI3A==/7886796906969685.jpg,14436200773,0.0,
22677583,from Y to Y,初音ミク,http://p1.music.126.net/BqFzD0ev7bMOxkSQqjtKmg==/109951169042217958.jpg,14436200773,0.0,
825298,ODDS&ENDS,ryo (supercell),http://p1.music.126.net/_MGKCnSP09fbw3-_hzrR0w==/109951165902056056.jpg,14436200773,0.0,
33937479,Hand in Hand,livetune,http://p1.music.126.net/WeYQIbZe_wFQ_S13qh5HSg==/109951169042886181.jpg,14436200773,0.0,
28283399,DECORATOR,livetune,http://p1.music.126.net/EafcrRgY8Q82lORvRDPc6Q==/6053911022628107.jpg,14436200773,0.0,
26115905,Tell Your World,livetune,http://p1.music.126.net/1_JWLd4kadYyLCItlPDWaw==/109951169042233155.jpg,14436200773,0.0,
406716111,Blue Star,初音ミク,http://p2.music.126.net/KaNzuttDHxaJI8qp0fpqUw==/1424967072318092.jpg,14436200773,0.0,
1385116338,乙女解剖,DECO*27,http://p2.music.126.net/Nwj8XTsbHVdcyk637YROBw==/109951170600289625.jpg,14436200773,0.0,
22677570,ワールドイズマイン,初音ミク,http://p2.music.126.net/BqFzD0ev7bMOxkSQqjtKmg==/109951169042217958.jpg,14436200773,0.0,
1363687284,ラッキー☆オーブ,emon (Tes.),http://p2.music.126.net/pNLKKxMsBXedJsX835ORFw==/109951165762245374.jpg,14436200773,0.0,
2145039557,春日小径花园Spring Alley Garden,Furyl,http://p2.music.126.net/ixinerdVwj9Mqi5UJaOJCg==/109951169490052313.jpg,14472337501,0.0,
2686938595,春和景明,Soulloom苏洛牧,http://p2.music.126.net/9Gv6nmuR8PBSxz7oeZ34VQ==/109951170633580692.jpg,14472337501,0.0,
2647582426,Tyndall,Youzee Music,http://p2.music.126.net/3nim8oawrFo8UJEcGCdrGg==/109951170163027533.jpg,14472337501,0.0,
2674481000,绿意盎然,Hea2t,http://p2.music.126.net/pc3AzS0YaQXNLCnmSAq28w==/109951170477001683.jpg,14472337501,0.0,
2166645943,Afternoon Stroll,Luke Pickman,http://p2.music.126.net/Ysnf_OKoMHOah8RyE3vY6g==/109951169687658056.jpg,14472337501,0.0,
2164890997,风居海铃,Maple暖枫,http://p2.music.126.net/uxFyi-CnZPy6tFQGVRn9OA==/109951169670812407.jpg,14472337501,0.0,
2614175518,简夏,Maple暖枫,http://p2.music.126.net/JOnS35Vj0w-g5noLJx4tqQ==/109951169843100226.jpg,14472337501,0.0,
1445415180,Solstice,Luke Pickman,http://p2.music.126.net/XrrvRlTg3SJZXW5JqvZrWQ==/109951164958907612.jpg,14472337501,0.0,
3330123854,讯号 (Live),Seven Kids,http://p1.music.126.net/WphIFnDUpf4JhxKTZbRo0A==/109951172454584686.jpg,14464849261,0.0,
3330123324,讯号 (Live),希林娜依高,http://p1.music.126.net/WphIFnDUpf4JhxKTZbRo0A==/109951172454584686.jpg,14464849261,0.0,
3330123329,友情提示 (Live),侯明昊,http://p1.music.126.net/WphIFnDUpf4JhxKTZbRo0A==/109951172454584686.jpg,14464849261,0.0,
3330124293,友情提示 (Live),薛之谦,http://p1.music.126.net/WphIFnDUpf4JhxKTZbRo0A==/109951172454584686.jpg,14464849261,0.0,
3330124324,又过了一天 (Live),黄子弘凡,http://p1.music.126.net/WphIFnDUpf4JhxKTZbRo0A==/109951172454584686.jpg,14464849261,0.0,
3330125065,又过了一天 (Live),谭晶,http://p1.music.126.net/WphIFnDUpf4JhxKTZbRo0A==/109951172454584686.jpg,14464849261,0.0,
3330125078,全世界下雨 (Live),周深,http://p1.music.126.net/WphIFnDUpf4JhxKTZbRo0A==/109951172454584686.jpg,14464849261,0.0,
3330125114,过期食品 (Live),张靓颖,http://p1.music.126.net/WphIFnDUpf4JhxKTZbRo0A==/109951172454584686.jpg,14464849261,0.0,
2057887147,Dilden Soy真心的爱,AlimjanAbdurezak阿力木江,http://p1.music.126.net/o4tnv3rDKL4TtUyQn3CK-A==/109951168692998864.jpg,14464849261,0.0,
3330125140,动画片战役 (Live),张弛,http://p1.music.126.net/WphIFnDUpf4JhxKTZbRo0A==/109951172454584686.jpg,14464849261,0.0,
2616135784,心暖暖,王一珩OneSD,http://p1.music.126.net/wNnQUglT7vzdjHCR1sRgag==/109951169860969133.jpg,17472268154,0.0,
2745752426,太阳与地球,卢广仲,http://p1.music.126.net/pDW4sLuzXaVJY4YuiUCjvw==/109951172007274946.jpg,17472268154,0.0,
1858126118,醉后喜欢我,icyball 冰球乐团,http://p1.music.126.net/L9QylpUvfw2Tsmq6CW3qXw==/109951166141367766.jpg,17472268154,0.0,
82364,暖,方大同,http://p1.music.126.net/8fTdTkzJUc4jEcoiV5JNtw==/109951168870789373.jpg,17472268154,0.0,
306609,雪,许哲珮,http://p1.music.126.net/occP2ibZIOsAcDUL9BsenQ==/60473139544696.jpg,17472268154,0.0,
287281,蒸馏,容祖儿,http://p1.music.126.net/QP_bwAhlqIkvaYkScHcaAA==/109951170708292772.jpg,17472268154,0.0,
2626116894,冬日倾斜,毛不易,http://p1.music.126.net/qL73lFa0povb4ndvZWL3YQ==/109951169951967634.jpg,17472268154,0.0,
2004938347,不冬眠,刘耀文,http://p1.music.126.net/iUkiLfiJW7cr85tPZU35BQ==/109951168125640191.jpg,17472268154,0.0,
2646438117,想念你想我,周兴哲,http://p1.music.126.net/dK1DKtCOWmcr2sCNuXO9nA==/109951170150945491.jpg,17472268154,0.0,
2160759088,捉迷藏,廖俊涛,http://p1.music.126.net/6fXyqNdP1FD5hLxPhDwRgQ==/109951169632676239.jpg,17472268154,0.0,
2526625,Booty Music,Deep Side,http://p1.music.126.net/dUSiZ5ASRpWgaq9OTMtoDw==/860917604602698.jpg,14335783406,1.0,
2143932459,遇上你之前的我,Gareth.T,http://p1.music.126.net/nmObDg4QpFxM_U8Fqap-Wg==/109951169481923010.jpg,17526279097,1.0,
1988456854,天气未报,余佳运,http://p1.music.126.net/-6ZpnktELym4vbSDDlfQew==/109951169060288772.jpg,17526279097,1.0,
1838763739,trust me,sunkis 宋秉勤,http://p1.music.126.net/LUSLfL0jlYMAjVPE1oPv1g==/109951165907388481.jpg,17526279097,1.0,
82486,春风吹,方大同,http://p1.music.126.net/F0-_GPKLP8yJ6VE29DwrRA==/109951170565878273.jpg,17526279097,1.0,
109168,不只是场梦,李玖哲,http://p1.music.126.net/pLk0Dk2Pl1REbVs44ZqV3Q==/109951169525455796.jpg,17526279097,1.0,
150520,Melody,陶喆,http://p1.music.126.net/4uHOznBK63ZOa9vft8qjxQ==/109951164124485287.jpg,17526279097,1.0,
2033897126,迷宫,step.jad依加,http://p1.music.126.net/KA4OfYKYT1b_3W94CIrwDg==/109951168500881027.jpg,17526279097,1.0,
469998923,别问很可怕,J. Sheon,http://p1.music.126.net/p32Vxm4KZyPhjfrH1mL_hQ==/109951165958858268.jpg,17526279097,1.0,
81890,BB88,方大同,http://p1.music.126.net/JXLwEN6pPQGHzewkkJ-NGg==/109951164081861490.jpg,17526279097,1.0,
150430,就是爱你,陶喆,http://p1.music.126.net/ZR6QuByWgej9-aRhZjLqHw==/109951163803188844.jpg,17526279097,1.0,
3327859061,左转灯 (1000 Times +1)(live),汪苏泷,http://p1.music.126.net/b0ESPn1IhiOTnRS0Er7Daw==/109951172418600908.jpg,17533387179,1.0,
26387325,拉过勾的,陆虎,http://p1.music.126.net/x-r68cAnC3yefRnibe9POg==/109951163077575462.jpg,17533387179,1.0,
2161991028,江南雪,礼越,http://p1.music.126.net/RFbUrR2x2JEMB0WGYvwVQg==/109951169642392307.jpg,17533387179,1.0,
2641867659,一点,Muyoi,http://p1.music.126.net/PiSqUS2bxc9x2Zbz2vt4sQ==/109951170099752710.jpg,17533387179,1.0,
25730757,稳稳的幸福,陈奕迅,http://p1.music.126.net/6F3SnAcWk-qQslrYRxhTlQ==/109951166578464485.jpg,17533387179,1.0,
25727803,修炼爱情,林俊杰,http://p1.music.126.net/D_hiKMwrdQlqD36LoKLO2w==/109951163187408030.jpg,17533387179,1.0,
306665,一样的月光,徐佳莹,http://p1.music.126.net/b1hZLgWA9ihXkivZeqo81g==/109951168296446353.jpg,17533387179,1.0,
174956,坏女孩,徐良,http://p1.music.126.net/a82aXr_eNkbFX0BkXuKvgg==/109951172050962571.jpg,17533387179,1.0,
2146702461,暗恋过 结局呢,新街口组合,http://p1.music.126.net/BJwaaOn06N_1atbW0ncBDg==/109951169504605901.jpg,17533387179,1.0,
1359382613,我愿,阿虾,http://p1.music.126.net/LSABk4kFpxAAgRCAJR3lfg==/109951164005597173.jpg,17533387179,1.0,
2727773182,变色龙,裘德,http://p1.music.126.net/r1AKMenByofI7Qqj3E5EqQ==/109951172091080013.jpg,14424847844,1.0,
2619626006,新手,裘德,http://p1.music.126.net/OOlreNRPL9T3N6srq4TsaQ==/109951169894045979.jpg,14424847844,1.0,
2735198598,我们不要躲雨了,裘德,http://p1.music.126.net/r1AKMenByofI7Qqj3E5EqQ==/109951172091080013.jpg,14424847844,1.0,
1410701715,颁奖的时候我要缺席,裘德,http://p1.music.126.net/RKPyDWCG43iUFjM7WfzruA==/109951164567769090.jpg,14424847844,1.0,
2110379139,瘸子之舞,裘德,http://p1.music.126.net/EjyEKuuM_xoag8Jg-2AewQ==/109951169188739215.jpg,14424847844,1.0,
2110379120,今天吃点什么好,裘德,http://p1.music.126.net/EjyEKuuM_xoag8Jg-2AewQ==/109951169188739215.jpg,14424847844,1.0,
2093332270,在Tokyo相爱，到Paris放手,尹毓恪,http://p2.music.126.net/zgO1SgiJ-mV5WgDfLov4DQ==/109951169004001456.jpg,14424847844,1.0,
2156913576,椰子船,裘德,http://p2.music.126.net/o7BUSqgJTjvMDgkIDoC2Vg==/109951169598043440.jpg,14424847844,1.0,
1905980454,最后的水族馆,裘德,http://p2.music.126.net/5BODaqPmyNJYQaBIoV82HQ==/109951166783174480.jpg,14424847844,1.0,
1852314730,不值得,裘德,http://p2.music.126.net/KkrcSwKbRsd8GuaOHILlxA==/109951166077317301.jpg,14424847844,1.0,
1481323654,Sleeptalking,imfinenow,http://p2.music.126.net/7h4tQo7hQeeLO4OUC7mk4g==/109951165336353697.jpg,17549820621,1.0,
2010499842,nightfall,aren park,http://p2.music.126.net/a-nThwiaJS5Koax7urIHAw==/109951169720679830.jpg,17549820621,1.0,
1878812258,Head In The Clouds,Hayd,http://p2.music.126.net/NQ6pIqUwA0NdRh6szqyQsQ==/109951166421319018.jpg,17549820621,1.0,
26093064,Sacred Play Secret Place,Matryoshka,http://p2.music.126.net/1opYZaMgfAQrKMKfLy1xZA==/109951169789816801.jpg,17549820621,1.0,
1464304578,down,Mokita,http://p2.music.126.net/9WtsmW9l9g5BEZIn43ptWQ==/109951166735622707.jpg,17549820621,1.0,
1469513302,S.o.s,David Alexander,http://p2.music.126.net/UpZkbCZ2XO6-dmFdhoNImg==/109951165217328785.jpg,17549820621,1.0,
1878810565,Closure,Hayd,http://p2.music.126.net/NQ6pIqUwA0NdRh6szqyQsQ==/109951166421319018.jpg,17549820621,1.0,
2011996600,Payphone,Peaceful Melody,http://p2.music.126.net/Mo_PgwCPfNDzNY-Sg9rB9w==/109951168209540895.jpg,17549820621,1.0,
553815085,streetlights,jiwoo,http://p2.music.126.net/sXMIXQCphss5knnzwdQPzQ==/109951169256179990.jpg,17549820621,1.0,
2620886881,如果呢（变速剪辑版）,心湖泛,http://p2.music.126.net/gPzmIpTcwHgZT425HQRUOg==/109951169898873262.jpg,17389360857,1.0,
2755415143,拆穿,柑橘,http://p2.music.126.net/JVbuBGNxpjptdi52NOHQYA==/109951172126339654.jpg,17389360857,1.0,
2752476949,the博-you（the博 remix）,the博,http://p2.music.126.net/vDp3jNlNSG_0qkpLsYM7-g==/109951172104411836.jpg,17389360857,1.0,
2745297891,阴天,晕,http://p2.music.126.net/FnUpYC00KI7ZHpOabnqmwQ==/109951172001279910.jpg,17389360857,1.0,
2149315155,无法否认瞬间的幸福但那并不是爱,宅,http://p2.music.126.net/gKCovKh3NitTVF_yH0xULQ==/109951169530087557.jpg,17389360857,1.0,
2638664845,달과 6펜스（月亮与六便士）,Tsuki,http://p2.music.126.net/6CCyVSqLgPXKMAAUDC2ylw==/109951170042559438.jpg,17389360857,1.0,
2740603279,浪迹天涯 (开始想念你的口红),关键词,http://p2.music.126.net/K7ySaFxYSGykrBpwHrLlOQ==/109951171938814811.jpg,17389360857,1.0,
2729002648,Lu Reng,钱乐多,http://p2.music.126.net/kfkrBEQ1Tw0aJZn89V_fCA==/109951171506497326.jpg,17389360857,1.0,
2054719975,冻结回忆,舩栎,http://p2.music.126.net/Wv8DOXseF27n5gR1ciTU1Q==/109951169032494590.jpg,17389360857,1.0,
2126142893,就让这大雨全都落下 (深情版),zr,http://p2.music.126.net/O_9YtLLnLe-V0-S5gbOXXg==/109951169931829341.jpg,17389360857,1.0,
3328067300,Ambition (PHONK),Batur-巴图尔,http://p2.music.126.net/wKWVXqhBIcMFJGcdUYUPTA==/109951172421601277.jpg,17425554582,1.0,
3314443156,Paper Moon,Huawey,http://p2.music.126.net/6W_A1eaxmU1HAjsnTU-wGQ==/109951172389012373.jpg,17425554582,1.0,
3324819134,你的二十世纪,安沐凡,http://p2.music.126.net/UYn1haJwmw8fQFYPnmn6ug==/109951172439949265.jpg,17425554582,1.0,
3323610957,Unbeakable Us,Huawey,http://p2.music.126.net/zP3HFaqI3kbggf8LDx3-3A==/109951172389304540.jpg,17425554582,1.0,
29713754,匆匆那年,王菲,http://p2.music.126.net/yXyeAl-7m0tqfx4AX7BDSQ==/2542070884980240.jpg,17425554582,1.0,
256621,至少还有你,林忆莲,http://p2.music.126.net/Tpkxzsv2OA_4NrFjaYP1qA==/109951163829570820.jpg,17425554582,1.0,
189602,青花,周传雄,http://p2.music.126.net/prDyYpF9EsrLA4O13Tf5hw==/109951169874952327.jpg,17425554582,1.0,
223801,猜不透,丁当,http://p2.music.126.net/3Ji3wr_G6sodz4XAQk6NkQ==/109951168163335988.jpg,17425554582,1.0,
254306,勇气,梁静茹,http://p2.music.126.net/u544zkCrn-cHlIyoLHLCBg==/109951163240601196.jpg,17425554582,1.0,
254574,后来,刘若英,http://p2.music.126.net/eBF7bHnJYBUfOFrJ_7SUfw==/109951163351825356.jpg,17425554582,1.0,
28029097,春风吹,方大同,http://p1.music.126.net/-UEqoOLy2P4dWzH3WrBlbA==/109951167164989067.jpg,17508664879,1.0,
432509281,味道,方大同,http://p1.music.126.net/Rfh11_1K8Fmt7Pqzc2gaYg==/109951171530576215.jpg,17508664879,1.0,
82360,Love Song,方大同,http://p1.music.126.net/8fTdTkzJUc4jEcoiV5JNtw==/109951168870789373.jpg,17508664879,1.0,
150623,普通朋友,陶喆,http://p1.music.126.net/tMQXBMTy8pGjGggX1j0YNQ==/109951169389595068.jpg,17508664879,1.0,
5053545,Move It Slow,Kevon Edmonds,http://p1.music.126.net/4FmJUeOpiXwI1WvOQ1agwQ==/1699844976552621.jpg,17502587514,1.0,
1986500,Love Again,Sam Salter,http://p1.music.126.net/FPwo8TP7TiFecpYmG0BV1Q==/934584883665597.jpg,17502587514,1.0,
2647322,Midnight Angel,Gerald Alston,http://p1.music.126.net/U7lANH5upQNvSgvU-EjpHQ==/1739427395147279.jpg,17502587514,1.0,
561933804,Separate Ways,Mary Davis,http://p1.music.126.net/rKTVQa2fd5Gl3fSYyGHelw==/109951168324338456.jpg,17502587514,1.0,
27481300,I've Had Enough,Cindy Mizelle,http://p1.music.126.net/bGeAJB7dn48IqKXk0NtWbQ==/109951163206367014.jpg,17502587514,1.0,
17251010,Baby I Need Your Love,Debelah Morgan,http://p1.music.126.net/hoePArV_WbnpMqm6ONZmTQ==/109951163983992208.jpg,17502587514,1.0,
17251003,Close to You,Debelah Morgan,http://p1.music.126.net/hoePArV_WbnpMqm6ONZmTQ==/109951163983992208.jpg,17502587514,1.0,
22579530,In The Midst Of Rain,BeBe Winans,http://p1.music.126.net/ecVzZCIiqtiMU82ysy0hhg==/6654244371972328.jpg,17502587514,1.0,
18063773,From Now On,Glenn Jones,http://p1.music.126.net/kYnLoV1kpvXV1RMeMMKAtQ==/109951168046730632.jpg,17502587514,1.0,
2845882,You,Jesse Powell,http://p1.music.126.net/GBAX-qrXWn7t2n_7C79tdA==/6634453162229945.jpg,17502587514,1.0,
22846518,총 맞은 것처럼,白智英,http://p1.music.126.net/jCJUdfh5yvSE9LrCErydWQ==/697090372033029.jpg,17412472919,1.0,
32408002,뱅뱅뱅 (BANG BANG BANG),BIGBANG,http://p1.music.126.net/j95De0X-HttzQ3VSUsqGxQ==/7703178465974475.jpg,17412472919,1.0,
26484764,Trap,HENRY刘宪华,http://p1.music.126.net/uKCPsSmDu4ffpnzc-h-5zA==/2488194813716715.jpg,17412472919,1.0,
5366197,FANTASTIC BABY,BIGBANG,http://p1.music.126.net/DACbuAsZkYFpDFJGhGXTsQ==/5649290743585546.jpg,17412472919,1.0,
28068737,걱정말아요 그대,野菊花,http://p1.music.126.net/lpl-h5NHUUFxGOIC5pF14Q==/109951169493782923.jpg,17412472919,1.0,
26128872,보여줄게,Ailee,http://p1.music.126.net/_yCpYedW1BwRF8y1NO_Vhw==/109951169708037255.jpg,17412472919,1.0,
555973319,咆哮 (Growl),EXO,http://p1.music.126.net/oUkLfbazqILJzfiSIuaJMA==/109951163270080729.jpg,17412472919,1.0,
239168,现在那边是几点,黄小琥,http://p2.music.126.net/t8zrF_UV0b-T3wP2lyxluQ==/109951166979046234.jpg,17417353205,1.0,
209478,还是会寂寞,陈绮贞,http://p2.music.126.net/tCCrihOJLpMCDs--b0R8Xg==/109951163240612491.jpg,17417353205,1.0,
1459261754,直到你降临,阿肆,http://p2.music.126.net/2B_3fKAz01SICX6YSitO_Q==/109951166200335910.jpg,17417353205,1.0,
223994,你要的爱,戴佩妮,http://p2.music.126.net/rskOQly_BrQ2_31NN6hjFA==/109951172402265270.jpg,17417353205,1.0,
287241,没关系,容祖儿,http://p2.music.126.net/WDcYhuw0EejVMVCxgFl0Bg==/120946279068536.jpg,17417353205,1.0,
277759,忽然之间,莫文蔚,http://p2.music.126.net/jqve9_wT7lQDXYpiOHZxHg==/109951165875935484.jpg,17417353205,1.0,
1970568707,让世界暂停一分钟,G.E.M.邓紫棋,http://p2.music.126.net/5WBF8uSFXhLVjvMOCeqflQ==/109951167859171747.jpg,17417353205,1.0,
1400259397,有我呢,郭一凡,http://p2.music.126.net/zNdiECjTFkKoZIObqDqzWQ==/109951168870199828.jpg,17417353205,1.0,
209414,小尘埃,陈绮贞,http://p2.music.126.net/Mvv6oyi8XjVfAIk0Lg76aA==/109951165876268707.jpg,17417353205,1.0,
30431366,奇妙能力歌,陈粒,http://p2.music.126.net/VuJFMbXzpAProbJPoXLv7g==/7721870161993398.jpg,17417353205,1.0,
1937057,Sir Duke,Stevie Wonder,http://p1.music.126.net/s3i1J2bktFOHVJjN3TyMbg==/18290375928591694.jpg,14335280294,1.0,
17239728,Don't Waste Your Time,Mary J. Blige,http://p2.music.126.net/6cwPI_9vMQ4jviVi0t6ZLg==/768558627823697.jpg,14335280294,1.0,
16450215,Respect,Aretha Franklin,http://p2.music.126.net/Kj6w1uvN6rjGS9AfmwCOSw==/109951169373903767.jpg,14335280294,1.0,
21613034,Superstition,Stevie Wonder,http://p2.music.126.net/lWdMZcFBPIf1R4QEPu5aWA==/583840674360331.jpg,14335280294,1.0,
21612837,Isn't She Lovely,Stevie Wonder,http://p2.music.126.net/PxOrfrUZ1AhU1lfMLuKEcw==/109951170074958384.jpg,14335280294,1.0,
29547025,Rolling In the Deep (The Aretha Version),Aretha Franklin,http://p2.music.126.net/EvdjH7S9Fgbag8u0PxsIKw==/109951165971222001.jpg,14335280294,1.0,
1937070,I Just Called to Say I Love You,Stevie Wonder,http://p2.music.126.net/s3i1J2bktFOHVJjN3TyMbg==/18290375928591694.jpg,14335280294,1.0,
2121709,Ain't No Way,Aretha Franklin,http://p2.music.126.net/Nueq58qwSytYN2CGiUNB4Q==/109951169908450691.jpg,14335280294,1.0,
21168376,Sexual Healing,Marvin Gaye,http://p2.music.126.net/ww3IWRNoGgQrWapCHIAsRA==/109951166436477574.jpg,14335280294,1.0,
35382950,Wonderful World,Sam Cooke,http://p2.music.126.net/94vQE8FqoKw2w8Bgc3qziQ==/109951167767158174.jpg,14335280294,1.0,
3330453731,晴 (live),汪苏泷,http://p2.music.126.net/9PJAD4ohuWJYr6_WjNATlg==/109951172458960478.jpg,17460703443,1.0,
3330454422,记念 (live),苏有朋,http://p2.music.126.net/9PJAD4ohuWJYr6_WjNATlg==/109951172458960478.jpg,17460703443,1.0,
3330453732,男人KTV (live),黄丽玲,http://p2.music.126.net/9PJAD4ohuWJYr6_WjNATlg==/109951172458960478.jpg,17460703443,1.0,
3330454421,红玫瑰 (live),庾澄庆,http://p2.music.126.net/9PJAD4ohuWJYr6_WjNATlg==/109951172458960478.jpg,17460703443,1.0,
3330453730,骂醒我 (live),颜人中,http://p2.music.126.net/9PJAD4ohuWJYr6_WjNATlg==/109951172458960478.jpg,17460703443,1.0,
3330454420,静静地 (live),汪苏泷,http://p2.music.126.net/9PJAD4ohuWJYr6_WjNATlg==/109951172458960478.jpg,17460703443,1.0,
3327859062,兜圈 (live),林宥嘉,http://p2.music.126.net/b0ESPn1IhiOTnRS0Er7Daw==/109951172418600908.jpg,17460703443,1.0,
3327857284,气球 (live),庾澄庆,http://p2.music.126.net/b0ESPn1IhiOTnRS0Er7Daw==/109951172418600908.jpg,17460703443,1.0,
3327857283,阳光下的星星 (live),颜人中,http://p2.music.126.net/b0ESPn1IhiOTnRS0Er7Daw==/109951172418600908.jpg,17460703443,1.0,
3327857282,再遗忘 (live),黄霄雲,http://p2.music.126.net/b0ESPn1IhiOTnRS0Er7Daw==/109951172418600908.jpg,17460703443,1.0,
1454897840,莫问归期,蒋雪儿Snow.J,http://p2.music.126.net/ydcmNPQXVZYD8-dcaLiAtQ==/109951165056491551.jpg,17411499857,1.0,
1891431677,武家坡2021,龍猛寺寬度,http://p2.music.126.net/e4Y2PIsxMBbC1yx9WdbrxQ==/109951166577778160.jpg,17411499857,1.0,
452986458,红昭愿,音阙诗听,http://p2.music.126.net/8ltR3o9R8uJ9_5Cc71cDhA==/109951162951242154.jpg,17411499857,1.0,
30352891,牵丝戏,银临,http://p2.music.126.net/Nd86SOcyCxU5Qu7jdZn_MQ==/7725168696876736.jpg,17411499857,1.0,
1885560477,黄梅戏,慕容晓晓,http://p2.music.126.net/i0iTTfsUeYrSyVnb-j0MZw==/109951166504857437.jpg,17411499857,1.0,
1479526505,虞兮叹,闻人听書_,http://p2.music.126.net/6gdwWjPXUkyTx4CuuSxkIg==/109951165319864977.jpg,17411499857,1.0,
2638631898,壁上观,鞠婧祎,http://p2.music.126.net/_XBgmnrIqqCea_XWWvbiVw==/109951170062515928.jpg,17411499857,1.0,
1303289043,囍（Chinese Wedding）,葛东琪,http://p2.music.126.net/H3Q3SeMVtuHvHY2uyaQdOw==/109951163472855051.jpg,17411499857,1.0,
28793140,半壶纱,刘珂矣,http://p2.music.126.net/SKujq5vqqv4KYOVFk7SiRA==/3407386538630284.jpg,17411499857,1.0,
1454730043,赤伶,李玉刚,http://p2.music.126.net/0el5yaTEo3KjeJjL3ZXxmg==/109951165054951989.jpg,17411499857,1.0,
1456890009,罗生门（Follow）,梨冻紧,http://p2.music.126.net/yN1ke1xYMJ718FiHaDWtYQ==/109951165076380471.jpg,17440409257,1.0,
1851652156,忘不掉的你,h3R3,http://p2.music.126.net/4BCskpY6Rmm-QReHnY8W6Q==/109951166071009318.jpg,17440409257,1.0,
488249475,哪里都是你,队长,http://p2.music.126.net/lnOnBbP_H-052Hv5ls-QjA==/109951162964628408.jpg,17440409257,1.0,
1827600686,还是会想你,林达浪,http://p2.music.126.net/9FhSEQtMhP-JP3_U84YfWQ==/109951165798773745.jpg,17440409257,1.0,
2158973221,若月亮没来 (Live版),杨宗纬,http://p2.music.126.net/4iTkYFSI2ILuXnv9yBgSnw==/109951169617468185.jpg,17440409257,1.0,
1824045033,再见莫妮卡,彭席彦,http://p2.music.126.net/me6QV0CallEOlOP6Zb0b3w==/109951165770805050.jpg,17440409257,1.0,
2107947967,你是我的风景,Zy,http://p2.music.126.net/lCz6ZRgqvKK3UqRMg7LftA==/109951169157130643.jpg,17440409257,1.0,
2071917864,小人鱼的歌谣,凤凰院零零,http://p2.music.126.net/gp2UUmFOqzaMpwANsKFJ2w==/109951168829768582.jpg,17440409257,1.0,
1887917182,浪漫主义,姜云升,http://p2.music.126.net/lFFiY-jvO1ENHtK2bZ6eUw==/109951166531420475.jpg,17440409257,1.0,
2041974276,风驶过的声音是,海洋Bo,http://p2.music.126.net/gfLR-3TEncp1cOog8oUaFA==/109951168567036973.jpg,17440409257,1.0,
426881480,夢灯籠,RADWIMPS,http://p1.music.126.net/UoHin_i29CVJr4gKPEY1kQ==/109951171836647530.jpg,17460821504,1.0,
1378491298,愛にできることはまだあるかい,RADWIMPS,http://p1.music.126.net/dRwInA9PpkiKkmNWeUvi0w==/109951164220136544.jpg,17460821504,1.0,
426881506,なんでもないや (movie ver.),RADWIMPS,http://p1.music.126.net/UoHin_i29CVJr4gKPEY1kQ==/109951171836647530.jpg,17460821504,1.0,
426881487,前前前世 (movie ver.),RADWIMPS,http://p1.music.126.net/UoHin_i29CVJr4gKPEY1kQ==/109951171836647530.jpg,17460821504,1.0,
1992343682,カナタハルカ,RADWIMPS,http://p1.music.126.net/D1SFObel_sAw_KMojvJZqw==/109951167999320860.jpg,17460821504,1.0,
1824900673,カイコ,RADWIMPS,http://p1.music.126.net/liXHZIBUsPtMMDBM2FSshA==/109951165778868973.jpg,17460821504,1.0,
1430652542,Light The Light,RADWIMPS,http://p1.music.126.net/dQL9KZXbmGZGE2iwiCbrOw==/109951164800334633.jpg,17460821504,1.0,
426881503,スパークル (movie ver.),RADWIMPS,http://p1.music.126.net/UoHin_i29CVJr4gKPEY1kQ==/109951171836647530.jpg,17460821504,1.0,
1378492147,大丈夫 (Movie edit),RADWIMPS,http://p1.music.126.net/dRwInA9PpkiKkmNWeUvi0w==/109951164220136544.jpg,17460821504,1.0,
28095564,Tummy,RADWIMPS,http://p1.music.126.net/QJljk67GB5i14flSjK2vbA==/18622428441311564.jpg,17460821504,1.0,
1883313852,Last Christmas,Wham!,http://p2.music.126.net/o86wxxnu75ndLl_CxFwMYQ==/109951166476892569.jpg,17505175282,1.0,
21233912,All I Want for Christmas Is You,Mariah Carey,http://p2.music.126.net/SreLAQJFAWQEYJ9punGJgg==/109951167487739676.jpg,17505175282,1.0,
27876478,Underneath the Tree,Kelly Clarkson,http://p2.music.126.net/WyXq2Etbq_1whwbpnlLvCw==/109951167848167561.jpg,17505175282,1.0,
2650077800,Last Christmas (Pudding Mix),Wham!,http://p2.music.126.net/8irAS8wpfZy4mKWfPWBgbA==/109951170187700703.jpg,17505175282,1.0,
1487159406,Home,Peder Elias,http://p2.music.126.net/A31JnkenHKF0dcNPSDpapA==/109951165390888332.jpg,17505175282,1.0,
16869574,Happy Xmas (War Is Over),Céline Dion,http://p2.music.126.net/syepyXoH2t4GY_f870ew6g==/109951165989593469.jpg,17505175282,1.0,
1410815174,death bed (coffee for your head),Powfu,http://p2.music.126.net/NLvxrDAeRtM3sJtspYok3w==/109951165988499274.jpg,17505175282,1.0,
2717750176,Lover Girl,Laufey,http://p2.music.126.net/DHHeHWNN7OQ5CLkAFsSJWQ==/109951171338628136.jpg,17505175282,1.0,
19550045,Ave Maria,Beyoncé,http://p1.music.126.net/tgjzI_Vo5qOruqon6WN-WA==/109951166433750815.jpg,17505175282,1.0,
523926565,Dark Red,Steve Lacy,http://p1.music.126.net/eE_C6xeFM1SU8Gcx_jOYQw==/18207912556544969.jpg,17505175282,1.0,
2743218324,疼痛交替,Harmonic Thaw,http://p2.music.126.net/ABqwDh1KMze8fQUKudaNuA==/109951171972507534.jpg,17383291853,1.0,
2752018967,思念在雨夜蔓延,Harmonic Thaw,http://p2.music.126.net/XPoUu--nzxCmNxC5FJ5Qug==/109951172096320467.jpg,17383291853,1.0,
2036954029,呼吸决定（合唱版）,结冰,http://p2.music.126.net/qxiWE44FtRFPYJ9mJnLvTQ==/109951169727952059.jpg,17383291853,1.0,
2746257218,我该学会享受孤独,Harmonic Thaw,http://p2.music.126.net/dxjBCAzFmf7ki-cSf3idfw==/109951172016981296.jpg,17383291853,1.0,
2144934287,漫步香港1999,布鲁昔,http://p2.music.126.net/FJ90LTleuUHa6ZYIaYKdnQ==/109951169811930716.jpg,14402643116,1.0,
2673175226,零距离的思念,TINY7,http://p2.music.126.net/ClYJh1zEl6o6-9hWxhPiJw==/109951170464257454.jpg,14402643116,1.0,
2609838360,爱你但说不出口,Karencici,http://p2.music.126.net/7dcmx3ozMurpU1g49xvHxg==/109951169800563507.jpg,14402643116,1.0,
2606626868,爱以未知借浪漫,流浪声乐生,http://p2.music.126.net/wwljR9lwdhmNUxeaxsMa6A==/109951169767890243.jpg,14402643116,1.0,
1954694243,日落沙滩后,余佳运,http://p2.music.126.net/W_HGCJ_c-8dnyjRdushebw==/109951167531636363.jpg,14402643116,1.0,
1907744839,冬天一个游,Gordon Flanders,http://p2.music.126.net/k9MeTXSkai1At50BoyIC3A==/109951166978736750.jpg,14402643116,1.0,
2086554453,TVB,布鲁昔,http://p2.music.126.net/oplVDsWegGQPvTacQ2rTjw==/109951168950641503.jpg,14402643116,1.0,
2615897522,卸妆,余佳运,http://p2.music.126.net/oQL-0W_Dxa74_zVJKwml3A==/109951171388657625.jpg,14402643116,1.0,
2005544240,月光下暧昧,邹沛沛,http://p2.music.126.net/en_bKOssqJeLvNPpD2iXyA==/109951168133181113.jpg,14402643116,1.0,
2128822338,Leave,Sophye Soliveau,http://p2.music.126.net/JLd9XLOp7OMDskX3w0YYug==/109951169357290700.jpg,17379780117,1.0,
1973590829,Midnight Angel,Gerald Alston,http://p2.music.126.net/Abl3R5zdXrxSD-3Z8IpoMg==/109951167795637825.jpg,17379780117,1.0,
2019463521,Look What You've Done,Dayo Bello,http://p2.music.126.net/RnIhBfZyFllXupPKqiC2kQ==/109951168281548966.jpg,17379780117,1.0,
2038717511,Don't Pretend,Kevin Ross,http://p2.music.126.net/OunXwobthOSE_Dl7QtIhIA==/109951168543463237.jpg,17379780117,1.0,
2611071146,I Could Be Forever,Hojean,http://p2.music.126.net/ai0lWRPN3GZejaIjU1MZXw==/109951169813498247.jpg,17379780117,1.0,
2696364992,Right Now,Dahl_,http://p2.music.126.net/q_6Mv1L1jHBhOC2FW5WNEA==/109951170735757791.jpg,17379780117,1.0,
1831730363,Broken Bottle Reimagined,UMI,http://p2.music.126.net/HhJX2IEQRx_Jv3nZVGfLdA==/109951165827326458.jpg,17379780117,1.0,
2600974853,Nasty,Tinashe,http://p2.music.126.net/3Oeun8IPJp0FX12TpzEUag==/109951169709816844.jpg,17379780117,1.0,
2017564132,Water My Heart,rum.gold,http://p2.music.126.net/Ep0fELjbtEfCT0mKFv9ZSg==/109951171335551493.jpg,17379780117,1.0,
550655008,Mirror,Madison Ryann Ward,http://p2.music.126.net/ZRLVsHKMzNhDwl8nPn-HVg==/109951163233355556.jpg,17379780117,1.0,
1410633323,到时说爱我,茜拉,http://p2.music.126.net/do_mrR_Ci6xWJSC5d3w5cA==/109951172210703717.jpg,14449675115,1.0,
1355860112,寂寞寂寞不好,曹格,http://p2.music.126.net/kHq7K_Nv0-GkaW4ITg0gMA==/109951163967345354.jpg,14449675115,1.0,
2756004910,余温,Wqq火鸡面,http://p2.music.126.net/HoBhLQtQDA6uv1MjIDxxaw==/109951172157003509.jpg,14449675115,1.0,
205356,逃避没有不好,黄丽玲,http://p2.music.126.net/lxXGBPPqNS6iNYJjr_4CTA==/109951164087833607.jpg,14449675115,1.0,
2742440273,不值得 (Live),单依纯,http://p2.music.126.net/9-UOtxjLUDL0N0PExhjsCQ==/109951171964043694.jpg,14449675115,1.0,
1334254492,九点半的钟,BYE,http://p2.music.126.net/6rNg9vfqrr6RP_4lHEXzZw==/109951163733673689.jpg,14449675115,1.0,
1500377533,不要让我后悔,孙盛希,http://p2.music.126.net/gRMWUKU2ScajuiJDcAdX4Q==/109951165517115227.jpg,14449675115,1.0,
1871868391,小心温差,Matt吕彦良,http://p2.music.126.net/FgpAVmwT8GwMSIbWff8dXA==/109951166353341462.jpg,14449675115,1.0,
2683955602,春悸（Spring Heart）,陈若彤,http://p2.music.126.net/4xqDamxQxgTTt8P6vEsWVg==/109951170605823383.jpg,17539544561,1.0,
3325298797,春溯,二乘,http://p2.music.126.net/AS7y5r9EHgJ_2c7Sftb4NA==/109951172388814178.jpg,17539544561,1.0,
2689651175,春樱漫想,二乘,http://p2.music.126.net/sPQaIH-x9j0xaqTWA7DkfQ==/109951172388904790.jpg,17539544561,1.0,
1417496521,Be My Lover (Upfinger & Velchev Remix),Upfinger,http://p2.music.126.net/vSwlPTPchpH7whZDw1ag8A==/109951169771411097.jpg,17450141986,1.0,
515454649,Falling Down,Wild Cards,http://p2.music.126.net/CDziRjOGr-M_HWM-C1e5Qw==/109951170045602999.jpg,17450141986,1.0,
1981056465,Toosie Slide (Sped Up),Dance Fruits Music,http://p2.music.126.net/VgCq7mTdMBvkE474zrNHpg==/109951168638072698.jpg,17450141986,1.0,
1313303916,In the End,Linkin Park,http://p2.music.126.net/CUgGGyE5KHiRsyR43mF3eQ==/109951163572864669.jpg,17450141986,1.0,
1333336513,Let Go,Beau Young Prince,http://p2.music.126.net/NPeyzpUmXGAzsI6VUQxvrA==/109951171748635952.jpg,17450141986,1.0,
21038564,Poker Face,Lady Gaga,http://p2.music.126.net/XJrVVaSG_H0PITbdUMcFPw==/109951169006384670.jpg,17450141986,1.0,
2095129235,Sleepwalker,Young God,http://p2.music.126.net/cwfrwiEJCernVd8yj1hYPw==/109951169018838076.jpg,17450141986,1.0,
1496764168,Heat Waves,Glass Animals,http://p2.music.126.net/i96rnhcKR67Ype3SAFwXXA==/109951168250206357.jpg,17450141986,1.0,
2098595571,Power,JordanBeats,http://p2.music.126.net/Yp0t-ZMsd-A26H8pzfKC1w==/109951169046282305.jpg,17450141986,1.0,
1410018588,Ready to Fall,Boundary Run,http://p2.music.126.net/2v5MAZN75jBDv6oh6Ac2gw==/109951165362895947.jpg,14432187402,1.0,
28381442,Cold,Novo Amor,http://p2.music.126.net/SeHo22hVZRUSiWekSZding==/109951167102335913.jpg,14432187402,1.0,
2128726009,Beanie,Chezile,http://p2.music.126.net/O9A0M2CmJG6ClN128uJS4A==/109951169466335575.jpg,14432187402,1.0,
2639918917,Soft Spot (Acoustic),keshi,http://p2.music.126.net/-_EZ6cZnvzmeZnR_KNOAqQ==/109951170073562478.jpg,14432187402,1.0,
2644490025,"Free Sad Storytelling Beat - ""By Myself""",EVO MUSIC,http://p2.music.126.net/XhG2qrP9erbxfR2ZZOHl0A==/109951170130268760.jpg,14432187402,1.0,
1830664549,Haikyuu (Re-Build),林ゆうき,http://p2.music.126.net/tN3a8rwNuGhlcWbUWQ7qVg==/109951165816381554.jpg,14432187402,1.0,
2758268699,Who Knows,Daniel Caesar,http://p1.music.126.net/PAaYT5hSx6OlKjTsOYYT2w==/109951172185882237.jpg,14432187402,1.0,
1948032680,Home,Ever So Blue,http://p1.music.126.net/oQJFqrlMeR32Zzcvt8miXA==/109951167427687947.jpg,14432187402,1.0,
1465114465,exile,Taylor Swift,http://p1.music.126.net/b_6ZbpOz55g8oB4KR34aFw==/109951168971655174.jpg,14432187402,1.0,
65355,圣诞结,陈奕迅,http://p1.music.126.net/m9cBIL-D3or61yMh9OPdqg==/82463372088816.jpg,17460483992,1.0,
287063,我怀念的,孙燕姿,http://p1.music.126.net/hIOFATG-3vNyYHOj31Tyew==/109951169829283327.jpg,17460483992,1.0,
28427771,最长的电影,茜拉,http://p1.music.126.net/n9D1R_zL_XaKW9zfW8s2tA==/5920870115754269.jpg,17460483992,1.0,
255294,我很快乐,刘惜君,http://p1.music.126.net/gZ93OHvjWKwnvIwChuRTfA==/109951171315740884.jpg,17460483992,1.0,
287749,天黑黑,孙燕姿,http://p1.music.126.net/MNKGTEU8rqL0v1W1KdOe5w==/109951166191897217.jpg,17460483992,1.0,
276936,阴天,莫文蔚,http://p1.music.126.net/QZ0Wr5O2Kr5eF27IPGqtEQ==/109951165958716927.jpg,17460483992,1.0,
209758,倒带,蔡依林,http://p1.music.126.net/DqmJQQdpW0jct7v-C1kQrw==/109951165705498890.jpg,17460483992,1.0,
247936,最后一页,江语晨,http://p1.music.126.net/3UVDYMN--zrYB8RK53-4Fg==/109951171932414834.jpg,17460483992,1.0,
25640409,有形的翅膀,张韶涵,http://p1.music.126.net/pcic3NwD7xdvHLvuT5jWWQ==/109951168308921434.jpg,17460483992,1.0,
1303464858,于是,郑润泽,http://p2.music.126.net/PEGvmO3OqgGOkx4m9qxAJA==/109951163478499713.jpg,17459803366,1.0,
2063864551,瞬,郑润泽,http://p2.music.126.net/rYmW2dKFseH2GYcVk8Lrqw==/109951168737879331.jpg,17459803366,1.0,
1983761233,平行线,郑润泽,http://p2.music.126.net/ql8Lg1GqriEAWtVJn_ht9A==/109951167901152912.jpg,17459803366,1.0,
1926623288,小胡同,郑润泽,http://p2.music.126.net/QsebYbDgQtKelH6r1iE2Fg==/109951167129280730.jpg,17459803366,1.0,
150432,爱我还是他,陶喆,http://p2.music.126.net/ZR6QuByWgej9-aRhZjLqHw==/109951163803188844.jpg,17459803366,1.0,
1454670699,触碰不到的你,余佳运,http://p2.music.126.net/QEDRVPVLta2Blv_NEyh_5A==/109951165085408736.jpg,17459803366,1.0,
2072639869,在加纳共和国离婚 (你还爱我吗),菲道尔,http://p2.music.126.net/WuRlLMuXJO9rsT_nx4lLgA==/109951169509984289.jpg,17459803366,1.0,
1482867143,夏夜最后的烟火,颜人中,http://p2.music.126.net/i1p1CCz6PaDF2Gs0RqKJBQ==/109951165349625690.jpg,17459803366,1.0,
571472967,不如不见面,梁老师Tsong,http://p2.music.126.net/yvxsmaZ4vmJbFuikK9suWQ==/109951163335310308.jpg,17459803366,1.0,
2686626070,我好喜欢我自己,coco-木子文,http://p1.music.126.net/qEKsJXlaC8oahQ_sdDRmNw==/109951170630090782.jpg,14470374665,1.0,
2051382608,快乐的扑满,薄君,http://p1.music.126.net/ZoNkMAAz4ksS86y7m-OfbQ==/109951168645995649.jpg,14470374665,1.0,
2701514,Don't Worry Be Happy,Holly Dolly,http://p2.music.126.net/WVS1Uj36VhKq8n3RigDKPA==/109951163457237661.jpg,14470374665,1.0,
326984,我恋爱了,张韶涵,http://p2.music.126.net/Zo32hORqgy2prGj-OGGxjw==/109951170169025541.jpg,14470374665,1.0,
2150124970,快乐小狗 (ENFP),EnjiA (魏恩佳),http://p2.music.126.net/EYteo5qsk2yIuUr1bfVGaA==/109951169537206067.jpg,14470374665,1.0,
2150822500,消失的下雨天,记得每天说晚安,http://p2.music.126.net/8wMv6LTDF1x-Z9fT52WrBg==/109951169461389778.jpg,14470374665,1.0,
2053099516,让风告诉你,林宝馨,http://p2.music.126.net/YECtlHobmUNyQIza93GpRQ==/109951168659324540.jpg,14470374665,1.0,
2059448492,当我走向你（I Do）,杨默依Moi,http://p2.music.126.net/cq0YyQE1pnLJoHz5wWy_Dw==/109951168703738121.jpg,14470374665,1.0,
2735554018,拍拍灰,脏饼干,http://p2.music.126.net/4riboo3M7VuJj6We6Sc1xw==/109951171845374025.jpg,14470374665,1.0,
2686272114,风铃,蒋孜怡,http://p2.music.126.net/jZ5OWv4FbZA8SqjJbWEamA==/109951170627452426.jpg,14470374665,1.0,
1430319727,漠河舞厅,柳爽,http://p2.music.126.net/BMPeBg8b6wRUofmMcfQ--g==/109951165029361219.jpg,14412681878,1.0,
28815250,平凡之路,朴树,http://p2.music.126.net/W_5XiCv3rGS1-J7EXpHSCQ==/18885211718782327.jpg,14412681878,1.0,
436514312,成都,赵雷,http://p2.music.126.net/34YW1QtKxJ_3YnX9ZzKhzw==/2946691234868155.jpg,14412681878,1.0,
386844,杀死那个石家庄人,万能青年旅店,http://p2.music.126.net/W1kczDCB4-r-uNAznD1ljg==/108851651165850.jpg,14412681878,1.0,
29436904,南山南,马頔,http://p2.music.126.net/WkzQgHTnH1Yf4BXQVgktOg==/6648746813825382.jpg,14412681878,1.0,
514761281,白羊,徐秉龙,http://p2.music.126.net/tczb_7II9KzSuLQsVt89Gw==/109951163049336667.jpg,14412681878,1.0,
27646199,斑马，斑马,宋冬野,http://p2.music.126.net/GcRunGm02vZBicYmIN6GXw==/109951163200249252.jpg,14412681878,1.0,
27646198,董小姐,宋冬野,http://p2.music.126.net/GcRunGm02vZBicYmIN6GXw==/109951163200249252.jpg,14412681878,1.0,
27646205,安和桥,宋冬野,http://p2.music.126.net/GcRunGm02vZBicYmIN6GXw==/109951163200249252.jpg,14412681878,1.0,
1497056948,The Campfire,Peder B. Helland,http://p2.music.126.net/etQU4J63w_nwGRIfV_NHfQ==/109951165485111908.jpg,14458719033,1.0,
2133432768,Blossom,Harryan Yoonsoan,http://p2.music.126.net/2tDlE0koWt2Xii6P-T6TdA==/109951169394322476.jpg,14458719033,1.0,
1409041650,Part.1 入冬(intro),JINBAO,http://p2.music.126.net/YKUlMHj87ooTMOXDJlnGCQ==/109951164543753155.jpg,14458719033,1.0,
1998410093,silent snow,得田真裕,http://p2.music.126.net/CuANnsbJsMjQ18Ozb1E4GA==/109951168060438445.jpg,14458719033,1.0,
1412322802,Mistletoe,ItsNoah,http://p2.music.126.net/Vie4k2GnwDM5HDSxEYyVew==/109951164582140175.jpg,14458719033,1.0,
1445577706,Cycles,Emily Coulston,http://p2.music.126.net/SXnISFPCbKHNPx_MI1Wpkg==/109951164960758272.jpg,14458719033,1.0,
1293003,Winter Story,Dennis Kuo,http://p2.music.126.net/Hvg8KGgln1zk07k7MW6tOg==/895002465054965.jpg,14458719033,1.0,
1501413074,Ocean (demo),Cathartic Fall,http://p2.music.126.net/-x6LY0Wom2RE2LSHO183RA==/109951165526902351.jpg,14458719033,1.0,
1896190664,Starry Winter,Dennis Kuo,http://p2.music.126.net/jCiWKCYTCWSnW3pd0OU8Ow==/109951166636023158.jpg,14458719033,1.0,
740778,メッセージ,ハンバート ハンバート,http://p2.music.126.net/ambRmTQQwDHLzcfu3mWz7w==/109951169995032795.jpg,17505855403,1.0,
26085707,風にのって,つじあやの,http://p1.music.126.net/teT1BJL5Tt-oC7X6WgPWZQ==/109951167356951308.jpg,17505855403,1.0,
515351,オオカミ少年独白,sasakure.UK,http://p1.music.126.net/GyX6VGkB_htxRAcOzNRxIw==/109951163352140669.jpg,17505855403,1.0,
33469856,朝ごはん,シュリスペイロフ,http://p1.music.126.net/xFxfbapJo-oNcaxRkV78aA==/3273246115946109.jpg,17505855403,1.0,
825615,約束をしよう,supercell,http://p1.music.126.net/TaeujxQRGXMrCIhYHue87A==/109951166200344150.jpg,17505855403,1.0,
643017,月が泣いてる,つじあやの,http://p1.music.126.net/Nagysgn-c_pyLwHSTsFtXQ==/109951164514817375.jpg,17505855403,1.0,
3315622015,Рядом,JONY,http://p1.music.126.net/mF6HJIUl6AZH7e12UVKhCA==/109951172249917907.jpg,17397784044,1.0,
1931473918,Rubicon,Rauf & Faik,http://p1.music.126.net/72I0HikxNbHzrlAkskQhrQ==/109951167191567984.jpg,17397784044,1.0,
487190739,Хочу стареть только с тобой,T1One,http://p1.music.126.net/FuITaTQ7Cw5j_3el72FLNg==/109951169335989157.jpg,17397784044,1.0,
473874171,My budem vmeste,Artik & Asti,http://p1.music.126.net/4dMP2Ij7P9Q5vQCzQMPZww==/17979214137649550.jpg,17397784044,1.0,
1320072617,Вдвоём,Миша Марвин,http://p2.music.126.net/PtkbTMrxL664LJiUiklnaA==/109951164913233047.jpg,17397784044,1.0,
1481875021,Memories,Xcho,http://p2.music.126.net/FG9ACdyPx21iDkOqK0h6Dg==/109951165340868166.jpg,17397784044,1.0,
1399132040,Малиновый закат,LVNX,http://p2.music.126.net/o3IecFobvE-0vo5hkuWTeA==/109951164447794338.jpg,17397784044,1.0,
2034151309,Тонкая нить,AIHAN,http://p2.music.126.net/drFlVEBLte4I3Vdu0QRUsw==/109951171691645541.jpg,17397784044,1.0,
1859821138,Lilovaya (Acoustic),Jah Khalib,http://p2.music.126.net/F1eGzE9Jbj91E1FouFPVvQ==/109951166161552315.jpg,17397784044,1.0,
2100272397,Волен,JONY,http://p2.music.126.net/9K6tPlhcS4p_YJJubBxlZw==/109951169058442494.jpg,17397784044,1.0,
1937105542,Una Mattina（0.90×）,岑东,http://p2.music.126.net/s02G2d-Vx4MNyLxjWimOig==/109951167266894993.jpg,14424091143,1.0,
29544534,The Last String,Jacoo,http://p2.music.126.net/Rp9f44cDRXsBL2hds0taig==/109951169486481507.jpg,14424091143,1.0,
1974647510,How Long Will I Love You （slowed down version）,桜芥川,http://p2.music.126.net/6HwMOMwSiWdcdGUk3fyUTw==/109951168495937621.jpg,14424091143,1.0,
2672242572,如果爱得太累 及时道别并也没有罪,Zy,http://p2.music.126.net/ALlKVYwP9ilqMpc0SdUqjQ==/109951170454824070.jpg,14424091143,1.0,
1459430649,Midnight Feeling,ondi vil,http://p2.music.126.net/5Or2tBf-VtKiySK0ZIAiIw==/109951168577369348.jpg,14424091143,1.0,
1826992588,别让我放不下(纯音乐版),姜辰辰,http://p2.music.126.net/13A_srcMeGY7GhtHqYsczQ==/109951169510333494.jpg,14424091143,1.0,
1405485323,Nick Kech-Una Mattina（Radio Edit）（ночная вилка remix）,ночная вилка,http://p2.music.126.net/7BXJpdfFaYVdZmgdPXynqA==/109951164497957292.jpg,14424091143,1.0,
2674306076,OH MAH GAH!,SH3RWIN,http://p1.music.126.net/nvZZtuHhsM-jG0QKCPSiWw==/109951170475640799.jpg,17472908794,2.0,
2643636068,MALVADO DE VAPO,xccvdxz,http://p1.music.126.net/hOY-3L0M3ISILjsVe4CbYw==/109951170122767745.jpg,17472908794,2.0,
2158145545,GLORY,Ogryzek,http://p1.music.126.net/o5FI5m6lRQ5MNL6gDA4JRw==/109951169610964146.jpg,17472908794,2.0,
1820040979,Julie.,Gallant,http://p2.music.126.net/H3BJ6iUJqrfKwpAgkf3jvw==/109951165846756037.jpg,17457891072,2.0,
1499793073,Nothin' on Me,Leah Marie Perez,http://p2.music.126.net/DlAqGGejItffeQdjLbMItA==/109951165513053147.jpg,17457891072,2.0,
2058139099,One Of The Girls,The Weeknd,http://p2.music.126.net/6aqy20VWVRtn1f2jBLPeKQ==/109951168694564986.jpg,17457891072,2.0,
1940134778,Rest Assured (feat. PRVDNT),Jeff Bernat,http://p2.music.126.net/_ur4nxs-st0usPaTTTUtUw==/109951167322991697.jpg,17457891072,2.0,
1433431606,less of you,keshi,http://p2.music.126.net/tzXFOVQZ8PF6WYaDllZRAw==/109951164833035749.jpg,17457891072,2.0,
1486207038,Honeymoon,Thomas Ng,http://p2.music.126.net/RwxDgQlNUXUBo0mbi_MsOQ==/109951165382623397.jpg,17457891072,2.0,
1837903505,her shadow,Thomas Ng,http://p2.music.126.net/YofQw5_pbQ1zWDJlJCOLcg==/109951165896716017.jpg,17457891072,2.0,
1841242886,pt2,ewonjin,http://p2.music.126.net/qdTPg2kD0REPRQZa90YHSg==/109951165933959468.jpg,17457891072,2.0,
2712265619,打火机,Penny,http://p2.music.126.net/QHZZ7ScaKidDk1w5WGKxMg==/109951172451672738.jpg,14381110962,2.0,
2163210456,两 难,加木,http://p2.music.126.net/Qvenb5t_hL37b7hRfscjaw==/109951169686160429.jpg,14381110962,2.0,
1391891631,嗜好,颜人中,http://p2.music.126.net/J6HaJjtgv-yVVjyUm-h-AA==/109951164373633387.jpg,14381110962,2.0,
1420706073,离开我的依赖,王艳薇,http://p2.music.126.net/btYBbFLd5mf9w0lDpfNs6w==/109951171506809884.jpg,14381110962,2.0,
1842728629,如果呢,郑润泽,http://p2.music.126.net/-xMsNLpquZTmMZlIztTgHg==/109951165953469081.jpg,14381110962,2.0,
233888,爱情讯息,郭静,http://p2.music.126.net/-ccXZvLLbvLQc99YEbylUA==/109951171316025348.jpg,14381110962,2.0,
1867876576,Porto girl,그래쓰,http://p2.music.126.net/iCBK6kMpUGh-r2ZoABZlHw==/109951166263778835.jpg,17475901377,2.0,
1877751193,Ride,HYBS,http://p2.music.126.net/KvG2e3lm0Da8G83h2KwOjA==/109951166380535990.jpg,17475901377,2.0,
1945240914,universe,Thuy,http://p2.music.126.net/1frL4XRzQdhW3FrNeRTZQQ==/109951167385837590.jpg,17475901377,2.0,
1826613971,Future Love,MALIA,http://p2.music.126.net/5q5OHmN_hLtNxE5CvMOgag==/109951169215652141.jpg,17475901377,2.0,
1911485328,February Song,Melissa Polinar,http://p2.music.126.net/teUFfhEkNjCwjr64R0gfmg==/109951166925438974.jpg,17475901377,2.0,
1807991606,This Time,Jeff Bernat,http://p2.music.126.net/68n26vCTOoG_5TvHML7Opg==/109951165588424016.jpg,17475901377,2.0,
1966111988,Charlie,Alex Siegel,http://p2.music.126.net/43l5Bf-_VbVsYoUzltEfJg==/109951167923371156.jpg,17475901377,2.0,
2004563430,Snooze,SZA,http://p2.music.126.net/qQ5e7rM-xY6YWJW9_3tR-w==/109951168121859537.jpg,17475901377,2.0,
1982850100,SUPERPOWER,J.O.Y,http://p2.music.126.net/IO8CuwAneRZTx_CDedshtA==/109951167892605047.jpg,17475901377,2.0,
2744789508,The Vow,Ed Sheeran,http://p2.music.126.net/8G708E4jY68SA4rrYajtmg==/109951171994899992.jpg,17475901377,2.0,
20952171,Una Mattina,Ludovico Einaudi,http://p2.music.126.net/eRqsIxfu7_aIlciMlDUU1g==/109951169484870712.jpg,14341065594,2.0,
139774,The truth that you leave,Pianoboy高至豪,http://p2.music.126.net/9idkdzbel_-lYBP7Dv_dVQ==/102254581395289.jpg,14341065594,2.0,
2038191895,诀别书,邓垚,http://p2.music.126.net/wztA5smxFjIfv98u7-IrQQ==/109951168933355255.jpg,14341065594,2.0,
468176711,城南花已开,三亩地,http://p2.music.126.net/i-7ktILRPImJ0NwiH8DABg==/109951162885959979.jpg,14341065594,2.0,
4899152,Merry Christmas Mr. Lawrence,坂本龍一,http://p2.music.126.net/woiqainQI-orV_RuUuOVRw==/716881581353216.jpg,14341065594,2.0,
1372188635,Daylight,Seredris,http://p2.music.126.net/OjiWGpbpC80EbQgkxEayiA==/109951164152228527.jpg,14341065594,2.0,
2066671175,說了再見 (Piano Ver.),Piano Echoes,http://p2.music.126.net/p4V2p4kT7gGgDCdxpYWANQ==/109951168760973063.jpg,14341065594,2.0,
28062403,Evening Star,Winter Garden,http://p2.music.126.net/vMo9dvWqsz9o3AlodgYgOA==/5773535557527277.jpg,14341065594,2.0,
1316330689,Track in Time,Dennis Kuo,http://p2.music.126.net/BDYYyy_x3yDV5thPLejtuQ==/109951165332759683.jpg,14341065594,2.0,
1401226842,恋爱告急,鞠婧祎,http://p2.music.126.net/sYSMoMD1Nlu6XYU2rV5pbA==/109951170313023114.jpg,17391853227,2.0,
2092609468,说爱你,阿彻,http://p2.music.126.net/Hu4dh92wiMrINNAd3zTrug==/109951168996844421.jpg,17391853227,2.0,
394748,棉花糖,至上励合,http://p2.music.126.net/CflH8LlraC4zCbunsjAG3Q==/109951163077752483.jpg,17391853227,2.0,
1867183963,暗恋,A1 TRIP,http://p1.music.126.net/pDyJXtR4eYhyuhrGfonj9A==/109951166254380643.jpg,17391853227,2.0,
1973046704,热恋情节,吴子健REmi,http://p1.music.126.net/Jph_-_B3cVX4t50ybYhj0g==/109951169391756351.jpg,17391853227,2.0,
1876747898,18dB,吴子健REmi,http://p1.music.126.net/XpUU6vMvhF0CJXxa8et_sg==/109951166368580753.jpg,17391853227,2.0,
2672793681,Kiss Kiss Shy Shy,李要红RedLi,http://p1.music.126.net/JENnjQdq3Vq6X0KwFLuCrA==/109951170460815606.jpg,17391853227,2.0,
2655850235,拼图爱,蒋孜怡,http://p1.music.126.net/TVt86ltX0z7nXAQsmRshuw==/109951170251461413.jpg,17391853227,2.0,
1928419759,恋爱频率,Sasablue,http://p1.music.126.net/g85I4wk1Fp-nSqoctJf56A==/109951169169171801.jpg,17391853227,2.0,
32272267,人海 (2015版),燕池,http://p1.music.126.net/W-WHCe2sQK1MQ_ftE8oCcA==/7760353069698404.jpg,14420150158,2.0,
29572804,傲寒,马頔,http://p1.music.126.net/ClrADnHTkdJaznu-jd4cDA==/3230365162448430.jpg,14420150158,2.0,
31445772,理想三旬,陈鸿宇,http://p1.music.126.net/ryk8Gu64rOhlYn0pc2Q8Ww==/109951168090271827.jpg,14420150158,2.0,
202369,画,赵雷,http://p1.music.126.net/btBocL7KKvl0sRZY62_BIA==/109951169213244790.jpg,14420150158,2.0,
571338083,醒着醉,马良,http://p1.music.126.net/_QqIAZgDGKEimPQgzTCKGQ==/109951165325675186.jpg,14420150158,2.0,
32957955,逝年,夏小虎,http://p1.music.126.net/7s038gp55NXFIZFdj78nWg==/18315664695517784.jpg,14420150158,2.0,
1974443814,我记得,赵雷,http://p1.music.126.net/9bVOooAY6U6EJLzpv1Fikw==/109951169682871673.jpg,14420150158,2.0,
28935309,我的名字叫做安,安来宁,http://p1.music.126.net/k3bJBDf9mmuJjpW0GrveCA==/8901646138516033.jpg,14420150158,2.0,
500352029,sounds of summer,E66S,http://p1.music.126.net/62M6m5R3T7VRl7WALy2IIg==/109951163007497770.jpg,17543050079,2.0,
480426232,Comfort Chain,instupendo,http://p1.music.126.net/i1EBGgqnichpTgorjQqk4w==/109951168668852040.jpg,17543050079,2.0,
1296558265,school rooftop,DYL,http://p1.music.126.net/5hhzJJwgVIwMk_qbq0qhDQ==/109951163432799375.jpg,17543050079,2.0,
1445545567,Sweetly,Lord Kael,http://p1.music.126.net/EcqX9BiXRTcfeZWMG92AIg==/109951164960358967.jpg,17543050079,2.0,
1849256862,Azure Skies,trxxshed,http://p1.music.126.net/3k-YIbYjjwWhpVp4cjI8rQ==/109951170635894876.jpg,17543050079,2.0,
478049185,School Rooftop,the girl next door,http://p1.music.126.net/eknjsyGS1MOVYMudZl_DyA==/109951167089491871.jpg,17543050079,2.0,
2646516254,你不用懂,J. Sheon,http://p1.music.126.net/PGDKcNo68Rqn5bvd-Mhwgg==/109951170151481167.jpg,17511662857,2.0,
1405430728,看起来不错其实也还好,J. Sheon,http://p1.music.126.net/MwZqD9QnBdp6qEhzQUHXXg==/109951164504726485.jpg,17511662857,2.0,
1833804846,都不懂,step.jad依加,http://p1.music.126.net/53JFZXrMkG0UtMjM6KuDsg==/109951165849376180.jpg,17511662857,2.0,
2158603458,我的问题,余佳运,http://p1.music.126.net/oQL-0W_Dxa74_zVJKwml3A==/109951171388657625.jpg,17511662857,2.0,
2656534424,赶路的蝴蝶,step.jad依加,http://p1.music.126.net/lgk28DVg7tR_1nzqcvYerA==/109951170261049870.jpg,17511662857,2.0,
2609291566,爱慢慢慢慢来,罗森涛,http://p1.music.126.net/5zAv9nKlwj80OearK5Vrjw==/109951169686963932.jpg,17511662857,2.0,
464330131,妈妈说(Mom Said),余佳运,http://p1.music.126.net/LupFCNWQxVgC61Wa_77xeg==/109951162873436448.jpg,17511662857,2.0,
488641840,快鱼仔,卢广仲,http://p1.music.126.net/wJlqpOwJS4uKKZUqMMwuCQ==/18736777650910878.jpg,14482045773,2.0,
208933,达尔文,蔡健雅,http://p2.music.126.net/AryQmM2GgfCk4C9XfwV5uQ==/109951168271384367.jpg,14482045773,2.0,
1867217766,致你,yihuik苡慧,http://p2.music.126.net/VDmN2dNpIFu4gTv4bZe6KQ==/109951166254691365.jpg,14482045773,2.0,
209046,下一次爱情来的时候,蔡健雅,http://p2.music.126.net/XimQqI8ilRweP5yd8pQVSQ==/109951168637068609.jpg,14482045773,2.0,
1876496064,一点一滴 (青蛙王子 主题曲),林倛玉,http://p2.music.126.net/n-B-J1d5Q-h1ODLm4m6JSA==/109951168806317063.jpg,14482045773,2.0,
1492584510,沉沦与遐想,C.HØPE,http://p2.music.126.net/7BgLADW7ZJqPizR918S5UQ==/109951166179751996.jpg,14482045773,2.0,
2036331318,爱不单行,刘大拿,http://p2.music.126.net/PvrmRjLOfQgENwvqMcZUFQ==/109951168522485459.jpg,14482045773,2.0,
2726446562,miss u.,onlyuv,http://p2.music.126.net/5hPGkHZmBBLdo9PAAb3fFA==/109951171470611116.jpg,17509391384,2.0,
103819,水泼落地难收回2009,纪佳松,http://p2.music.126.net/5PV0nScC0UpnjIPzY_SzUw==/124244813951842.jpg,17509391384,2.0,
516358165,Visions of Gideon,Sufjan Stevens,http://p2.music.126.net/o0NJVjyHT3anDiYxpPXt5Q==/109951165980140346.jpg,17509391384,2.0,
1315718569,有一种悲伤,黄丽玲,http://p2.music.126.net/sDu_Al0lMMGp-4tbSLAXJw==/109951165958897327.jpg,17509391384,2.0,
1343200598,招摇,陈楚生,http://p2.music.126.net/760ZgRAzDD8An9ob9UGRBg==/109951163815997796.jpg,17509391384,2.0,
2738620047,关于她的事,疚（nine）,http://p2.music.126.net/wV3fesd3c81W_G1Nl1aWeg==/109951171908819286.jpg,17509391384,2.0,
2726447635,lost u.,onlyuv,http://p2.music.126.net/axiYXl-ADY_LPtLQgtK8sQ==/109951171470653672.jpg,17509391384,2.0,
438456232,梦幻诛仙,张碧晨,http://p2.music.126.net/Lerc6tdw236Nvqtf7eBOVg==/18494885091647682.jpg,17509391384,2.0,
1903469304,Harleys In Hawaii (Slowed and Reverb),Confusled Lofi,http://p2.music.126.net/X3Pz6wC-QipgQbyN8oBWIg==/109951166728267806.jpg,17509391384,2.0,
26243686,Young And Beautiful,Lana Del Rey,http://p2.music.126.net/j3W6EWI0r0MpOfK1L-X4Ww==/109951169391591138.jpg,17509391384,2.0,
2716048766,Freeze!,沈佳润 (NINA),http://p1.music.126.net/T1PrTVs-knCMgHE7lYRihg==/109951171315108947.jpg,17531478819,2.0,
2717862847,Golden,HUNTR/X,http://p1.music.126.net/KZKf5FqyfLQ3i5qyuJSHzw==/109951171339994538.jpg,17531478819,2.0,
2153846531,Girls Never Die,tripleS,http://p1.music.126.net/hf6s2U29ewqdOarOalWYmQ==/109951169572348554.jpg,17531478819,2.0,
2716048767,"어제, 오늘, 내일",沈佳润 (NINA),http://p1.music.126.net/T1PrTVs-knCMgHE7lYRihg==/109951171315108947.jpg,17531478819,2.0,
2601547376,Small girl (feat. 도경수(D.O.)),李泳知,http://p1.music.126.net/vAk4xsOMqfITlA2oImtpEw==/109951169802364683.jpg,17531478819,2.0,
2146556448,PASSO BEM SOLTO (Slowed),Atlxs,http://p2.music.126.net/kBkhuI3oTx0IvdliE280tw==/109951171258080928.jpg,17426690597,2.0,
4940920,Butter-Fly,和田光司,http://p1.music.126.net/o8ZfncjFF5frq8Q8iJJ9QQ==/2321069046256264.jpg,14371570334,2.0,
1935948260,喜劇,星野源,http://p1.music.126.net/qEvhd_eBAIImm1jVv0yjXw==/109951167353026224.jpg,14371570334,2.0,
1334780738,il vento d'oro,菅野祐悟,http://p1.music.126.net/ytaRi0MzsFGRGHOvjXWU9A==/109951169571714710.jpg,14371570334,2.0,
29027453,crossing field,LiSA,http://p1.music.126.net/IeeYUbPocXR3usFevNnxDA==/109951168626391156.jpg,14371570334,2.0,
657666,残酷な天使のテーゼ,高橋洋子,http://p1.music.126.net/45hISoQHiPTbPg9oapc7DQ==/109951163549396167.jpg,14371570334,2.0,
1375725396,Cyberangel,Hanser,http://p1.music.126.net/TAiliOjM10DlKiL56fPIMw==/109951163737497396.jpg,14371570334,2.0,
1299557936,Prayer X,King Gnu,http://p1.music.126.net/enntHrRt2GJA0cFnTY9Nxg==/109951169476356567.jpg,14371570334,2.0,
409872504,ninelie,Aimer,http://p2.music.126.net/g7aakYG_Wfmrn1_IDfVUXA==/109951165050166241.jpg,14371570334,2.0,
482999012,gravityWall,SawanoHiroyuki[nZk],http://p2.music.126.net/yOJLzc_5BYWjYIiRn7BhcQ==/109951166200231837.jpg,14371570334,2.0,
29017078,unravel,TK from 凛として時雨,http://p2.music.126.net/FDOGd6uW4RUDuAq6fKvnmw==/109951169033080950.jpg,14371570334,2.0,
1897376493,劲浪漫 超温馨,Gareth.T,http://p1.music.126.net/-05Jb4KzNxz-skmrERxj_A==/109951167058323504.jpg,14402712834,2.0,
2101284481,爱是浪漫刻在秒钟,邹沛沛,http://p1.music.126.net/1P9ctvgB-n3f_NNrKlKHiA==/109951169066481908.jpg,14402712834,2.0,
1919511988,dinner in bed,Gareth.T,http://p1.music.126.net/ry96seGWJPWfW9pbH4V8Zg==/109951167058320627.jpg,14402712834,2.0,
1805079421,if i could ride a bike,Chevy,http://p2.music.126.net/bDXL-gHDUi_ALvx9bzbYBw==/109951165547383598.jpg,17405019197,2.0,
523214004,I Think It Must Be Christmas,Bruno Major,http://p2.music.126.net/R_sJVQ1gkZyOxLBIROFgWQ==/18355247114885517.jpg,17405019197,2.0,
82151,Moon River,方大同,http://p2.music.126.net/1QhjElEe7vkVn9na6su3cA==/109951168316804836.jpg,17405019197,2.0,
17617362,Larmes de caramel,Elsa Kopf,http://p2.music.126.net/wMgndAh7ZoWGIwBV9oaccA==/6660841442107870.jpg,17405019197,2.0,
2602234727,lazy afternoon,Sarah Kang,http://p2.music.126.net/K6nk4pnCe-85pr0XgaCD_w==/109951169723222850.jpg,17405019197,2.0,
485612149,la vie en rose,Olivia Herdt,http://p2.music.126.net/9Mx9Tnjw81kSqIO_sK0GHA==/18734578627629924.jpg,17405019197,2.0,
1444150197,Manhattanhenge,corner club,http://p2.music.126.net/bKvI9_q8gLuwu3g7jE5Faw==/109951164945716886.jpg,17405019197,2.0,
5409270,Don′t Know Why,Winterplay,http://p2.music.126.net/SFa2tyYh7BbJBTtNu_CD8w==/109951170676114117.jpg,17405019197,2.0,
463001843,bubblegum.,barnes blvd.,http://p2.music.126.net/ZvARD5yvlkva2qNcOL563A==/18779658604356081.jpg,17405019197,2.0,
2053999915,Dreamer,Laufey,http://p2.music.126.net/j8VMht3W7nPJKWO_DQh_0Q==/109951168665676560.jpg,17405019197,2.0,
1293904824,マリーゴールド,あいみょん,http://p2.music.126.net/GCfKEr2ncu9DMuZ66OBJ1g==/109951163723652749.jpg,17506097495,2.0,
536622304,Lemon,米津玄師,http://p2.music.126.net/jtPZRUFrSS-nRCjW_LYowQ==/109951166521931227.jpg,17506097495,2.0,
26562622,高嶺の花子さん,back number,http://p2.music.126.net/9VBUQ-6NEnaKvP1oCYzoPA==/109951165569093567.jpg,17506097495,2.0,
1365924378,Pretender,Official髭男dism,http://p2.music.126.net/dA9t31oYZHoi6ZrXi4lAAA==/109951165826440665.jpg,17506097495,2.0,
1297580582,点描の唄,Mrs. GREEN APPLE,http://p2.music.126.net/82t4ycaAShqX_S9db5Ckrw==/109951163434286190.jpg,17506097495,2.0,
574963458,青と夏,Mrs. GREEN APPLE,http://p2.music.126.net/82t4ycaAShqX_S9db5Ckrw==/109951163434286190.jpg,17506097495,2.0,
1409311773,夜に駆ける,YOASOBI,http://p2.music.126.net/3xWlqwYmfwRFebeiONUpGg==/109951164546210608.jpg,17506097495,2.0,
1294889076,115万キロのフィルム,Official髭男dism,http://p2.music.126.net/Gvj6Z49Mu3xJVpJ48Y7roA==/109951163415919514.jpg,17506097495,2.0,
1485033549,ドライフラワー,優里,http://p2.music.126.net/usQCPtN5XwOd_Y6IT_ddXQ==/109951165370776780.jpg,17506097495,2.0,
1378624805,インフェルノ,Mrs. GREEN APPLE,http://p2.music.126.net/mqKEorxl-3pqDZv5dHmXwA==/109951164221348911.jpg,17506097495,2.0,
2667676645,拼图爱【小八版】,小八八,http://p2.music.126.net/VxxDgDOWHFAxKY7ItuVeIg==/109951170402095452.jpg,17424025473,2.0,
2715500524,小猫逃离次元,凌晨一点的莱茵猫,http://p2.music.126.net/uKpDjlzc9-GP2PaH_GuOGQ==/109951171310773166.jpg,17424025473,2.0,
2612941153,和你（郑润泽完整版）,反守,http://p2.music.126.net/TEn3ZznNpmcFiLQGdMe_BQ==/109951169715251536.jpg,17424025473,2.0,
2703058322,又活了一天（蚊子音DJ版）,庄东茹（豆芽鱼）,http://p2.music.126.net/WdVaujLuaURnaBIZ6jvWCw==/109951170962952660.jpg,17424025473,2.0,
1962060311,高阶萌妹成长指南,Hanser,http://p2.music.126.net/-hidnab1I66J8M88zWLa5A==/109951167637009585.jpg,17424025473,2.0,
2072295391,橘色告白,Sasablue,http://p2.music.126.net/G09CNgV1HVE65CppiXwRbA==/109951168832563876.jpg,17424025473,2.0,
1941228357,多云转晴,叶希源,http://p2.music.126.net/JA0p8at1olCO0K8765d-XA==/109951167337650751.jpg,17424025473,2.0,
1963081241,需要浪漫,饺子,http://p2.music.126.net/euP6OrCrRD9to2qdE7HAHA==/109951167661557576.jpg,17424025473,2.0,
1483682837,Spinning over You,REYKO,http://p1.music.126.net/DJuQPkonuPLG66yBczp-bg==/109951165355869654.jpg,14444473857,2.0,
415792222,Sing Me to Sleep,Alan Walker,http://p1.music.126.net/NPLCsSrfxMLhZJQs_x4joQ==/109951165976851791.jpg,14444473857,2.0,
1439181436,Relax,Junona Boys,http://p1.music.126.net/MkxJNchnxb7xrHRDSTuD2Q==/109951164887963766.jpg,14444473857,2.0,
1355147933,bad guy,Billie Eilish,http://p1.music.126.net/ehx5edsHvWsiaTxm9LVgQw==/109951169009496980.jpg,14444473857,2.0,
2695458941,Montagem Nada Tropica,Eternxlkz,http://p1.music.126.net/QUT7NDeWglN4hOhlWT4ckw==/109951170727831621.jpg,14444473857,2.0,
1932769322,BABYDOLL (Speed),Ari Abdul,http://p1.music.126.net/jhjtPJ9HfOgX-G7MYl-yaQ==/109951167210282652.jpg,14444473857,2.0,
1440570723,Normal No More,TYSM,http://p1.music.126.net/b9BdcTvf99aCZkNI9RO4aA==/109951172212931767.jpg,14444473857,2.0,
1383205688,Wrap Me In Plastic,CHROMANCE,http://p1.music.126.net/V25GGA-x5mS1GidOv4C1mA==/109951164279334638.jpg,14444473857,2.0,
36990266,Faded,Alan Walker,http://p1.music.126.net/OEZ0FzlPU-GPUjqHgCRqjA==/109951165976856263.jpg,14444473857,2.0,
2066671178,蒲公英的約定 (Piano Ver.),Piano Echoes,http://p2.music.126.net/p4V2p4kT7gGgDCdxpYWANQ==/109951168760973063.jpg,17477320502,2.0,
2066670547,說好的幸福呢 (Piano Ver.),Piano Echoes,http://p2.music.126.net/p4V2p4kT7gGgDCdxpYWANQ==/109951168760973063.jpg,17477320502,2.0,
1814085850,花海 (纯音乐版),six nine,http://p2.music.126.net/6MM175ntBamAl0chDzdfLw==/109951165649255444.jpg,17477320502,2.0,
509781655,想你就写信 (Live),周杰伦,http://p2.music.126.net/yD9vbpuILH-tqNRIaP640g==/109951163038292176.jpg,17477320502,2.0,
2008026148,不能说的秘密 (钢琴版) [原唱: 周杰伦],贵族钢琴轻音乐,http://p2.music.126.net/h_zg0xtoRTJ7j0ZbG6-FfQ==/109951168160512090.jpg,17477320502,2.0,
2637448619,听妈妈的话(原唱：周杰伦),纪钧瀚 (Bryan Chi),http://p2.music.126.net/Yy5_-2t_olVtUqMvpJmldw==/109951170051071236.jpg,17477320502,2.0,
1945894789,晴天 (钢琴版) [原唱: 周杰伦],纪钧瀚 (Bryan Chi),http://p2.music.126.net/1Bvyzvt4qnU_8cf4Gf3xlQ==/109951167394412301.jpg,17477320502,2.0,
32922246,烟雨行舟,伦桑,http://p2.music.126.net/k5jl7yji8ggU-xKGmkY5NQ==/2908208258056959.jpg,14335193428,2.0,
1817661979,入画江南,黄龄,http://p1.music.126.net/IW8GX4r2V_yNWoVbcNbsZQ==/109951166799421086.jpg,14335193428,2.0,
28765208,松烟入墨,Winky诗,http://p1.music.126.net/rZ1304NRFlC3a1KoJD-t2A==/109951163781615257.jpg,14335193428,2.0,
28315295,爱殇,小时姑娘,http://p1.music.126.net/k_YAp1Rkt7Est1hDwJRKLw==/109951169774691583.jpg,14335193428,2.0,
28496172,山鬼,Winky诗,http://p1.music.126.net/gJ1tIJ7s7g_d7vheVDBkjA==/109951164503300910.jpg,14335193428,2.0,
28188382,上邪,小曲儿,http://p1.music.126.net/f9iaz8pm3RDJP8JHauqp8A==/109951163865781664.jpg,14335193428,2.0,
504686859,是风动,银临,http://p1.music.126.net/C46EsA5gsbTPWjOFNLXlTA==/109951163023120938.jpg,14335193428,2.0,
27571867,倾尽天下,河图,http://p1.music.126.net/nlocSgc4D7T-h6S3f6IybQ==/6003333487842277.jpg,14335193428,2.0,
1856722728,好きだから。,『ユイカ』,http://p2.music.126.net/ozNsc3XPpvMQlHYyU9LVAg==/109951166125448895.jpg,17505718961,2.0,
740771,仆はもう出ていくよ,ハンバート ハンバート,http://p2.music.126.net/ambRmTQQwDHLzcfu3mWz7w==/109951169995032795.jpg,17505718961,2.0,
740611,明日の朝には,ハンバート ハンバート,http://p1.music.126.net/JGeKMyMzPrJdFHKToT536Q==/109951169476863962.jpg,17505718961,2.0,
28587152,さがしもの,ハンバート ハンバート,http://p1.music.126.net/hV_XP7vhpWLtZS1DByp9ng==/109951169477244993.jpg,17505718961,2.0,
20515939,Toxic,Britney Spears,http://p2.music.126.net/deSSYRxKCEuGkecb4koc0w==/18290375928612464.jpg,17370534884,2.0,
21178260,Thriller,Michael Jackson,http://p2.music.126.net/U7pqYhbbgxjPx1NYUGOGQQ==/109951165958551789.jpg,17370534884,2.0,
1343146025,bury a friend,Billie Eilish,http://p2.music.126.net/ehx5edsHvWsiaTxm9LVgQw==/109951169009496980.jpg,17370534884,2.0,
2004562490,Kill Bill,SZA,http://p2.music.126.net/qQ5e7rM-xY6YWJW9_3tR-w==/109951168121859537.jpg,17370534884,2.0,
501133611,Look What You Made Me Do,Taylor Swift,http://p2.music.126.net/fdh0myRe6FD87QNJtvGe_A==/109951163054654501.jpg,17370534884,2.0,
2084277215,My Kink Is Karma,Chappell Roan,http://p2.music.126.net/__3fYQlDgE4aF2wpPXTF9Q==/109951168932623797.jpg,17370534884,2.0,
2674876884,Busy Woman,Sabrina Carpenter,http://p2.music.126.net/aHz3HRURY774TEs6rB82mg==/109951171960891820.jpg,17370534884,2.0,
2671547903,Abracadabra,Lady Gaga,http://p2.music.126.net/qjTZLKeDxiu66bokDNweZA==/109951171970514818.jpg,17370534884,2.0,
2083403740,Gun,Doja Cat,http://p2.music.126.net/xrIdzR_OVJOwlrNbYrA1vw==/109951168925926683.jpg,17370534884,2.0,
2654461613,不跳舞就去死,DJ小女孩,http://p2.music.126.net/zldCDjS7GcgCn4WwzMDWKw==/109951170236556097.jpg,17370534884,2.0,
2085288044,nightmares,Skyfall Beats,http://p1.music.126.net/hVI1ouNLJtOG57-6KPkvsw==/109951168941594351.jpg,14424840618,2.0,
1815514302,Death Is No More,BLESSED MANE,http://p1.music.126.net/Ccoa6_5nCUvs5T35nmR9gA==/109951168775867247.jpg,14424840618,2.0,
1930107573,Scopin,Kordhell（Mick Kenny）,http://p1.music.126.net/ivlD1Sj64-VmUleWfKX0IQ==/109951167176410771.jpg,14424840618,2.0,
1370901308,Yes & No,XYLØ,http://p1.music.126.net/2dYAbLmy-oyhwd0rg_RJOw==/109951164137810210.jpg,14424840618,2.0,
2154414088,EEYUH! x Fluxxwave,Clovis Reyes,http://p1.music.126.net/z21uy3-BX8psDp30VK21ig==/109951170245624812.jpg,14424840618,2.0,
29822047,Lips,Marian Hill,http://p1.music.126.net/G9KD7lHrdMzARmJNY-LkRA==/3245758326441066.jpg,14424840618,2.0,
460976,暗叫,きくお,http://p1.music.126.net/qqo0A0PWLF05vyZfsUBxCA==/109951165759680754.jpg,14424840618,2.0,
17159438,Empathy,Crystal Castles,http://p1.music.126.net/S4KZg1fA7TTVetV4istu_A==/109951171338219541.jpg,14424840618,2.0,
2640749772,LOW,SAYRAN,http://p1.music.126.net/m0JHcJJxdBZ9Faj18EMKdg==/109951170084230790.jpg,14424840618,2.0,
2619227543,void (super slowed),ISQ,http://p1.music.126.net/fHlpGDgZ1Ch63tJcxBWQAw==/109951170073127055.jpg,14424840618,2.0,
2730020036,大城小爱,梓渝,http://p2.music.126.net/N9R7Y_zpgRFNAon6QJxEYw==/109951171526337451.jpg,14445512341,2.0,
2736660964,褪黑素,梓渝,http://p2.music.126.net/fb9FdbOFgmWXG33RUsjEqQ==/109951171874067483.jpg,14445512341,2.0,
2737924826,晨昏线,梓渝,http://p1.music.126.net/uFTnC9-5zggHa6V_p-XdPQ==/109951171981289421.jpg,14445512341,2.0,
2728439526,萤火星球,梓渝,http://p1.music.126.net/62hhU9cnRqI-tIgCAdjy_w==/109951171500990599.jpg,14445512341,2.0,
2744406861,同花顺,黄星,http://p1.music.126.net/DMTN6GoALwNkmYrDNSPTKg==/109951171990759323.jpg,14445512341,2.0,
2707033683,吻你吻上太空,曾舜晞,http://p1.music.126.net/p4U0-Y5rtkKfDmQegHXpVQ==/109951172068954764.jpg,14445512341,2.0,
2721721636,洗牌,SHarK,http://p1.music.126.net/uermWb8sH_HYEwVScAAW8Q==/109951171392740991.jpg,14445512341,2.0,
2610610209,暗流,石凯,http://p1.music.126.net/1KoFvbzFbE8WIuP3KcB0JQ==/109951171996198741.jpg,14445512341,2.0,
2730328488,褪黑素2.0,江皓南,http://p1.music.126.net/yQcDnU5BA4MhLaSL30XLEg==/109951171526668153.jpg,14445512341,2.0,
82453,爱爱爱,方大同,http://p1.music.126.net/2UjnKgcM1IXxYxhHEXVa4Q==/109951168870794250.jpg,17450957376,2.0,
82203,为你写的歌,方大同,http://p1.music.126.net/oOTHG5woHSA3qmUUhxCy1g==/109951168870419734.jpg,17450957376,2.0,
1845651956,最好的都给你,余佳运,http://p1.music.126.net/aWGUTl4_As2_xscP-3gRIQ==/109951168649371645.jpg,17450957376,2.0,
1387608144,填满,余佳运,http://p1.music.126.net/lQquBDnd1jVXU1W4lRVDQg==/109951164333148921.jpg,17450957376,2.0,
1440148562,天天,余佳运,http://p1.music.126.net/LovAMQsRk5cfyeovshNXxQ==/109951164900454613.jpg,17450957376,2.0,
407435011,我想,余佳运,http://p1.music.126.net/O6d7GYY3gp2uy8zehvcOjQ==/17699938184267410.jpg,17450957376,2.0,
2041973288,对的人,余佳运,http://p1.music.126.net/FNe517XDsc0zl-6DGAv5Bw==/109951169510818444.jpg,17533608768,2.0,
25648011,爱立刻,方大同,http://p1.music.126.net/8I4zvpNSsj--wGNg-mE2kw==/109951168870428045.jpg,17533608768,2.0,
28381440,Weather,Novo Amor,http://p1.music.126.net/SeHo22hVZRUSiWekSZding==/109951167102335913.jpg,14392587849,2.0,
421203731,Caves,Haux,http://p1.music.126.net/PelCQMtJX4tw_jLIdsrOFg==/17725226951748806.jpg,14392587849,2.0,
1451335148,Keep Me,Novo Amor,http://p1.music.126.net/JCJRrGH_KjO2p43eK-tREg==/109951165092772805.jpg,14392587849,2.0,
1476378684,Goodbye,Addict.,http://p1.music.126.net/RhBhVuFGyk1SPCK7o-60ZA==/109951168168484231.jpg,14392587849,2.0,
1451109198,Hideous,mehro,http://p1.music.126.net/xyW6uOffz5qJXg_AB2pa5A==/109951165018986322.jpg,14392587849,2.0,
515379293,Terraform,Novo Amor,http://p1.music.126.net/ZClILAoqxoAGltRW9YJ8tA==/18342052975049363.jpg,14392587849,2.0,
866045310,Birthplace,Novo Amor,http://p1.music.126.net/ohzfQAxR65LUTePZ2mG2YQ==/109951164417025558.jpg,14392587849,2.0,
2020167673,All My Love,Cathartic Fall,http://p1.music.126.net/iGkybFS7ohfWgctZBRrVWg==/109951168288605703.jpg,14392587849,2.0,
450222867,Alone Made Of Ice,Maldito,http://p1.music.126.net/qNT3oz8HQWkhNVqacoJNOQ==/109951172409052452.jpg,14392587849,2.0,
468596001,World Spins Madly On,Joshua Hyslop,http://p1.music.126.net/IYAoIzQ1QaxIcqHickY2ZQ==/109951167004460550.jpg,14392587849,2.0,
135026,MC来了,MC HotDog 热狗,http://p2.music.126.net/Js-ZQub2-4_RA176YXwm5g==/119846767440816.jpg,17502509875,3.0,
1403215687,想见你想见你想见你,八三夭,http://p2.music.126.net/8MjQbJQtJRV81d1dNfiH6A==/109951164485238047.jpg,17502509875,3.0,
230522,雪人,范晓萱,http://p2.music.126.net/RD6YFBxm4U4nmQ8SVCq98w==/109951167188721114.jpg,17502509875,3.0,
286959,当冬夜渐暖,孙燕姿,http://p2.music.126.net/I9O-KpO4bLC6LWOKYfJj4Q==/109951165992337446.jpg,17502509875,3.0,
1334811411,Made In Christmas,JANNABI,http://p2.music.126.net/c6WKI3KjtAXH39aLGhw0ew==/109951163738898877.jpg,17502509875,3.0,
2021450406,Winter Sleep,IU,http://p2.music.126.net/cfgc88OkUl7Cl4vFk28Icw==/109951170067853984.jpg,17502509875,3.0,
254542,冬天快乐,李宇春,http://p2.music.126.net/IlpgzekYamSX_WUOdlXf8A==/80264348844417.jpg,17502509875,3.0,
187786,最冷一天,张国荣,http://p2.music.126.net/bnmteJDcyDGgQPD1tOMvEw==/109951169594721530.jpg,17502509875,3.0,
29567185,北京的冬天,赵雷,http://p2.music.126.net/pwcUlwh9MFZ_V3hGBOPaCQ==/109951169213425474.jpg,17502509875,3.0,
516818336,Delicate,Taylor Swift,http://p1.music.126.net/fdh0myRe6FD87QNJtvGe_A==/109951163054654501.jpg,14412309222,3.0,
19292852,Enchanted,Taylor Swift,http://p1.music.126.net/vJ8Je9OECPODazPzLmRvmQ==/109951169026164541.jpg,14412309222,3.0,
1891456146,All Too Well (10 Minute Version) (Taylor's Version) (From The Vault),Taylor Swift,http://p1.music.126.net/DYGaOqXCdIUjT2Wj7lvsqQ==/109951168852611462.jpg,14412309222,3.0,
2092285270,Say Don't Go (Taylor's Version) (From The Vault),Taylor Swift,http://p1.music.126.net/PA01TRYxcT28W_3B_SoPKw==/109951169026162735.jpg,14412309222,3.0,
2744403471,The Life of a Showgirl,Taylor Swift,http://p1.music.126.net/kgSrl1121l_8KNc77j8Qkw==/109951172077792684.jpg,14412309222,3.0,
2744404374,Wood,Taylor Swift,http://p1.music.126.net/kgSrl1121l_8KNc77j8Qkw==/109951172077792684.jpg,14412309222,3.0,
2744403174,The Fate of Ophelia,Taylor Swift,http://p1.music.126.net/kgSrl1121l_8KNc77j8Qkw==/109951172077792684.jpg,14412309222,3.0,
19292800,Red,Taylor Swift,http://p1.music.126.net/WS5zt4tq5KBONXcAktO2lA==/109951169270236134.jpg,14412309222,3.0,
29572505,Bad Blood,Taylor Swift,http://p1.music.126.net/3KDqQ9XW2Khj5Ia4tRqAAw==/18771962022688349.jpg,14412309222,3.0,
1842025914,这世界那么多人,莫文蔚,http://p2.music.126.net/LOTxqRjFm03VJEOHJbUqMw==/109951165944804127.jpg,17461012465,3.0,
541687281,慢慢喜欢你,莫文蔚,http://p2.music.126.net/VYZejIv5M-K4RsHKkyXQFQ==/109951165958895028.jpg,17461012465,3.0,
150654,爱，很简单,陶喆,http://p2.music.126.net/vcyUJw7mfEzzMCgbJry31w==/109951169507121139.jpg,17461012465,3.0,
254319,爱你不是两三天,梁静茹,http://p2.music.126.net/u544zkCrn-cHlIyoLHLCBg==/109951163240601196.jpg,17461012465,3.0,
26305545,期待爱,林俊杰,http://p2.music.126.net/Pz4sEpA7nsiyIdIrswTx9A==/109951167894836691.jpg,17461012465,3.0,
2742308586,半心虹,eddiekwon,http://p2.music.126.net/7Sy_CfIQ9K9-z4wSu6lSoQ==/109951171961594640.jpg,17461012465,3.0,
185712,小宇,张震岳,http://p2.music.126.net/N61oLy0iLfEkZTHD2j87iA==/18693896697392706.jpg,17461012465,3.0,
1952285469,小情歌 (苏打绿版),苏打绿,http://p2.music.126.net/jCqK50L1bmtUXJ6c-6L5Og==/109951169158810091.jpg,17461012465,3.0,
297748,香格里拉,魏如萱,http://p1.music.126.net/_N5s7MEJWPLVFxt0RiQtnQ==/109951169889420553.jpg,14383461948,3.0,
417596830,美好事物,房东的猫,http://p1.music.126.net/RsmgVs3F99IfpGOjZ347HA==/18252992533065802.jpg,14383461948,3.0,
2014422927,去有风的地方,清音,http://p2.music.126.net/Bd-5S_0CPf-HivYGjFBRng==/109951168233526385.jpg,14383461948,3.0,
1363553440,出现又离开 (Live),梁博,http://p2.music.126.net/mAV2OH6nPJd4XLwn80kwpA==/109951164054054313.jpg,14383461948,3.0,
1450791674,让悲伤去流浪,石白其,http://p2.music.126.net/R5WPRYAxDsEVvbhF3gtwzA==/109951169707188141.jpg,14383461948,3.0,
1315916266,几分之几,灯芒,http://p2.music.126.net/O_2i2ZrHA7HhghiFB4WJ8w==/109951162856764895.jpg,14383461948,3.0,
2614851804,秋风,徐化文（四熹丸子）,http://p2.music.126.net/1XH99EZfjuRXkHEnBr161A==/109951169849669849.jpg,14383461948,3.0,
1477144603,入秋,RAMBO GANG,http://p2.music.126.net/UyUrqSp-GzCsqWgNm4F44Q==/109951165005286070.jpg,14383461948,3.0,
1441758494,晚风,7opy,http://p2.music.126.net/lCblKUB1hLND5FxiVI1_Lw==/109951164919449758.jpg,14383461948,3.0,
1319761657,一半甜,曾雪雅,http://p2.music.126.net/iYJFyGqs-AB8lfe30K-H-g==/109951163619634650.jpg,14383461948,3.0,
2696214153,New Look (Wii U Mii Maker Lofi Mix),Secret Potion,http://p1.music.126.net/HzWX-bcvH_dZ3dbBZU4FvQ==/109951170752033586.jpg,9577779763,3.0,
3316513969,梦中梦,失落花园_,http://p1.music.126.net/ThHqdBBuo65XIjSzvD_NZw==/109951172262911211.jpg,9577779763,3.0,
3318140155,First Snow,时空储蓄罐,http://p1.music.126.net/MqtdaMkZJYMzXR7Yvwk7cg==/109951172287642299.jpg,9577779763,3.0,
3320379336,回忆格式化,M3mo,http://p1.music.126.net/MjvKdNahSXgtvkY_q5mcYg==/109951172321979019.jpg,9577779763,3.0,
2749523918,Decorate,时空储蓄罐,http://p1.music.126.net/Ys1KGDsTRYKRuwCSXyAbxA==/109951172061043995.jpg,9577779763,3.0,
2752519729,情绪回收站,失落花园_,http://p1.music.126.net/TeOMEQijqWwQbeCyj5k_Vg==/109951172105130561.jpg,9577779763,3.0,
2749415574,未命名的八音盒,失落花园_,http://p1.music.126.net/DSgy7GwXTv_LJE18dQD1rw==/109951172059630849.jpg,9577779763,3.0,
1354738,Strawberries,Freddie Joachim,http://p1.music.126.net/OBFUeS4tgADp02X16ACnBQ==/1773512255602725.jpg,9577779763,3.0,
1886395658,艾科,柚子不想练琴,http://p1.music.126.net/uU94LJLlkA71WtWifD8OzQ==/109951165896461852.jpg,9577779763,3.0,
2675501152,scarlet,L1VET..,http://p1.music.126.net/jTcKApVU9D8nCIsHxxhe_g==/109951170487563148.jpg,9577779763,3.0,
1297742167,MELANCHOLY,White Cherry,http://p2.music.126.net/2bcwjIFFTiaS6Hg_4AdMJQ==/109951165424074168.jpg,17456201520,3.0,
2002980399,What Would U Do,Haley Smalls,http://p2.music.126.net/NgzJJn8C0xDlLpXlYloEkA==/109951168128010563.jpg,17456201520,3.0,
28208212,I Miss You,Czarina,http://p2.music.126.net/6lqe4l-8zh9T4IgXGPm31w==/109951164378233402.jpg,17456201520,3.0,
2313921,Can You Sleep,Courtney Jaye,http://p1.music.126.net/32oZjEhLTpJ_NnE4Bg7CiA==/109951167548161064.jpg,17456201520,3.0,
1993119109,Someone You Loved,Najwa Mahiaddin,http://p1.music.126.net/j2fflbKoZU0k4X_zfl3k0g==/109951168006091803.jpg,17456201520,3.0,
2125462272,SEQUÊNCIA MALÉFICA 1.0,RXPOSO99,http://p1.music.126.net/yigBjj-fMva_Nwb1h4j7kA==/109951169488619930.jpg,17505735571,3.0,
2005056656,WAKE UP! (Sped Up),MoonDeity,http://p1.music.126.net/0hbXqUtUq1z7N3aX6gjKyQ==/109951168127472871.jpg,17505735571,3.0,
2141606864,BLOODSEEKER,RXDXVIL,http://p1.music.126.net/xHGrhfhqA95gxEOrBzpy4A==/109951169927055983.jpg,17505735571,3.0,
1962749363,WAKE UP!,MoonDeity,http://p1.music.126.net/An3ay3l9emMc3hCcm1d-nQ==/109951167649619444.jpg,17505735571,3.0,
2134852767,SLAY!,Eternxlkz,http://p1.music.126.net/jajkrvuOwie87RqEm4I2iA==/109951169405661900.jpg,17505735571,3.0,
2016464466,PSYCHEDELIC,XAN$X,http://p1.music.126.net/o4lOKQneZA6x3pZ3CEs5Wg==/109951168252941055.jpg,17505735571,3.0,
2161820089,Commas,Ayra Starr,http://p2.music.126.net/vZUjs6O6dl6XOBum9EdyKA==/109951169640787632.jpg,17371681302,3.0,
2757718427,CHANEL,Tyla,http://p2.music.126.net/SZTjx-ceEsqMg-ZyFr7IGg==/109951172180241343.jpg,17371681302,3.0,
2634424011,PUSH 2 START,Tyla,http://p2.music.126.net/cpzgW8UmCgs7uiSLGxJO6g==/109951170025943000.jpg,17371681302,3.0,
1495838515,Antidote,NAO,http://p2.music.126.net/0WFk6Vohl98h3sgW8kQHQg==/109951165474143280.jpg,17371681302,3.0,
2106271491,New Boy in Town,Elmah,http://p2.music.126.net/yVU_S5FkMfV9MkPRNYRh_Q==/109951169142863710.jpg,17371681302,3.0,
2003472053,People,liBianca,http://p2.music.126.net/OmNCXibz8fr3KXTO59yIFQ==/109951168761089863.jpg,17371681302,3.0,
2602452444,阿拉松（ALASONG）,尼成NICHENG,http://p2.music.126.net/mSwLyPJ1Dh97E5Zk2ZGIiQ==/109951169724848228.jpg,17371681302,3.0,
1990208030,Rush,Ayra Starr,http://p2.music.126.net/y6RIRDMrpKwekRF4CkfUGw==/109951167975291823.jpg,17371681302,3.0,
2666658963,Show Me Love,WizTheMC,http://p2.music.126.net/sPZ1mJ3Rh10cjRenbQ3bAg==/109951170383524946.jpg,17371681302,3.0,
2160874778,麦布麦布,Zakiya晴子,http://p1.music.126.net/n8BfxeNRVv9B5E55O99raQ==/109951169633020687.jpg,14469892227,3.0,
2135242071,99次我爱他,很美味,http://p2.music.126.net/JdzwFNtO11d90ccn_1zmjQ==/109951169408505170.jpg,14469892227,3.0,
509311681,썸 탈꺼야,脸红的思春期,http://p2.music.126.net/2NKVECZe3va4I10nTPG8nw==/109951163032610567.jpg,14469892227,3.0,
2747725227,Circles,Chevy,http://p2.music.126.net/92GtnGc7l4UbcDhGhEZAPA==/109951172034957210.jpg,17373151400,3.0,
1490797319,Polaroid,Muni Long,http://p2.music.126.net/m1IoZd9lucZctD45ZqrTFg==/109951165422052086.jpg,17373151400,3.0,
1416542075,Sunrise,Kevitch,http://p2.music.126.net/Dt-0n1-JN_2gHg_AyzVi5g==/109951164624794700.jpg,17373151400,3.0,
2632841705,Natural,Kiana Ledé,http://p2.music.126.net/BxnUedewewwvsNEyHUydDw==/109951170008921236.jpg,17373151400,3.0,
2606165296,come over,Alys,http://p2.music.126.net/VO4U30_aYdqdFWdjuQ8Uqg==/109951169763472994.jpg,17373151400,3.0,
2614374356,Pop Pop,itssiu,http://p2.music.126.net/Kh3KNli_-FCBldZNQZ-SXA==/109951169845391410.jpg,17373151400,3.0,
2141472593,hair down,Thuy,http://p2.music.126.net/_7REtPThPhW8cPY54BB-zQ==/109951169503679882.jpg,17373151400,3.0,
1485154086,Baby Rose (feat. Ivoris),Barrett Marshall,http://p2.music.126.net/cKUTKkUDv5WN9bMZ4JsxWw==/109951165371925741.jpg,17373151400,3.0,
1842902461,gamble (feat. demxntia),Alys,http://p2.music.126.net/brj_GB34dR6wNxeSSTbR9w==/109951165955666153.jpg,17373151400,3.0,
1938320498,falling (feat. Rosarrie),fcj,http://p2.music.126.net/-E0be-RdsA6EL7dDzDLAgw==/109951167295125812.jpg,17373151400,3.0,
2692390754,第57次取消发送,菲菲公主（陆绮菲）,http://p2.music.126.net/urn8LGHXlT4XLnpliFBXLQ==/109951171482450403.jpg,17542203457,3.0,
31654343,不将就,李荣浩,http://p1.music.126.net/e-Uc6W3Kug-HFHJ5nvCUPg==/109951166562828988.jpg,17542203457,3.0,
2124385868,如果爱忘了 (live),汪苏泷,http://p1.music.126.net/3nL__2mV7k65XMoUw6Gu-g==/109951169721390560.jpg,17542203457,3.0,
2674443509,像晴天像雨天,汪苏泷,http://p1.music.126.net/gN6htv5E9WwyOoTASMuvDQ==/109951170483576228.jpg,17542203457,3.0,
2743486511,一点点（为什么晚上总是有星星）,芊芊龍,http://p1.music.126.net/bUsgLVeYztZTrT7qgdisTA==/109951171976155929.jpg,17542203457,3.0,
2711834126,莫愁乡,亞細亞曠世奇才,http://p1.music.126.net/DVi9B70oYVFtDxVqZf_56g==/109951171264259694.jpg,17542203457,3.0,
2136195262,至少做一件离谱的事,Kiri T,http://p2.music.126.net/nuUNwQ048aBxeGu6IkQ8iQ==/109951169416238459.jpg,17450700078,3.0,
1989011024,閉眼聽著再呼吸,Midnight 海倫,http://p2.music.126.net/aTf2mzeiGBkR6535o9vrrQ==/109951167961101035.jpg,17450700078,3.0,
2026303431,国际孤独等级,Gareth.T,http://p2.music.126.net/WxlvY0Ljo1D4xfHfez_yEw==/109951168432509318.jpg,17450700078,3.0,
2103417418,紧急联络人,Gareth.T,http://p2.music.126.net/gWDm7YDoo-CSiqxuomkS3Q==/109951169098986780.jpg,17450700078,3.0,
2601622789,去北极忘记你,Gareth.T,http://p2.music.126.net/5bZYAmUKMqiUK9K7kDi5Jg==/109951169718000739.jpg,17450700078,3.0,
2712620397,用背脊唱情歌,Gareth.T,http://p2.music.126.net/LT8Gg3QQVPfjuD7tr7BUAQ==/109951171268775376.jpg,17450700078,3.0,
2705054554,无题时想起的人,林奕匡,http://p2.music.126.net/HlVZ4Q_pSNhrtLsWRjF1sQ==/109951171008413022.jpg,17450700078,3.0,
2616649442,外星人接我回去,moon tang,http://p2.music.126.net/7I9AVFvAKnkpBoI80WRgAA==/109951169866500262.jpg,17450700078,3.0,
2622677751,伤心的时候别说话,Kiri T,http://p2.music.126.net/ZotTW-BzbAR0BihguEnLSw==/109951169927222810.jpg,17450700078,3.0,
2087699604,房屋供应问题,moon tang,http://p2.music.126.net/vMflGHIrcFlJbCdv1kIhmA==/109951168963802567.jpg,17450700078,3.0,
1939751157,Lullaby,Enzalla,http://p1.music.126.net/tR8VUMlinkieEe3oRmYjug==/109951167317020395.jpg,14337600030,3.0,
1933807067,Loom,Ólafur Arnalds,http://p1.music.126.net/o-5Ch5HXjbeIf1xKCRY3Hg==/109951170184930616.jpg,14337600030,3.0,
473964461,Arc,Josh Leake,http://p1.music.126.net/sD3gASnZiLU5SDss34fbhw==/109951165099284336.jpg,14337600030,3.0,
1481845416,Woven Song,Ólafur Arnalds,http://p1.music.126.net/FknLuixbuaiJGlFKdIJFSA==/109951165340615699.jpg,14337600030,3.0,
475563,shizukana umi,松田光由,http://p1.music.126.net/q2MThVM6v1sDJeH0xfUk7A==/109951169477358077.jpg,14337600030,3.0,
2621452339,Missing Pieces,flawed mangoes,http://p1.music.126.net/yeUr3DVlzRaH6VcLtq89VQ==/109951169951081470.jpg,14337600030,3.0,
2091823800,The Beginning,flawed mangoes,http://p1.music.126.net/HdUain1HSoS_U2LQ6t_7pQ==/109951170516297324.jpg,14337600030,3.0,
1403528237,All That We Are,Audiomachine,http://p1.music.126.net/kwmpmqLgiPnOKeDGSomStg==/109951164487585408.jpg,14337600030,3.0,
1457681678,Mystery of Love,Luke Pickman,http://p1.music.126.net/EzA0RJ4sni0PSfHplB_LLQ==/109951165084783424.jpg,14337600030,3.0,
1821477965,Epilogue,Ólafur Arnalds,http://p1.music.126.net/PkctNZVydD_FpGZ_Src1sg==/109951165741033054.jpg,14337600030,3.0,
150617,找自己,陶喆,http://p2.music.126.net/tMQXBMTy8pGjGggX1j0YNQ==/109951169389595068.jpg,17431034576,3.0,
2708984802,Deadman,蔡徐坤,http://p2.music.126.net/wqyd40jQQLVTY9nynOwETg==/109951171031632866.jpg,17431034576,3.0,
1315169726,了解(Knowing),余佳运,http://p2.music.126.net/pyuYQDkbKX_4RNo0Lg567g==/109951163585051227.jpg,17431034576,3.0,
1918849371,我也难过的,吴林峰,http://p1.music.126.net/1w5r2Sr588dmP48518PobA==/109951169235405335.jpg,14425119485,3.0,
1447348773,她整晚在写信,卫兰,http://p1.music.126.net/SClQPPZj0-19iJcbLtUseg==/109951164979389123.jpg,14425119485,3.0,
1926352961,輕不著地,before the night ends,http://p1.music.126.net/VI6wMrGElPPPrauLBI0xTw==/109951167126636705.jpg,14425119485,3.0,
446508659,Lonely Christmas,卫诗,http://p2.music.126.net/-G14jm_IDd1OE1fJyW0PwA==/109951167192296322.jpg,14425119485,3.0,
469508217,3AM,AGA,http://p2.music.126.net/O4uY3wuDikvoaUrdkDOHKQ==/18956679974532378.jpg,14425119485,3.0,
1377475585,Everyday,AGA,http://p2.music.126.net/gwDJ3ax-ep4wdDAcu1jYXA==/109951169358377183.jpg,14425119485,3.0,
486188245,下一站茶山刘,房东的猫,http://p1.music.126.net/eyY36vwg6DWAJpBy9FZngA==/19176582300236529.jpg,14416485515,3.0,
477251491,郭源潮,宋冬野,http://p1.music.126.net/GkeTNB4NaPDTHASyDyJ3FA==/18878614649031775.jpg,14416485515,3.0,
1471039968,南风北巷,邵帅,http://p1.music.126.net/6Ez2NY5k1TMZ1SZsGfjMFQ==/109951165241101022.jpg,14416485515,3.0,
2160357270,安和桥,刘老师席地而坐,http://p1.music.126.net/hVidiF5YFkh9a9BLHP19uA==/109951169629666353.jpg,14416485515,3.0,
2095592331,生活不止眼前的苟且,许巍,http://p1.music.126.net/e2ykAeAzOR3p2yUrlv-9Bw==/109951169525488672.jpg,14416485515,3.0,
1847510575,碎银几两,轩东,http://p1.music.126.net/nEy9H_6GmjTvLhioPokSQQ==/109951169237791294.jpg,14416485515,3.0,
1306400549,写给黄淮（demo）,邵帅,http://p1.music.126.net/PNNpIr9mQY98jS9H9PV9eA==/109951163525904130.jpg,14416485515,3.0,
376417,一生有你,水木年华,http://p1.music.126.net/PY3Wq8ALHDLi4_t4CEtTew==/109951172337820046.jpg,14416485515,3.0,
209314,after 17,陈绮贞,http://p1.music.126.net/YbQVFmtjEORastswVsal0g==/125344325567378.jpg,14416485515,3.0,
1961271059,Sunny day,beabadoobee,http://p1.music.126.net/yCVEwE57DGxHQTdZwR_gbQ==/109951167623700655.jpg,17531637544,3.0,
2100586736,Self Love,Queen Naija,http://p1.music.126.net/ay2bmfSfVTLkSdjn3fi-AA==/109951169060892972.jpg,17531637544,3.0,
2611534028,we'll we'll we'll,그래쓰,http://p1.music.126.net/D6v8-Qlb6qF8XT5-IS7BfQ==/109951169818367566.jpg,17531637544,3.0,
2119517202,Moshi Moshi (feat. 百足),Nozomi Kitay,http://p1.music.126.net/7w44iHWN6s7Hh8KfaosU-Q==/109951169275983406.jpg,17531637544,3.0,
1897048888,I miss your Christmas,Kid Travis,http://p1.music.126.net/SG4WGLiJRjy4PiCgXVk2XQ==/109951166647105460.jpg,17531637544,3.0,
2605870744,Mismatch,Gabriella Lin,http://p2.music.126.net/VkP-Ow3ts8TGrB6rU1XyUQ==/109951169760636719.jpg,17531637544,3.0,
2014246853,Portrait,entoy,http://p2.music.126.net/sWBDV-ZPilfytc5bBHQQkQ==/109951168231852931.jpg,17531637544,3.0,
2131561932,弗斯特郡,Lean,http://p1.music.126.net/mrqZVgnREW4Sayg0CLD-vA==/109951169379197361.jpg,14335621161,3.0,
2664111586,KISS（Phonk）,YPD,http://p1.music.126.net/vxWfcLsaG7GnI5N8R_AxRQ==/109951170360479726.jpg,14335621161,3.0,
2741819086,眠于春天,在虚无中永存,http://p1.music.126.net/bAcjDX59MIdTbVzBEB9NXA==/109951171956463169.jpg,14335621161,3.0,
2746303461,French Movie Waltz,澄镜之水,http://p1.music.126.net/T779UE23qc2dT26dyuuoAw==/109951172062335880.jpg,14335621161,3.0,
2721832331,解脱,抵达彼岸Null,http://p1.music.126.net/Q4c7ev_4zpRKlaLeGxM14A==/109951171185612912.jpg,14335621161,3.0,
2680415633,Avec Tranquillité（从容不迫）,H.R Alain,http://p1.music.126.net/zqyXWOscgLtPxiibC1waWA==/109951170534629172.jpg,14335621161,3.0,
2642289687,You mean everything to me,慧慧子,http://p1.music.126.net/PbJ9Ugm20tMee7jNQXMTIw==/109951170104930113.jpg,14335621161,3.0,
2724807458,璇玑策,alpaca咕噜,http://p1.music.126.net/CsoOtL4YaW15eOYTgyWUgA==/109951171445085882.jpg,14335621161,3.0,
2747309275,如果记忆有回声,心语馆,http://p1.music.126.net/i4xguOjzMWENjUsQ5OkJNA==/109951172163427049.jpg,14335621161,3.0,
2613338256,Rainy,胡屁屁,http://p1.music.126.net/7mJnV1qYfXxS2hZlbypbSg==/109951169476434076.jpg,14335621161,3.0,
306845,慕容雪,薛凯琪,http://p1.music.126.net/Bz8Oa6pWnH_cLUsZ2cTMZw==/109951172271408112.jpg,17509000632,3.0,
26145721,冬,好妹妹乐队,http://p1.music.126.net/-miwFGJUNbUoT6FOLBfjCg==/18568552371584657.jpg,17509000632,3.0,
534385863,冬天时我喜欢靠近温暖的事,宿羽阳,http://p1.music.126.net/0zOnXsVlOeaEKnyD_H2Izg==/109951168843413283.jpg,17509000632,3.0,
1417143120,雪下的时候,乔佳旭,http://p1.music.126.net/ZShudMPZhGp9I1-fgCcRwA==/109951164631506823.jpg,17509000632,3.0,
1927693793,再等冬天(Memories),h3R3,http://p1.music.126.net/JBe7AwcGkYHhleOfQvY2hg==/109951169798343077.jpg,17509000632,3.0,
307777,两个人的下雪天,许慧欣,http://p1.music.126.net/OqkcG-E55JOfRw3rl8q3Ww==/109951169280559422.jpg,17509000632,3.0,
28819044,大约在冬季,齐秦,http://p1.music.126.net/Q-yYcQ6Xm7PHXeEPRMDuog==/109951169072000227.jpg,17509000632,3.0,
87834,冬天,古巨基,http://p1.music.126.net/mPzAKSquhOeRuX1ue5v2jw==/109951172020413706.jpg,17509000632,3.0,
306662,失落沙洲,徐佳莹,http://p1.music.126.net/b1hZLgWA9ihXkivZeqo81g==/109951168296446353.jpg,17509000632,3.0,
2147260072,Iced Americano,Vincentz,http://p1.music.126.net/B79Y2xyyUUP-ngAJ38NtMQ==/109951169509595821.jpg,17410594976,3.0,
1983697828,Shortcut To Heaven,lullaboy,http://p1.music.126.net/2j3mVH5jDUQ1aWKX9_fsGg==/109951167900568315.jpg,17410594976,3.0,
31370203,Unique,Lenka,http://p1.music.126.net/NEe98Szd601cNRKhEHMMAA==/109951170504510486.jpg,17410594976,3.0,
1832217238,Ladyfingers,Ryan Gebhardt,http://p1.music.126.net/N9pRVCsMinaeEIbfLInoXA==/109951165830937816.jpg,17410594976,3.0,
3157058,Ordinary Day,Melanie Penn,http://p1.music.126.net/Kq96MFlt7RgpVOT6yhltzg==/109951169356001979.jpg,17410594976,3.0,
1935906706,Feel Something,Fiji Blue,http://p1.music.126.net/jE9bKciKl_1W1lC9ijf-2g==/109951167256648110.jpg,17410594976,3.0,
1305904915,Why So Serious,Alice Merton,http://p1.music.126.net/JAvnfFgwrFLQ8CK1fcPWpw==/109951163681240485.jpg,17410594976,3.0,
1442447125,LEMONS (feat. kennedi),Shawn Wasabi,http://p1.music.126.net/PYhAfLZRBMqDabAg2QO_oQ==/109951164927462681.jpg,17410594976,3.0,
1380938715,I Only Watch It For The Weather,The Delegates,http://p1.music.126.net/esonRXlk7wWwS4RN5DStZw==/109951164250035328.jpg,17410594976,3.0,
2009660470,fuzzy wuzzy,Versutus,http://p1.music.126.net/i6OgEMYUzpFBdqQzlwUsQw==/109951168180584449.jpg,17410594976,3.0,
1812132680,You (feat. R.L. KING),Elle Eliades,http://p1.music.126.net/O-85Z0JrASGUbkXU-VLncQ==/109951165630261883.jpg,17461065932,3.0,
518895787,If Only,Raveena,http://p1.music.126.net/IoOj21NyDGdfM_cfILxcYQ==/109951169424858021.jpg,17461065932,3.0,
1893266191,Happier Than Ever,ASTN,http://p1.music.126.net/l99mn95UKz1CztduLZBTWg==/109951169389951792.jpg,17461065932,3.0,
2015684589,Window,Galdive,http://p1.music.126.net/I8ad5296lYwv49H3Sm31fA==/109951168245602945.jpg,17461065932,3.0,
2705596501,Love Me Better,Haley Smalls,http://p1.music.126.net/wiRj6YLvgqyRGkPqc2PTOQ==/109951170990535860.jpg,17461065932,3.0,
2074655115,Another Half,Cautious Clay,http://p1.music.126.net/Cdtxj6q_4zznftSffNgyzA==/109951168852319327.jpg,17461065932,3.0,
1444168210,Lemonade,Jeremy Passion,http://p1.music.126.net/kE1yMuf5vBdp4FRSqhNrTQ==/109951164945859598.jpg,17461065932,3.0,
2070752867,Hello,Albert Posis,http://p1.music.126.net/s_HQn51YsNe7FYsVG3e72w==/109951168818302742.jpg,17461065932,3.0,
1468384384,Don't Matter,Lydia Lee,http://p1.music.126.net/62mr5khTltIL5gWKlRNAIw==/109951169714221463.jpg,17461065932,3.0,
1972909307,Build Me A House,RIMON,http://p1.music.126.net/qJFoarBR08mpOOs-tNl1rA==/109951168899071968.jpg,17461065932,3.0,
2112255834,最後のバイバイ。,りりあ。,http://p1.music.126.net/_tx79kg2Cd3IjoPNVGG55w==/109951169215151047.jpg,17505808608,3.0,
475072648,walk with me,tymú,http://p2.music.126.net/1bkneBNyenU4VcvJb6q3tg==/109951168442132794.jpg,14331218936,3.0,
1311676070,tired,chief.,http://p1.music.126.net/uEpy9CzRYqUEVcOXyGhYdQ==/109951163561344333.jpg,14331218936,3.0,
445450441,ghost,Hella Sketchy,http://p1.music.126.net/k8TVLp8stFAVyBMybiZymg==/18614731859778682.jpg,14331218936,3.0,
1433578974,Asakusa,ocha,http://p1.music.126.net/4nK_4CYSIpiQxQPJ7tGXdA==/109951164834831280.jpg,14331218936,3.0,
475072607,when we...,silky soap,http://p1.music.126.net/Bt1GCxjRAUHUC7t0JyjiDg==/18569651883396138.jpg,14331218936,3.0,
1336866856,days with you,Slipfunc,http://p1.music.126.net/lCZW_OzfrCetq5jWroz2_w==/109951163858922823.jpg,14331218936,3.0,
508297647,times movin' fast,jinsang,http://p1.music.126.net/i6kfe6rOM78vqyFQPbeglg==/109951165433177513.jpg,14331218936,3.0,
448741213,░░_Ｓｐｒｉｎｇｔｉｍｅ  Ｓｔｒｏｌｌ_Westminster Quarters =Ⓣɪᴍᴇ ➋ Ⓜᴇᴇᴛ,secret crates,http://p1.music.126.net/O2yjjpxL9Ns3EUSYTidkIA==/18569651883165873.jpg,14331218936,3.0,
480426470,Chamomile Tea,Chance Thrash,http://p1.music.126.net/AziZB7N-ptQ4HucCGYQEKA==/109951169269044400.jpg,14331218936,3.0,
492833245,Bittersweet Chocolate,mr. hong,http://p1.music.126.net/-BWqi3b163mqbAuWFUaYgw==/109951166434152800.jpg,14331218936,3.0,
2022072826,我想要占据你,告五人,http://p2.music.126.net/PgcIr7Vv7J4N_OjYxQbo0g==/109951168306417191.jpg,17428914450,3.0,
150565,二十二,陶喆,http://p2.music.126.net/FLIHPqpkfUBimQZB370agQ==/109951169237251638.jpg,17428914450,3.0,
2750119711,孤岛与飞鸟,盛嘉禄,http://p2.music.126.net/0dGu0GG3PV0wGTRHQm1AFw==/109951172068752203.jpg,17428914450,3.0,
2648486804,短路一刻火花四散,汪苏泷,http://p2.music.126.net/89vcG85t_XaaHj5oc0iaag==/109951170223583930.jpg,17428914450,3.0,
2702368194,千万次想象,张杰,http://p2.music.126.net/eo1XOnIscWDNXUcbe3xz0A==/109951170958415437.jpg,17428914450,3.0,
2755710644,左转灯 (1000 Times +1),派伟俊,http://p2.music.126.net/ODlrxB8b_86bDZTuCXGK1w==/109951172153456358.jpg,17428914450,3.0,
286966,180度,孙燕姿,http://p2.music.126.net/I9O-KpO4bLC6LWOKYfJj4Q==/109951165992337446.jpg,17428914450,3.0,
22088505,Blowin' in the Wind,Bob Dylan,http://p1.music.126.net/MPkzheWdQlzRpXiOGiOLIQ==/109951170216838338.jpg,14349912681,3.0,
566993785,Blowing in the Wind,Bob Dylan,http://p1.music.126.net/nbXvOxojaJqji6xh8nvaTQ==/109951163314272344.jpg,14349912681,3.0,
5057793,You Belong To Me,Bob Dylan,http://p1.music.126.net/FarL1rDvLwpBUrxxL3rvfw==/670702092988257.jpg,14349912681,3.0,
26515317,I Got You,Jack Johnson,http://p1.music.126.net/jbJITzEwiNlaz_XkNgkdhw==/4447524534356157.jpg,14349912681,3.0,
1646138,Blue & Green,Little Hands of Asphalt,http://p1.music.126.net/f6yqnU6YHLoU8pTuh96p4w==/3207275418297243.jpg,14349912681,3.0,
17086516,you belong to me,Carla Bruni,http://p1.music.126.net/nS6aLT4e2clsgHSUZtKbbA==/770757651078781.jpg,14349912681,3.0,
27591140,On a Slow Boat to China,Luke Thompson,http://p1.music.126.net/ejPhMxa0mjw0d1yblDQ2Xw==/109951164852541434.jpg,14349912681,3.0,
3404766,I can't change,Sophie Zelmani,http://p1.music.126.net/918jKrkggy5loa09DQWLFg==/109951172132024668.jpg,14349912681,3.0,
26679470,"Flightless Bird, American Mouth",Iron & Wine,http://p1.music.126.net/oQSalKiUwA8z2XxgVQEJ4Q==/109951163826658402.jpg,14349912681,3.0,
29950496,Angels,Joshua Radin,http://p1.music.126.net/9Eq6bI84E6P4yd7HQMpq1A==/109951167832530147.jpg,14349912681,3.0,
189306,公园前,张敬轩,http://p1.music.126.net/XS8JeTe17H3N6iiCWKRPwA==/109951172181046716.jpg,17431059579,3.0,
2029892532,恋爱駅,Yika,http://p1.music.126.net/xqZ6c27GR2Tl4Cjd2t-B3w==/109951168468819112.jpg,17431059579,3.0,
1936276473,Long D,JACE 陈凯咏,http://p1.music.126.net/AEkl_ZTa8tDj_SLnNy3r9w==/109951167262529398.jpg,17431059579,3.0,
2007350820,温柔暗号,卫兰,http://p1.music.126.net/ZrAileIQmh84KofWUM07LQ==/109951168152764538.jpg,17431059579,3.0,
2682409242,夜阑人静,moon tang,http://p1.music.126.net/-gulH3Xe1h2qlA5wxx_YVQ==/109951170575947804.jpg,17431059579,3.0,
1858399796,深夜浪漫,张蔓姿,http://p1.music.126.net/qT12B9sA-2cDt4KLyxVAZA==/109951166144496058.jpg,17431059579,3.0,
2687786818,让我与你在这星球,张蔓姿,http://p1.music.126.net/DpVxRjQHnVk2o5SGPIW_Aw==/109951170644036566.jpg,17431059579,3.0,
2725097049,中暑伤风加失恋x2,Kiri T,http://p1.music.126.net/Qcyllo3CcFc1Ww9DenYS3A==/109951171449382358.jpg,17431059579,3.0,
1965085154,老派约会之必要,MC 张天赋,http://p1.music.126.net/wZSvKX7VOc_49QEHc4rzPg==/109951167707246032.jpg,17431059579,3.0,
2024710008,La La La,Midnight Generation,http://p2.music.126.net/N1EfPauvhV6TfPV7ujkDbg==/109951169637994295.jpg,14349151137,3.0,
1896526371,The Cool Kid,Chris James,http://p2.music.126.net/UuUDo2kOwnpzX4c3fOzKMg==/109951166640076135.jpg,14349151137,3.0,
1996855562,Be So Cruel,ASTN,http://p2.music.126.net/T62QPoMKI-4w3K-spS15LQ==/109951168044478604.jpg,14349151137,3.0,
2602005979,Wrong Way,Two Friends,http://p2.music.126.net/CdUSJS0jtNwAG6rceUEBkQ==/109951169721358293.jpg,14349151137,3.0,
2646987093,Stop Me If I'm Saying Too Much,Chris James,http://p2.music.126.net/dVcIcLsUJQYNqHfWyuILyw==/109951170155893695.jpg,14349151137,3.0,
2644455929,santa doesn’t know you like i do,Sabrina Carpenter,http://p2.music.126.net/reI9W3y5yFiAHHehF1XZ5g==/109951171262286382.jpg,14349151137,3.0,
2690164389,Enjoy The Ride,Chris James,http://p2.music.126.net/Gq19Ekgq7zfTCbejFaKwQw==/109951170700652652.jpg,14349151137,3.0,
559342926,Almost Forgot,Against the Current,http://p2.music.126.net/nKg5BXaecoRRwyQZIdmDTg==/109951163784385778.jpg,14349151137,3.0,
1470832398,Close to the Fire,Chris James,http://p2.music.126.net/N_G2EwMOWqZF715b6FToIg==/109951166031451355.jpg,14349151137,3.0,
2659135533,Happy On The Outside,Theo Tams,http://p2.music.126.net/zE12Fv0WG-vHdMZj7YrnmA==/109951170298270731.jpg,14349151137,3.0,
28830412,Higher,Tobu,http://p2.music.126.net/03qQTno02s0z3jcIadX01A==/109951167481007353.jpg,17425544852,3.0,
1819823251,Paradise (Topic Remix),MEDUZA,http://p2.music.126.net/dASplYCmkRFoqy5r_Wbv2g==/109951165720785770.jpg,17425544852,3.0,
20515890,Gimme More,Britney Spears,http://p2.music.126.net/spX2QpBm2bLRpOPB-6eVGA==/109951165991801357.jpg,17425544852,3.0,
1334248867,Sweet Dreams (Mixed),Breathe Carolina,http://p2.music.126.net/nJKG4IK5FI06jM1S7HzyhQ==/109951163855533926.jpg,17425544852,3.0,
1927389937,Bones,Imagine Dragons,http://p2.music.126.net/KltEk7MJY1n-gyo1yO2trw==/109951171331729466.jpg,17425544852,3.0,
550297837,Sweet Dreams,Breathe Carolina,http://p2.music.126.net/9XYQW2dtsIObWUZk6GOWRQ==/109951163710671869.jpg,17425544852,3.0,
529391087,Fearless Pt. II,Lost Sky,http://p1.music.126.net/3SQ_6LQUshSnNYell1NavQ==/109951163571170695.jpg,17425544852,3.0,
569870379,Big Words,Klaas,http://p1.music.126.net/3luwAXzL-QtGYztklfg92g==/109951166919348186.jpg,17425544852,3.0,
2918883,Blow,Kesha,http://p1.music.126.net/ZaBdVNfDu4a5ck1aYB4KFA==/821335185998407.jpg,17425544852,3.0,
1313035063,C U Again (Cartoon vs Futuristik VIP),Cartoon,http://p1.music.126.net/AVZgy5p_ukDDtnvv859d2Q==/109951168708512165.jpg,17425544852,3.0,
2723078898,MANGATA,GTR7,http://p2.music.126.net/a0y-wOyBWmAnYSs5y2zYPQ==/109951171411691841.jpg,14366695802,3.0,
2102766948,MONTAGEM CORAL,JuMin,http://p2.music.126.net/aKDf-HHmAc37-5AP4_xj-A==/109951169615710164.jpg,14366695802,3.0,
2063379988,Phonk Bachi Bachi,DJ TOPO,http://p2.music.126.net/V1QoAKxjzsf5ClqtILYSxA==/109951168734730464.jpg,14366695802,3.0,
1860097646,Armageddon,Dr. Fresch,http://p2.music.126.net/PubDiug3APRD_IiWPqNlLQ==/109951166164783547.jpg,14366695802,3.0,
2630202321,PASSO BEM SOLTO,Atlxs,http://p2.music.126.net/JjDj6hoY0J0-GF0GsTYWLA==/109951170459823883.jpg,14366695802,3.0,
2150103713,SPACE!,Naomi,http://p2.music.126.net/DaezVPrYnxAab3fl4Fz9IA==/109951170413019839.jpg,14366695802,3.0,
1931045567,Why Not,Ghostface Playa,http://p2.music.126.net/ZVrcSqAbtDMLDQ3XyC6suw==/109951167186564030.jpg,14366695802,3.0,
1895792731,COWBELL WARRIOR!,Sxmpra,http://p2.music.126.net/BbKc4vdxuQTMuN48yggcWA==/109951168978168143.jpg,14366695802,3.0,
29812078,秦时明月-飞雪玉花,魏小涵,http://p2.music.126.net/qHmcj1gZqTocz4rdANOw4w==/18682901580934552.jpg,17476261152,3.0,
2641896013,笙园旧梦,桃源深处有人家手游,http://p2.music.126.net/i7RCQgV_uyOFDiERa1rRjA==/109951170099828059.jpg,17476261152,3.0,
1444134813,白纻,张渠,http://p2.music.126.net/iEJm-j7l8W7MWUJUPx17Qg==/109951164945570941.jpg,17476261152,3.0,
29984972,冷香吟,蔡志展,http://p2.music.126.net/qc_S21CswCruygP_mY2Qrg==/2881819976683550.jpg,17476261152,3.0,
501220457,落雪听禅,巫娜,http://p2.music.126.net/i9JFVAYXkVdVffmT-bNdsg==/109951163011319700.jpg,17476261152,3.0,
272157,寒鸦戏水,刘桂莲,http://p2.music.126.net/OnPth9IIPH9v2J3VkX3bYQ==/109951170735042584.jpg,17476261152,3.0,
1908066877,踏雪如归,变奏的梦想,http://p2.music.126.net/8gybX0EcKqIqvnESAmvWog==/109951166871714272.jpg,17476261152,3.0,
864100198,一溪云,骆集益,http://p2.music.126.net/hqzL33FGHJqz3LeA05gaxg==/109951163389899767.jpg,17476261152,3.0,
502238022,喫茶趣,巫娜,http://p2.music.126.net/_gG64GbY5svfzyl7fukYbA==/109951163014161924.jpg,17476261152,3.0,
431791869,恬淡悠然,橙光音乐,http://p2.music.126.net/ShaksaCHt6G6f1aIrSJIMA==/17854969323811076.jpg,17476261152,3.0,
2750029413,放荡不羁 雅飒喜やさしい,江上青山JasonYama,http://p1.music.126.net/4BUO7vEIt68_hxs9lpyWYA==/109951172144876178.jpg,17398562337,3.0,
2750046268,月上伊甸 月のエデン,江上青山JasonYama,http://p1.music.126.net/4BUO7vEIt68_hxs9lpyWYA==/109951172144876178.jpg,17398562337,3.0,
2747240381,收到了解还没死 わかりました,江上青山JasonYama,http://p1.music.126.net/4BUO7vEIt68_hxs9lpyWYA==/109951172144876178.jpg,17398562337,3.0,
2750042137,日日好日子  蜀の毎日,江上青山JasonYama,http://p1.music.126.net/4BUO7vEIt68_hxs9lpyWYA==/109951172144876178.jpg,17398562337,3.0,
2658105347,椿与萱的奥斯卡,江上青山JasonYama,http://p1.music.126.net/QW-NxsGMD-CRK3Y7Z9_xjw==/109951170281282185.jpg,17398562337,3.0,
2651447783,《云中加冕·序章》2.0纯享,江上青山JasonYama,http://p1.music.126.net/QW-NxsGMD-CRK3Y7Z9_xjw==/109951170281282185.jpg,17398562337,3.0,
2683334264,来世躲米酒 よろしく,江上青山JasonYama,http://p1.music.126.net/NoT806418eipB52mWSo0MQ==/109951170600949555.jpg,17398562337,3.0,
41659425,桃花开在半山腰,江上青山JasonYama,http://p1.music.126.net/XaPWziYdYe9BDZlCfAk1vg==/16602625579900992.jpg,17398562337,3.0,
2615456534,吃果果羞羞 Pathetic Humanity's Downfall,江上青山JasonYama,http://p1.music.126.net/Adbc8jGu3Q04V_0g9oeFXQ==/109951169855042154.jpg,17398562337,3.0,
2750046355,80克拉 キャラット,江上青山JasonYama,http://p1.music.126.net/4BUO7vEIt68_hxs9lpyWYA==/109951172144876178.jpg,17398562337,3.0,
2605285265,Infatuated,Rangga Jones,http://p1.music.126.net/RFnNGFkgh9pbJPiIDqot8w==/109951169763180889.jpg,17482395581,4.0,
1483377769,Out of the Blue,RINI,http://p1.music.126.net/UrK0PS9ZMvSoqm2yH7y2sA==/109951165353285345.jpg,17482395581,4.0,
2078213978,Smoking In The Park (Paradise),Tone Stith,http://p1.music.126.net/jDckG6Krj0M0NpUWWaTodw==/109951168883055471.jpg,17482395581,4.0,
1920554532,Love Me,Realestk,http://p1.music.126.net/LzAX7pXfHGF8uoKe1ASYAg==/109951167053190389.jpg,17482395581,4.0,
1446947290,Baby It's You,Revel Day,http://p1.music.126.net/L-VVdrwjizu92gyVgw-few==/109951164974588028.jpg,17482395581,4.0,
1955598800,Done Talking,EK Darkurai,http://p1.music.126.net/YWhBt8yD19xUgwi7S8Xl9w==/109951167546203087.jpg,17482395581,4.0,
1892717630,Wanna Go,J.O.Y,http://p1.music.126.net/FWRQSI3YbFcR9XMf4D9B3A==/109951170676180490.jpg,17482395581,4.0,
1440556158,For Us,dvsn,http://p1.music.126.net/cyqcbG_X568LWeIZu-PTug==/109951168742009561.jpg,17482395581,4.0,
34468949,Stay With Me,Furns,http://p1.music.126.net/c8tIa9Dgj5SOHryIA_Y2qQ==/109951163918823564.jpg,17482395581,4.0,
1383142580,Pullin Up,Yo Trane,http://p1.music.126.net/dRJ6bC39UsS29I_AKd-B9A==/109951164278455940.jpg,17482395581,4.0,
2084103362,广州有雨,黄妍,http://p1.music.126.net/knk69Gp2Z5DcEuf5xWZCJg==/109951168930992535.jpg,14425145480,4.0,
1472480890,群青,YOASOBI,http://p2.music.126.net/sF9I_mKMVNtsCD-ZXzfV_A==/109951165251958014.jpg,17535554373,4.0,
491695208,You & Me,H-Slang & Choco,http://p2.music.126.net/-vJ294uhu3343fLHHJeMww==/109951168509959184.jpg,17535554373,4.0,
1948825591,貴方の恋人になりたい,チョーキューメイ,http://p2.music.126.net/mrYfvu_Qf35b9aK2kQbevg==/109951167443781475.jpg,17535554373,4.0,
512359195,LOSER,米津玄師,http://p2.music.126.net/IeyCexR3Hg9NnVY9TDCD3w==/109951166530781958.jpg,17535554373,4.0,
1969519579,可愛くてごめん (feat. かぴ),HoneyWorks,http://p2.music.126.net/ygvJefaxNtKGCeidHU0GpA==/109951167745817208.jpg,17535554373,4.0,
3316980981,夜行性,米粥okayu,http://p2.music.126.net/DqgWK-g7X853-Pj_V3XmIQ==/109951172269666403.jpg,17535554373,4.0,
2758635997,腐败臭,重音teto,http://p2.music.126.net/cl65g1tRnqSTYoi4HJpYZw==/109951172190661532.jpg,17535554373,4.0,
454224997,星と僕らと,Lyn,http://p2.music.126.net/15wxAF1LSDRoIdJjHA8v0Q==/109951170737864080.jpg,17535554373,4.0,
1974735909,Deep Green,Christian Kuria,http://p1.music.126.net/uOfSuu6Sayd2YMAskJ9EDA==/109951172267409762.jpg,17457980760,4.0,
1401005383,Press Play,MAETA,http://p1.music.126.net/Y0KP41VD6lgN0M1MP_yKfQ==/109951165484725841.jpg,17457980760,4.0,
1362147539,HITMYLINE,John Concepcion,http://p1.music.126.net/jXQsUXVVpIvAtkR7iTDmgQ==/109951168633535776.jpg,17457980760,4.0,
1888778036,My Everything,James Park,http://p2.music.126.net/LGkbZiXbTm9gFZ2UhwN-Ng==/109951166543146499.jpg,17457980760,4.0,
1804362955,i love you baby,Emilee,http://p2.music.126.net/K28TNvQW8iSVBIeU0G9K9A==/109951165541645839.jpg,17457980760,4.0,
1361742328,Alone With You,Ashlee,http://p2.music.126.net/s_tCFyxCaHfJi2ihcBRdMA==/109951170517763899.jpg,17457980760,4.0,
2055192074,NEW RELIGION,Joseph Solomon,http://p2.music.126.net/Du22CpTTJZ85fzzvqjF1ig==/109951170519062622.jpg,17457980760,4.0,
1951665069,17さいのうた。,『ユイカ』,http://p1.music.126.net/1bcwLzrrKPWcs137biKbpw==/109951167488734005.jpg,17510348780,4.0,
2079564376,春先、終着駅、花と散る,秋葵AKIAOI,http://p1.music.126.net/fYkByMjP8Xx6nqgcxdNiKQ==/109951168893850460.jpg,17510348780,4.0,
1883633181,好きだから。 (Piano ver.),『ユイカ』,http://p1.music.126.net/8-O200M6EQTrqk-pVs2www==/109951166481462790.jpg,17510348780,4.0,
569160,春夏秋冬～四季のうた～,石野田奈津代,http://p1.music.126.net/_ay_3aTMkgvCRDs3W7TbsA==/109951172355716461.jpg,17510348780,4.0,
421807906,それでも上手く眠ってくれない,別野加奈,http://p2.music.126.net/vzGqpSvqPUGekBS57Ke5iw==/109951170504104951.jpg,17510348780,4.0,
1845920219,枝垂桜,Anna,http://p2.music.126.net/qO7Q-fIHRytov_GzHyC0pw==/109951165989124996.jpg,17510348780,4.0,
501220772,ナラタージュ,adieu,http://p2.music.126.net/1rXiJxS9tph5jIoV1nYzmQ==/109951166198529606.jpg,17510348780,4.0,
518863323,あなたがここにいて抱きしめることができるなら,Uru,http://p2.music.126.net/qw24jNYdvsII2DKD-RwDoA==/109951169625014917.jpg,17510348780,4.0,
1332952877,リナリア,日向文,http://p2.music.126.net/usb9IzzYvINEHXthsEnr9g==/109951163721824018.jpg,17510348780,4.0,
1821815008,Answer,幾田りら,http://p2.music.126.net/nJG-kW7MdjU80F1WuCgPGg==/109951165745088188.jpg,17510348780,4.0,
2154544942,热恋情节,刀酱,http://p1.music.126.net/gV4MkP8DWZvgGntS5XjpWA==/109951169592787622.jpg,17462983786,4.0,
2051576133,拜托丘比特,Sasablue,http://p1.music.126.net/ICd1lWPX-P1lRLPixWN38w==/109951168647434753.jpg,17462983786,4.0,
2706347956,请和这样的我恋爱吧,王澳楠EVE,http://p1.music.126.net/fLdM2ESSa4XoQkweg293Hg==/109951171000301499.jpg,17462983786,4.0,
344387,爱情闯进门,By2,http://p1.music.126.net/Br9-g5nrRWXHCdB2tYb98w==/109951164795654967.jpg,17462983786,4.0,
1475737616,浪漫爱,刘瑞琦,http://p1.music.126.net/aVNSavZbTMw6OLzBn6lRlQ==/109951165284913239.jpg,17462983786,4.0,
2004729179,煉獄と猗窩座の戦い,椎名豪,http://p1.music.126.net/NXiln1IM5l3AlC4NY9AKUA==/109951168123666187.jpg,17482451840,4.0,
2727103261,残酷な夜に輝け - Shine in the Cruel Night,LiSA,http://p2.music.126.net/biQgZKsNO_Vh-FeuKXso6A==/109951171480745508.jpg,17482451840,4.0,
1360592706,紅蓮華,LiSA,http://p2.music.126.net/90cd-XI5j0XlCSA4anuJMA==/109951166199033558.jpg,17482451840,4.0,
2026565329,Da Capo,HOYO-MiX,http://p2.music.126.net/awzv1LpuBJiKTeB7roh_Aw==/109951168434956885.jpg,17482451840,4.0,
28828613,SABLE,ナノ,http://p2.music.126.net/SdumgwcYAhtJdVe0Oh-ZoQ==/109951170423114666.jpg,17482451840,4.0,
1815969440,Ashes on The Fire(進撃の巨人 The Final Season Original Soundtrack),山本康太,http://p2.music.126.net/ERg8GOumOo54qaipFBluRw==/109951165674746412.jpg,17482451840,4.0,
26562717,at'aek ON taitn,澤野弘之,http://p2.music.126.net/e4VoNx1M3q4hOREXKm_e7g==/109951163598090530.jpg,17482451840,4.0,
29732992,光るなら,Goose house,http://p2.music.126.net/w1pQ83qhoVMJ_eMpRyoAtA==/109951166200199773.jpg,17482451840,4.0,
555959,扉をあけて,ANZA,http://p2.music.126.net/qMLWYAebeZ5r0lMBGkbDBw==/109951171846477542.jpg,17482451840,4.0,
1822031017,I Wish You Love,Laufey,http://p2.music.126.net/NrEimvTVSiDpkD_IlJA2IA==/109951167924360100.jpg,17425550355,4.0,
2739720169,When It Rains,KIAH,http://p2.music.126.net/WFcyMAI8l0weRlOVKvoIhA==/109951171927785829.jpg,17425550355,4.0,
1805048148,Keep Me Warm,Sam Ock,http://p2.music.126.net/iMBrCnCBuUc7-_x-sk5GOw==/109951165547061547.jpg,17425550355,4.0,
1805048150,Remember,Sam Ock,http://p2.music.126.net/iMBrCnCBuUc7-_x-sk5GOw==/109951165547061547.jpg,17425550355,4.0,
16628095,You're The One,Brian Culbertson,http://p2.music.126.net/58Ja8a9PDLrk_hIJRKVoBg==/109951163135856681.jpg,17425550355,4.0,
1466691753,Janet,ampoff,http://p2.music.126.net/mPSw5m2qqXz5lz-PZD62Iw==/109951169263260370.jpg,17425550355,4.0,
2738593796,Moody Wind Reimagined,Anthony Lazaro,http://p2.music.126.net/3U-rJ_J34ZPodrXh-U9tPQ==/109951171908468726.jpg,17425550355,4.0,
3781876,Si Tu Vois Ma Mère,Tina May,http://p2.music.126.net/xGlZt7fSwKmAdinDvONuOQ==/644313813919894.jpg,17425550355,4.0,
21278133,Thinking About You,Norah Jones,http://p2.music.126.net/U7kI1ACGgH8E7jM7VE89iQ==/109951167720990549.jpg,17425550355,4.0,
5209288,Gimme The Night,Randy Crawford,http://p2.music.126.net/nOoBDE1EAbImfRoBmo-OYQ==/648711860433066.jpg,17425550355,4.0,
316100,雨爱,杨丞琳,http://p1.music.126.net/Qt6sfLxRCscFZVXhbQ4bfg==/109951172020385959.jpg,17435612031,4.0,
385781,突然好想你,五月天,http://p1.music.126.net/l0vGEnowGfj6DgFSGojyfQ==/109951168163397768.jpg,17435612031,4.0,
27646687,玫瑰花的葬礼,许嵩,http://p1.music.126.net/q6LhHJxJw21aGDN13HcyKg==/109951172188951978.jpg,17435612031,4.0,
344442,爱丫爱丫,By2,http://p1.music.126.net/DGMOvGYBjOfBKNkMBnC7ug==/19196373509643886.jpg,17435612031,4.0,
25986095,大城小爱,王力宏,http://p1.music.126.net/ZD-Mnvr5tBWAJGmhjXv2Fg==/7936274930369278.jpg,17435612031,4.0,
108267,一生的爱,林俊杰,http://p1.music.126.net/LI3duoHIZyyLawRJLY51kA==/109951172024569374.jpg,17435612031,4.0,
139764,不得不爱,潘玮柏,http://p1.music.126.net/vNJp5-zu2jz89dyjNzxZwA==/109951169280802195.jpg,17435612031,4.0,
1352897394,Early Morning Dreams (Kled Mone Remix),Kadebostany,http://p2.music.126.net/0ul4I0VSm_ooOb4hmLkCUg==/109951165567807949.jpg,14433934706,4.0,
1990760846,Night Drive (Sped Up),Wilee,http://p2.music.126.net/8R5kCjXHvY31u_P04c6Waw==/109951167980939531.jpg,14433934706,4.0,
2013304235,Giga Chad Theme (Phonk House Version),T3nzu,http://p2.music.126.net/xrAs0nvOrF6flp22K1zUBw==/109951168223364620.jpg,14433934706,4.0,
2061904445,Sea of Tranquility,BeMax,http://p2.music.126.net/EWYk6CjnSWMsHHL4g85IRA==/109951169290749498.jpg,14433934706,4.0,
2083393418,GigaChad Theme (Sped Up),Daciva,http://p2.music.126.net/W8uOcRbZaCCCysD_FcYfPQ==/109951169476293891.jpg,14433934706,4.0,
2679634795,Got It (PHONK),Lunak,http://p2.music.126.net/1Mzs04Qi_k9KY3RvZaggSw==/109951170525558620.jpg,14433934706,4.0,
1977106849,Step Back!,1nonly,http://p2.music.126.net/-fzrG499zHFvAnxotZJhnw==/109951167832794667.jpg,14433934706,4.0,
405485737,Try Everything,Shakira,http://p1.music.126.net/sT2yoyQEfoNml9TOyLSGMw==/109951172277057447.jpg,17529849360,4.0,
19836152,Glamorous,Fergie,http://p1.music.126.net/LgB1pKrcZmBdHCC_jWx3uQ==/109951169164067160.jpg,17529849360,4.0,
2754119732,"Zoo (From ""Zootopia 2""/Soundtrack Version)",Disney,http://p1.music.126.net/5cOEn3EiZcz4liPnXJ6p6g==/109951172132165756.jpg,17529849360,4.0,
17706562,Good Time,Owl City,http://p1.music.126.net/c5NVKUIAUcyN4BQUDbGnEg==/109951163221157827.jpg,17529849360,4.0,
21563184,Diamonds,Rihanna,http://p1.music.126.net/vrJzlA1RIiwaPHlXzZy90g==/3263350514797284.jpg,17529849360,4.0,
3406393,Waka Waka (This Time for Africa),Shakira,http://p1.music.126.net/8MozDKPD7hkyGPvZeJEZ5A==/109951165995001779.jpg,17529849360,4.0,
1382576173,Cruel Summer,Taylor Swift,http://p1.music.126.net/6CB6Jsmb7k7qiJqfMY5Row==/109951164260234943.jpg,17529849360,4.0,
21253966,Moves Like Jagger,Maroon 5,http://p1.music.126.net/Pq91YbQmb6IYujgpJw8WFg==/109951163219132651.jpg,17529849360,4.0,
1419789491,Only The Young (Featured in Miss Americana),Taylor Swift,http://p1.music.126.net/46LeF9fUZluRWncEmPbVnw==/109951168971645467.jpg,17529849360,4.0,
2016979487,homies,Saint Harison,http://p1.music.126.net/ala62PDnpBjwnqVDVe_Zzg==/109951171900818057.jpg,17399345462,4.0,
1415754635,Headaches,Raveena,http://p1.music.126.net/4X3VQwWgPv-b8wSNs-v4GQ==/109951164617865975.jpg,17399345462,4.0,
2153312890,Please Don't Fall In Love With Me,Khalid,http://p1.music.126.net/Ck39Kb6JOSi8PMB_MOYQVg==/109951169568253257.jpg,17399345462,4.0,
1390520625,是心动啊,一口甜,http://p1.music.126.net/0AnjlRKchM7GmoNrF1P3gQ==/109951167999124419.jpg,14383893089,4.0,
1878904634,靠近我,Gr33nart Beats,http://p1.music.126.net/8W4LU4gXUcMRop0kOqsB3g==/109951167042785674.jpg,14383893089,4.0,
2638631174,想你 (我和你的关系),董唧唧,http://p1.music.126.net/tbONLs8n2NgEoha7kmFWmA==/109951170144470387.jpg,14383893089,4.0,
2089977009,有你在,Rosy赵露思,http://p1.music.126.net/CseumudCGxCT2QmFk_qe1Q==/109951169493100129.jpg,14383893089,4.0,
2684577421,拜托拜托 (丘比特),王澳楠EVE,http://p1.music.126.net/9PCLAivpkKPecrY0_Pq4Sg==/109951170633512203.jpg,14383893089,4.0,
1362247767,别叫我达芬奇,Ghost (王琳凯),http://p1.music.126.net/uEZTdKWoHctIQ9O81WCxoA==/109951164087369428.jpg,14383893089,4.0,
1430000692,Melody,ZIV,http://p1.music.126.net/wOLF0p3iJs31JXKkASayAw==/109951166502547001.jpg,14383893089,4.0,
2700788167,臙脂 ft. 重音テト,bk,http://p2.music.126.net/SRX4_oxO43X_fpD5vdRX-Q==/109951170934896694.jpg,14404212670,4.0,
2655488572,哈基米之魂,bubba777,http://p2.music.126.net/HaV5JHBqI_xhNI_zT4Hfdg==/109951169586635137.jpg,14404212670,4.0,
2645920800,宅痛i,OutLikeALighttt,http://p2.music.126.net/1BuJ575FIQDLsiR22vdaeQ==/109951170145977259.jpg,14404212670,4.0,
2705561061,你爱的歌我反复听˃̵ ֊ ˂̵,千黛雪,http://p2.music.126.net/8mDr9-b1EoOBFz6-stVybQ==/109951170990283700.jpg,14404212670,4.0,
2703031969,聖人君子でありたい (feat. 重音テト),しゃいと,http://p2.music.126.net/J5nowFc7Epy1kQB2T9jIZA==/109951170962782578.jpg,14404212670,4.0,
2718165304,Rock That Body (Lumarii),ciaffa,http://p1.music.126.net/O8jtivbpRrYcZrU-GmijpA==/109951171344572729.jpg,14404212670,4.0,
2629902869,Moonlit Dream,Zy,http://p1.music.126.net/18AV79qufcM37slc6K-qJg==/109951169984670401.jpg,14404212670,4.0,
1860341875,Breather,蓝祁,http://p1.music.126.net/KMWPwD8Xa_OW-3FKyj4j8A==/109951166167898289.jpg,14404212670,4.0,
2730161168,脆脆摇,DJ小智,http://p1.music.126.net/cHMvY9nrQ2RO1wEfeSQshg==/109951171524986512.jpg,14404212670,4.0,
2610290903,some,TwilightMoon,http://p1.music.126.net/eZXolsi7c6dGw1MM0JagYw==/109951169806099469.jpg,14404212670,4.0,
2713977622,人海,KEY.L刘聪,http://p1.music.126.net/_aAi9WloeOAgOx96pmwIZQ==/109951171415121736.jpg,17512287714,4.0,
1492049185,经济舱,KEY.L刘聪,http://p1.music.126.net/fEOnFVVXSAe2LThsNfx0XA==/109951165432413857.jpg,17512287714,4.0,
2713976729,仁义茶楼,GAI周延,http://p1.music.126.net/_aAi9WloeOAgOx96pmwIZQ==/109951171415121736.jpg,17512287714,4.0,
1383954630,Hey KONG,KEY.L刘聪,http://p2.music.126.net/4pb6Z041lTpUjTs3tE8bOA==/109951167893582411.jpg,17512287714,4.0,
2713976733,无期,GAI周延,http://p2.music.126.net/_aAi9WloeOAgOx96pmwIZQ==/109951171415121736.jpg,17512287714,4.0,
2694367060,从前以后PT.1,盛宇D-SHINE,http://p2.music.126.net/rh5oAjHCpAWgpNRLhJWhew==/109951170717990055.jpg,17512287714,4.0,
2713976735,我们的歌,功夫胖KungFuPen,http://p2.music.126.net/_aAi9WloeOAgOx96pmwIZQ==/109951171415121736.jpg,17512287714,4.0,
518511084,Monica,KEY.L刘聪,http://p2.music.126.net/athuOAfuOasWvz4Xrvcitg==/109951163787349721.jpg,17512287714,4.0,
2713976734,愚人码头,KEY.L刘聪,http://p2.music.126.net/_aAi9WloeOAgOx96pmwIZQ==/109951171415121736.jpg,17512287714,4.0,
1960903012,黑本子,KEY.L刘聪,http://p2.music.126.net/Z-p5v52fbVIG0BE7ZsYC8g==/109951168834821680.jpg,17512287714,4.0,
1406649619,有些,颜人中,http://p1.music.126.net/8DkTnzi7jdjWGYl4qbwLCg==/109951164517295956.jpg,17510794385,4.0,
1405598377,淡想（Memories）,周童,http://p1.music.126.net/vOx0p36GjiJcCe9rYl6dcA==/109951164506863360.jpg,17510794385,4.0,
436346833,凄美地,郭顶,http://p1.music.126.net/wSMfGvFzOAYRU_yVIfquAA==/2946691248081599.jpg,17510794385,4.0,
2019386574,夜南京（谁都别睡）,BigYear大年,http://p1.music.126.net/W8kFd8bqmmfpoZxJi4iSkw==/109951168280591055.jpg,17510794385,4.0,
530995517,几分之几 (You Complete Me),卢广仲,http://p1.music.126.net/fWpX1LILPAyiOacF96REww==/109951163191952149.jpg,17510794385,4.0,
421423806,小半,陈粒,http://p1.music.126.net/HQxTggMCB7AHUXN-ZFEtmA==/1371091013186741.jpg,17510794385,4.0,
2122615322,Forget it （feat. Mac Ova Seas）,SETI,http://p1.music.126.net/_jRndEytHJkJbSkoOUQ49g==/109951169859352741.jpg,17510794385,4.0,
16371699,The Phantom Of The Opera (Live At The Royal Albert Hall/2011),Andrew Lloyd Webber,http://p1.music.126.net/g0EXVx9-3nPfUAV8Z24beQ==/674000627833949.jpg,17426602355,4.0,
5057407,I Dreamed a Dream,Various Artists,http://p1.music.126.net/vdcm_pUuCnmtt0D8118f4A==/109951166053163498.jpg,17426602355,4.0,
35804609,Satisfied,Renée Elise Goldsberry,http://p1.music.126.net/8riFbGqi8a2l8caE44U8QQ==/109951168592265427.jpg,17426602355,4.0,
28838265,Memory,Andrew Lloyd Webber,http://p1.music.126.net/MiKz4HuUHTo2S2-PNb7Sog==/18430013905044514.jpg,17426602355,4.0,
25507221,"Mamma Mia (1999 / Musical ""Mamma Mia"")",Nicolas Colicos,http://p1.music.126.net/YZhTBpA-Y1yqtDKZaBSiMQ==/109951169596477478.jpg,17426602355,4.0,
3377281,Do-Re-Mi (Remastered),Rodgers & Hammerstein,http://p1.music.126.net/R9G8f6wxhTdlrOdcE6BX4A==/3275445140703858.jpg,17426602355,4.0,
1302062,Can You Feel The Love Tonight,Heather Headley,http://p1.music.126.net/Z7k725LDFgnadYKDheQzmw==/853221023204644.jpg,17426602355,4.0,
5045665,C'est Un Chapeau !,Various Artists,http://p2.music.126.net/LYW9Ovy1b9tNGebbYtCsvw==/1824089790493176.jpg,17426602355,4.0,
428649319,La gloire à mes genoux,Côme,http://p2.music.126.net/Ihj9xqzH8wSNf6R0LiuMcg==/109951169108036775.jpg,17426602355,4.0,
5048096,Je fais de toi mon essentiel (feat. Anne-Laure Girbal),Emmanuel Moire,http://p2.music.126.net/6ZpB9t8-l19MOsaXRDtrew==/109951166936126568.jpg,17426602355,4.0,
1982988968,Bubblegum Party,Chevy,http://p2.music.126.net/-y9EksPi0Wbf7coUGTGiLg==/109951167893871328.jpg,17418818673,4.0,
2117214224,Clues,Ashley Alisha,http://p2.music.126.net/MCo8qV9K4pFjcNWkw7zt8g==/109951169258265326.jpg,17418818673,4.0,
2133503983,supernatural,Ariana Grande,http://p2.music.126.net/Qe_30o-LrNv0EAQinrW7Uw==/109951169395277400.jpg,17418818673,4.0,
2918954,TiK ToK,Kesha,http://p2.music.126.net/RHv1VNQqb5Q7Y_ephBLqxA==/109951172325402148.jpg,17418818673,4.0,
1481540748,Better Today Than Yesterday,Jennifer Chung,http://p2.music.126.net/9Kzv7obddE5twTC3MLIAxA==/109951171442720195.jpg,17418818673,4.0,
2149844947,冲动,印子月,http://p2.music.126.net/nWmF1Cw1P62tH1iB9HMomg==/109951169534455064.jpg,17446694172,4.0,
1386259535,飞,王恩信Est,http://p2.music.126.net/_5I2VNMes4k4lh5RyKI50A==/109951164532205791.jpg,17446694172,4.0,
1903149553,无名的人,毛不易,http://p2.music.126.net/MlbszYGB_n-vdDbjtSsr7w==/109951170480122368.jpg,17446694172,4.0,
355992,追梦赤子心,GALA,http://p2.music.126.net/XDncptlBJ4_LN3hLBx-8aw==/19061133579343591.jpg,17446694172,4.0,
347230,海阔天空,Beyond,http://p2.music.126.net/iAwVf8ag_45csIUuh1wSZg==/109951168912558470.jpg,17446694172,4.0,
168091,蓝莲花,许巍,http://p2.music.126.net/C6txAWMGlVmAcAD37RVutQ==/122045790684028.jpg,17446694172,4.0,
28892385,最初的梦想,金玟岐,http://p2.music.126.net/cpoUinrExafBHL5Nv5iDHQ==/109951166361218466.jpg,17446694172,4.0,
1368371706,你曾是少年,焦迈奇,http://p2.music.126.net/qXoj3GTwWWtDDETq72oovQ==/109951164107576105.jpg,17446694172,4.0,
518725853,篝火旁,吕大叶,http://p2.music.126.net/sN5dTpmeJO1DhxIj1ogMLg==/109951163416453597.jpg,17446694172,4.0,
35447132,勋章,鹿晗,http://p2.music.126.net/CxEaq_e_T_mhX0MOPwz1yg==/109951166672944844.jpg,17446694172,4.0,
1374606163,Snowed In,Conor Matthews,http://p1.music.126.net/faX8F-1YdiXHqG9SfCq6bw==/109951164457232561.jpg,14434189919,4.0,
1349840731,One Winter's Day,Justin Rutledge,http://p1.music.126.net/rq59ed8iP5OfqAOMBAwCrg==/109951163902872169.jpg,14434189919,4.0,
1468692293,Let's Go Home,Jake Miller,http://p1.music.126.net/LTuI0vo75w8QM3G5JrVVsA==/109951165207038815.jpg,14434189919,4.0,
2149062907,九秒九,容祖儿,http://p1.music.126.net/k8bNt_KDt1O6ozUPeLpZ_A==/109951169527802815.jpg,17450829084,4.0,
2693503561,四月物语,林家谦,http://p1.music.126.net/qNsmNLcEo-mZAgKYuMFoKw==/109951170715676220.jpg,17450829084,4.0,
3320331551,此生不换 (live),黄霄雲,http://p2.music.126.net/69l8mf_QN2MsWuWAycHZzQ==/109951172321796119.jpg,17466479624,4.0,
2751133462,HipHop没有错 错的是自己,小明Meaningful（李明赋）,http://p2.music.126.net/l_fLl4PyUCrST08bk-IbbQ==/109951172083674869.jpg,17466479624,4.0,
3320331503,像晴天像雨天 (live),汪苏泷,http://p2.music.126.net/69l8mf_QN2MsWuWAycHZzQ==/109951172321796119.jpg,17466479624,4.0,
3324815210,背影，你最近好吗？ (live),林宥嘉,http://p2.music.126.net/ufqXO3sO-xv0s_fl0ERPCA==/109951172382923852.jpg,17466479624,4.0,
2751136763,银河弃儿,小明Meaningful（李明赋）,http://p2.music.126.net/l_fLl4PyUCrST08bk-IbbQ==/109951172083674869.jpg,17466479624,4.0,
2692062722,Tanhalik-孤独,燕子Music,http://p2.music.126.net/ooh0dMMQ7Kc37qy4gCECeA==/109951170699998273.jpg,17466479624,4.0,
3327981084,规则,光一,http://p2.music.126.net/wWPN2OBtMdosNH3MT1IUYQ==/109951172419751192.jpg,17466479624,4.0,
28748458,60km/h,晨曦光廊,http://p1.music.126.net/li2A386svzMb64rquvjXfg==/3239161259160059.jpg,509265479,4.0,
28164935,Hidden Path,Sleep Dealer,http://p1.music.126.net/ZfI2ssN__3OnggrgG-K5Qg==/2538772349382767.jpg,509265479,4.0,
19892230,Forever Lost,God Is An Astronaut,http://p1.music.126.net/MuLg90ycZgVt1-pR_KsjUg==/2529976255878761.jpg,509265479,4.0,
29047270,Géranium,Magnetoscop.,http://p1.music.126.net/oRa8vO9PwckJgyXB0m_8Ww==/7747158929401752.jpg,509265479,4.0,
1361443409,A Thousand Papers Of Pain,Crows in the Rain,http://p1.music.126.net/bhu4_VioA211bDnAPMnMgw==/109951172017233972.jpg,509265479,4.0,
38582773,蓝鲸,Jeremiad Always Twinge HuaBai,http://p1.music.126.net/sJcTejNnZcLK2jv2liCCZw==/16610322160947603.jpg,509265479,4.0,
1710842,A Footprint Of Feelings,Moonlit Sailor,http://p1.music.126.net/CI6-U_rhUzs5-rkLbJdT6g==/6658642418042510.jpg,509265479,4.0,
382173,南方蝶道,甜梅号,http://p1.music.126.net/RoxbLFjxh8W52YCVOKr0Aw==/123145302327537.jpg,509265479,4.0,
1823180,Over Atlantic City,Port Blue,http://p1.music.126.net/nL3k6O22gnySBtx_xnDCFA==/109951165277201989.jpg,509265479,4.0,
29428268,"That Is Not Spanned High In The Air,",Locomotora,http://p1.music.126.net/Y7OIpWm884iYL9OZXOktLw==/6649846325432845.jpg,509265479,4.0,
475541,breeze,松田光由,http://p1.music.126.net/q2MThVM6v1sDJeH0xfUk7A==/109951169477358077.jpg,331841455,4.0,
4064247,A Minute for the Beginning,Endless Melancholy,http://p2.music.126.net/wPOa5Vy_LveGYQZtyBqemA==/109951168882691005.jpg,331841455,4.0,
4064255,A Minute for the End,Endless Melancholy,http://p2.music.126.net/wPOa5Vy_LveGYQZtyBqemA==/109951168882691005.jpg,331841455,4.0,
19498811,Gusts of Wind Blowing in Different Directions,The Last Dinosaur,http://p2.music.126.net/f3exPjEKfsnrQbsUqUlb2w==/109951169557730207.jpg,331841455,4.0,
408140418,Buddhists,小瀬村晶,http://p2.music.126.net/sWKJq9g9b07jrXlEu0DjZA==/1398578794113206.jpg,331841455,4.0,
4064273,Light,Endless Melancholy,http://p2.music.126.net/h0P7l2e8BKunyiB3RhAlXA==/109951164546524803.jpg,331841455,4.0,
408140415,Quiet,小瀬村晶,http://p2.music.126.net/sWKJq9g9b07jrXlEu0DjZA==/1398578794113206.jpg,331841455,4.0,
4064279,Mélancolie,Endless Melancholy,http://p2.music.126.net/h0P7l2e8BKunyiB3RhAlXA==/109951164546524803.jpg,331841455,4.0,
3204370,wa1c oo,nunu,http://p2.music.126.net/COLKgKg4aKndBtbuUyNl5A==/1798801023047443.jpg,331841455,4.0,
35090368,海,任东,http://p2.music.126.net/tgLeccu1NTrQkz9wpOT7Iw==/7986852466875936.jpg,2312165875,4.0,
429769229,月,好妹妹乐队,http://p2.music.126.net/6itpN_CRENPvit__InWzFA==/18791753230426210.jpg,2312165875,4.0,
1336010733,出发,任东,http://p2.music.126.net/dxVxitDf65mtrj5UJ7iAJg==/109951163753672902.jpg,2312165875,4.0,
1336856777,我曾,隔壁老樊,http://p2.music.126.net/gNbAlXamNjhR2j3aOukNhg==/109951164232796511.jpg,2312165875,4.0,
445505961,一座,崔跃文,http://p2.music.126.net/GoUSpSwKqzMXK0nSylKEWw==/109951166859276692.jpg,2312165875,4.0,
28656170,你们,程璧,http://p2.music.126.net/ZwD6LYIkRoiNFQlM_brBLg==/5990139348644333.jpg,2312165875,4.0,
450567505,旧词,愚青,http://p2.music.126.net/ZgaAgq6eXTOKHsMU8rYZKA==/109951163909048455.jpg,2312165875,4.0,
409650012,相守,栗先达,http://p2.music.126.net/_-8FsfnidoJQmPis1efUbw==/16609222649893709.jpg,2312165875,4.0,
521731469,La Javanaise,Madeleine Peyroux,http://p2.music.126.net/2HYg-3y5YfuSxY2PRWXUPg==/18159534045171001.jpg,1997190595,4.0,
19861312,Encore une Fois,Gérard Darmon,http://p2.music.126.net/QdgH2CAj3fRDndybg9KMrA==/109951165960708691.jpg,1997190595,4.0,
3415455,La Vie En Rose,Sophie Milman,http://p2.music.126.net/8CpVOml3zQFJdAs4B73fXw==/109951164415671284.jpg,1997190595,4.0,
25388874,Les Feuilles Mortes,Laura Fygi,http://p2.music.126.net/z1238VZptc-e17-mrAaLtg==/778454232498750.jpg,1997190595,4.0,
22358359,Jardin d'hiver,Stacey Kent,http://p2.music.126.net/JnCwbhCj1oGehvu52-12Tg==/692692325520405.jpg,1997190595,4.0,
5132082,Dans Mon le,Sara Lazarus,http://p2.music.126.net/9OekqRY3Ag5dNpwKzkmrzw==/1675655720743425.jpg,1997190595,4.0,
1788707,Week end à Rome,Nouvelle Vague,http://p2.music.126.net/XaE9nXuTk8W3b_TgXGTzqA==/6663040464556482.jpg,1997190595,4.0,
3781857,Que reste-t-il,Tina May,http://p2.music.126.net/xGlZt7fSwKmAdinDvONuOQ==/644313813919894.jpg,1997190595,4.0,
2924189,Volons Vers La Lune,Laura Fygi,http://p2.music.126.net/adZV7VXFn6GuSJrPnUDgRA==/910395627852598.jpg,1997190595,4.0,
633116,DERNIERE VALSE,小野リサ,http://p2.music.126.net/eBaqTb5WQPMZP_AQOm5tsQ==/109951171495851844.jpg,1997190595,4.0,
630202,君たちキウイ・パパイア・マンゴーだね。,中原めいこ,http://p2.music.126.net/_SoqK5M_Or0AUJlGTf4xRw==/109951171969337115.jpg,5028486868,4.0,
29751518,シティー・ハンター ~愛よ消えないで~,小比類巻かほる,http://p2.music.126.net/vmTcCQcgoPE2bLJ9BQd4sw==/6633353651510766.jpg,5028486868,4.0,
29734747,Flying in the twilight (TV挿入サイズ),刀根麻理子,http://p2.music.126.net/e5HbUxidQYdXhw4_FUfQjA==/3230365163152486.jpg,5028486868,4.0,
4910560,ミック.ジャガーに微笑みを,中森明菜,http://p2.music.126.net/ue1gYMQCssgLa0ylxRD3rg==/625622116216240.jpg,5028486868,4.0,
22696713,Dance In The Memories,中原めいこ,http://p2.music.126.net/wGY4Km9oFgYiIGk3S8XwHQ==/109951171535225427.jpg,5028486868,4.0,
659423,プラスティック・ラヴ,竹内まりや,http://p2.music.126.net/raZRHccNqL1MDTosbUCWTA==/109951166576666179.jpg,5028486868,4.0,
22742790,1986年のマリリン (ニュー・ヴァージョン),本田美奈子,http://p2.music.126.net/9cCgRGwPXYJP4ej7xb6PZA==/109951169753404439.jpg,5028486868,4.0,
567817,CHA-CHA-CHA,石井明美,http://p2.music.126.net/JcGVHqMfbHHrvXMHokQ7Uw==/109951166716919560.jpg,5028486868,4.0,
29734269,デリンジャー,刀根麻理子,http://p2.music.126.net/7A4h9AhRhZ_rhiUI40MyRA==/3246857837548349.jpg,5028486868,4.0,
29734805,CAT'S EYE,杏里,http://p2.music.126.net/AkgCL5anbCujODa_rbLMtg==/6641050232874457.jpg,5028486868,4.0,
1355979244,ハーフムーン・セレナーデ,河合奈保子,http://p1.music.126.net/IOV21Cy5FVyGr5v0rRdu6A==/109951163968457431.jpg,5028497628,4.0,
29017264,島唄,夏川りみ,http://p1.music.126.net/I_UQJCn3X-6jI3x40F23ww==/109951168475225868.jpg,5028497628,4.0,
22721382,水色,UA,http://p1.music.126.net/UXtA80ZP9jnYK5O6uw2aag==/109951164515102848.jpg,5028497628,4.0,
22746144,未来へ,Kiroro,http://p1.music.126.net/MtdqemvwZel08xDJmql-jA==/109951165404724376.jpg,5028497628,4.0,
22746142,長い間,Kiroro,http://p1.music.126.net/MtdqemvwZel08xDJmql-jA==/109951165404724376.jpg,5028497628,4.0,
22815818,夕焼けの歌,近藤真彦,http://p1.music.126.net/5QDdzESxuCyHPFlK2fpSww==/942281465029051.jpg,5028497628,4.0,
22746090,ひとつぶの涙,Kiroro,http://p1.music.126.net/TAwSTLZ11hcgIwqPslgYFw==/109951167356389192.jpg,5028497628,4.0,
22676620,花咲く旅路,原由子,http://p1.music.126.net/Rlr4X__cQ12CRihqUaA0iA==/937883418517965.jpg,5028497628,4.0,
663762,ルージュ,ちあきなおみ,http://p1.music.126.net/m7EyTzmkyNw5mjF2pE_zOg==/674000627838719.jpg,5028497628,4.0,
625096,雪の華,中島美嘉,http://p1.music.126.net/pN9Z4Yhw2RJN9cpw5f-N-g==/109951169033095431.jpg,5028497628,4.0,
381920,梦回唐朝,唐朝乐队,http://p1.music.126.net/LXcGUC-VTNuizrvuks_pig==/109951170216839320.jpg,3114158828,4.0,
381954,不要逃避,唐朝乐队,http://p1.music.126.net/LXcGUC-VTNuizrvuks_pig==/109951170216839320.jpg,3114158828,4.0,
488459893,英雄梦,颠覆M,http://p1.music.126.net/pqtpu_mtOxA_lGtU6X2Dpw==/109951162965815089.jpg,3114158828,4.0,
351361,勇敢的心,颠覆M,http://p1.music.126.net/_qyFoXhkuqV0zBvJfKW2DQ==/109951164330867464.jpg,3114158828,4.0,
29498587,Mercenary,萨满,http://p1.music.126.net/Fw_iMKenhRj8VgkF-RJOgg==/6653144860572872.jpg,3114158828,4.0,
27588219,Whalesong,萨满,http://p1.music.126.net/zB6AAzHxJ3cl0UAx7faGuw==/5640494650575331.jpg,3114158828,4.0,
28258940,城南游幻,九宝乐队,http://p1.music.126.net/dsnpbNuJPjXPxSRpIChPLA==/109951167853491024.jpg,3114158828,4.0,
28258937,特斯河之赞,九宝乐队,http://p1.music.126.net/dsnpbNuJPjXPxSRpIChPLA==/109951167853491024.jpg,3114158828,4.0,
416385912,乌木,雪沉乐队,http://p1.music.126.net/JjyiSx6CLdcSw4Q8mU5G6w==/18300271533163706.jpg,3114158828,4.0,
354520,鏖战,霜冻前夜乐队,http://p1.music.126.net/JcXighj4ZCkQPYV8O8ia-Q==/72567767449161.jpg,3114158828,4.0,
1060914,"Nocturne No. 2 in E Flat Major, Op. 9, No. 2",Arthur Rubinstein,http://p1.music.126.net/Dvhon4mH7qimTtE7q3omTw==/1419469524716144.jpg,2065854146,4.0,
1060910,"Nocturne No. 1 in B Flat Minor, Op. 9, No. 1",Arthur Rubinstein,http://p1.music.126.net/Dvhon4mH7qimTtE7q3omTw==/1419469524716144.jpg,2065854146,4.0,
1091088,canon in d,Brian Crain,http://p1.music.126.net/vewfGOB1Y_FdA-tG0a9tjA==/109951169818980292.jpg,2065854146,4.0,
1501797,Arioso,Shuku Iwasaki,http://p1.music.126.net/8HLEIqR6PmHPpA_eKddNEA==/109951167582728865.jpg,2065854146,4.0,
25830169,嘉沃特舞曲,Johann Sebastian Bach,http://p1.music.126.net/fzpX1PppXWeR3BtwlC2dWg==/2531075768909159.jpg,2065854146,4.0,
2049751995,Ave Maria D.839,Tenor Heikki Halinen,http://p1.music.126.net/XayHiA2tuZZr_NjQcfo55A==/109951168632719717.jpg,2065854146,4.0,
5105959,Salut D’amour Op. 12,Edward Elgar,http://p1.music.126.net/IiMDCvc5XqXNacw1XNZxDA==/2539871860492877.jpg,2065854146,4.0,
1501811,Traumerei,Shuku Iwasaki,http://p1.music.126.net/8HLEIqR6PmHPpA_eKddNEA==/109951167582728865.jpg,2065854146,4.0,
1060948,"Nocturne No. 13 in C Minor, Op. 48, No. 1",Arthur Rubinstein,http://p1.music.126.net/Dvhon4mH7qimTtE7q3omTw==/1419469524716144.jpg,2065854146,4.0,
22538955,Moon River (Silver Screen Classics Album Version),David Davidson,http://p1.music.126.net/OnmhjKZ5sz_ZeVY-AJuGKQ==/109951170951343706.jpg,2065854146,4.0,
3123086,Cottage For Sale,Matt Dennis,http://p2.music.126.net/IQFIGO9_uw5PEc5OWWqk-g==/109951170693530288.jpg,2125737991,4.0,
568374276,The Very Thought of You,Doris Day,http://p2.music.126.net/8XY6UbfX4H4hOsYljeu8Ng==/109951163318733276.jpg,2125737991,4.0,
1142809,My Funny Valentine,Chet Baker,http://p2.music.126.net/g8NhHzPjE1KZPqLwj67kNQ==/109951172053572361.jpg,2125737991,4.0,
2781436,Make Love to Me,June Christy,http://p2.music.126.net/YD72SmX_FhDW4trGiFEZOg==/109951164009537311.jpg,2125737991,4.0,
17374675,It Had To Be You,Dinah Shore,http://p2.music.126.net/h56PyCbGi1R1PpHSLcz1oQ==/109951172182158850.jpg,2125737991,4.0,
5047598,the Way You Look Tonight,Tony Bennett,http://p2.music.126.net/lmzT2FOjZm046OUBCXVSkA==/1729531790504561.jpg,2125737991,4.0,
22472821,Can't We Be Friends?,Frank Sinatra,http://p2.music.126.net/8L5sHbEAjDVOFJVn_WN_MA==/109951170169463943.jpg,2125737991,4.0,
27456157,Lover Man,Sarah Vaughan,http://p2.music.126.net/n4k0DxaIscnpQo4DpG8zVQ==/109951171968137290.jpg,2125737991,4.0,
1649082,What A Wonderful World (Single Version),Louis Armstrong,http://p2.music.126.net/N3qjM1qskbd7Dx_Dynvt1w==/109951169912228684.jpg,2125737991,4.0,
25436770,When I Fall In Love,Carmen McRae,http://p2.music.126.net/_IPoFfjt8s9Ybj-85NXAwA==/109951169137706950.jpg,2125737991,4.0,
1385097822,The Swan,牛天宇 Daniel Niu,http://p2.music.126.net/i0efbzQIIlgYmqFC29Sgug==/109951164305012148.jpg,113780871,5.0,
21693105,But Beautiful,Stan Getz,http://p2.music.126.net/Sa1-yUgnHuTMrSKntRuDvw==/6644348767466764.jpg,113780871,5.0,
16872866,"Porgy (I Loves You, Porgy) (Live At The Village Vanguard, New York, NY, USA / 1961)",Bill Evans Trio,http://p2.music.126.net/UgjEvYOfRobrE3RfD4aL3A==/109951171968316640.jpg,113780871,5.0,
1385098555,I Stepped Into a Dream,牛天宇 Daniel Niu,http://p2.music.126.net/i0efbzQIIlgYmqFC29Sgug==/109951164305012148.jpg,113780871,5.0,
21527114,Don't Worry About Me,Red Garland,http://p2.music.126.net/7K0NVVdaEjk2WeX-Vwvhqg==/109951164582300473.jpg,113780871,5.0,
1385098557,Tell Me How You Glide,牛天宇 Daniel Niu,http://p2.music.126.net/i0efbzQIIlgYmqFC29Sgug==/109951164305012148.jpg,113780871,5.0,
1616681,One Day I'll Fly Away,Keith Jarrett,http://p2.music.126.net/kBNn6qgAdeaBZCYUOQfq2w==/109951165694329843.jpg,113780871,5.0,
21388629,When Summer Comes (Live),Oscar Peterson,http://p2.music.126.net/50y0mgSvtc4Bf6hYZEz3oQ==/706985976671157.jpg,113780871,5.0,
28661464,My Old Flame,Keith Jarrett,http://p2.music.126.net/tjEOoKJjl7PsD7uUDxrk3Q==/18195817928633425.jpg,113780871,5.0,
21527111,Where Or When,Red Garland,http://p2.music.126.net/7K0NVVdaEjk2WeX-Vwvhqg==/109951164582300473.jpg,113780871,5.0,
1934618,Scarborough Fair / Canticle,Simon & Garfunkel,http://p2.music.126.net/KrwYgeCJcMi0oVnjXA7mSQ==/109951165986559483.jpg,997386069,5.0,
2004435,Try to Remember,The Brothers Four,http://p2.music.126.net/H0-upX8mYIrpTiNROWWQ7w==/918092209244651.jpg,997386069,5.0,
1215678,Vincent,Don McLean,http://p2.music.126.net/GD3E4hvcJX3U8VeEFxYDmg==/905997581330533.jpg,997386069,5.0,
17992646,Changes,Phil Ochs,http://p2.music.126.net/Rh5Dfeu97PB8NjUWwphttA==/109951164106782563.jpg,997386069,5.0,
18855067,Diamonds And Rust,Joan Baez,http://p2.music.126.net/6nXS7QW0aSnjBq1H_4gROw==/2540971372812661.jpg,997386069,5.0,
5191763,The Other Side Of The Sun,Janis Ian,http://p2.music.126.net/DPu8DVrhH4ghlWpSM2ms0w==/757563511583251.jpg,997386069,5.0,
5113327,The Sound Of Silence,Simon & Garfunkel,http://p2.music.126.net/CyphdMz6SkHmpQbacGjGJw==/6647647302210685.jpg,997386069,5.0,
3405119,Always You,Sophie Zelmani,http://p2.music.126.net/R8Dt05BNdAC6_htrf8wUhw==/109951167336516940.jpg,997386069,5.0,
28959219,Country Nation,Brad Paisley,http://p2.music.126.net/ByxdQYCGt0nyPKQDTYifMw==/109951169034672357.jpg,4975456668,5.0,
3407179,Rock This Country!,Shania Twain,http://p2.music.126.net/muD5_paVYHIWw1CMY5IDEg==/109951163271779878.jpg,4975456668,5.0,
432698847,Vinyl,William Michael Morgan,http://p2.music.126.net/_R2HYMK3U-S26Tpy2JTgAQ==/109951167413843439.jpg,4975456668,5.0,
35847270,Think of You,Chris Young,http://p2.music.126.net/uZyHojqO88-SxtUDzSnoSw==/109951166376841666.jpg,4975456668,5.0,
18641838,Whatcha Reckon,Josh Turner,http://p2.music.126.net/dB-GJpQ1NymGwN6C2G-pZA==/6665239488270529.jpg,4975456668,5.0,
17485724,Ready to Run,The Chicks,http://p2.music.126.net/YmGavMVcE0UwHHeBqPyFvQ==/109951165997156067.jpg,4975456668,5.0,
22585719,Precious Memories,Charlie McCoy,http://p2.music.126.net/xgNcvIq9H4COEYnq2gsCBg==/109951166289670983.jpg,4975456668,5.0,
2423360,I Will Always Love You,Dolly Parton,http://p2.music.126.net/R3trvzsikJKJvTwkxifXXA==/109951165963286071.jpg,4975456668,5.0,
19307147,What If She's An Angel,Tommy Shane Steiner,http://p2.music.126.net/iIm3OoLXlw-1_Ns_EzUmZg==/109951170193116076.jpg,4975456668,5.0,
26221035,Highway Don't Care,Tim McGraw,http://p2.music.126.net/FZHLjvJXXDPfDSdpwIGSrQ==/109951169425939238.jpg,4975456668,5.0,
480353,いつも何度でも,宗次郎,http://p1.music.126.net/ygxAeYxxXPONww041tylMw==/5996736418028563.jpg,112875926,5.0,
469772,「籠のなか」,増田俊郎,http://p1.music.126.net/eGmx8Ief_Ht83WL2Z0GrwA==/5659186348223730.jpg,112875926,5.0,
4904689,もののけ姫,宗次郎,http://p1.music.126.net/OLR8pDUR87SV2mXR7YfZuQ==/683896232488507.jpg,112875926,5.0,
406238,Flower Dance,DJ Okawari,http://p1.music.126.net/Ht2oP1r8uK7GSZGZupbBWA==/109951168761281269.jpg,112875926,5.0,
448065,孤独な巡礼,川井憲次,http://p1.music.126.net/PWhNGx0DS98ziW9bPECnew==/109951171472519053.jpg,112875926,5.0,
28411784,夏祭り、夢花火。,妹尾武,http://p1.music.126.net/Ci18FchnB6Z7I4ybjVpALw==/6007731534416117.jpg,112875926,5.0,
448119,騎士王の誇り,川井憲次,http://p1.music.126.net/PWhNGx0DS98ziW9bPECnew==/109951171472519053.jpg,112875926,5.0,
34986118,-Paradox-,終焉ノ栞プロジェクト,http://p1.music.126.net/TwhcA8EqvxQiy6OBk7Bcgw==/109951167359707720.jpg,112875926,5.0,
528309,"One more time, One more chance Piano ver",天門,http://p1.music.126.net/8YoHguW4VM84BbjHUgpipw==/109951168282411219.jpg,112875926,5.0,
32102401,南方,文雀,http://p1.music.126.net/pmzGdaJ6cz3KDlbkLvx8yw==/2929098977873572.jpg,390783436,5.0,
29049859,水母,现象师,http://p1.music.126.net/WqnA-hC61TcA-UQwdzF0lQ==/7742760882881874.jpg,390783436,5.0,
355456,花火,Fragile,http://p1.music.126.net/Wb6S2ppj77RGbi2RXs0Ffw==/109951169232714893.jpg,390783436,5.0,
27785104,迷航,发光曲线,http://p1.music.126.net/s-1-LTZTVVR-8lSawzPxvg==/109951172314054751.jpg,390783436,5.0,
29371030,深蓝,Hyaline Gap,http://p1.music.126.net/37Yopy7BfjChfAV1cF0wUg==/6632254139217939.jpg,390783436,5.0,
27789013,谢谢,时过夏末,http://p1.music.126.net/CsGf3FdXiECe187WpEGp8g==/109951168939831094.jpg,390783436,5.0,
383347,Eros!,Time in muscat,http://p1.music.126.net/Kc1jWrmLK6oj7ZxlCIG60g==/34084860477829.jpg,390783436,5.0,
26160275,guilin,Miss Woman,http://p1.music.126.net/ylFsF_KD-TLQeLH06Gf-1g==/109951168610855111.jpg,390783436,5.0,
77145,旺天下,窦唯,http://p1.music.126.net/w6Qi3uLCwIqmoknLBYM2pw==/109951170074965679.jpg,390783436,5.0,
28860668,粼兰曲,布衣乐队,http://p1.music.126.net/4pfgiM21j2bFsgShCZtUIA==/109951167815175791.jpg,390783436,5.0,
34367795,おかえり,小岩井ことり,http://p2.music.126.net/vhs1K126FFXfdpSIXd8Ing==/3275445139765656.jpg,473445872,5.0,
31967059,ベルアップ!,黒沢ともよ,http://p2.music.126.net/N395ZU3VM_QfIsjewPZCcg==/7703178465788424.jpg,473445872,5.0,
1941266022,可愛くなりたい,HoneyWorks,http://p2.music.126.net/v0ghE103R7vDjWpvEC4Iww==/109951167338147434.jpg,473445872,5.0,
4933535,スマイル☆ピース,伊藤かな恵,http://p2.music.126.net/3xgiCqC_odZ-EVhT50K4Sw==/6061607604267191.jpg,473445872,5.0,
28240717,BINKANあてんしょん,小倉唯,http://p2.music.126.net/aLcYh5fyCfJsfF-HRiALOg==/6034119813244948.jpg,473445872,5.0,
29950472,おーぷん☆きゃんばす,阿澄佳奈,http://p2.music.126.net/xRiFE3qSnxkOzLYa0Omszg==/2885118511520784.jpg,473445872,5.0,
32098075,Good bye & Good luck,飯田里穂,http://p2.music.126.net/Q7AIjAGzjwNc6n12puvwpQ==/7699879930959580.jpg,473445872,5.0,
29298951,さつきいろハルジオン,Rhodanthe*,http://p2.music.126.net/Na7LfZoYh1VF9rooaXRO3g==/109951170423426575.jpg,473445872,5.0,
415787008,なのです!,ななひら,http://p2.music.126.net/h7-PA6-oNfaFFQGtCmW-qQ==/1411772941348716.jpg,473445872,5.0,
31311205,夕暮れ(カバー),THE ROLLING GIRLS,http://p2.music.126.net/3K3K5wWj3v9IjOn5TkTyPw==/109951163597992477.jpg,473445872,5.0,
26736339,Hoping (Herbert's High Dub),Louie Austen,http://p1.music.126.net/51cguFSk6T-6KZsRPVKaEg==/5682276092429747.jpg,11067348,5.0,
30355936,Celestial Blues (The Avener Rework),Andy Bey,http://p1.music.126.net/zsLsllWCvJafE0mUb5tuRA==/109951166014949725.jpg,11067348,5.0,
26322486,Always Like This,HVOB,http://p1.music.126.net/gWpJYT5o1BaSbwj174n8nA==/109951163518554098.jpg,11067348,5.0,
17829256,Noodle Soup,Four80East,http://p2.music.126.net/dK7x6gPo2B-mys6rYiIw5g==/109951166096808738.jpg,11067348,5.0,
27748512,Street Life (Original Mix),Purple Disco Machine,http://p2.music.126.net/IgF1PAvQ35WPiCh94viF6A==/18445407067833981.jpg,11067348,5.0,
29456246,Please Don't Take Me Home,Gui Boratto,http://p2.music.126.net/JG0XRmeTj1i0Lm8oyAzw5g==/109951167381896535.jpg,11067348,5.0,
23435807,Peaceful Dawn (Kai Urig Remix),Artful Dice,http://p2.music.126.net/2FC_Nk-5lfUl6RPL8nnz2g==/900500023190697.jpg,11067348,5.0,
28248640,Give You Up (Darius Remix) [feat. KLP],Le Crayon,http://p2.music.126.net/1iOkyDsvVTv2Tf56eevDqw==/5993437883047927.jpg,11067348,5.0,
409060859,Losing Sleep (Blank & Jones Remix),Jylland,http://p2.music.126.net/Ybu7WCXeQjlmY2ubAC9HAQ==/109951163303849490.jpg,11067348,5.0,
29008037,Fade Out Lines,The Avener,http://p2.music.126.net/6_9w9eRwKsGk3VxqK-u38Q==/6661940952791546.jpg,11067348,5.0,
5165666,Creep,Karen Souza,http://p2.music.126.net/RZx0_O-FNJegKa-Svk9_9w==/2528876745030005.jpg,4974682089,5.0,
19027628,Every Breath You Take,Karen Souza,http://p2.music.126.net/Hbhf_67skL4KYL6kQMCGXA==/6633353651372221.jpg,4974682089,5.0,
25016832,Smoke on the Water,The Cooltrane Quartet,http://p2.music.126.net/oqTjhc5yLEYTUFCkTHqHfQ==/109951163483140467.jpg,4974682089,5.0,
562819902,Live Forever,The Cooltrane Quartet,http://p2.music.126.net/ACDkzFHUKHDttU2c2BxsOQ==/109951164627182490.jpg,4974682089,5.0,
554034923,Girls and Boys,Jamie Lancaster,http://p2.music.126.net/9RUEq5YsEEkQmFj_PKjIaQ==/109951164846086667.jpg,4974682089,5.0,
25279677,Wonderwall,The Cooltrane Quartet,http://p2.music.126.net/-ZoeFc0vrDe5CTMOVp_jQA==/109951163481359495.jpg,4974682089,5.0,
5119513,Don't Cry,São Vicente,http://p2.music.126.net/lB80WHsDGkk8o5Hk146jvQ==/1764716162592508.jpg,4974682089,5.0,
5109719,Smells Like Teen Spirit,Ituana,http://p2.music.126.net/iBCiooAHS_8MJ0bL6DWhaQ==/1785606883518603.jpg,4974682089,5.0,
5119536,(I Can't Get No) Satisfaction,Michelle Simonal,http://p2.music.126.net/lB80WHsDGkk8o5Hk146jvQ==/1764716162592508.jpg,4974682089,5.0,
5109708,Boys Don't Cry,Jamie Lancaster,http://p2.music.126.net/iBCiooAHS_8MJ0bL6DWhaQ==/1785606883518603.jpg,4974682089,5.0,
1857026754,飞,Matt吕彦良,http://p2.music.126.net/smZrWpMyIoE21rLnTTH3rw==/109951166129285745.jpg,2936255937,5.0,
1831905172,boyfriend material,Gareth.T,http://p2.music.126.net/jcvpwxdIrCDLcirEOwU4aQ==/109951165828439470.jpg,2936255937,5.0,
2084080918,nevermind.,舵Diverseddie,http://p2.music.126.net/HIOFgKl3VujVUk0PuxWX2w==/109951168930810184.jpg,2936255937,5.0,
2085525327,On My Mind,Luts,http://p2.music.126.net/MzEoA7VZG4AJYqwGaIoAXQ==/109951168940754976.jpg,2936255937,5.0,
2082371151,Made For Me,Muni Long,http://p2.music.126.net/le4LD_xvqAStdvGEpVfcKA==/109951168916817644.jpg,2936255937,5.0,
2100611143,2000km,DEN,http://p2.music.126.net/o6Iecbh5RSWz7iiNQj5pWQ==/109951169254046207.jpg,2936255937,5.0,
1865081647,Float,Olivia Dean,http://p2.music.126.net/nd_9dp9Y3dz7qOUfsuJtfg==/109951166229075231.jpg,2936255937,5.0,
1156466,Smoke Gets in Your Eyes,Coleman Hawkins,http://p2.music.126.net/td9w6dAiomVj2FgN94x06w==/935684395283357.jpg,2651898154,5.0,
1383916,Night Lights (1963 Version),Gerry Mulligan,http://p2.music.126.net/SsSoavKvY7fgA5-tr4ivog==/109951168324416078.jpg,2651898154,5.0,
21335867,Flamenco Sketches,Miles Davis,http://p2.music.126.net/rPNs0i6hnZYGsYtB3WAuAw==/109951165960443532.jpg,2651898154,5.0,
1027371,My One and Only Love,Art Tatum,http://p2.music.126.net/iaJy0QfeQyrGHJXxTkvcmQ==/887305883659652.jpg,2651898154,5.0,
1658974,Stardust,Lester Young,http://p2.music.126.net/yDD5ueSfIaFmaiK7rDWsOw==/18415720254209903.jpg,2651898154,5.0,
1227390,My Little Brown Book,Duke Ellington,http://p2.music.126.net/nRNauWS3IMIv7UtEkwOM-w==/854320534825364.jpg,2651898154,5.0,
16635637,When I Fall In Love,Ben Webster,http://p2.music.126.net/w8plElBMW9oqNHa8fx07yw==/109951170565712198.jpg,2651898154,5.0,
5022086,Little Girl Blue [#],Chet Baker,http://p2.music.126.net/JK1amgWzSEoyhjgu6ih_iw==/1814194185840556.jpg,2651898154,5.0,
2299986,"It's Been a Long, Long Time",Beegie Adair,http://p2.music.126.net/bpVw0wIzRXAGo8JsLKEsLw==/109951168831617998.jpg,2651898154,5.0,
1465776,Easy Living (Album Version),Ike Quebec,http://p2.music.126.net/G18BWjiGcVDDlI9ib7wIgw==/109951167896615256.jpg,2651898154,5.0,
1348688293,☾,沙皮,http://p2.music.126.net/Xj0859TrE7ZOCz911WVoXg==/109951167399766810.jpg,132259437,5.0,
1416430733,=̴̶̷̤̄,沙皮,http://p2.music.126.net/Xj0859TrE7ZOCz911WVoXg==/109951167399766810.jpg,132259437,5.0,
29137872,ζ,α·Pav,http://p2.music.126.net/U5O4aGdTvcnHSA5HhxLapg==/7937374441937799.jpg,132259437,5.0,
29137871,η,α·Pav,http://p2.music.126.net/U5O4aGdTvcnHSA5HhxLapg==/7937374441937799.jpg,132259437,5.0,
1806854425,☾,水仙LONE,http://p2.music.126.net/l8NTJXD8d79RSTuxgPKWUg==/109951165566826648.jpg,132259437,5.0,
28699005,K.,Aron Bergen,http://p2.music.126.net/3wSqK8GSPtyQD3We-eyA9A==/109951168070913469.jpg,132259437,5.0,
471986831,The World Is Asleep,Svanur岛菌,http://p2.music.126.net/6jKSRKR8ooE2F0wxmvoBdQ==/109951162902252256.jpg,132259437,5.0,
1442191755,ɪsᴏʟᴀᴛɪᴏɴ,Stevieboi,http://p2.music.126.net/ZK1_bRNazHRcL-rza41zxA==/109951164924535851.jpg,132259437,5.0,
18057484,Threnody,Goldmund,http://p2.music.126.net/vwTBDbUbHmDRrAYg6gxxfQ==/109951163439384227.jpg,132259437,5.0,
28226052,Song On The Beach,Arcade Fire,http://p2.music.126.net/yfO3D-nxqYw71TivgJCunw==/5924168650524545.jpg,132259437,5.0,
532931,彼岸花,高梨康治,http://p2.music.126.net/s0G2ZHE93FdOppJHx_azdQ==/743269860388688.jpg,5026417815,5.0,
536622718,別離,川井憲次,http://p2.music.126.net/lWvwd_TlLeHd7e7o53s-Uw==/109951163161447987.jpg,5026417815,5.0,
706214,里帰り,京箪笥,http://p2.music.126.net/bOn7peS1nYkz1JAt3w4WAg==/2391437790438487.jpg,5026417815,5.0,
533063,地狱少女,高梨康治,http://p2.music.126.net/ud8DUrPYPGkXPwIYIRSzEA==/826832744087603.jpg,5026417815,5.0,
536570735,約束の花,川井憲次,http://p2.music.126.net/lWvwd_TlLeHd7e7o53s-Uw==/109951163161447987.jpg,5026417815,5.0,
4928431,惨劇の記憶,柿島伸次,http://p2.music.126.net/yT_8xbkkk54A4SqSwDSE8A==/109951170423457001.jpg,5026417815,5.0,
26111688,花が散る世界,Revo,http://p2.music.126.net/DPZMEsUkfEuUsFl6R5qMVQ==/109951170629090801.jpg,5026417815,5.0,
4971479,ここは侍の国だ,Audio Highs,http://p2.music.126.net/ixoG7_ZCA17gjeHLiqNUEQ==/109951172138992226.jpg,5026417815,5.0,
533155,蜘蛛と老婆と少女,高梨康治,http://p2.music.126.net/Uzmc28JSwc0RKEdw_pMn7g==/777354720849519.jpg,5026417815,5.0,
22790286,運命の夜 -piano ver.-,川井憲次,http://p2.music.126.net/1e-Z4u1_Hrr6kieMgG1Mfg==/891703930149876.jpg,5026417815,5.0,
439646488,归园田居,茶师,http://p1.music.126.net/6IFFO7oavitqCqP4g9hmHw==/109951162805466398.jpg,2685449094,5.0,
466983594,陶然四季（Cover 橙翼）,酒蓝,http://p1.music.126.net/m0YfGzHz9W6B9F2to6LrKg==/109951165735112508.jpg,2685449094,5.0,
31066350,山水闲人,五色石南叶,http://p1.music.126.net/EWg7hGZtSVDbE6guZPiqLw==/7812030115856749.jpg,2685449094,5.0,
38574421,古旧人间,Tacke竹桑,http://p1.music.126.net/kLGkxZl0xRcCYBJnR7Ru8w==/16668596277211230.jpg,2685449094,5.0,
556204026,岁闲青山,Smile_小千,http://p1.music.126.net/xVvktztqvjgyMUBRQeeDfQ==/109951163271890902.jpg,2685449094,5.0,
28188427,棠梨煎雪,银临,http://p1.music.126.net/LBnYDAUED2mD1veBvBnC8g==/5859297464524710.jpg,2685449094,5.0,
413830478,如怀尺璧,人衣大人,http://p1.music.126.net/afeZI4vClmdsCIoaJAmnaQ==/18199116463254433.jpg,2685449094,5.0,
461088103,锦瑟长思,银临,http://p1.music.126.net/3bf8LLs6LYR_HpH6q40Y-Q==/109951167148119195.jpg,2685449094,5.0,
35310154,Peace Of Mind,Electus,http://p2.music.126.net/EFu3pCoqt7ncRA6EXh618Q==/3415083116358767.jpg,411796573,5.0,
30375354,Still,Timirage,http://p2.music.126.net/_Jumf5P8d2KBBD_gwJMafQ==/7715273092246768.jpg,411796573,5.0,
32924053,You Don't Have To,Poolz,http://p1.music.126.net/fKEfwzNZZPQgHadA2qwVYA==/7989051488122852.jpg,411796573,5.0,
417833675,Flower of the North,Krisu,http://p1.music.126.net/HzAk7wO0CXyfLe6f4e0JwA==/3417282149451087.jpg,411796573,5.0,
478736122,Spirit,Fabled,http://p1.music.126.net/fsxg9KTcT5PoPAizqgAhxA==/109951169301129069.jpg,411796573,5.0,
38018486,Collapsing World,Lightscape,http://p1.music.126.net/b-zvY5gJZ2zZ-F7WcH1cbg==/109951167955465270.jpg,411796573,5.0,
35497894,The Garden of Escapism,Miro,http://p1.music.126.net/s4HhOfF6EJc4AFYakt4Aug==/109951164415668096.jpg,411796573,5.0,
417833674,Fireflies,Krisu,http://p1.music.126.net/HzAk7wO0CXyfLe6f4e0JwA==/3417282149451087.jpg,411796573,5.0,
29312069,Temple of Light,Electus,http://p1.music.126.net/Z1YH9El5fkm8KfgIJsV7WA==/6621259023592820.jpg,411796573,5.0,
32574634,I Need You,Actium,http://p1.music.126.net/r8Jwaut0r4donMGsMGcvbA==/109951169295506529.jpg,411796573,5.0,
447925059,阿刁,赵雷,http://p1.music.126.net/-noYXenVuiTrlcxrCqNPjQ==/109951169213362679.jpg,919939187,5.0,
26494698,米店,张玮玮,http://p1.music.126.net/iFU9kre1x8TFUSG5DXdjHQ==/109951169009640394.jpg,919939187,5.0,
504505986,旧事,留声玩具,http://p1.music.126.net/XVJrahF11r99pPeX8YIKEA==/109951163033248504.jpg,919939187,5.0,
543608245,佐茶语,鱼果,http://p1.music.126.net/yIvZCAuhuVtcPN8jhtFUTA==/109951163175491803.jpg,919939187,5.0,
29414460,往事只能回味,好妹妹乐队,http://p1.music.126.net/GCJy3VguiVQIvzfTwResMg==/2535473813700425.jpg,919939187,5.0,
447683909,生命的意义,曹秦,http://p1.music.126.net/fbuXh5PSO7jzHK2fkUgIHQ==/109951163089218893.jpg,919939187,5.0,
148868,在小时候的黄昏见,宋捷,http://p1.music.126.net/kTepgsURw4Ow-aqvi4E3Ew==/130841883718460.jpg,919939187,5.0,
33166601,唱给自己的歌,王继阳,http://p2.music.126.net/pksSYxP3e_HkbX7zwPvxjg==/7841716930323893.jpg,919939187,5.0,
453569179,自然与你有关,纣王老胡,http://p2.music.126.net/RMDUxtmfRe5VzZzSSUczMA==/109951162843437283.jpg,919939187,5.0,
34613812,砕月,Pizuya's Cell,http://p2.music.126.net/b0OlDX-V0EU7iFCX2y03Pw==/109951171314966754.jpg,913908853,5.0,
774480,宴,流派未確定,http://p2.music.126.net/xjaojG4VwkCbtHNFb7xzFA==/737772302249825.jpg,913908853,5.0,
802536,紅楼,PHOENIX Project,http://p1.music.126.net/Hi7DHI6D_k4EUiOE8JDNYw==/109951171287061312.jpg,913908853,5.0,
34367059,諷詠,流派未月亭,http://p1.music.126.net/VDmsKzKjpy05L2QWjQJQXw==/3366704604816508.jpg,913908853,5.0,
852438,砕月,TUMENECO,http://p1.music.126.net/Hwi8LqVQStd4kTJRKcdPYQ==/902699046404219.jpg,913908853,5.0,
34613811,戦迅,Pizuya's Cell,http://p1.music.126.net/b0OlDX-V0EU7iFCX2y03Pw==/109951171314966754.jpg,913908853,5.0,
28230960,砕月,まらしぃ,http://p1.music.126.net/4zK3irXdxlUZHNsBOcL0nA==/5985741301616551.jpg,913908853,5.0,
27692037,寂風,As/Hi Soundworks,http://p1.music.126.net/as3e2hJoylZqwD3XL5Kb4Q==/1296324209186769.jpg,913908853,5.0,
774461,夜风,流派未確定,http://p1.music.126.net/xjaojG4VwkCbtHNFb7xzFA==/737772302249825.jpg,913908853,5.0,
774422,终焉,流派未確定,http://p1.music.126.net/sqFK3ccR6EIuKlsRWZZ30g==/914793674309790.jpg,913908853,5.0,
27548281,歌に形はないけれど,花たん,http://p1.music.126.net/sK2Rsvagw2iHFG6_jTqb3Q==/5752644836589495.jpg,94284266,5.0,
31134451,心做し,majiko,http://p1.music.126.net/CJ7olt52TMdqvamN7EhkIQ==/7735064301958473.jpg,94284266,5.0,
29922945,WAVE,96猫,http://p1.music.126.net/o3ufVwBcn7fpGlNL4uZqNw==/3245758328218723.jpg,94284266,5.0,
27602839,ピエロ,鹿乃,http://p1.music.126.net/ZvUIE8dl3iM15BXurWgqAg==/5507453743618637.jpg,94284266,5.0,
30245014,ダヴィンチの告白,松下,http://p1.music.126.net/GuBhKZIHn9ZefOwcnE-y9Q==/109951163597317405.jpg,94284266,5.0,
427419509,可愛くなりたい (feat. 鎖那),HoneyWorks,http://p1.music.126.net/D_KEqB9Y9ONVLRMYqKuTAA==/109951169052284566.jpg,94284266,5.0,
445844962,隨心所欲Mercy,柿チョコ,http://p1.music.126.net/FZX7XAjsmEPGyVOqm4H7aQ==/109951166361039007.jpg,94284266,5.0,
4884864,僕らのつづき,柊優花,http://p1.music.126.net/3mIeNG_Wc2kr2x_ztRYucA==/109951170990296595.jpg,94284266,5.0,
29747568,Rolling Girl,秋赤音,http://p2.music.126.net/FZX7XAjsmEPGyVOqm4H7aQ==/109951166361039007.jpg,94284266,5.0,
29046094,四季刻歌,黒兎ウル,http://p2.music.126.net/sA3kJPbWC6hKQGEvzO1Ccg==/6659741929670190.jpg,94284266,5.0,
591658,Le Repos Du Guerrier,中川幸太郎,http://p1.music.126.net/g2uON5htQxRm5XsGRrgPxg==/109951165141298519.jpg,872527977,5.0,
4953225,Fade To Black_Irish Dance,鷺巣詩郎,http://p1.music.126.net/giXTkK4tnI5DrcxZmKF6vQ==/109951168053609835.jpg,872527977,5.0,
574925081,Bring It On Home,Evan Call,http://p1.music.126.net/QfhgwqCptnVUl9Rpm_Vz9A==/109951163380357319.jpg,872527977,5.0,
574925121,The Fire Within Us All,Evan Call,http://p1.music.126.net/QfhgwqCptnVUl9Rpm_Vz9A==/109951163380357319.jpg,872527977,5.0,
2116383144,Zoltraak,Evan Call,http://p1.music.126.net/8RdmkeoexrTxI7PdasUkhA==/109951169761664617.jpg,872527977,5.0,
2146702279,The Magic Within,Evan Call,http://p1.music.126.net/n21kvn_4tw2AFdVHJX4bjg==/109951169594833348.jpg,872527977,5.0,
574925117,Rumble in the Streets,Evan Call,http://p1.music.126.net/QfhgwqCptnVUl9Rpm_Vz9A==/109951163380357319.jpg,872527977,5.0,
574925105,The Bonds That Define Us,Evan Call,http://p1.music.126.net/QfhgwqCptnVUl9Rpm_Vz9A==/109951163380357319.jpg,872527977,5.0,
27785806,Ortus,水谷広実,http://p1.music.126.net/aPht7G3Gj80SQtqjsj2rMA==/109951163351874331.jpg,872527977,5.0,
31356170,PT-2:罪,澤野弘之,http://p1.music.126.net/e3rmZJOL3JxYvgmBFzS5eQ==/109951166197978500.jpg,872527977,5.0,
1529633,To Train Together,Jan A.P. Kaczmarek,http://p1.music.126.net/lD4EwBEM5llI5m_17oTHkA==/837827860418750.jpg,156659312,5.0,
1648647,Una Mattina,Ludovico Einaudi,http://p1.music.126.net/uN-lOfbNT_HHE0mXya5ldA==/6652045348253004.jpg,156659312,5.0,
1012226,Main Title,Aaron Zigman,http://p1.music.126.net/xWs5O62vhaDpJROgJJDr0g==/109951163936008885.jpg,156659312,5.0,
5027096,Playing Love (Piano Version),Ennio Morricone,http://p1.music.126.net/5noTd4FquUnhtz4aYQ5KaA==/109951165959985549.jpg,156659312,5.0,
16336963,Evgeni's Waltz,Abel Korzeniowski,http://p1.music.126.net/IUcGhFSfR6wNycC0P8BDFg==/560750930172856.jpg,156659312,5.0,
5029846,Cinema Paradiso,Ennio Morricone,http://p1.music.126.net/sCxbPwt4r7uhnRZQhfQAog==/637716744155915.jpg,156659312,5.0,
25714114,Travel To Edinburgh,Tom Tykwer,http://p1.music.126.net/vX4KSpJ0KyD3naKbG_bbkQ==/109951165967316540.jpg,156659312,5.0,
26484494,"Still There, Still There",Graham Reynolds,http://p1.music.126.net/fA2NHIDqoCbfZN3iK7e-6g==/109951167576740006.jpg,156659312,5.0,
27810028,The About Time Theme,NICK LAIRD-CLOWES,http://p1.music.126.net/olKOd9XTWJnS1plHsglZyg==/109951168031039462.jpg,156659312,5.0,
1717198,The Heart Asks Pleasure First,Michael Nyman,http://p1.music.126.net/B3ntD2X3clISkCZQR_Yjtw==/895002465062852.jpg,156659312,5.0,
28018474,風色メロディ,大空直美,http://p1.music.126.net/AJtbFe9nsCuf1k54kGDNlw==/5790028231914978.jpg,745510353,5.0,
426501183,Wishing,水瀬いのり,http://p1.music.126.net/XPok0yqNZ314SgTI0tViyA==/109951171350922045.jpg,745510353,5.0,
41645488,ちいさな冒険者,雨宮天,http://p1.music.126.net/sB9Dgytsw36PHYgB8Nxq1Q==/3386495816508708.jpg,745510353,5.0,
456175210,おうちに帰りたい,雨宮天,http://p1.music.126.net/QU-hCU0Yla8wNBV2m66urg==/18735678139060808.jpg,745510353,5.0,
26202010,いちばんいっぱい,放課後ティータイム,http://p1.music.126.net/B_sCLXthAHgoVEMIRNU1hw==/109951163559682176.jpg,745510353,5.0,
419250418,きみにとどけ,佐藤亜美菜,http://p2.music.126.net/6AhCZOo2yixW0JTdpt3lxg==/3420580698151443.jpg,745510353,5.0,
28411764,涙はらはら,大空直美,http://p2.music.126.net/Ci18FchnB6Z7I4ybjVpALw==/6007731534416117.jpg,745510353,5.0,
28254812,空へ・・・,井口裕香,http://p2.music.126.net/qp5RIeybRY-01Xakv6gzKQ==/5886785255254863.jpg,745510353,5.0,
31010905,ほんわか日和,佳村はるか,http://p2.music.126.net/4aqLFIuXtKBS9xkLjHm1_g==/7794437929778758.jpg,745510353,5.0,
28315582,I wonder why…,花澤香菜,http://p2.music.126.net/eVqIJ_V6O4pBUIykFN4cTA==/5924168650605389.jpg,745510353,5.0,
3951888,Red Necks,Blur,http://p1.music.126.net/Ycv8qJJj8otV-fh_49PJtw==/727876697631869.jpg,6666112560,5.0,
1409394527,Scrawny,Wallows,http://p2.music.126.net/4KLgXG3j7jctj2erIjpYaQ==/109951164547093426.jpg,6666112560,5.0,
16880812,It Could Be You (2012 Remaster),Blur,http://p2.music.126.net/9usMrSZFvZJz1BACCN59oQ==/109951166951434877.jpg,6666112560,5.0,
21969941,Sugar Girl,The Cure,http://p2.music.126.net/0Nz4hVlWHlIEih_PbYiplA==/109951167346333561.jpg,6666112560,5.0,
3950872,The Wassailing Song (Andy Partridge Versions),Blur,http://p2.music.126.net/d3tyUbtR8RzwKNyFqSUIxg==/1708641069571491.jpg,6666112560,5.0,
1476674105,Pink,The Beanie Kids,http://p2.music.126.net/MR4tSDIEcWSdz-gbPckWlA==/109951165295252979.jpg,6666112560,5.0,
31246695,Ong Ong,Blur,http://p2.music.126.net/4O0qvAEONLc4DOzeTVCbfg==/109951168588307814.jpg,6666112560,5.0,
18536219,No-No Song,Ringo Starr,http://p2.music.126.net/Ope3k5n-FzECb2NnEBy1LQ==/109951168704145077.jpg,6666112560,5.0,
21715511,Puzzle Pieces,Saint Motel,http://p2.music.126.net/iq98sna-Y-JJphQu1fOJpA==/109951164853547380.jpg,6666112560,5.0,
410846168,Faithless the Wonder Boy,Radiohead,http://p2.music.126.net/Bb2fD94asOFLfNAINd1Lhw==/18245295951581413.jpg,6666112560,5.0,
2145152864,宝莲,刘烨溦,http://p1.music.126.net/5rfLUX2a4Ow2yychY31WoQ==/109951169490613071.jpg,3001035934,5.0,
2065501232,羞涩爱情,苏运莹,http://p1.music.126.net/GjhknttC-l9eVe34VQ6Sgg==/109951168753541230.jpg,3001035934,5.0,
25703008,万物生(国),萨顶顶,http://p1.music.126.net/1C1hVHEsIhT0lumGtKySbA==/109951163067297063.jpg,3001035934,5.0,
2005218684,揽月,Ice Paper,http://p1.music.126.net/kVb7tiamBwEEPzR0SlJb3g==/109951168129270915.jpg,3001035934,5.0,
1951980693,艳,ONER,http://p1.music.126.net/jFkiKK1EtAmkOPeCjBK1Wg==/109951167493773275.jpg,3001035934,5.0,
2615862172,喜欢红楼梦,Max李玄,http://p1.music.126.net/Bu5aYDPXiXxTayyiaACiig==/109951169858717510.jpg,3001035934,5.0,
1978759257,再点一炉香,wweimm微米,http://p1.music.126.net/iFaX38r7JnpEPvs3NXgI3w==/109951167849274646.jpg,3001035934,5.0,
2151212216,逐客令,王澳楠EVE,http://p2.music.126.net/gI7vTd_OxSRgX-kflYZVdA==/109951169547090093.jpg,3001035934,5.0,
1949353451,阿苏,白静晨,http://p2.music.126.net/Xvf_mHa_aUI2fWGPGnGnbA==/109951171029792519.jpg,3001035934,5.0,
2094393341,刀切五花,wweimm微米,http://p2.music.126.net/kmkOe9GRJ9-piGfh4AQn5w==/109951169012107815.jpg,3001035934,5.0,
28306077,She Looks So Perfect (Mikey Demo Vocal),5 Seconds of Summer,http://p2.music.126.net/PBYrAEUeaqX-Jlnw7JAqOg==/17812088370388893.jpg,48293091,5.0,
28285968,Best Day of My Life,American Authors,http://p2.music.126.net/erUykBj82pGzeNqkmsevqQ==/109951165991659312.jpg,48293091,5.0,
29378212,Heroes (We Could Be),Alesso,http://p2.music.126.net/MIw9swwubd9fyCuHjdUXbg==/109951163116050292.jpg,48293091,5.0,
33051313,Wake (Live),Hillsong Young & Free,http://p2.music.126.net/ROu52DfZhbUtYQTt_X8vpg==/109951167557295220.jpg,48293091,5.0,
17753597,I Could Go,Oberhofer,http://p2.music.126.net/tA9GQHj2BtnHWjnlGRBTQg==/109951163409405816.jpg,48293091,5.0,
4016513,Safe and Sound,Capital Cities,http://p2.music.126.net/e4dQToqnTsoCaYqqfnCuFg==/2282586139280987.jpg,48293091,5.0,
16500455,Sail,AWOLNATION,http://p2.music.126.net/FY4cPKifmUobgmddzmqc1Q==/18292574951869980.jpg,48293091,5.0,
27542160,Take Me Home (feat. Bebe Rexha),Cash Cash,http://p2.music.126.net/yCCLCf9s8HU2MygafMVP9A==/109951172453364771.jpg,48293091,5.0,
19563214,We Can Make The World Stop,The Glitch Mob,http://p2.music.126.net/9mdfZQDgFSSZNrPRJ0fqRg==/109951164757717061.jpg,48293091,5.0,
356034,Young For You,GALA,http://p2.music.126.net/_g_52t_RLrYze2dNBkvHvg==/65970697682161.jpg,48293091,5.0,
571336152,明日への扉,高橋未奈美,http://p1.music.126.net/gOXKt-fll1FL1mN1JU1oZw==/109951165706041519.jpg,805407063,5.0,
442589231,Because of,秋野花,http://p1.music.126.net/gfsoVHBftC5UUewJgDC6jg==/18577348464237755.jpg,805407063,5.0,
30070747,私の言葉,久保ユリカ,http://p1.music.126.net/PAcu0nMcpLsZCg9bp_5FOA==/7835119859540294.jpg,805407063,5.0,
454224285,バレンタインキッス,柊優花,http://p1.music.126.net/2KBSd8HocF3fT5R3F3nIBg==/18663110371513675.jpg,805407063,5.0,
31311158,リカバーデコレーション,花澤香菜,http://p1.music.126.net/3GVuEXFl472hZNd_pcGy4Q==/109951163779505931.jpg,805407063,5.0,
27907057,瞳からスノー,東山奈央,http://p1.music.126.net/6rjYLS3THNLspKLXA4wZkg==/109951171495820289.jpg,805407063,5.0,
1474374811,空色サロン,内田真礼,http://p1.music.126.net/4jlYE34r4qxahLCOEL95BQ==/109951165273963790.jpg,805407063,5.0,
1474374809,ボトルシップの旅,水瀬いのり,http://p2.music.126.net/4jlYE34r4qxahLCOEL95BQ==/109951165273963790.jpg,805407063,5.0,
5308068,비오는 소리 (Intro),July,http://p1.music.126.net/-IupsemNeYif1796jkN4MA==/573945069705658.jpg,2075587022,5.0,
35032655,「3D雷雨助眠」Good Night Lullaby,ChenDjoy,http://p1.music.126.net/YBikSLBNAWZ-z_UClWWPyQ==/18448705602489632.jpg,2075587022,5.0,
33933040,여름비 (7月),The Film,http://p1.music.126.net/baCMw_b3IU8GMpo32r3TSg==/3280942697537551.jpg,2075587022,5.0,
5330912,I Need You (Rain Day),단비,http://p1.music.126.net/gPnzpg4-jtPEtrI8LLrc9g==/109951170103239601.jpg,2075587022,5.0,
550144,Rainy Mood,5mg,http://p1.music.126.net/cQ4oM3iTFNIpIkxW89HteQ==/109951163093545902.jpg,2075587022,5.0,
603899,雨,KAO,http://p1.music.126.net/Gh5KZ48FyxlhcE5YKlXXNQ==/668503069699951.jpg,2075587022,5.0,
29713218,rain,ねこぼーろ,http://p1.music.126.net/XQ0apoeD66MvCdhpcBtByg==/3239161255748471.jpg,2075587022,5.0,
139206,雨空,α·Pav,http://p1.music.126.net/23ReIiZK62ArKo8Prvmmcw==/97856534886259.jpg,2075587022,5.0,
5392068,Intro,SWEET SORROW,http://p1.music.126.net/d-0F4v04ifIQMLQIPvUr8w==/664105023188378.jpg,2075587022,5.0,
1293032,Starlight Memories,Dennis Kuo,http://p1.music.126.net/9mY71crkeOgQrFVK-AY9cg==/109951164439091720.jpg,5273305040,5.0,
19934763,Before Dawn,Isaac Shepard,http://p1.music.126.net/bhs09NwwLaf68E58BZ2I1Q==/109951163935986284.jpg,5273305040,5.0,
625671,火宵の月・テーマ~ピアノソロ,中村由利子,http://p1.music.126.net/OItDRdtLb-TbxrRkYZl8_w==/824633720832042.jpg,5273305040,5.0,
5302519,Farewell on a Spring Day-Goodbye,Flaming Heart,http://p1.music.126.net/ETr0GfR2msRuaCdlEm8sBQ==/109951168659523365.jpg,5273305040,5.0,
4010884,4u,The Nature Sounds SocietyJapan,http://p1.music.126.net/f2VOlJsKhocM3DPba4SLXA==/6625657069970131.jpg,5273305040,5.0,
5326483,가슴이 사랑을 알아갑니다,Piano i,http://p1.music.126.net/IFKK6WZQv9odBpSN1szOOQ==/452998790646263.jpg,5273305040,5.0,
1645108,Born a Stranger,Kan R. Gao,http://p1.music.126.net/0AYWra9rCzgeprGp6OUyUw==/868614185993997.jpg,5273305040,5.0,
29133639,Dear Mama,October,http://p1.music.126.net/-1zmuTdcLz-wgO7E_ymzQA==/109951165159293666.jpg,5273305040,5.0,
34364411,Truth Vibrations,Alexis Ffrench,http://p1.music.126.net/RuqvXGaVgINymSJDnD2Swg==/7792238907259685.jpg,5273305040,5.0,
31134621,《瞬间的永恒》夜色钢琴曲,赵海洋,http://p2.music.126.net/Ztw9zsVDW6wgpldZagYwjQ==/109951166226235752.jpg,5273305040,5.0,
28470912,Our Conversations,Lay Low,http://p1.music.126.net/1pM889A79bsCJAs9yhxH0g==/8945626603632417.jpg,1997189512,5.0,
28402228,Going Home,Ásgeir,http://p1.music.126.net/V3fAi_6IvWTMEycA5t0NtA==/109951169276653592.jpg,1997189512,5.0,
27323072,Helganga,Lay Low,http://p1.music.126.net/6uDe8m9cc7ql-qehNTEiXg==/109951164879204489.jpg,1997189512,5.0,
32451250,Empire,Of Monsters And Men,http://p1.music.126.net/wqhYebFcVJ4Ycz7ENnHpng==/109951166278392718.jpg,1997189512,5.0,
2922574,Suicide Is Painless,Lady & Bird,http://p1.music.126.net/I1MjqG7axAuBLNOjok_rKg==/109951164389665515.jpg,1997189512,5.0,
4281830,Lost Watch,Seabear,http://p1.music.126.net/WcW1gJhkP1jnp3Y2lunELg==/109951163439383743.jpg,1997189512,5.0,
3945647,Sunday Morning,Arstidir,http://p1.music.126.net/WLH2vCcuFMVqPmC2xzp4FA==/6670737045924071.jpg,1997189512,5.0,
4281821,Owl Waltz,Seabear,http://p1.music.126.net/WcW1gJhkP1jnp3Y2lunELg==/109951163439383743.jpg,1997189512,5.0,
2070212,Dypt Inne I Skogen,Vàli,http://p1.music.126.net/GYCv-Qm9vZjio3b3EzZqvQ==/109951166165743631.jpg,1997189512,5.0,
18938931,Homesick,Kings of Convenience,http://p1.music.126.net/6ZXYngPRiShArGXj1xZSqQ==/109951168221216657.jpg,1997189512,5.0,
784555,孤独,六三四Musashi,http://p1.music.126.net/frgEET1P37PzBVJBcEar6g==/109951171881580142.jpg,899361402,5.0,
530479,山霞,高梨康治,http://p1.music.126.net/LCnTlpcQj17jcD9t48sUZw==/109951169364520182.jpg,899361402,5.0,
541233,慕情,和田薫,http://p1.music.126.net/MEP_2vFhX7sUbupCdy92tg==/109951165511522138.jpg,899361402,5.0,
541265,哀歌,和田薫,http://p1.music.126.net/MEP_2vFhX7sUbupCdy92tg==/109951165511522138.jpg,899361402,5.0,
26215027,追憶,大島ミチル,http://p1.music.126.net/2LxoF7Cr6ljnsVxvXoNVKA==/109951165628140364.jpg,899361402,5.0,
636760,追想,大島ミチル,http://p1.music.126.net/U-5IYas9koSritJLFBYqXg==/109951167681082824.jpg,899361402,5.0,
33469768,夕暮れ,増田俊郎,http://p1.music.126.net/TKgtn49QzaGttqa74Tb5Hw==/3258952464786270.jpg,899361402,5.0,
30569548,隠り江,増田俊郎,http://p1.music.126.net/eq0Szxwp9O-YPUaB0EcxlA==/7864806673676725.jpg,899361402,5.0,
30569547,残り紅,増田俊郎,http://p1.music.126.net/eq0Szxwp9O-YPUaB0EcxlA==/7864806673676725.jpg,899361402,5.0,
451319227,City,羽肿,http://p2.music.126.net/XbwsxIgcM9uNxOV8X4dZDw==/109951169500054589.jpg,2420545066,5.0,
453843751,Where are you,AniFace,http://p2.music.126.net/AUfXMljLBgB3PBV731IzRg==/109951162857118370.jpg,2420545066,5.0,
22829933,Kiss The Rain 비를 맞다,Yiruma,http://p2.music.126.net/hG_GIDqq9UP_uMStU11Tuw==/109951165967036244.jpg,2420545066,5.0,
458696351,Cold Rain,AniFace,http://p2.music.126.net/JBFYmMOoqf_-7_ySO-7jIw==/109951163556905879.jpg,2420545066,5.0,
504264247,nagashi,idealism,http://p2.music.126.net/3usilbwJidSGAhqDkmH8qA==/109951163463118302.jpg,2420545066,5.0,
493950499,The rain,Vsun,http://p2.music.126.net/PP2dNkjjvlMd3djSOZCvIw==/109951162987601591.jpg,2420545066,5.0,
496774187,Feeling The Rain,MoreanP,http://p2.music.126.net/p9Frozdg_luAkO6ENOtTXg==/109951162997219545.jpg,2420545066,5.0,
1341912654,Rainy Blue (蓝色阴雨),饭碗的彼岸,http://p2.music.126.net/ifsWclFHHTZQrEs4uUnvpg==/109951163341188750.jpg,2420545066,5.0,
865674005,雨,徐梦圆,http://p2.music.126.net/K25s0vwBP2YRdxnwQiN_yw==/109951163401977603.jpg,2420545066,5.0,
32574693,Ikiru,Mykool,http://p1.music.126.net/beSy6tBDNKhT-xI7T8-MiA==/7841716930233039.jpg,316223640,5.0,
441617611,锦里,HOPE-T,http://p1.music.126.net/m7pdSoU19s4txS1v_w6p-A==/109951162810952889.jpg,316223640,5.0,
520392404,华山铭,路南,http://p1.music.126.net/SWim1huniI37xvkgT_uNMA==/109951165119974864.jpg,316223640,5.0,
475421860,水畔凉箫,Na Kaya,http://p1.music.126.net/xSQq2Q5mK0VlwX4_g1E_wA==/109951167653509593.jpg,316223640,5.0,
430062600,空山新雨后,M&K,http://p1.music.126.net/_RcSjb0_ihhTg5E-JecHgg==/109951168900520557.jpg,316223640,5.0,
29553029,Subbass of China,mAjorHon,http://p1.music.126.net/ZhvdgMac4lu1CbOolQppvA==/6639950721110272.jpg,316223640,5.0,
1340371382,弦惊(Zither Wobble),RADI8,http://p1.music.126.net/1B9jPqe8EfdICVsVKNhNkQ==/109951163793860226.jpg,316223640,5.0,
487731028,White Waves（白马浪）,Rant Marson Zander,http://p1.music.126.net/H3RZToFgS4hPKPsv1WrBkA==/109951166138084598.jpg,316223640,5.0,
557447355,细水（Original Mix）,HoworD郭森,http://p1.music.126.net/1wm7_rT3mk_K2Ki1p-9SIg==/109951163280816574.jpg,316223640,5.0,
1373553182,The rise of China,叶健,http://p1.music.126.net/AArYAmLhNSdc3v00eNk8Wg==/109951164167211269.jpg,316223640,5.0,
815267,月の雫,Φ串Φ,http://p2.music.126.net/MDUhfNVHMlBYZGrpveF9bw==/921390744076572.jpg,2003672301,5.0,
707720,酔恋花 -suirenka-,Stack,http://p2.music.126.net/79y_oou7U-Vn6rXDxtDmXQ==/2450811418371965.jpg,2003672301,5.0,
774613,優しさの風音,Liz Triangle,http://p2.music.126.net/AVjyVFX0elkiAyjjaRROnw==/109951166296454808.jpg,2003672301,5.0,
28561758,夢幻の物語,SYO,http://p2.music.126.net/FBcqjh7itNKvZcwm3QjRqA==/6038517860131507.jpg,2003672301,5.0,
41554372,まっすぐ,めらみぽっぷ,http://p2.music.126.net/9cNoe29jczep4fAuObWzcQ==/109951168193644325.jpg,2003672301,5.0,
737966,Samsara（輪迴）,みぃ,http://p2.music.126.net/NFPqcHhAuqf99whTDCLJdw==/920291232448746.jpg,2003672301,5.0,
706204,墨染めの蝶,櫻井アンナ,http://p2.music.126.net/bOn7peS1nYkz1JAt3w4WAg==/2391437790438487.jpg,2003672301,5.0,
32098252,打出の小槌の残滓,豚乙女,http://p2.music.126.net/9SAsbnZK2w79QyIva-Fj4Q==/109951164944946950.jpg,2003672301,5.0,
29922939,花映「タマシイノハナ」,めらみぽっぷ,http://p2.music.126.net/7tNadQujA5Z9RCwRajYd4Q==/109951166032225268.jpg,2003672301,5.0,
26624655,眠れない夜に、眠らない夜は,Y,http://p2.music.126.net/UNaBtu3Y5OwotDHIxxwLhw==/2498090418370386.jpg,2003672301,5.0,
22088510,A Hard Rain's A-Gonna Fall,Bob Dylan,http://p2.music.126.net/MPkzheWdQlzRpXiOGiOLIQ==/109951170216838338.jpg,4893733399,5.0,
1821488,The Sound of Silence,Paul Simon,http://p2.music.126.net/vZdXot11LirKnZ-ueTNT0g==/109951165992429144.jpg,4893733399,5.0,
5057820,Lonesome Town,Ricky Nelson,http://p2.music.126.net/p1XXduuvl9bwCu0Vzco43g==/109951169335552156.jpg,4893733399,5.0,
1299217,Tears in Heaven,Eric Clapton,http://p2.music.126.net/MWoND2lCkUEOVj8AP6_E1Q==/109951166158397822.jpg,4893733399,5.0,
21270787,Pink Moon,Nick Drake,http://p2.music.126.net/kp7frAEjcKSluIVE91BL_A==/109951170145081167.jpg,4893733399,5.0,
1475050,Oh My Love,John Lennon,http://p2.music.126.net/QfpBYZjsztHjucFAIxfDgQ==/1746024464908302.jpg,4893733399,5.0,
20175107,Train Of Love,Neil Young & Crazy Horse,http://p2.music.126.net/8Oc67-1Q8WzJjqBF4b6Zug==/109951163667287678.jpg,4893733399,5.0,
5042227,A Whiter Shade Of Pale,Procol Harum,http://p2.music.126.net/daOrq1tI6i4DugTMme9qDg==/564049465093758.jpg,4893733399,5.0,
1646740,Coney Island Baby,Lou Reed,http://p2.music.126.net/XY9PtwZDLeob-PXa2GlhqQ==/808141046466152.jpg,4893733399,5.0,
850207,Ghost Funktion,TLi-synth,http://p2.music.126.net/pj9tunKfJdVr70b34Jk-3g==/604731395288582.jpg,2252139184,6.0,
835225,Noite De Carnaval,SOUND HOLIC,http://p2.music.126.net/V_KqMr316qITU8SetBaX-w==/109951167570434732.jpg,2252139184,6.0,
767426,无何有の郷 ~ Nostalgic Dream (无何有の郷 ~ Deep Mountain),神乃木製作所,http://p2.music.126.net/QdxRMFtZCNkTsvJtNfpHpg==/565148976688829.jpg,2252139184,6.0,
36190089,聖だってスキップしたい時がある,流派未階堂,http://p2.music.126.net/pEcEj3t7iLe6nA7S6AKCHg==/3406287024345492.jpg,2252139184,6.0,
29178788,U.N.オーエンは彼女なのか?,logical emotion,http://p2.music.126.net/Q8A4e6Vgt_rI6LWXU-nGQA==/2534374303681988.jpg,2252139184,6.0,
22681955,Blue Rain in Kyoto,SOUND HOLIC,http://p2.music.126.net/yoJg6XEFcm3JqHnw6k2eqQ==/109951169299511822.jpg,2252139184,6.0,
1388149069,そっとくちづけを,白田将悟,http://p1.music.126.net/weSrnPFT7Z8gOIQml8yI6A==/109951164339645538.jpg,2252139184,6.0,
34852303,Dance Even Owl,surreacheese,http://p1.music.126.net/5efZRF-hw1VtDWcxzLsI7A==/3269947581793707.jpg,2252139184,6.0,
28556277,To the Journey,Crest,http://p1.music.126.net/kzXm8MVRiq7snAfl8-xpMQ==/109951169374638635.jpg,2252139184,6.0,
29334514,Sunny Cloudy,DDBY,http://p1.music.126.net/ErWZzu9Lt2HDg8Zbq61lVQ==/3398590443708478.jpg,2252139184,6.0,
1234865,水手之家,David Arkenstone,http://p2.music.126.net/p645StM-eMwDtOPrwG-leg==/109951172002966247.jpg,800496969,6.0,
26220192,まつりのうた,吉野裕司,http://p2.music.126.net/ZIV74JM-OeIF1j-RVfZ8kA==/109951170423434348.jpg,800496969,6.0,
26220169,しっぽとダンス,吉野裕司,http://p2.music.126.net/ZIV74JM-OeIF1j-RVfZ8kA==/109951170423434348.jpg,800496969,6.0,
38358396,北欧烈火と猛吹雪,加藤達也,http://p2.music.126.net/S294lGEtuJw7A4A6TXJAbA==/3382097771965601.jpg,800496969,6.0,
33891256,わちゃワチャWACHA,加藤達也,http://p2.music.126.net/B9O9JXwXhjQ_EOQO9KMEpQ==/3367804116091972.jpg,800496969,6.0,
32063389,"Drink Up, There’s More!",Marcin Przybyłowicz,http://p2.music.126.net/cGtyjLew7JwUq__YCRd0TA==/2893914605754636.jpg,800496969,6.0,
17949108,Rakes of Kildare / Swallow's Nest,Greg Joy,http://p2.music.126.net/xNBKTno4rhHhfeH_dltS0Q==/109951164701233086.jpg,800496969,6.0,
416011546,The Musty Scent of Fresh Pâté,Percival Schuttenbach,http://p2.music.126.net/OWtLPj3F4zlW4ahsfNb7XQ==/109951166490733839.jpg,800496969,6.0,
1222876,The Piano Duet,Danny Elfman,http://p1.music.126.net/MaxSQl02NDXT3bmPa8UzPQ==/811439581342711.jpg,2407040250,6.0,
17730258,Theme From Love Story,Francis Lai,http://p1.music.126.net/g6tzI_riVmao8nTDcpDZRg==/2535473814728177.jpg,2407040250,6.0,
1290806,Andras Spielt (Piano Thema),Detlef Friedrich Petersen,http://p1.music.126.net/mS0XDV-0MNm8OOAIfp4y3w==/898300999937375.jpg,2407040250,6.0,
18686061,Rachmaninoff: Rhapsody on a Theme of Paganini,John Barry,http://p1.music.126.net/cdoSewChz5QlHjsS9TYKMg==/2534374303062310.jpg,2407040250,6.0,
28223003,Blue Moon,Conal Fowkes,http://p1.music.126.net/3k3TrYYn9vObeGG5VlxsTA==/6624557558265324.jpg,2407040250,6.0,
2786598,Central Do Brasil,Jaques Morelenbaum,http://p1.music.126.net/N1aPNvJikEjonSLQRMuQag==/1752621534680087.jpg,2407040250,6.0,
5221779,You Never Can Tell,Chuck Berry,http://p2.music.126.net/FC1dpllAJ96G8jyaUGVyfA==/777354720881671.jpg,2423552205,6.0,
1513557,Great Balls Of Fire,Jerry Lee Lewis,http://p2.music.126.net/AxfQlh6-QzTfEWZJng5elw==/1765815674213527.jpg,2423552205,6.0,
20998010,She's Got It,Little Richard,http://p2.music.126.net/zXA7TI_LoK3sAqilfc68Rw==/18404725137832571.jpg,2423552205,6.0,
26825699,Let's Have a Party,Wanda Jackson,http://p2.music.126.net/5RIcTVQP1G8YZE87Z5gUaw==/6647647303056549.jpg,2423552205,6.0,
541347998,Drugstore Rock'N'Roll,Janis Martin,http://p2.music.126.net/W6-PrKUHisZgBBCY0BG6jA==/109951164907499815.jpg,2423552205,6.0,
20544861,Travelin Band,Creedence Clearwater Revival,http://p2.music.126.net/KeDFy-aJAOWwu9OsTR1XFQ==/2538772349201261.jpg,2423552205,6.0,
27074449,Whole lotta lovin,Fats Domino,http://p2.music.126.net/ZrwbsiSlYsFMucdtL0NvVQ==/1252343744112719.jpg,2423552205,6.0,
1125816,"Shake, Rattle and Roll",Big Joe Turner,http://p2.music.126.net/GBmSQBOuO06ZO22ZHIoKfw==/6663040464536789.jpg,2423552205,6.0,
1312118946,Won't Be Long,Deanna Bogart,http://p2.music.126.net/Cij9N7zL42tFBxPjiIiHHg==/109951168246751756.jpg,2423552205,6.0,
5136905,Everybody's Somebody's Fool,Connie Francis,http://p1.music.126.net/7-ClUpL3ot_ya03gLJEOIg==/6634453162849135.jpg,2423552205,6.0,
1351096175,Astronaut.,go missing,http://p2.music.126.net/UEoh9bJbk0SfmmIJX-PkGQ==/109951166203608231.jpg,2708862630,6.0,
863515826,Biscuit,Raven & Kreyn,http://p2.music.126.net/5fVW5NtAo2dYKm4y76AC3g==/109951163571177035.jpg,2708862630,6.0,
26248045,Chocolate,The 1975,http://p2.music.126.net/nwKfywaAsVXEUaTQCDAr0A==/109951167498775793.jpg,2708862630,6.0,
29722709,Superfood,Superfood,http://p2.music.126.net/f9k8sXA-rvrbMsf0P_BASw==/109951165032098145.jpg,2708862630,6.0,
18602364,Banana Pancakes,Jack Johnson,http://p2.music.126.net/trLrDNP0fOFfbAF15IXl1A==/109951169303131273.jpg,2708862630,6.0,
3951475,Coffee & TV (Radio Edit),Blur,http://p2.music.126.net/K985Yv5zh08UVF5JuYS6pQ==/109951167226981725.jpg,2708862630,6.0,
5189652,Menuet D major,Wolfgang Amadeus Mozart,http://p2.music.126.net/75zMaX_UgmxVr4zsuzbEpg==/1741626418409112.jpg,2708862630,6.0,
1695569,Lollipop,MIKA,http://p2.music.126.net/T1g6dQbImXxekgYu_6LyGA==/1729531790492177.jpg,2708862630,6.0,
21524332,Candy,Robbie Williams,http://p2.music.126.net/jkaW5SssnbosSWqBfmL2PQ==/782852278987674.jpg,2708862630,6.0,
20506324,Cheese Cake,Aerosmith,http://p2.music.126.net/_JoCaQvfkEDBXJJAYg3bRQ==/109951168316839509.jpg,2708862630,6.0,
4940455,EXEC_COSMOFLIPS,KOKIA,http://p1.music.126.net/2NUk6qXti98G5EMWIh2nrw==/109951169487822661.jpg,382291922,6.0,
4940485,EXEC_FLIP_FUSIONSPHERE/.,霜月はるか,http://p1.music.126.net/H1fYj_emF3fS8SQavd3qPA==/1417270491921018.jpg,382291922,6.0,
28524291,EXEC_LINCA/.,霜月はるか,http://p1.music.126.net/a-9U6i30zanZ2s1hF7hibg==/6033020301960713.jpg,382291922,6.0,
26377624,METHOD_METAFALICA/.,志方あきこ,http://p1.music.126.net/GJblcjt12l5acRfFP3SiqQ==/2354054395122733.jpg,382291922,6.0,
643625,EXEC_CHRONICLE_KEY/.,志方あきこ,http://p1.music.126.net/ivC6PapppaFljTcSdB5M0A==/934584883609620.jpg,382291922,6.0,
26377609,謳う丘 -Harmonics EOLIA-,志方あきこ,http://p1.music.126.net/GJblcjt12l5acRfFP3SiqQ==/2354054395122733.jpg,382291922,6.0,
28524295,EXEC_SUSPEND/.,みとせのりこ,http://p1.music.126.net/a-9U6i30zanZ2s1hF7hibg==/6033020301960713.jpg,382291922,6.0,
643155,EXEC_over.METHOD_SUBLIMATION/.~omness chs ciel sos infel,志方あきこ,http://p2.music.126.net/8x0KKzuGbiEq1g0hjNvasQ==/1401877329195853.jpg,382291922,6.0,
26480795,EXEC_PAJA_FYUSION/.,urushi,http://p2.music.126.net/ToEdZtKwlPkvtqvIMBIfDA==/109951172378413526.jpg,382291922,6.0,
26377648,EXEC_HARMONIUS/.,志方あきこ,http://p2.music.126.net/GJblcjt12l5acRfFP3SiqQ==/2354054395122733.jpg,382291922,6.0,
422977877,Cobalt,Enzalla,http://p1.music.126.net/_Tez_su7vEuQtgaWQmDf4g==/109951169311810489.jpg,502767290,6.0,
28289591,Places Where We'd Lose Ourselves,Clockvice,http://p1.music.126.net/W1o7gL921fsW14LOdo_iYA==/5953855464517257.jpg,502767290,6.0,
431080994,Before Daylight,Enzalla,http://p1.music.126.net/8SL-94idSsztvY1R_-DvcQ==/1376588573589607.jpg,502767290,6.0,
424477834,Sub Zero,Elo Method,http://p1.music.126.net/n-m9bBexZ_ewVxsyG4rOrA==/3412884113796421.jpg,502767290,6.0,
28289592,The Ghost You'll Leave Behind,Clockvice,http://p1.music.126.net/W1o7gL921fsW14LOdo_iYA==/5953855464517257.jpg,502767290,6.0,
1408585980,Ghostly Blossom,Jan Amit,http://p1.music.126.net/sorYqCxseHCMn4yW9B_1oA==/109951164538781935.jpg,502767290,6.0,
546884922,If You,Kim,http://p1.music.126.net/XMtOq9taIMGohVjQF5uYfA==/109951163200210919.jpg,502767290,6.0,
508206473,Timeless (Original Mix),Jan Amit,http://p1.music.126.net/HLQbITw8arTeN_Le471tww==/18276082277460036.jpg,502767290,6.0,
1987664825,New Horizons,Jacoo,http://p1.music.126.net/k3a15LeGJHZhinI7N4VbzQ==/109951167946715105.jpg,502767290,6.0,
429261487,Spira,Enzalla,http://p1.music.126.net/YWdJfJNMPb61BteD6aGwOQ==/18766464462995718.jpg,502767290,6.0,
1809538,Memphis,Old School Freight Train,http://p1.music.126.net/fOYFfZ5rslxvKttNH4o2pg==/109951165246884560.jpg,310372396,6.0,
19154990,Ring Them Bells,Sarah Jarosz,http://p1.music.126.net/xrB7lyQdi5QIhn3GVNU7qQ==/109951167031002278.jpg,310372396,6.0,
19094999,One Match,Sarah Harmer,http://p1.music.126.net/n8gU9JlCfTgC75hfr0dyUQ==/109951165673001080.jpg,310372396,6.0,
28397860,I'll Get Away,Infamous Stringdusters,http://p1.music.126.net/YeFebh9CtmXNayH3PHss8g==/6007731534393928.jpg,310372396,6.0,
497542877,Wildflowers,Chris Hillman,http://p1.music.126.net/HQwT4vRPwCP0bExHwn2KbQ==/18211211091421910.jpg,310372396,6.0,
29932578,Julep,Punch Brothers,http://p1.music.126.net/zKEjWBbNZCJCQBBYPi6Hng==/109951167187516753.jpg,310372396,6.0,
486969684,Debtors' Prison,The Dustbowl Revival,http://p1.music.126.net/dshggLZ98zu9K5TG4vuDPQ==/18734578627638515.jpg,310372396,6.0,
17553130,Out Of The Woods,Nickel Creek,http://p1.music.126.net/5hXQdyaqHf5EJojaD-TRPw==/109951165393327254.jpg,310372396,6.0,
19107959,Secrets,Sierra Hull,http://p1.music.126.net/uqojtpks6Z6rosl8r-_xKw==/109951167552849569.jpg,310372396,6.0,
476557552,Lotus Flower,Peter Rowan,http://p1.music.126.net/XrkZ7dQSbO3-anSRbZXGtQ==/109951168927437301.jpg,310372396,6.0,
21393066,Purple Rain,Prince,http://p2.music.126.net/TNenvmIWSvMoDNPX83kZ2w==/109951169596719908.jpg,5347651276,6.0,
18094919,November Rain,Guns N' Roses,http://p2.music.126.net/AdHzlPZ7lM595PLweCekWw==/109951165416103681.jpg,5347651276,6.0,
865251,ENDLESS RAIN,X JAPAN,http://p2.music.126.net/n82BX-qXhybJniZp35w-yQ==/834529325482293.jpg,5347651276,6.0,
4085555,Let It Rain,Gotthard,http://p2.music.126.net/9XZcyl0VHFfKBBR-eeRvMw==/109951165966957569.jpg,5347651276,6.0,
988701,Rain and Tears,Aphrodite's Child,http://p2.music.126.net/fRhqtWXpCZEe0N77kpC3Vw==/860917604592308.jpg,5347651276,6.0,
2872407,I Can't Stop The Rain,KISS,http://p2.music.126.net/DKitf6qT4pk1uCDF7N3WFQ==/109951170962497272.jpg,5347651276,6.0,
1145216,Through The Rain,Cinderella,http://p2.music.126.net/zjV45LsCLol9mhzlwt9nEg==/109951167920318136.jpg,5347651276,6.0,
21965520,Happy When It Rains,The Jesus and Mary Chain,http://p2.music.126.net/PhDownXZne5h4yuRNZodVw==/18780758115730710.jpg,5347651276,6.0,
21973183,Love Reign O'er Me,The Who,http://p2.music.126.net/wwmBCmL6CuGLjnq0mxh-2A==/109951166096483359.jpg,5347651276,6.0,
4021358,One More Rainy Day,Deep Purple,http://p2.music.126.net/05p-jQyy9LQdX5yDMLerrg==/109951166274842059.jpg,5347651276,6.0,
487434788,Didn't Feel A Thing,Future Duper,http://p2.music.126.net/tEpA0GF2AvnV_B09BUKwKA==/17801093254121637.jpg,645384312,6.0,
493285618,Sober,Cheat Codes,http://p2.music.126.net/td1niDBeAlmJXgK1VqdDCA==/109951168512469821.jpg,645384312,6.0,
483024211,I Heart U,Kretsen,http://p2.music.126.net/gmkhOKQcMyhloZdos2hYCg==/109951165981877434.jpg,645384312,6.0,
440403590,Overload,John Legend,http://p2.music.126.net/Kg9UESpE9JRZQOZPxnm7KQ==/109951165975931528.jpg,645384312,6.0,
448749148,Pink Champagne,Nick Lopez,http://p2.music.126.net/rQR9UKHrNoU_sDJjqj2utA==/109951163448838822.jpg,645384312,6.0,
481691613,100 Letters,Halsey,http://p2.music.126.net/TCGQHvDmM7ZLJPAu02TjLQ==/19023750183943753.jpg,645384312,6.0,
30053535,Winston Churchill's Boy,Benjamin Clementine,http://p2.music.126.net/-Z2RjksypxHCzGw1ks3HUA==/3234763212081630.jpg,645384312,6.0,
418603096,Hero (feat. Christina Perri),Cash Cash,http://p2.music.126.net/-Vmmf_NFkpfh8MjQTYMWcA==/109951169698447125.jpg,645384312,6.0,
451680013,Our City (feat. Emilie Adams),TRXD,http://p2.music.126.net/7tHVdsQBsInVxXWpdbWk0Q==/109951170177895557.jpg,645384312,6.0,
29428280,Good Fight,Unspoken,http://p2.music.126.net/s8YhlsrPQk1RCDuTnkgY9w==/109951165958677471.jpg,645384312,6.0,
26830570,故梦,橙翼,http://p1.music.126.net/UWZ3ZL4OC93rzGYXYvshDw==/109951163292685265.jpg,2041615881,6.0,
81377,杯欢,东篱,http://p1.music.126.net/Ifu9zQY1k0tF_es5M_GX4w==/123145302324076.jpg,2041615881,6.0,
29769321,悟空,蔡翊昇,http://p1.music.126.net/1WVjNSCc4M-l417SYcvUBA==/6627856093408611.jpg,2041615881,6.0,
32063846,颜非,彦Jans,http://p1.music.126.net/cpoUinrExafBHL5Nv5iDHQ==/109951166361218466.jpg,2041615881,6.0,
412187499,别赋,慕寒,http://p1.music.126.net/UW0JemI0BM3ActGYih1e0Q==/109951167999140744.jpg,2041615881,6.0,
28445971,逐鹿,东篱,http://p1.music.126.net/tG-PSRuJ_lzpjlPh1FO6Ew==/6057209557702936.jpg,2041615881,6.0,
461375949,红妆,排骨教主,http://p1.music.126.net/QPHrTnHtfS1H5mk7Ljq72g==/109951162864431511.jpg,2041615881,6.0,
33479171,天局,小曲儿,http://p1.music.126.net/ZAgk05nLCMD4juOfGvcAjw==/109951167148127310.jpg,2041615881,6.0,
2753833710,ありふれてたい,花譜,http://p1.music.126.net/tz6YqEPe_rx3o2ju-f89Bw==/109951172128018450.jpg,8377665127,6.0,
2664033075,ラストティーン,『ユイカ』,http://p1.music.126.net/mC7ls8_jAFhz4L9GSr0gSA==/109951170359914953.jpg,8377665127,6.0,
2679624263,クルトラブル,empty disc.,http://p1.music.126.net/WSFRU_QINYO2FXFbZwVHUw==/109951170525484534.jpg,8377665127,6.0,
2672097358,おくすり,『ユイカ』,http://p2.music.126.net/yKh3iJrPh5Xoe24CGIatrw==/109951170453361210.jpg,8377665127,6.0,
2675933687,曖昧Philosopher,nin,http://p2.music.126.net/NXQcFEmERGyA0XN04XMHrg==/109951170492391956.jpg,8377665127,6.0,
2726435577,Night Dreams,PAQII,http://p2.music.126.net/9W5BoXPQrI2c9rpeHyqJ2A==/109951171470480019.jpg,8377665127,6.0,
2750013641,ローズヒップティー,『ユイカ』,http://p2.music.126.net/bIGJSPh7-iIpjZXszAa17Q==/109951172067656771.jpg,8377665127,6.0,
2164086049,初恋,茉ひる,http://p2.music.126.net/8smarmbEA29DZQbTeK5tYQ==/109951169662019320.jpg,8377665127,6.0,
2747862369,瞬きの時,z²,http://p2.music.126.net/DW8SjriXqyZaUdbnnp9b5Q==/109951172036416219.jpg,8377665127,6.0,
2755377729,イグニッション,*Luna,http://p2.music.126.net/2024R_aqrzCUi6ORjxbZrQ==/109951172149178066.jpg,8377665127,6.0,
1417187,The Blue Planet,George Fenton,http://p2.music.126.net/-yDIWkm2row_1omcva6lMw==/109951163087898089.jpg,480747275,6.0,
1085902,To Be by Your Side,Nick Cave,http://p2.music.126.net/r_5e57VgZAKDREMLPrwaAQ==/109951168504322706.jpg,480747275,6.0,
1085904,Masters of the Field (Générique début),Robert Wyatt,http://p2.music.126.net/r_5e57VgZAKDREMLPrwaAQ==/109951168504322706.jpg,480747275,6.0,
1085906,Northern Bound,Bruno Coulais,http://p2.music.126.net/r_5e57VgZAKDREMLPrwaAQ==/109951168504322706.jpg,480747275,6.0,
1085918,Beating Drums,Bruno Coulais,http://p2.music.126.net/r_5e57VgZAKDREMLPrwaAQ==/109951168504322706.jpg,480747275,6.0,
1416403,The Journey of the Sun,George Fenton,http://p2.music.126.net/NLvYAziZtMLBb_n9dSEVVg==/109951163640089837.jpg,480747275,6.0,
1086804,The Death Of Lhakpa,Bruno Coulais,http://p2.music.126.net/2oM7tThbwmfrR3XHVBtuuQ==/818036651108564.jpg,480747275,6.0,
1086811,Norbu,Bruno Coulais,http://p2.music.126.net/2oM7tThbwmfrR3XHVBtuuQ==/818036651108564.jpg,480747275,6.0,
1086864,Karma,Bruno Coulais,http://p2.music.126.net/2oM7tThbwmfrR3XHVBtuuQ==/818036651108564.jpg,480747275,6.0,
1610842,TimeScapes,John Stanford,http://p2.music.126.net/keqRPX80P0AFDprq2OYSaA==/878509790643938.jpg,480747275,6.0,
479223413,I Like Me Better,Lauv,http://p1.music.126.net/TWsOQM-prOlWSOPSf9Q6xw==/109951170007381434.jpg,2097947168,6.0,
538396797,Lost In Your Maze,Anzol,http://p1.music.126.net/Edstf8vXwuW6SklHDD0BbA==/109951165122927415.jpg,2097947168,6.0,
425828876,Hold On We're Going Home (Drake Cover),Vancouver Sleep Clinic,http://p1.music.126.net/Q6t1W11YtaBSeXZOud9Fkw==/1400777828221493.jpg,2097947168,6.0,
511364880,Nobody Compares To You,Gryffin,http://p1.music.126.net/PgtgvGoXVFquB7BlqBqsNw==/18443208044579592.jpg,2097947168,6.0,
550136113,Villain,Yellow Claw,http://p1.music.126.net/_aq5qQyL7GcTjXK6k23GRw==/109951163232406095.jpg,2097947168,6.0,
529824699,True,Spré,http://p1.music.126.net/SuGKBAXhWY5ua29OxYwaHQ==/109951163109045115.jpg,2097947168,6.0,
469355726,You Might Be,Autograf,http://p1.music.126.net/4pSN0X82ty1AeR3D5vReDQ==/17735122556441630.jpg,2097947168,6.0,
536870381,Subtle Thing,Marian Hill,http://p1.music.126.net/z-sZ0ScCXQHPQHLScHvQ3g==/109951163293083756.jpg,2097947168,6.0,
484615312,HONEST,Dobi,http://p1.music.126.net/SdLSzK4SWfVfxHveSxW8QQ==/109951162949831425.jpg,2097947168,6.0,
485068899,How You Gon' Do That,Cara Salimando,http://p1.music.126.net/4bs_PyZ1IQhc4KeSEcyFZA==/109951165981933213.jpg,2097947168,6.0,
27759600,Five Hundred Miles,Justin Timberlake,http://p1.music.126.net/4BTe96FPQ_kW1pmNnlNvHg==/2536573326765583.jpg,37432514,6.0,
26270153,New York,Baptiste Giabiconi,http://p1.music.126.net/5VVzr_jdGXKBEjQgKnJHyg==/109951164923180357.jpg,37432514,6.0,
1089382,I'm Missing You,Bobby Tinsley,http://p1.music.126.net/X9cAZWez2NmCdtqSkRrjIw==/109951168910339246.jpg,37432514,6.0,
1940926,Negative Things,Selwyn,http://p1.music.126.net/POJHaSCWsSoSBS2LDSG8Hg==/109951165961124058.jpg,37432514,6.0,
1884993,Fall In Love,Ramzi,http://p1.music.126.net/Vjxm3_qNSRsckpUx4kQb7A==/1705342534681302.jpg,37432514,6.0,
28457830,Don't Think Twice,Linnea Dale,http://p1.music.126.net/Fd3yG7x_f5-4LHJjrGd9Gw==/109951167228756540.jpg,37432514,6.0,
1940368,All I Have Is Love,Stevie Hoang,http://p1.music.126.net/H7UqMHVz9NdN_jFVj67LKg==/886206372040593.jpg,37432514,6.0,
1210461,What Are Words,Chris Medina,http://p1.music.126.net/pjXv_3WbDn1RpNvewmegDA==/823534209247481.jpg,37432514,6.0,
1475997,Because You Live,Jesse McCartney,http://p1.music.126.net/qz0vzCZOIz1MfH6Ok2rHRQ==/109951167344878398.jpg,37432514,6.0,
1940312,Before You Break My Heart,Stevie Hoang,http://p1.music.126.net/QRvYAvEcmLCX1Bup4yXWyg==/881808325521842.jpg,37432514,6.0,
29947399,Pretty,Blurry Lights,http://p1.music.126.net/MqfUskwJ82mO3n8SRkNRxg==/109951163583977957.jpg,382716015,6.0,
4272046,At Sea,Rumour Cubes,http://p1.music.126.net/GKgD8ieBAyzl6tVYidzJcg==/18435511463190846.jpg,382716015,6.0,
16940826,Sunrise,My Education,http://p1.music.126.net/lb7lJOAGT_tXOTRYAudv1g==/109951166398953701.jpg,382716015,6.0,
19305575,In Ruins,The Burning Paris,http://p1.music.126.net/rEB-t0ItFCvSYIlGP5pdrw==/109951171002626650.jpg,382716015,6.0,
551339700,MEGURI,world's end girlfriend,http://p1.music.126.net/LJ0e-Ci5Vy99I-AVyUnrow==/109951163244873924.jpg,382716015,6.0,
419596422,Blossom,Message to Bears,http://p1.music.126.net/eEjk40121HgyegDQuX8QeQ==/109951168680481982.jpg,382716015,6.0,
4111189,astargon,Hasta La Otra México!,http://p1.music.126.net/6MBdZSmtr-YRPifknRz1XQ==/720180116236754.jpg,382716015,6.0,
3967494,C# Minor,Bright Red Paper,http://p1.music.126.net/2f26-wbtk87Vf6OAnEXTAQ==/688294279029760.jpg,382716015,6.0,
4230553,"In, Empty",On Your Horizon,http://p1.music.126.net/5zxbwmxgih0QnYDL1JkqWw==/768558627861592.jpg,382716015,6.0,
4250274,Line Drive,Phoenix And The Turtle,http://p1.music.126.net/30SRFESOHMfKbqsGvl9hWg==/109951165271008095.jpg,382716015,6.0,
41666363,それがあなたの幸せとしても (カバー),伊礼亮,http://p2.music.126.net/wQ1hODvJ8p8poJEYru-u2w==/109951163597938340.jpg,2928393485,6.0,
41666353,雨き声残響 (カバー),すぃ,http://p2.music.126.net/wQ1hODvJ8p8poJEYru-u2w==/109951163597938340.jpg,2928393485,6.0,
1358505678,君の脈で踊りたかった（翻自 ピコン）,佑可猫,http://p2.music.126.net/5oMraoYysqE768RWphNX_g==/109951163995957356.jpg,2928393485,6.0,
428591291,言葉は風船,polly,http://p2.music.126.net/xQyBovZ9R17A2a1q9SpE2A==/1401877340338231.jpg,2928393485,6.0,
538290027,春愁,Mrs. GREEN APPLE,http://p2.music.126.net/9uaXYeRIf4Ss0yXB6P2stQ==/109951163146757788.jpg,2928393485,6.0,
561307164,ハレハレヤ,羽生まゐご,http://p2.music.126.net/OCYsyzUXBxjU9e8kFXng6A==/109951163298695275.jpg,2928393485,6.0,
445781493,梦灯笼,电鸟个灯泡,http://p2.music.126.net/puVSqxdqjYJS9Nr_cU0HHQ==/109951162820287747.jpg,2928393485,6.0,
41666354,ひまわりの約束 (カバー),kain,http://p2.music.126.net/wQ1hODvJ8p8poJEYru-u2w==/109951163597938340.jpg,2928393485,6.0,
35845175,アスノヨゾラ哨戒班,いすぼくろ,http://p2.music.126.net/ySCJkmEzJ2mU7BJz9XlOKg==/3386495814251983.jpg,2928393485,6.0,
1325898758,命に嫌われている,Sou,http://p2.music.126.net/jLSGj3V7IXZLN0IWR7o3Ag==/109951163689613872.jpg,2928393485,6.0,
18099908,Call It Rock N' Roll,Great White,http://p1.music.126.net/W6PfFjuZbh86ZqcQF3WMcA==/2542070883804273.jpg,2057923710,6.0,
20535546,Sick For The Cure,Cinderella,http://p1.music.126.net/gy7ISzd07h-NHMgQRN3uZg==/2554165511340963.jpg,2057923710,6.0,
3312174,Cum on Feel the Noize,Quiet Riot,http://p1.music.126.net/QDUdeVRfSJM3TBO6MMTwfg==/109951164373582715.jpg,2057923710,6.0,
2436431,Coming Of Age,Damn Yankees,http://p2.music.126.net/hzlGPNlQMniuVBO3Q8X8SQ==/109951163983988257.jpg,2057923710,6.0,
26275495,Hot Blooded,Foreigner,http://p2.music.126.net/ZDYmN21RiP-Bz-0etXMi1Q==/2269391999770883.jpg,2057923710,6.0,
16507984,"Blonde, Bad And Beautiful",Airbourne,http://p2.music.126.net/iB3RMimvWVpyQLIehjWKlA==/109951166542871997.jpg,2057923710,6.0,
17278473,Bullets in the Sky,Million Dollar Reload,http://p2.music.126.net/wJCRvduv4bTj9FgeJRajYQ==/109951164824102235.jpg,2057923710,6.0,
1489208,You've Got Another Thing Comin',Judas Priest,http://p2.music.126.net/juCxGZH8enn420cUc4zzbQ==/109951167806154150.jpg,2057923710,6.0,
27955270,Lit Up,Buckcherry,http://p2.music.126.net/swHdaJjPqEqKmgDQCRNpZw==/5848302348162345.jpg,2057923710,6.0,
26609781,Don't Stop,The Rolling Stones,http://p2.music.126.net/nGkG_Rp86bJtkjw0n6dBQg==/6654244372248034.jpg,2057923710,6.0,
1481503,Sex 101,Jay Sean,http://p1.music.126.net/hrrwJjNGznB6j3snpD4nvA==/880708813901281.jpg,12301106827,6.0,
1372684094,Icy,Kim Petras,http://p1.music.126.net/w09QmsF27flzaTyjWEqPZQ==/109951167996718468.jpg,12301106827,6.0,
1379839673,let me down,Mountenz,http://p1.music.126.net/0lGVPh4K4YKFABZF6OLSjg==/109951170532544843.jpg,12301106827,6.0,
2182987,Without You,Alyssa Reid,http://p1.music.126.net/3dlXYHdbuTG3lsnGIkXweg==/109951165968136804.jpg,12301106827,6.0,
1822663224,Fiji Fine,Bren Joy,http://p1.music.126.net/plXFoNGsedlATIu9H_6Qbw==/109951165755385554.jpg,12301106827,6.0,
28240653,Roller Coaster,Toni Braxton,http://p1.music.126.net/q25vBsYHmzSok_qsABkNjw==/109951166181327152.jpg,12301106827,6.0,
30706463,Slower To Heal,Rihanna,http://p1.music.126.net/FZX7XAjsmEPGyVOqm4H7aQ==/109951166361039007.jpg,12301106827,6.0,
29133013,U-Turn,Stevie Hoang,http://p1.music.126.net/FivBfDlTVjPEDXZuLSDtvA==/109951165350294900.jpg,12301106827,6.0,
1302261241,Calico,Dizzy,http://p1.music.126.net/s5oIjbjo_jmaIwuh2SKdOg==/109951166894896513.jpg,12301106827,6.0,
29803228,Jealous,J-Hype,http://p1.music.126.net/I2GWN865kVpNTaXBPC6yUg==/3224867606262869.jpg,12301106827,6.0,
3404770,Going Home,Sophie Zelmani,http://p1.music.126.net/918jKrkggy5loa09DQWLFg==/109951172132024668.jpg,311692545,6.0,
17245428,Sutter's Mill,Dan Fogelberg,http://p1.music.126.net/KeO7jvb1xoHbxdar41i3Dw==/109951167808573215.jpg,311692545,6.0,
16657279,Paradise,Bruce Springsteen,http://p1.music.126.net/UK6wv38mCDSmWFh-h71J6g==/109951165959220732.jpg,311692545,6.0,
28256363,"Sleep, Baby, Sleep",BROODS,http://p1.music.126.net/3rMiLSvynjmRxiRC4FS2eQ==/6057209557484493.jpg,311692545,6.0,
18161816,Let Her Go,Passenger,http://p1.music.126.net/EGRXFPDgIumu_g5QV05h2Q==/109951165708489729.jpg,311692545,6.0,
3986241,Yesterday Once More,Carpenters,http://p1.music.126.net/oohnKqUgkNEsYJHJDcGmZw==/19000660439857160.jpg,311692545,6.0,
2177197,Moon River,Audrey Hepburn,http://p1.music.126.net/UCzoi80CTR2DrD3C_X3VKA==/1753721046304248.jpg,311692545,6.0,
5242595,You've Got a Way (Notting Hill Remix),Shania Twain,http://p1.music.126.net/TUpUmFCmIWh8_XDNxHgwZg==/108851651167081.jpg,311692545,6.0,
2326364,It's You,Chantal Chamberland,http://p2.music.126.net/fRAifQF7x7MlE-88DZhDug==/109951164306234427.jpg,8807995060,6.0,
2744164570,REALIZE,若弦Wendy Jones,http://p2.music.126.net/BJZWe2id4VAp9JLG3VEZ6g==/109951171985822711.jpg,8807995060,6.0,
632452,Fly Me To The Moon,小野リサ,http://p1.music.126.net/Y1uK4ic14dHNlpHy-ZkCjg==/898300999893266.jpg,8807995060,6.0,
21802719,Paris Blues,Terry Callier,http://p1.music.126.net/NORyTjWIFz_5g-KV9wM1ow==/109951170509288381.jpg,8807995060,6.0,
19163298,Roses Are Not Red,Simone White,http://p1.music.126.net/ml3MZeim9JpATGGcEpn7KA==/109951163825861789.jpg,8807995060,6.0,
3327846338,荊の薔薇,トゲナシトゲアリ,http://p1.music.126.net/jyrpDJgRV42K4O6hytyYjQ==/109951172418485199.jpg,10182123823,6.0,
3325110244,arrow,トゲナシトゲアリ,http://p1.music.126.net/THOc7VuqHwPlVKGuAq0bvg==/109951172386917944.jpg,10182123823,6.0,
3322656248,命をくれよ,トゲナシトゲアリ,http://p1.music.126.net/xRXIYEzLU46Pf30AdFoS-Q==/109951172354488209.jpg,10182123823,6.0,
3320294433,もう何もいらない未来,トゲナシトゲアリ,http://p1.music.126.net/UmkVO013TIB2-fQPsTxHgg==/109951172321207840.jpg,10182123823,6.0,
2707709699,臆病な白夜,トゲナシトゲアリ,http://p1.music.126.net/gGMTPAsNkKMxUMKgjbE8sA==/109951171015941535.jpg,10182123823,6.0,
3317898259,碧いif,トゲナシトゲアリ,http://p1.music.126.net/gQhfR0BiUMEiv37Elnd12w==/109951172282158696.jpg,10182123823,6.0,
3317898265,最期の禱り,トゲナシトゲアリ,http://p1.music.126.net/gQhfR0BiUMEiv37Elnd12w==/109951172282158696.jpg,10182123823,6.0,
3315509667,臆病な白夜,トゲナシトゲアリ,http://p1.music.126.net/lXj521KgOWgPI0YcxLyfIg==/109951172248771461.jpg,10182123823,6.0,
3312882872,生きて生きてゆく,トゲナシトゲアリ,http://p1.music.126.net/lhGjBj1EA5HnN6H_snc3ug==/109951172218332693.jpg,10182123823,6.0,
2756277106,渇く、憂う,トゲナシトゲアリ,http://p1.music.126.net/BfamemgjbNMXv9ienIsM7Q==/109951172160714595.jpg,10182123823,6.0,
30953009,See You Again,Wiz Khalifa,http://p1.music.126.net/AuE9HT1fBoRvT23II8Brzw==/109951166715465943.jpg,75182300,6.0,
29722263,Uptown Funk,Mark Ronson,http://p1.music.126.net/uUno1Es_L2ObVgPyfDTcQQ==/109951165970627773.jpg,75182300,6.0,
26060065,Counting Stars,OneRepublic,http://p1.music.126.net/TJf6QafYPoDm9jZOR444dg==/109951170517214706.jpg,75182300,6.0,
3986017,Viva La Vida,Coldplay,http://p1.music.126.net/Wr13D68yaaknFmxTD5xnoQ==/18569651881855121.jpg,75182300,6.0,
34228719,What Do You Mean?,Justin Bieber,http://p1.music.126.net/9ghCHGbUmlSOTnz3Tlzf_g==/19122706230546496.jpg,75182300,6.0,
1210496,What Are Words,Chris Medina,http://p1.music.126.net/9EiWsQpbjAmTajM2t8yBtg==/884007348775999.jpg,75182300,6.0,
1491585,Traveling Light,Joel Hanson,http://p1.music.126.net/zYqptzyHld2ylpb5FOoqDA==/1785606883508227.jpg,75182300,6.0,
29019227,Sugar,Maroon 5,http://p1.music.126.net/RkbAVgGxk1Nr5fjuaR9dww==/19175482788569403.jpg,75182300,6.0,
495468112,寻找山神,五五身,http://p2.music.126.net/L3_uszIXQT9qwZIIXhUr_A==/19183179370087517.jpg,3233164347,6.0,
360685,风神125,交工乐队,http://p2.music.126.net/jECrDddsyhJXR9pOw2RHHw==/109951164910286024.jpg,3233164347,6.0,
1994806395,只想和你在一起,Fine乐团,http://p2.music.126.net/2xlgIYHnh-XNKz1EvvYHog==/109951168087409292.jpg,3233164347,6.0,
2085108349,我想你也在想我 I Know You Miss Me Too,敞篷浴缸 WildBathtub,http://p2.music.126.net/IcbjNkYXTM3jP8vGpsaOOg==/109951168940280486.jpg,3233164347,6.0,
1830737869,粉红泡泡梦,海妖SeaMaiden,http://p2.music.126.net/hi5HYFC3l6wngL1TqK6k-w==/109951166695222424.jpg,3233164347,6.0,
466126504,都一样,热斑Heat Mark,http://p2.music.126.net/Vz7tisjxeBPME4ySm_oYuw==/18741175697294121.jpg,3233164347,6.0,
2029308796,我曾诅咒你,槑槑MEIMEI乐队,http://p2.music.126.net/ajC8MIFiLvQPOu-YUw8-dQ==/109951168459978894.jpg,3233164347,6.0,
1318687266,深海怪物,Tizzy Bac,http://p2.music.126.net/G7Q74vm2kdiySOzxRbb5Cg==/109951172137187442.jpg,3233164347,6.0,
1919555631,一见钟情,大都会乐团,http://p2.music.126.net/cZDZGxuPhHk_tPjamRCNhg==/109951169345108365.jpg,3233164347,6.0,
1393608760,他没时间给你,SoFarSoGood恰好乐队,http://p2.music.126.net/y0hpVKsSrricntGbg4kQJQ==/109951166601304961.jpg,3233164347,6.0,
21965699,With My Eyes Closed,The Raveonettes,http://p1.music.126.net/0mt4qLlGi-fQH6waB1-8LQ==/6655343883587023.jpg,2215267824,6.0,
28409245,Beautiful You,The Pains of Being Pure at Heart,http://p1.music.126.net/0ju8ET1ApZSXfWacc4w49w==/109951169484091680.jpg,2215267824,6.0,
32432148,Walk On Fire,Kid Wave,http://p1.music.126.net/Y294AUEZGV-Syr3SH8ykkQ==/109951163409354204.jpg,2215267824,6.0,
468882208,Beyond the Clouds,You'll Never Get To Heaven,http://p1.music.126.net/OUGhropqAb9PVk8upFsXlg==/109951168226089147.jpg,2215267824,6.0,
41640130,I Love You Mr Snowball,chestnut bakery,http://p1.music.126.net/2fWOhi5CvN8DV95xa2pjcA==/16678491882125285.jpg,2215267824,6.0,
22330867,Explosions,The Mary Onettes,http://p1.music.126.net/iMS2JyKEGSLdEDlykGV5Cw==/109951164862468004.jpg,2215267824,6.0,
21965593,Just Like Honey,The Jesus and Mary Chain,http://p1.music.126.net/Zm1Zku6C-eT5q6LvKLxj4Q==/109951170089354645.jpg,2215267824,6.0,
3988980,Pearl,Chapterhouse,http://p1.music.126.net/Z7ssQa9-RGm0b4bttQ7APA==/1698745464921706.jpg,2215267824,6.0,
28279269,Condensedindents,"She, Sir",http://p1.music.126.net/osKq0-DWMINOCJq3cCzJkg==/109951165327547696.jpg,2215267824,6.0,
28493021,Follow Me Down,Swallow,http://p1.music.126.net/pja_MkJREBm_XIf0aWC4Uw==/17995706811863494.jpg,2215267824,6.0,
3319483997,前前前世,Vaundy,http://p2.music.126.net/NjMhffr3M3RHSPPFlsU9ug==/109951172310521782.jpg,8668842712,6.0,
1986803568,KICK BACK,米津玄師,http://p2.music.126.net/GV7zZaHiEfqjI_wRUQwcxA==/109951167936630501.jpg,8668842712,6.0,
2632189622,風神,Vaundy,http://p2.music.126.net/S_NDCV51hg0fUZi3U1M2yg==/109951170002780264.jpg,8668842712,6.0,
2721328674,再会,Vaundy,http://p2.music.126.net/vWsLPRt1Qo0beciG2P8XFg==/109951171386381041.jpg,8668842712,6.0,
2079797137,唱,Ado,http://p2.music.126.net/BXxaxWC_5vVh7iCuLGw1Pw==/109951168896160186.jpg,8668842712,6.0,
1486767553,ずっとそばに,Cö shu Nie,http://p1.music.126.net/6t9RU2Ovt8GoA6HZW5HCpQ==/109951165416765425.jpg,8668842712,6.0,
1923188317,恋風邪にのせて,Vaundy,http://p1.music.126.net/fqdOODtGZN9HwPrjxi0Ikg==/109951168916980687.jpg,8668842712,6.0,
2095882580,常熱,Vaundy,http://p1.music.126.net/V1_5Eo6LYhLCSQC2Bp-B9A==/109951169024610744.jpg,8668842712,6.0,
1984836191,CHAINSAW BLOOD,Vaundy,http://p1.music.126.net/EcODkc9K5K-KXo7mOiuSgg==/109951167912656322.jpg,8668842712,6.0,
27722151,CUANDO BAILAMOS,Halie Loren,http://p1.music.126.net/znGb5t04qoV-dYanimoE-w==/109951167040044640.jpg,2128071807,6.0,
17648959,Call Me,Eliane Elias,http://p1.music.126.net/P2fTsMvTGvxYNmvjVJP3Xw==/109951165991700225.jpg,2128071807,6.0,
565080414,Smile,Cecilia Dale,http://p1.music.126.net/l1ecmjIqu2-WW1UbA-DTYg==/109951163309314382.jpg,2128071807,6.0,
20263666,Paper Mache,Rita Calypso,http://p1.music.126.net/nBZ2KCBexXve5VNaj4M6cQ==/6624557558192256.jpg,2128071807,6.0,
2923749,Daybreak,Lisa Ekdahl,http://p1.music.126.net/DnJ0oVaebktxX3zHU-I1aA==/109951169039762657.jpg,2128071807,6.0,
21693174,The Girl From Ipanema,Stan Getz,http://p1.music.126.net/Uo3_o7Um01cImCqY1y8u_g==/109951170118072029.jpg,2128071807,6.0,
18177058,Jardin d'hiver,Henri Salvador,http://p1.music.126.net/Bi8ePp2-gGGEtSdj83khDA==/109951167210695130.jpg,2128071807,6.0,
2310318,The Shadow of Your Smile,Carmen Cuesta,http://p1.music.126.net/DNWr0O33LeBecPlbWUY0SQ==/821335185993177.jpg,2128071807,6.0,
3019511,Desafinado,Lovisa,http://p1.music.126.net/dPaDFS44wDvx8mRZIJk3SQ==/1819691743974996.jpg,2128071807,6.0,
426303224,Doria,Ólafur Arnalds,http://p1.music.126.net/GIJU3dVStzNAuQ4_XazZeA==/109951169146960756.jpg,579730540,6.0,
28245307,Weltz,Otto A Totland,http://p1.music.126.net/REYDxKz-BEIusu-fCuejOQ==/109951163439381458.jpg,579730540,6.0,
17466356,Ambre,Nils Frahm,http://p1.music.126.net/NwP_E1RnGQzrGoddlDfclg==/109951164435344499.jpg,579730540,6.0,
17241518,Runner,Dustin O'Halloran,http://p1.music.126.net/KgDYh5g_n52T82zSo_088Q==/109951163687638671.jpg,579730540,6.0,
1370001,Veloma,Fabrizio Paterlini,http://p1.music.126.net/E9Ox_Dm8CX-gYnmyD4dZIA==/109951169316988680.jpg,579730540,6.0,
3882876,Elizabeth,Ashram,http://p2.music.126.net/o6h85z4taO6xnnT5mBcMmQ==/109951168713361622.jpg,579730540,6.0,
35253666,Life Story,Ólafur Arnalds,http://p2.music.126.net/R-Tuha8JMAFoBxWouUFbcA==/109951164435363838.jpg,579730540,6.0,
29586022,Little Hands,Endless Melancholy,http://p2.music.126.net/_fWaC4kq7Kn6DJZjw7rnlw==/109951164546520906.jpg,579730540,6.0,
1369965,Still Travelling,Fabrizio Paterlini,http://p2.music.126.net/pNgewnAtbuH_rUypFp39Vw==/109951164523767417.jpg,579730540,6.0,
18057481,In A Notebook,Goldmund,http://p2.music.126.net/vwTBDbUbHmDRrAYg6gxxfQ==/109951163439384227.jpg,579730540,6.0,
3323414977,1%,UNNO,http://p2.music.126.net/huPZd94BcKnhYaqDcBYcxg==/109951172366396248.jpg,8245517881,6.0,
2027238729,Humanity,Mariho,http://p2.music.126.net/_xrwsi6QIdvb6oO-FSX13w==/109951168440480344.jpg,8245517881,6.0,
3323412339,Black style,UNNO,http://p2.music.126.net/huPZd94BcKnhYaqDcBYcxg==/109951172366396248.jpg,8245517881,6.0,
2757769127,JUST RIGHT 恰如其分,Koni yuta,http://p2.music.126.net/Zo4bU_hxoZya95CIJT4ZqQ==/109951172180542323.jpg,8245517881,6.0,
2141450807,Lady Killers II,G-Eazy,http://p2.music.126.net/bfVCL5NTLtZx4Vf70fLlHg==/109951172447095925.jpg,8245517881,6.0,
2757768307,PIXEL UNIVERSE 像素宇宙,Koni yuta,http://p2.music.126.net/Zo4bU_hxoZya95CIJT4ZqQ==/109951172180542323.jpg,8245517881,6.0,
1303019276,2 soon,keshi,http://p2.music.126.net/xB31iMXB9XwzStrPQzcrdw==/109951168789057630.jpg,8245517881,6.0,
2004563446,Open Arms,SZA,http://p2.music.126.net/qQ5e7rM-xY6YWJW9_3tR-w==/109951168121859537.jpg,8245517881,6.0,
1389015616,Die For Me,Post Malone,http://p2.music.126.net/xvdif3PmS5IfAv4JcMwpwQ==/109951169303063336.jpg,8245517881,6.0,
1437274080,Mind Games,Sickick,http://p2.music.126.net/8JmlDxRM0x7QXyxJVOJF1g==/109951172413010131.jpg,8245517881,6.0,
2057472402,never see you again,Antent,http://p1.music.126.net/ajQatl4ceGvkxK2nM2EZGQ==/109951168690395968.jpg,8591905501,6.0,
525241779,Ozean,Resonance,http://p1.music.126.net/Zyd6KzYZPjlT5H57OSl2KQ==/109951170729684339.jpg,8591905501,6.0,
2628543613,inside a dream,leadwave,http://p1.music.126.net/167EpW8q8W2XBNRmPhON3w==/109951169973065538.jpg,8591905501,6.0,
2110583631,running away,ADTurnUp,http://p1.music.126.net/dtxGIWFsbyiQDQ86k6p2Zw==/109951169193877112.jpg,8591905501,6.0,
2103937564,safe again,Lmnl,http://p1.music.126.net/kz9vDF3qtCWbuQxPjpRR9Q==/109951169106319830.jpg,8591905501,6.0,
2016868366,hope to see you again,Antent,http://p1.music.126.net/yOcPuhPXLoSv-zW36LWN4w==/109951168257007744.jpg,8591905501,6.0,
2054097376,shallow heart (slowed + reverb),shibíre,http://p1.music.126.net/7yMUIBPzkapusdt4gT0K2Q==/109951168666643253.jpg,8591905501,6.0,
2108476073,vertigo,insensible,http://p1.music.126.net/3F3cJRaKAA0_P7GiNy6PWg==/109951169161504439.jpg,8591905501,6.0,
1987852562,Homesick,Antent,http://p1.music.126.net/yF9zqqOm1Y4-cJt9MAf-Hw==/109951167949038316.jpg,8591905501,6.0,
18289411,I Feel Like Singin',Pieces of a Dream,http://p1.music.126.net/FmbDVsWPR6H2k1taOpPUWg==/109951170542105129.jpg,2283573424,7.0,
16457287,All Thru the Night,Larry Carlton,http://p1.music.126.net/jq_9JvQfh7G0aSLRKCcEZg==/109951163903735960.jpg,2283573424,7.0,
16628175,The Journey,Brian Culbertson,http://p1.music.126.net/OZwzc-_Lnjwy2XR_9Seq0A==/109951168308693532.jpg,2283573424,7.0,
1802964,Night Drive,Norman Brown,http://p1.music.126.net/JFoac3ULrMJtKfpnm87a2w==/109951166527900410.jpg,2283573424,7.0,
1518746,Feels Good,Jim Adkins,http://p1.music.126.net/FNKlwkFqO6JdZ-H0r6dKWA==/109951165064526831.jpg,2283573424,7.0,
1802970,Let's Wait Awhile,Norman Brown,http://p1.music.126.net/JFoac3ULrMJtKfpnm87a2w==/109951166527900410.jpg,2283573424,7.0,
16628094,One More Day,Brian Culbertson,http://p1.music.126.net/58Ja8a9PDLrk_hIJRKVoBg==/109951163135856681.jpg,2283573424,7.0,
28592620,Let's Get Close,Brian Simpson,http://p1.music.126.net/Q0ixeMiZkmP1k7ciQJfqHg==/109951164759500325.jpg,2283573424,7.0,
1518734,City Streets,Jim Adkins,http://p1.music.126.net/FNKlwkFqO6JdZ-H0r6dKWA==/109951165064526831.jpg,2283573424,7.0,
26556648,D'Groove,Brian Simpson,http://p1.music.126.net/7w8GfH6NeKpmS7EzGJmSlA==/109951165906664737.jpg,2283573424,7.0,
1384311632,AME TO SAKURA,Seto,http://p2.music.126.net/-ahf75jdljqSdoJHIkBKzw==/109951164293551821.jpg,5056460435,7.0,
1294674029,‭ ‭‭ ‭‭ ‭‭ ‭‭ ‭‭ ‭‭ ‭,̶7̶o̶e̶y̶,http://p2.music.126.net/e26_kOPebW8pl_PlChHTkQ==/109951163413315253.jpg,5056460435,7.0,
521649602,ㅤ,Lynn,http://p2.music.126.net/nKH_-eLAr1hJrT4WTC42LQ==/109951163073473376.jpg,5056460435,7.0,
1839054731,‭ ‭ ‭ ‭‭ ‭ ‭ ‭ ‭ ‭‭ ‭,斑的马,http://p2.music.126.net/JNrzyIyxRflFq41ZY5P-3A==/109951165910399155.jpg,5056460435,7.0,
1430751658,Ꮺ,周大发,http://p2.music.126.net/j11mNVfGGRXvvrI7F9xr8w==/109951165804381199.jpg,5056460435,7.0,
555680723,☔,Aziry,http://p2.music.126.net/2K5POB0mTZ9F0TwtFbEIQw==/109951163246923271.jpg,5056460435,7.0,
1463611382,✿,Vicious,http://p2.music.126.net/mx4DezKCzlu44OeiOWnyVA==/109951165147035193.jpg,5056460435,7.0,
2759408006,さもなくば誰がやる,緑黄色社会,http://p2.music.126.net/0jvNixnHro4uVaqbe9pb7Q==/109951172201984197.jpg,12416814674,7.0,
838112,落日,東京事変,http://p2.music.126.net/kcXaOvyHn4lV3GJnOHWn7w==/109951165791614121.jpg,12416814674,7.0,
1944085957,センチメンタル・キス,汐れいら,http://p2.music.126.net/U48xZEjf86iW0WCuRFhCJg==/109951167372602374.jpg,12416814674,7.0,
2739955749,夜風に揺れて,Paperbirds,http://p2.music.126.net/Odge3M7iwd8XLiRG5XkXEg==/109951171937491688.jpg,12416814674,7.0,
484249940,落下(いっぱつにゅうこんver.),日向文,http://p2.music.126.net/DEkk-OIlzDVxsoo1tW-Dug==/19035844811868074.jpg,12416814674,7.0,
2617392439,愛とU,Mega Shinnosuke,http://p2.music.126.net/UFoy4MpclKI1lOl0bXiXnw==/109951170165096982.jpg,12416814674,7.0,
29785409,Stay Gold,大橋トリオ,http://p2.music.126.net/xxNVh2NADV-OHR8seFialQ==/3249056861904887.jpg,12416814674,7.0,
454567,グッドバイ・デイ,来生たかお,http://p2.music.126.net/njP4A3o-r6_M1ir1rXp-ng==/73667279086206.jpg,12416814674,7.0,
507502138,望,小时姑娘,http://p2.music.126.net/aIHT1F1tgnkuCNDWIzrxQA==/109951168664501300.jpg,2331136477,7.0,
1347920676,葵,新玻,http://p1.music.126.net/dYZKzod99dTgctpJHWkfTQ==/109951163883918538.jpg,2331136477,7.0,
546599226,已矣,Jeff郑景仁,http://p1.music.126.net/9sFb6BLFsLhffn1y_DiuNQ==/109951163242089685.jpg,2331136477,7.0,
453524387,所象,崔开潮,http://p1.music.126.net/qMiFV8V6zlOSS9D4FLwFMw==/109951162807427178.jpg,2331136477,7.0,
1387375386,北定,郭斯,http://p1.music.126.net/LWrVymtztDOsa83_N3-Z0g==/109951164330751015.jpg,2331136477,7.0,
1375189441,所悟,李小皮,http://p1.music.126.net/HYOQtkZbR8mdi5wYqHInaQ==/109951164185555215.jpg,2331136477,7.0,
1342411544,清秋,李小俊,http://p1.music.126.net/IbanAWm26xvuZjBQcfT0aQ==/109951163820535410.jpg,2331136477,7.0,
468546961,摆渡,吕行mErcen,http://p1.music.126.net/JPsQTOZPQqyPLnkwjlSwow==/109951162887436253.jpg,2331136477,7.0,
531940182,抚仙,张三弥,http://p1.music.126.net/u6uiitk7AecOWeXhseExiQ==/109951163113171956.jpg,2331136477,7.0,
412319592,迷津,沈以诚,http://p1.music.126.net/xqLdMAbT8jLolXZBsQl-zA==/17660355765482772.jpg,2331136477,7.0,
30953221,Still Life,Laura Welsh,http://p1.music.126.net/xc6O3iqvJHxUvKd3XhGJiA==/2540971374791340.jpg,134606748,7.0,
34228385,OVR AGN,Sophia Black,http://p1.music.126.net/b3b0H2BsGikUjo25gncA7w==/109951165972711239.jpg,134606748,7.0,
28535188,Lullabies,YUNA,http://p1.music.126.net/wU2_uYxv52Jp-IC9Iq7E9A==/109951171852996743.jpg,134606748,7.0,
29011729,Brain,BANKS,http://p1.music.126.net/b6-2sYuUhSmwkkp6s5T1Fg==/6635552673726584.jpg,134606748,7.0,
34169088,Virgo,Stwo,http://p1.music.126.net/1y4Ge8eOg8q40Tue_TEu2A==/3343614860519867.jpg,134606748,7.0,
28049466,Right Thing,Rosie Lowe,http://p1.music.126.net/XK9JkEm6pdMXCs4t2e-1uQ==/109951163409435985.jpg,134606748,7.0,
27863404,No Lie,Wet,http://p1.music.126.net/VhmVj-KIkvqge1l32fD5fg==/2095669162578425.jpg,134606748,7.0,
31311007,Hold Me,Janine and the Mixtape,http://p1.music.126.net/xBC_YxOELOj-0aoKkvRg-A==/2901611185772965.jpg,134606748,7.0,
32341269,Cry,MADE IN HEIGHTS,http://p1.music.126.net/fVNWEFG_lg_kF_ocaPYqwg==/7763651604616403.jpg,134606748,7.0,
30953120,2Shy (2015 Version),Shura,http://p1.music.126.net/EqkOb6NgT88vAlJUKt4QaA==/7719671138981851.jpg,134606748,7.0,
689636,過ぎ去りし夏,Aleile,http://p2.music.126.net/VP4ev7TaLyQDCLDG8dKczw==/925788790587540.jpg,77629049,7.0,
730806,日陰と帽子と風鈴と,Foxtail-Grass Studio,http://p2.music.126.net/4TptW1rmfjLWSmVOj5YW9Q==/4459619162262126.jpg,77629049,7.0,
691506,秋姉妹のなく顷に in the autumn sky,ばんばんしー,http://p2.music.126.net/LnqgPvfcDIe5E7LctrKvsw==/109951170048310574.jpg,77629049,7.0,
874229,さくらの季節,38BEETS,http://p2.music.126.net/8tnNl2t-1Wsvcqn9-2XjNA==/638816255750132.jpg,77629049,7.0,
730861,メグリネ,Foxtail-Grass Studio,http://p2.music.126.net/sLRidbHi8ycl_wfXEPNgCw==/109951169374631853.jpg,77629049,7.0,
22724729,流光 (Music Box),ルルティア,http://p2.music.126.net/X5KOGknLAwKwtvyCOncy_g==/109951163281476909.jpg,77629049,7.0,
730631,歳月-雲流れ-,Foxtail-Grass Studio,http://p2.music.126.net/tJl-San_dLNzomvAT77KJg==/853221023197375.jpg,77629049,7.0,
391119,萤火虫之舞,萤火虫,http://p2.music.126.net/sK0gwrvhssmXbc0XI-tKkQ==/109951164910396505.jpg,77629049,7.0,
689649,水辺に映る白い鳥,Ciela,http://p2.music.126.net/VP4ev7TaLyQDCLDG8dKczw==/925788790587540.jpg,77629049,7.0,
785887,昼下がりの憂鬱,みかん箱,http://p2.music.126.net/JFnBz-eyIBltKt15wjjFUA==/4455221115751031.jpg,77629049,7.0,
28535295,O,Coldplay,http://p1.music.126.net/z8bRRuF8Gx5RvHJHwpKKkQ==/109951163620484193.jpg,2031723550,7.0,
534544523,Fall,Sasha Alex Sloan,http://p1.music.126.net/6-oQhxD1TkGCF3qXQwvefQ==/109951163128582484.jpg,2031723550,7.0,
30512405,War,Kodaline,http://p1.music.126.net/A4EyqbA5GRXt5IOHOFyJsg==/109951167891463524.jpg,2031723550,7.0,
429564794,Run,Fahrenhaidt,http://p1.music.126.net/XsqSeImzCNwkRKW7BAy9eg==/18203514509988939.jpg,2031723550,7.0,
474932825,Quit,Cashmere Cat,http://p1.music.126.net/ifdfCXvPbU9q_EDAOJIXsQ==/18669707442112634.jpg,2031723550,7.0,
27579141,King,Lauren Aquilina,http://p1.music.126.net/xSagMfh38fU4viAGc8TkZg==/109951164651631136.jpg,2031723550,7.0,
28095089,Heal,Tom Odell,http://p1.music.126.net/35SMgJ86Pr_6jw49RullZg==/109951165967655628.jpg,2031723550,7.0,
3027949,Spell,Marié Digby,http://p1.music.126.net/hOvXQmr95dzFo9D0mFMJjQ==/845524441809945.jpg,2031723550,7.0,
1693663,Soon,Lulu S.,http://p1.music.126.net/xwofLw922IefLIcCpO-GGw==/109951169487810975.jpg,2031723550,7.0,
28378127,Undo,Sanna Nielsen,http://p1.music.126.net/xzdtSA7kjl4d1C5TgB_98A==/109951165648514130.jpg,2031723550,7.0,
554797661,Improvisation No. 3 (2013),Gabriela Montero,http://p2.music.126.net/OdxSHTgY9aVtr5Q0RwhG-Q==/109951163259821766.jpg,644943140,7.0,
1357842739,"10 Préludes, Op. 23:No. 5 in G Minor: Alla marcia",Boris Giltburg,http://p2.music.126.net/n2VGaFKsp5h_-zwpxcgFSw==/109951163988828575.jpg,644943140,7.0,
1368517836,"Die Kunst der Fuge, BWV 1080: Contrapunctus I",朱晓玫,http://p2.music.126.net/j0H_Hx-UQ3nbkagy2tf4SA==/109951164109100999.jpg,644943140,7.0,
1363967241,"Piano Sonata No. 2 in F Major, K. 280:III. Presto",Lars Vogt,http://p2.music.126.net/VECml8n1NkxiPdXGPCjFtw==/109951164059117559.jpg,644943140,7.0,
1296528804,Nocturnes Nos. 1-3,Jennifer King,http://p2.music.126.net/B96ygH6fTOdQ8g-lW_aezA==/109951163426055352.jpg,644943140,7.0,
1382926914,"25 Études faciles et progressives (25 Easy and Progressive Studies), Op. 100:No. 2. L'arabesque (Arabesque)",Carl Petersson,http://p2.music.126.net/zgbBMx1sxORHJXWw-rzNrw==/109951164275940827.jpg,644943140,7.0,
545742876,"Lieder ohne Worte (Songs without Words), Book 6, Op. 67:No. 32 in F-Sharp Minor, Op. 67, No. 2. Allegro leggiero, MWV U145",Ronald Brautigam,http://p2.music.126.net/xQ1icWlvhi0vVu_rcruwyw==/109951163191427522.jpg,644943140,7.0,
1362120004,"Piano Concerto No. 5 in F major, Op. 103, ‘L’Égyptien’: II. Andante",Alexandre Kantorow,http://p2.music.126.net/7m2CGbQNEoi6ARAeRwGLtA==/109951164036038537.jpg,644943140,7.0,
1382925844,"25 Études faciles et progressives (25 Easy and Progressive Studies), Op. 100:No. 12. L'adieu (The Farewell)",Carl Petersson,http://p2.music.126.net/zgbBMx1sxORHJXWw-rzNrw==/109951164275940827.jpg,644943140,7.0,
1382926512,"9 Preludes, Op. 1 (excerpts):No. 2. Andante con moto",Andrea Vivanet,http://p2.music.126.net/a83AJ44jP0WrKonK_eG66g==/109951164275932382.jpg,644943140,7.0,
16437022,Rehab,Amy Winehouse,http://p2.music.126.net/1KjvZo4ITKWXUCBq2T_hKQ==/759762534800491.jpg,2962407224,7.0,
2117058,Back To Black,Amy Winehouse,http://p2.music.126.net/J8FJq-WzrfcFM3mc_97TPQ==/862017116221752.jpg,2962407224,7.0,
16436914,Love Is A Losing Game,Amy Winehouse,http://p2.music.126.net/iLs7jQ3eBFBdcxiWNtyMiw==/109951169244998466.jpg,2962407224,7.0,
16437042,You Know I'm No Good,Amy Winehouse,http://p2.music.126.net/UZVBk15VlRUovYDHFapm3w==/588238720867232.jpg,2962407224,7.0,
2117228,Chasing Pavements,Adele,http://p2.music.126.net/Bb1iwz9qsACW7t7IYgCe7Q==/109951167841994941.jpg,2962407224,7.0,
2117005,Don't You Remember,Adele,http://p2.music.126.net/hfzQTBL176sdvg9Hp0PSIQ==/109951167916727137.jpg,2962407224,7.0,
36841428,All I Ask,Adele,http://p2.music.126.net/GBjkPuYOKYFaXtEjA6ULqA==/109951168110232012.jpg,2962407224,7.0,
34766063,Let It All Go,RHODES,http://p2.music.126.net/rQoPedbWPfVCel-lEjETOA==/109951165972719002.jpg,2962407224,7.0,
27513873,Wings,Birdy,http://p2.music.126.net/xWGxAzarcknS0uu5JFciHw==/109951167572535876.jpg,2962407224,7.0,
407679488,Silhouette,Birdy,http://p2.music.126.net/GSQJ8dUW6IM6_7SsPNVjPA==/109951167572970805.jpg,2962407224,7.0,
31745165,U.N.I.,Ed Sheeran,http://p1.music.126.net/Ij88dq8sYMpkCzpgm-DNHg==/7826323767567305.jpg,733122887,7.0,
401722227,See You Again,Charlie Puth,http://p1.music.126.net/LWwUPfPdsKgFss-QMGvnxw==/109951169407176829.jpg,733122887,7.0,
30212848,Lay Me Down,Sam Smith,http://p1.music.126.net/mT21O9zJCgEtG5JQULpgTw==/7706476999271541.jpg,733122887,7.0,
473121040,Believe,Justin Bieber,http://p1.music.126.net/yrlSWLjxo9BOLNkfLwj4XA==/109951166116122550.jpg,733122887,7.0,
404543638,rEaR vIeW,ZAYN,http://p1.music.126.net/YF8HSwZp3tnnTHmJulWPRA==/109951167389503884.jpg,733122887,7.0,
523036802,Bedroom Floor (Acoustic),Liam Payne,http://p1.music.126.net/zQy06tTUcKqlGic5MVAXkw==/18279380812348486.jpg,733122887,7.0,
521657088,Miss You,Louis Tomlinson,http://p1.music.126.net/a3VTDdU8PkPNAOjSRe67Og==/109951165983773760.jpg,733122887,7.0,
477936862,Ever Since New York,Harry Styles,http://p1.music.126.net/mTgz81S_ZLf0D6OfRhTgHg==/109951165981507420.jpg,733122887,7.0,
514054289,Seeing Blind,Niall Horan,http://p1.music.126.net/oaew8P3b3YnjELj9ukGGYQ==/109951165993636156.jpg,733122887,7.0,
29747526,Who Says,Selena Gomez,http://p1.music.126.net/HsVGAjm6Lxr6xaIpH0tCUw==/109951165991288681.jpg,733122887,7.0,
4241455,NOS BALLADES,Peppermoon,http://p1.music.126.net/vpbnMXhPv-AL9gH_a-VvUQ==/109951165100507208.jpg,4241903,7.0,
2116886,Eden Eden,Alizée,http://p1.music.126.net/FJlUVpgYVzVVScKFgqYEfA==/109951163457139114.jpg,4241903,7.0,
2520034,Oublier la ville,Daphné,http://p1.music.126.net/r_6GdLI0bh3YmBtbsYb3MQ==/1739427395143201.jpg,4241903,7.0,
2699940,A la Renverse,Hélène Ségara,http://p1.music.126.net/DTWIg6Fv558lkt-Swoweiw==/1695446930035951.jpg,4241903,7.0,
2870891,La Disparition,Keren Ann,http://p2.music.126.net/qxZUvbFZiIWNyv8SdQd8nQ==/819136162742839.jpg,4241903,7.0,
22288437,Comment c'était déjà,Rose,http://p2.music.126.net/jKoAgYXAOibRTc18A_BK5w==/109951167209755181.jpg,4241903,7.0,
3164992,Je Ne Serai Jamais Ta Parisienne,Nolwenn Leroy,http://p2.music.126.net/mIaPwK1CaJ-y9ZxaTSWoXw==/1795502488164261.jpg,4241903,7.0,
17086565,L'amour,Carla Bruni,http://p2.music.126.net/Jw1eCoW4riLELP8VzkDzuQ==/109951169471970496.jpg,4241903,7.0,
2309155,Cap Diamant,Cœur de pirate,http://p2.music.126.net/HGelQRgCalrYVsxULRxxJg==/109951168747794046.jpg,4241903,7.0,
1041831,Selbourne Wood,Adrian Johnston,http://p2.music.126.net/rCHuscZUqUVwIVHaTU6Q9w==/6632254138969689.jpg,813645724,7.0,
1041857,Runaways,Adrian Johnston,http://p2.music.126.net/rCHuscZUqUVwIVHaTU6Q9w==/6632254138969689.jpg,813645724,7.0,
1041868,Non Vieni Del Tardar,Adrian Johnston,http://p2.music.126.net/rCHuscZUqUVwIVHaTU6Q9w==/6632254138969689.jpg,813645724,7.0,
1041873,Last Reading,Adrian Johnston,http://p2.music.126.net/rCHuscZUqUVwIVHaTU6Q9w==/6632254138969689.jpg,813645724,7.0,
33544451,Dawn,Dario Marianelli,http://p2.music.126.net/aXPn0vPW3rnrmPWzsePo1w==/109951163326847697.jpg,813645724,7.0,
33544459,Meryton Townhall,Dario Marianelli,http://p2.music.126.net/aXPn0vPW3rnrmPWzsePo1w==/109951163326847697.jpg,813645724,7.0,
33544474,Mrs. Darcy,Dario Marianelli,http://p2.music.126.net/aXPn0vPW3rnrmPWzsePo1w==/109951163326847697.jpg,813645724,7.0,
1781925,Ode To A Nightingale,Mark Bradshaw,http://p2.music.126.net/vm5mlC26LXJ4sVvhY0E5dw==/109951163237561001.jpg,813645724,7.0,
1781903,Human Orchestra,Mark Bradshaw,http://p2.music.126.net/vm5mlC26LXJ4sVvhY0E5dw==/109951163237561001.jpg,813645724,7.0,
2788676,Jocelyn Pook: How Sweet The Moonlight [The Merchant of Venice],Jocelyn Pook,http://p2.music.126.net/SGqoFIcoQDs7afL5mINrmg==/18214509626281610.jpg,813645724,7.0,
2054176493,L'amour dont elle m'a privé,Molière l'opéra urbain,http://p2.music.126.net/gj3pmiealQYmAzNaI1qXFw==/109951168667046667.jpg,7493079016,7.0,
2054177363,L'ivresse de la vie,Molière l'opéra urbain,http://p2.music.126.net/gj3pmiealQYmAzNaI1qXFw==/109951168667046667.jpg,7493079016,7.0,
2096313502,Et si c'était nous deux ?,Molière l'opéra urbain,http://p2.music.126.net/uK91xzmFgpP77joSVu4QJg==/109951169028406240.jpg,7493079016,7.0,
1987173869,Regardez-moi,Molière l'opéra urbain,http://p2.music.126.net/wbn8OdcmmRpQVKIrWeaqng==/109951167940964847.jpg,7493079016,7.0,
2096313508,T'aimer est une galère,Molière l'opéra urbain,http://p2.music.126.net/uK91xzmFgpP77joSVu4QJg==/109951169028406240.jpg,7493079016,7.0,
2096313505,Aujourd'hui tout va bien,Molière l'opéra urbain,http://p2.music.126.net/uK91xzmFgpP77joSVu4QJg==/109951169028406240.jpg,7493079016,7.0,
2124545165,À quoi ça rime,Molière l'opéra urbain,http://p2.music.126.net/kQIOaIlZ-qHKKqCwFwvJKA==/109951169317436719.jpg,7493079016,7.0,
5045698,Puisque C'est Ma Rose,Various Artists,http://p2.music.126.net/LYW9Ovy1b9tNGebbYtCsvw==/1824089790493176.jpg,7493079016,7.0,
26371039,Attention au Départ,Fiori,http://p2.music.126.net/Hl5DT0Y-p_R3PfzwcOTuTQ==/2370547069539474.jpg,7493079016,7.0,
2679153014,love beat（爱的心跳）,Zy,http://p2.music.126.net/f1U2JWAhRvAWi0pTC_K3Vg==/109951170520952959.jpg,13728789165,7.0,
2060567211,Complicated,Dahl_,http://p2.music.126.net/pnju0MprRni_jGRYTfsAqA==/109951168712230423.jpg,13728789165,7.0,
2153152701,song4love.,8bite,http://p2.music.126.net/0cL-WpiyPqCuudwSsXLvMA==/109951169566750382.jpg,13728789165,7.0,
1492482270,I Don’t Know You (Remix) (Bonus Track),Noni,http://p2.music.126.net/zutphyJRzXxrA6BlSSz47Q==/109951168763308060.jpg,13728789165,7.0,
1960670713,Careless Whisper,Daddy's Girl,http://p2.music.126.net/-hO6WlAKPsHkSBq3VUpctw==/109951167612512900.jpg,13728789165,7.0,
2695223872,call me up,三棱镜,http://p2.music.126.net/K1-6DaNKUNAsOdLKNR_KEA==/109951170725985611.jpg,13728789165,7.0,
1975457499,Prelude,Andria Rose,http://p2.music.126.net/Vqacogww8Nz-tW0508unBg==/109951167817066053.jpg,13728789165,7.0,
2712684289,Hi Fine Shyt,张天枢,http://p1.music.126.net/6N3Gn4oOpV9x2aSimBKTPQ==/109951171269403326.jpg,13728789165,7.0,
2089023481,Better With You,Jeff Bernat,http://p1.music.126.net/xwhI_MOpAN7pPHyLac49Cg==/109951168971568694.jpg,13728789165,7.0,
2633740189,唉 (pt.7),河南说唱之神,http://p1.music.126.net/KL6XDDlv9cKIRT10hg5uRA==/109951171937601163.jpg,8260166525,7.0,
1462707541,唉,河南说唱之神,http://p1.music.126.net/6qcRPKbDOGxhB4U_3bgDVw==/109951165137671122.jpg,8260166525,7.0,
1476554602,唉 (pt.2),河南说唱之神,http://p1.music.126.net/Ri8MYa1KMdzEt8qPuclzJw==/109951165294261317.jpg,8260166525,7.0,
1492114515,唉 (pt.3),河南说唱之神,http://p1.music.126.net/QxdJkW5m8AAfrUe-D7HrOw==/109951165432831254.jpg,8260166525,7.0,
1839449600,唉 (pt.4),河南说唱之神,http://p1.music.126.net/B2ZPXv-RVj4J1fAK1b-n6A==/109951165914692432.jpg,8260166525,7.0,
1810729670,唉 (pt.5),河南说唱之神,http://p1.music.126.net/vBSOrKe8zWOtYmcmNQtQpQ==/109951165616598161.jpg,8260166525,7.0,
1882417545,唉 (pt.6),河南说唱之神,http://p1.music.126.net/FkjhPKPLrW3bzKFkVC7KeQ==/109951166466486154.jpg,8260166525,7.0,
2758227085,才发现最喜欢是过万圣节,河南说唱之神,http://p1.music.126.net/SfztIBnikEarVU1ZWym2gA==/109951172214177649.jpg,8260166525,7.0,
2756408230,交通工具,刘思鉴,http://p1.music.126.net/nG3TMEuQlNC6meo_23g36Q==/109951172162554916.jpg,8260166525,7.0,
2697703803,活 麻烦,ksovii,http://p1.music.126.net/DolJ8wSX1ZPiOtkUIFrN8Q==/109951170781620482.jpg,8260166525,7.0,
2748100186,劇上,YOASOBI,http://p2.music.126.net/TvCd6Ac3exKXjQUKM2_LQg==/109951172040281553.jpg,7703720227,7.0,
2745058436,朝凪,あたらよ,http://p2.music.126.net/fPIwo91goExYqDNt0NkA_w==/109951171998309237.jpg,7703720227,7.0,
2734279861,修羅,ヨルシカ,http://p2.music.126.net/R85bgBy55sUQnWq8NDlgaQ==/109951171812887175.jpg,7703720227,7.0,
1466520413,爆弾魔 (Re-Recording),ヨルシカ,http://p2.music.126.net/033ZocR9XnX1MdcXCWW_iQ==/109951165180340452.jpg,7703720227,7.0,
2045828022,斜陽,ヨルシカ,http://p2.music.126.net/RmLnCQHie5SdBPURTl8Z4Q==/109951168599595799.jpg,7703720227,7.0,
2707450677,クリームで会いにいけますか,ずっと真夜中でいいのに。,http://p2.music.126.net/zuSI6FMPLnOj_nYF8BQg6g==/109951171012726491.jpg,7703720227,7.0,
2704166360,Watch me!,YOASOBI,http://p2.music.126.net/zFfoIYkXtPmvmrGetzm79g==/109951170976847402.jpg,7703720227,7.0,
2702969612,火星人,ヨルシカ,http://p2.music.126.net/W-Ce1zXSPBAGM79fTEITCg==/109951170962087424.jpg,7703720227,7.0,
2695651389,忘愛,あたらよ,http://p2.music.126.net/iJZa6Z8JmcB96tOUFLD5-A==/109951170729032622.jpg,7703720227,7.0,
2696401166,微熱魔,ずっと真夜中でいいのに。,http://p2.music.126.net/R4O0YLSp1yBp-sSOVZnhSg==/109951170737525767.jpg,7703720227,7.0,
1983527215,青春コンプレックス,結束バンド,http://p2.music.126.net/VXqVAs8P4ko7j7ft94KUiw==/109951167898699349.jpg,7721557249,7.0,
1983016236,Distortion!!,結束バンド,http://p2.music.126.net/FzcLv8U63bYB5-SeoBM4EA==/109951167894195127.jpg,7721557249,7.0,
1988861403,カラカラ,結束バンド,http://p2.music.126.net/AuFDFOPfIL6gHRqjcKk73Q==/109951167959514212.jpg,7721557249,7.0,
1996323629,なにが悪い,結束バンド,http://p2.music.126.net/uZGu7g87XR44qU9MFWSi-g==/109951168039425507.jpg,7721557249,7.0,
2003496765,転がる岩、君に朝が降る,結束バンド,http://p2.music.126.net/IKor3tpW2WoBJrg9qzI2nQ==/109951168110211356.jpg,7721557249,7.0,
1991012773,ギターと孤独と蒼い惑星,結束バンド,http://p2.music.126.net/rfstzrVK05hCPjU-4mzSFA==/109951167983448236.jpg,7721557249,7.0,
1996323631,あのバンド,結束バンド,http://p2.music.126.net/oa0c9pVjoJ5aQU_NqvujuQ==/109951168039412955.jpg,7721557249,7.0,
2046523670,ワタシダケユウレイ,SICK HACK,http://p2.music.126.net/gxyIhOz2Gq6HcLAgZCJsYw==/109951168604913777.jpg,7721557249,7.0,
2003496467,忘れてやらない,結束バンド,http://p2.music.126.net/XXyvKxoGL4PUeSlb9uU2eg==/109951168110215317.jpg,7721557249,7.0,
2003496380,星座になれたら,結束バンド,http://p2.music.126.net/KcRtt7Vi4b-jWSKmCgb8zQ==/109951168110222499.jpg,7721557249,7.0,
3324518630,Just Another Inch Higher,塞壬唱片-MSR,http://p1.music.126.net/zlctC0R8gkNhlLANB4bmCg==/109951172379540289.jpg,5132902988,7.0,
3320047162,Secret Escape,塞壬唱片-MSR,http://p1.music.126.net/_a3sCHMjxtYvGtBUF88nDg==/109951172317297437.jpg,5132902988,7.0,
3312937331,Follow Your Heart,塞壬唱片-MSR,http://p1.music.126.net/4Gt2RdIICjD4LaxDYhMgaA==/109951172218879519.jpg,5132902988,7.0,
3312932682,The Walk,塞壬唱片-MSR,http://p1.music.126.net/3gOF3SfHQ9xq9BTIE4UR-Q==/109951172218842752.jpg,5132902988,7.0,
2753957634,When We Were the Most Beautiful,ヒグチアイ,http://p1.music.126.net/Ft16owq1eoJUzWY4WU837Q==/109951172129339909.jpg,5132902988,7.0,
3312321567,Stardust on Me,塞壬唱片-MSR,http://p1.music.126.net/kR6tVhK2w6VspwBPZd_Ifw==/109951172211559074.jpg,5132902988,7.0,
2755406555,Paper Boat,塞壬唱片-MSR,http://p1.music.126.net/Zoq2Ss8lHN6akqlNgKgjbg==/109951172149420281.jpg,5132902988,7.0,
2751379003,Sealed,塞壬唱片-MSR,http://p1.music.126.net/jHFR86SB4J7EY3CElLOLYQ==/109951172085713983.jpg,5132902988,7.0,
2742468679,in your blue eyes,Ave Mujica,http://p1.music.126.net/hNbHHf5z7Ehukza3gs4ecQ==/109951171964411252.jpg,5132902988,7.0,
2736706230,BATTLEPLAN ARCLIGHT,塞壬唱片-MSR,http://p1.music.126.net/07dk3Xo6iA9qNIqLUKZSqA==/109951171874947427.jpg,5132902988,7.0,
29947400,Dreaming of You,Blurry Lights,http://p2.music.126.net/MqfUskwJ82mO3n8SRkNRxg==/109951163583977957.jpg,6806734716,7.0,
4398196,The Sea Was Left Behind,The Files & Fires,http://p2.music.126.net/SenptX9AYQvh9jziuxwMqw==/790548860414690.jpg,6806734716,7.0,
28748595,The Heavens Swung Their Blinding Gates,Aural Method,http://p2.music.126.net/ZOQxPgnHbTq_Ev8aZgCq1w==/109951164162158479.jpg,6806734716,7.0,
29836542,I Need Nothing But Loneliness,α·Pav,http://p2.music.126.net/lHfudvxNWhCJeOYHVzHVWw==/3238061746556726.jpg,6806734716,7.0,
26620105,Shoreline,The Echelon Effect,http://p2.music.126.net/QWFleGCt4k7PR4GHPmAbMw==/109951164852414947.jpg,6806734716,7.0,
1346504,Lamb,French Teen Idol,http://p2.music.126.net/xm07YduhbyMvKnbyWSCowg==/1653665488175145.jpg,6806734716,7.0,
29563005,Melting Ice,Lights & Motion,http://p2.music.126.net/_eK6Gn5Fp4XFDI0tT45t_A==/6666339000180573.jpg,6806734716,7.0,
4381721,Searching Where The Sea Drowned The Sun,The Half Open Sky Gives Us Hope,http://p2.music.126.net/Q7-yOALEooBzAo_pvlKLMA==/874111744127129.jpg,6806734716,7.0,
26093757,April.#19,柏大輔,http://p2.music.126.net/irsvNo2UeSXJn8zfPRPPIg==/109951165689931024.jpg,6806734716,7.0,
1206846,We Felt Time Pass,Circadian Eyes,http://p2.music.126.net/HX7N_UhyLFqbF3Rueei0IA==/109951169040691444.jpg,6806734716,7.0,
2076261282,昭君,MT1990,http://p2.music.126.net/D3vVb2qzL1hAGqHYh7sZrg==/109951168865671018.jpg,13776771575,7.0,
1451656076,关山月,路南,http://p2.music.126.net/uoqaloXHQLxk0pi5WStWCA==/109951167876301194.jpg,13776771575,7.0,
1394601255,浮光 (The History),Jannik,http://p2.music.126.net/c55oo6_xrGMZP8vIrSGTZg==/109951164401545279.jpg,13776771575,7.0,
2024600749,Eutopia,布和笛箫,http://p2.music.126.net/lYjEBXsQOaxwbGNpOfHF3Q==/109951168374734405.jpg,13776771575,7.0,
2000845246,归零,魔鬼花园（李安健）,http://p1.music.126.net/yfKaxCHVJnA3FtHnMrgMuQ==/109951172390811029.jpg,13776771575,7.0,
455938406,广府春秋,Phigma,http://p1.music.126.net/fY7duSIfD4lHzojlIn7hcw==/109951163076689518.jpg,13776771575,7.0,
2043908760,剑仙乐,路南,http://p1.music.126.net/_ZEQsCXg3k80L4axqDNl-Q==/109951168580900350.jpg,13776771575,7.0,
2088974054,烟雨云台,何天程,http://p1.music.126.net/FSQ7HVPk_3YfuR_yX2JVkA==/109951168971278502.jpg,13776771575,7.0,
2622417282,楚人吟,MT1990,http://p1.music.126.net/p0vn1r8-LIFqyg_VHdNlDg==/109951169917476813.jpg,13776771575,7.0,
19047042,Somewhere Only We Know,Keane,http://p2.music.126.net/CDmcOP8BstRtcKTY6NYjzw==/628920651097564.jpg,374687888,7.0,
17335979,Shoreline (New Version),Deas Vail,http://p2.music.126.net/cpujDE72q1XTno92epJUKA==/6634453162791139.jpg,374687888,7.0,
18618733,Beautiful Disaster,Jon McLaughlin,http://p2.music.126.net/BLFqMyZ0HeyvSif0MZ4uOA==/6669637535029309.jpg,374687888,7.0,
18587410,Changes,Jack Savoretti,http://p2.music.126.net/Bep9s4bEazecD3rJGHgcGQ==/109951167816576972.jpg,374687888,7.0,
17616212,Gravity,Embrace,http://p2.music.126.net/WL9FISXkv4R5Pb8AnJD7Qw==/18441009021328358.jpg,374687888,7.0,
3987001,Trouble,Coldplay,http://p2.music.126.net/iDo6KrM6o6EBAtw6LUzdMg==/109951167814677358.jpg,374687888,7.0,
26830705,Pull You In,Seabird,http://p2.music.126.net/NE6o4pQN4PD1dCygHkZXNg==/6665239488204051.jpg,374687888,7.0,
2259200,Scarecrow,Between the Trees,http://p2.music.126.net/PyEkIVY2q5VSk4hKgR4MyQ==/109951166367885965.jpg,374687888,7.0,
26060069,Au Revoir,OneRepublic,http://p2.music.126.net/TJf6QafYPoDm9jZOR444dg==/109951170517214706.jpg,374687888,7.0,
26354124,Till I Lost,Tom Odell,http://p2.music.126.net/35SMgJ86Pr_6jw49RullZg==/109951165967655628.jpg,374687888,7.0,
2059077,Two Is Better Than One,Tyler Ward,http://p2.music.126.net/fNk0325yuMd8LWBuxvxWMQ==/6658642418045107.jpg,69571731,7.0,
17541009,Autumn Leaves,Eric Clapton,http://p2.music.126.net/Ya5Cbwvf2SzhJhxhqDteMw==/109951167968913168.jpg,69571731,7.0,
27786864,Counting Stars,OneRepublic,http://p2.music.126.net/iKLHFpTLL4oaI7sLhAgSLg==/2038494557930712.jpg,69571731,7.0,
28041806,In Your Light,Jon Allen,http://p2.music.126.net/Nt3Vsl22r-ZJFc8L5AORpA==/6636652186164834.jpg,69571731,7.0,
28680438,Thinking out Loud,Ed Sheeran,http://p2.music.126.net/AJoQeNaVBizZcRQ706DD1w==/109951168544414132.jpg,69571731,7.0,
29023014,I'll Be Waiting,Pat Byrne,http://p2.music.126.net/EL_SIyxEoPl_9EqNzqTxzw==/6625657069114379.jpg,69571731,7.0,
28392783,Stolen Dance,Milky Chance,http://p2.music.126.net/hWa6grWwlWPn4XR1PpRCHg==/109951163221183887.jpg,69571731,7.0,
1389065,No Puedo Amarte (I Can't Love You),Gian Marco,http://p2.music.126.net/_WeYLiA8vRLGgj3Ja3xM6Q==/1710840092819517.jpg,69571731,7.0,
28493055,Love Takes Courage,Blake Aaron Guthrie,http://p2.music.126.net/v4QYtWSxwoSlEWguVWDD_g==/109951164214710498.jpg,69571731,7.0,
18663259,Who Says,John Mayer,http://p2.music.126.net/4sLngi921q7fmhakAPBWKQ==/676199651092110.jpg,69571731,7.0,
20750903,Dreams Come True,Willie Nelson,http://p1.music.126.net/CUbMSzhHmkBKjWa7EtGOqg==/109951169747002316.jpg,605499971,7.0,
27725407,The Summer We Crossed Europe In The Rain,Stacey Kent,http://p1.music.126.net/Jt3tOdqJoqVKnbPsSBUm0w==/2587150860189715.jpg,605499971,7.0,
17648962,Movin' Me On,Eliane Elias,http://p1.music.126.net/P2fTsMvTGvxYNmvjVJP3Xw==/109951165991700225.jpg,605499971,7.0,
26657608,The Look Of Love,Saskia Bruin,http://p1.music.126.net/nsmnf_Rfr4EWC4mUKiVe8Q==/5630599045911559.jpg,605499971,7.0,
22363680,What A Wonderful World,Stacey Kent,http://p1.music.126.net/vyyBQkADOI1MmpKWnp34ng==/758663023186973.jpg,605499971,7.0,
21151080,What A Wonderful World (Single Version),Louis Armstrong,http://p1.music.126.net/Zc2iHb_PuhVbyYu15YneiQ==/743269860387797.jpg,605499971,7.0,
29108727,I've Got It Bad,Karen Souza,http://p2.music.126.net/lOvJ1TpcXj-cCul_olrbtQ==/109951171905949331.jpg,605499971,7.0,
424264300,Carry On,Norah Jones,http://p2.music.126.net/YvGVfCnqlWPTufMxisXj5w==/3315027564139300.jpg,605499971,7.0,
26283012,is That All There Is,Peggy Lee,http://p2.music.126.net/eYJUTSeEg2Hh2bkG-wRfxg==/2308974418382646.jpg,605499971,7.0,
1697004,What a wonderful world,Michael Bublé,http://p2.music.126.net/cB9eUmXmCXzH5zOqD5E47Q==/899400511573668.jpg,605499971,7.0,
420134801,썸,多愿,http://p1.music.126.net/Wa0l-PljNd1_rRzrtz8-GQ==/3393092907852490.jpg,8045683533,7.0,
1324880131,SOLO,JENNIE,http://p1.music.126.net/KwnuQm0c6Tj42_CHBd-avg==/109951167720798390.jpg,8045683533,7.0,
26512616,일주일 (A Week),Sistar,http://p2.music.126.net/5FBFwskdcG0m768jK4bhlg==/4402444557617834.jpg,8045683533,7.0,
2753867519,Deep Inside(Korea),Bbarbol,http://p2.music.126.net/2kikwTdNznjK-nt0OmNQqA==/109951171522537652.jpg,8045683533,7.0,
2718589640,Deja Vu,RESCENE,http://p2.music.126.net/vI2GB2eZ6ITGKRnqcBeCiA==/109951171350566111.jpg,8045683533,7.0,
528116092,우린 다를줄 알았는데,Acourve,http://p2.music.126.net/2Ki9TBA1NUCFW-PS30Q23g==/109951164328369336.jpg,8045683533,7.0,
31545822,Me You,San E,http://p2.music.126.net/1iKQb8yLNjYUmMEUJVmUgw==/109951169724755137.jpg,8045683533,7.0,
1368871182,Alone with You (Robert Cristian Remix),Ashlee,http://p2.music.126.net/Wz1OPtEduRA65ZesbuK6lA==/109951164113224046.jpg,7530082607,7.0,
546686232,Talking To Myself (Original Mix),Max Fane,http://p2.music.126.net/CI0wulHzoZwAIsm8F8gBcQ==/109951165436561999.jpg,7530082607,7.0,
1501224950,New Mercedes,Paige,http://p2.music.126.net/siGahfC8G2bfm-6ueRZ37Q==/109951170461500329.jpg,7530082607,7.0,
3324282765,person （slowed）,零点脉冲,http://p2.music.126.net/hbLjAJV9ZOewF4CCqAtNTQ==/109951172377477966.jpg,7530082607,7.0,
2758124938,Constriction（虎视眈眈）,QDFLY,http://p2.music.126.net/lyX-uK2z6QxZEY7iFz7zpg==/109951172184389637.jpg,7530082607,7.0,
2129075973,ANGNTR (Main Version),İskorbeatz,http://p2.music.126.net/8UQieCiokLbN6TjfwMNn_w==/109951172446667090.jpg,7530082607,7.0,
1294889892,Lolita,Voxlight,http://p2.music.126.net/eKE7FM4u2pY7vZRON1sgTg==/109951169522847420.jpg,7530082607,7.0,
2737538975,Tirreki Nikoter,X Chamber,http://p2.music.126.net/SLESdYTgTSNwOEGs0FYYMg==/109951171892350869.jpg,7530082607,7.0,
2704280733,Charisma(PHONK),BOY,http://p2.music.126.net/Y5B7DB8BvS4YyXrvMCSs0g==/109951170977823897.jpg,7530082607,7.0,
2743846343,The King,Paper.MAN,http://p2.music.126.net/hybzydRxERbBp5Vw_jgUzg==/109951171981684469.jpg,7530082607,7.0,
27876662,Silent Night,The Piano Guys,http://p1.music.126.net/CD6dlX1LFE-aidgIAjh-CA==/109951165968190873.jpg,514033019,7.0,
1773378,"Suite No.3 In D, BWV 1068 (Arr. For Violoncello And Piano By Mischa Maisky):Air (Largo)",Mischa Maisky,http://p1.music.126.net/kToB_Xb0IGAC0grFT047Zw==/18853325881488133.jpg,514033019,7.0,
29561577,Beloved,Michael Hoppé,http://p1.music.126.net/95Tj-S2uH-k4nw6jYDtZeg==/2542070884660389.jpg,514033019,7.0,
1070991,Ruin,Adam Hurst,http://p1.music.126.net/LOsVjI6sFoCyXJb3B6veLQ==/109951164078429197.jpg,514033019,7.0,
26500538,The Parting,Michael Hoppé,http://p1.music.126.net/WwqgvSYe0TrcXDJvme43FA==/109951163371185708.jpg,514033019,7.0,
356580,天鹅,高志坚,http://p1.music.126.net/ChgaBv68uWrm0J8EPD2kEg==/84662395354622.jpg,514033019,7.0,
29844440,"peace, again",梶浦由記,http://p1.music.126.net/S-udwazZnrlLXlLyQzzfHw==/3223768095295372.jpg,514033019,7.0,
97968,旋律,黄蒙拉,http://p1.music.126.net/YlsDQjeOKM6doqkRKvSBhg==/109951166116652143.jpg,514033019,7.0,
2283006,Forest Hymn,Bill Douglas,http://p1.music.126.net/POs-hZZ1_r8hpxjSc4PnuQ==/109951164159306088.jpg,514033019,7.0,
426303219,1995,Ólafur Arnalds,http://p1.music.126.net/GIJU3dVStzNAuQ4_XazZeA==/109951169146960756.jpg,514033019,7.0,
2104288588,INFP,孙盛希,http://p2.music.126.net/gnlWOogdmTONGLvejHDfRQ==/109951169116123746.jpg,6655442283,7.0,
2083884561,野獸派,9m88,http://p2.music.126.net/GZn5KZVczf3aqQ8p_UoDwA==/109951168929494632.jpg,6655442283,7.0,
1424150806,Crush on,李浩玮,http://p2.music.126.net/iW4D4Vma-sXLvQ_xSsM7Jg==/109951164717959910.jpg,6655442283,7.0,
2074374267,思绪的尽头 feat. 傻子与白痴,杨乃文,http://p2.music.126.net/RJp91O7h_prQjFWrS9TMxw==/109951168866710412.jpg,6655442283,7.0,
2004918315,愛神來了怎知道,阿兰 AC,http://p2.music.126.net/GLIJAFt5mTEz-7BlHJYfXw==/109951168125415540.jpg,6655442283,7.0,
1948735276,Ariel,李晋玮(G.WeiLee),http://p2.music.126.net/qaHoSgitgWxR_2ZoQebteQ==/109951167440741317.jpg,6655442283,7.0,
2004385700,I.f.i.l,KIRE,http://p2.music.126.net/KmWe2Ph1kvPWz4MuOOJbUA==/109951168120144030.jpg,6655442283,7.0,
2035281610,金黄色的,郑宜农,http://p2.music.126.net/He7Y95SpflJV3cZEK01-sg==/109951168511189053.jpg,6655442283,7.0,
1492340027,鸽子,JOYCE 就以斯,http://p2.music.126.net/T8EBMCGOCQsRu-ZDuKOnAw==/109951165434752548.jpg,6655442283,7.0,
2083885419,決定不想你,9m88,http://p2.music.126.net/GZn5KZVczf3aqQ8p_UoDwA==/109951168929494632.jpg,6655442283,7.0,
2065868022,Things You Said,Cody Fry,http://p1.music.126.net/Q9OkD_MsN63DXdP86fiB4w==/109951168753316527.jpg,13764256363,7.0,
437608447,영의 왈츠,V.A.,http://p1.music.126.net/xXLlGfkff3hQXj6DhBnQrQ==/109951171972149112.jpg,13764256363,7.0,
2617944302,Die With A Smile,Lady Gaga,http://p1.music.126.net/ycobchpRFRpUx_oKSoTkPw==/109951170009341937.jpg,13764256363,7.0,
2321968,Frankie,Connie Francis,http://p1.music.126.net/MDkDLwgXuyZqY_DfaLg2aw==/1722934720726450.jpg,13764256363,7.0,
1355851334,"Honey, There's the Door",Haley Reinhart,http://p1.music.126.net/e7mg9CkFsZJtUvq9T0-Z-g==/109951165023151839.jpg,13764256363,7.0,
1400424014,Law of Attraction,She Her Her Hers,http://p1.music.126.net/_dOB2qcmlOABN2fwo0a-Cw==/109951164483665299.jpg,13764256363,7.0,
1489099936,I Just Couldn't Save You Tonight (Story of Kale - Original Motion Picture Soundtrack),Ardhito Pramono,http://p1.music.126.net/Rj-F-4HZxex-hvne79EksA==/109951165407284745.jpg,13764256363,7.0,
1874819255,Baby,ADOY,http://p1.music.126.net/Yyqawzxe3tl4Wck1zI0bqQ==/109951166349733414.jpg,13764256363,7.0,
433018100,I NEED YOU,Ailee,http://p1.music.126.net/DdDamx6PVKjWI0bnHYab0Q==/109951171383166625.jpg,13764256363,7.0,
1824020871,One Last Kiss,宇多田ヒカル,http://p1.music.126.net/l3G4LigZnOxFE9lB4bz_LQ==/109951165791860501.jpg,13764256363,7.0,
2683304749,House Music,马思唯,http://p1.music.126.net/iN7OUPkcavI2MBSG8pf2jw==/109951170600632372.jpg,14073935934,7.0,
2755030698,懂不？,艾志恒Asen,http://p1.music.126.net/niUkuo5bIZ3AbJ-BAYF3CQ==/109951172135987504.jpg,14073935934,7.0,
1988564487,会魔法的老人,法老,http://p1.music.126.net/WEOaWIg8WAG_kBhmAx7zbA==/109951168688783089.jpg,14073935934,7.0,
2727495259,戒断反应,黄希音,http://p1.music.126.net/YE06-lXNOTBfcW_4I9Mmjw==/109951171487093506.jpg,14073935934,7.0,
2754174746,英雄,艾志恒Asen,http://p1.music.126.net/niUkuo5bIZ3AbJ-BAYF3CQ==/109951172135987504.jpg,14073935934,7.0,
2751132386,璀璨,小明Meaningful（李明赋）,http://p1.music.126.net/l_fLl4PyUCrST08bk-IbbQ==/109951172083674869.jpg,14073935934,7.0,
2693446565,Worldwide,法老,http://p1.music.126.net/wReyZNNnfdz2A0uHN0e2EQ==/109951170712099397.jpg,14073935934,7.0,
1995339514,写不来情歌,艾志恒Asen,http://p1.music.126.net/GUP8z0TeN4r7OJuQFYVI9g==/109951168028888869.jpg,14073935934,7.0,
3324846858,潇洒,TizzyT,http://p1.music.126.net/_unjrno3g2ojZ4I6m4MAnQ==/109951172383235131.jpg,14073935934,7.0,
397952,送别(李叔同填词 奥德威曲杨鸿年改编),中国交响乐团附属少年及女子合唱团,http://p2.music.126.net/VD3Rl1kuegdkPczFqcxHYw==/108851651165871.jpg,490158454,7.0,
5263531,在那遥远的地方,张鸿眉,http://p2.music.126.net/NS1dtePZp2BqQxHIspPq7g==/105553116283734.jpg,490158454,7.0,
1809278238,天涯歌女 (電影《馬路天使》插曲),周璇,http://p2.music.126.net/pPvcQjl8rYMeXzkYhix1CA==/109951165605852180.jpg,490158454,7.0,
196387,Lifetimes,Zhao Jiping,http://p2.music.126.net/uWD5v4nbw7JBU9V-VCncqQ==/109951169056518980.jpg,490158454,7.0,
441722,The Sun Also Rises,久石譲,http://p2.music.126.net/HvKvIjzIXpQokDZ-Dnwv7Q==/109951167566811108.jpg,490158454,7.0,
1859348,Summer Palace Main Theme,Peyman Yazdanian,http://p1.music.126.net/UL3UzOPK_e8yD4xlzG8FMw==/109951168380012914.jpg,490158454,7.0,
5194841,Intermezzo,Philharmonia Orchestra,http://p1.music.126.net/AE1Vsj91XZtS8cI5DP7uiw==/682796720892912.jpg,490158454,7.0,
4878308,孙文与庆龄,喜多郎,http://p1.music.126.net/M67DlCyC7jt3nBh700JHow==/109951165436231049.jpg,490158454,7.0,
170435,葬心,黄莺莺,http://p1.music.126.net/FpXdM-gINcTaou88BzVfqw==/109951167493032524.jpg,490158454,7.0,
170382,玫瑰香,林忆莲,http://p1.music.126.net/lc35a75-k8GqiuykAArotw==/109951165774504597.jpg,490158454,7.0,
5282083,希望之光,窦唯,http://p2.music.126.net/jbMwncSf3xB5kOvJbfmBFA==/109951163918923275.jpg,2179431622,8.0,
77447,黑色梦中,窦唯,http://p2.music.126.net/R0wMPraoQqedutLeQz2okA==/109951163269912492.jpg,2179431622,8.0,
77458,感觉时刻,窦唯,http://p2.music.126.net/R0wMPraoQqedutLeQz2okA==/109951163269912492.jpg,2179431622,8.0,
357279,无地自容,黑豹乐队,http://p2.music.126.net/IYmWoRF9sLry9dkzYeFXPQ==/54975581405042.jpg,2179431622,8.0,
357280,眼光里,黑豹乐队,http://p2.music.126.net/IYmWoRF9sLry9dkzYeFXPQ==/54975581405042.jpg,2179431622,8.0,
357270,靠近我,黑豹乐队,http://p2.music.126.net/IYmWoRF9sLry9dkzYeFXPQ==/54975581405042.jpg,2179431622,8.0,
357066,错觉,黑豹乐队,http://p2.music.126.net/QPDuSH2jEs48RIpcHliixw==/109951170118036089.jpg,2179431622,8.0,
357058,空,黑豹乐队,http://p2.music.126.net/QPDuSH2jEs48RIpcHliixw==/109951170118036089.jpg,2179431622,8.0,
381950,月梦,唐朝乐队,http://p2.music.126.net/LXcGUC-VTNuizrvuks_pig==/109951170216839320.jpg,2179431622,8.0,
66476,偏偏喜欢你,陈百强,http://p1.music.126.net/YJnzBsRGbX_JKc3uLIILYA==/109951169052554355.jpg,988690134,8.0,
346576,光辉岁月,Beyond,http://p1.music.126.net/JOJvZc_7SqQjKf8TktQ_bw==/29686813951246.jpg,988690134,8.0,
190352,星星点灯,郑智化,http://p1.music.126.net/XRiv9nz2Wikpa6l-ydOYow==/109951168694929869.jpg,988690134,8.0,
186453,春夏秋冬,张国荣,http://p1.music.126.net/ko7WuhK6P4Wpgchs10Dd3A==/109951171836642582.jpg,988690134,8.0,
212233,千千阙歌,陈慧娴,http://p1.music.126.net/xvdDMvUoTiREN40AUObttQ==/109951172341269304.jpg,988690134,8.0,
257984,梦醒时分,李翊君,http://p1.music.126.net/kZoQCUS2AQ6C-ooj-wvp2w==/109951171350186451.jpg,988690134,8.0,
253265,最浪漫的事,邝美云,http://p1.music.126.net/H888YCeDIuYmFOX7Yj77_w==/109951166562832819.jpg,988690134,8.0,
110184,谢谢你的爱,刘德华,http://p1.music.126.net/4smbvcWyk16SfSouao2UAA==/109951163031587156.jpg,988690134,8.0,
27867397,世界第一等(Live),伍佰 & China Blue,http://p1.music.126.net/6Lod8Ys5E6fiKZ9xrqCXug==/109951163100347037.jpg,988690134,8.0,
187134,朋友,周华健,http://p1.music.126.net/EAG_4Ee85beWnAzyLetdUA==/109951165566710305.jpg,988690134,8.0,
1942366869,玫瑰少年,Strictlyviolin荀博,http://p2.music.126.net/YT6IU71FJRs0uzgUZABexQ==/109951167355147080.jpg,8211078702,8.0,
1953828422,账号已注销,Strictlyviolin荀博,http://p2.music.126.net/BMRLk60r90xSIcA16wE_sQ==/109951167536087155.jpg,8211078702,8.0,
1934577518,Ninelie(钢琴+小提琴版),浅绯色的喵,http://p2.music.126.net/xpEqUFOCvTqbKOVSofF_ww==/109951166266978593.jpg,8211078702,8.0,
28191836,Merry Christmas Mr. Lawrence,坂本龍一,http://p2.music.126.net/IiYz3klkS75rNffGDkHHCw==/109951172057518307.jpg,8211078702,8.0,
2684510360,英雄主义,在虚无中永存,http://p2.music.126.net/NPiFBAj_ojVMOMlGUCyV1A==/109951170610489186.jpg,8211078702,8.0,
18861490,Promise,山岡晃,http://p2.music.126.net/QbadLxlMMmb4iStV4JnKLA==/6664139976590904.jpg,8211078702,8.0,
29734857,Cornfield Chase,Hans Zimmer,http://p2.music.126.net/U3oZfHlbzrFxuR9Y9jOgkA==/109951168223454519.jpg,8211078702,8.0,
2127031695,˘ᜊ˘ᶻᶻᶻ,雨下,http://p2.music.126.net/-e2qH9Y5rOoJJRZ1lCt_Wg==/109951169342122879.jpg,8211078702,8.0,
2024498127,Chromosomes,Key Glock,http://p1.music.126.net/NIJ9SmRQ33Zdv9jA6NzdJg==/109951168399070310.jpg,8197454050,8.0,
1467327142,No Sense,Young Dolph,http://p1.music.126.net/lmQ4TuvWoU9cKPCg7qlnqA==/109951165233686027.jpg,8197454050,8.0,
1338448059,Gang Shit No Lame Shit,Key Glock,http://p1.music.126.net/tvaEeJDIUu0pf9z7kwvh7g==/109951163783739056.jpg,8197454050,8.0,
1483967215,Rich Nigga Shit,21 Savage,http://p1.music.126.net/BdwA1PgNDdibMCoIo_jfEA==/109951165358947694.jpg,8197454050,8.0,
2152753834,ADDY,UNEEK,http://p1.music.126.net/69fw-qf-cRJJBhpsy360QA==/109951169562683640.jpg,8197454050,8.0,
421807034,X,21 Savage,http://p1.music.126.net/vCkIJQictFxQC3ioD6mMCA==/109951163232853116.jpg,8197454050,8.0,
1483967019,Glock In My Lap,21 Savage,http://p1.music.126.net/BdwA1PgNDdibMCoIo_jfEA==/109951165358947694.jpg,8197454050,8.0,
1483967216,Many Men,21 Savage,http://p1.music.126.net/BdwA1PgNDdibMCoIo_jfEA==/109951165358947694.jpg,8197454050,8.0,
1919717335,Super Urus,Lucki,http://p1.music.126.net/vjwvCOQTH0oBCqLpUc4oIg==/109951167056381452.jpg,8197454050,8.0,
3324590080,Get Along,Lil Baby,http://p1.music.126.net/2HlCGX3BQ7dp6GPKS_tB3w==/109951172380932102.jpg,8197454050,8.0,
2604979817,retrieval,Aurenth,http://p1.music.126.net/aAl8hJlUFuWi8liqBomQxQ==/109951169750013386.jpg,8928687868,8.0,
2707450352,endless,Aurenth,http://p1.music.126.net/lHZSycJKrNhMW6pyCnfGcQ==/109951171012712288.jpg,8928687868,8.0,
2707449911,i´ll be home,Aurenth,http://p1.music.126.net/lHZSycJKrNhMW6pyCnfGcQ==/109951171012712288.jpg,8928687868,8.0,
2707449907,new promise,Aurenth,http://p1.music.126.net/lHZSycJKrNhMW6pyCnfGcQ==/109951171012712288.jpg,8928687868,8.0,
2108746265,winter nights (everything reminds me of you),Øneheart,http://p1.music.126.net/6QVguvZHyni0eYmQTvQgFQ==/109951169164097410.jpg,8928687868,8.0,
2707450351,a new beginning,Aurenth,http://p1.music.126.net/lHZSycJKrNhMW6pyCnfGcQ==/109951171012712288.jpg,8928687868,8.0,
2623717475,acceptance,Øneheart,http://p1.music.126.net/ww1DJAROKLjoe-8ebh95_A==/109951169929017444.jpg,8928687868,8.0,
2623716532,dereal,Øneheart,http://p1.music.126.net/ww1DJAROKLjoe-8ebh95_A==/109951169929017444.jpg,8928687868,8.0,
2623716526,strain,Øneheart,http://p1.music.126.net/ww1DJAROKLjoe-8ebh95_A==/109951169929017444.jpg,8928687868,8.0,
2623716523,trustless,Øneheart,http://p2.music.126.net/ww1DJAROKLjoe-8ebh95_A==/109951169929017444.jpg,8928687868,8.0,
3329721012,无聊结晶,魔鬼花园（李安健）,http://p2.music.126.net/kFQSQ-Q8ip8QqDA9I8OnAA==/109951169625316084.jpg,8697963547,8.0,
3330243528,黑月游乐场,魔鬼花园（李安健）,http://p2.music.126.net/kFQSQ-Q8ip8QqDA9I8OnAA==/109951169625316084.jpg,8697963547,8.0,
3321779331,百花鬼月月,魔鬼花园（李安健）,http://p2.music.126.net/lWEyjKiisJpzc97stUW3uw==/109951172390807307.jpg,8697963547,8.0,
3324991235,月廷（登月版）,魔鬼花园（李安健）,http://p2.music.126.net/lWEyjKiisJpzc97stUW3uw==/109951172390807307.jpg,8697963547,8.0,
3325781378,归零（交响版）,魔鬼花园（李安健）,http://p2.music.126.net/lWEyjKiisJpzc97stUW3uw==/109951172390807307.jpg,8697963547,8.0,
3312920081,山猪竖琴（无猫版）,魔鬼花园（李安健）,http://p2.music.126.net/lWEyjKiisJpzc97stUW3uw==/109951172390807307.jpg,8697963547,8.0,
3319329414,星,魔鬼花园（李安健）,http://p2.music.126.net/lWEyjKiisJpzc97stUW3uw==/109951172390807307.jpg,8697963547,8.0,
3319893120,归炎,魔鬼花园（李安健）,http://p2.music.126.net/lWEyjKiisJpzc97stUW3uw==/109951172390807307.jpg,8697963547,8.0,
2757736573,波樱浪,魔鬼花园（李安健）,http://p2.music.126.net/lWEyjKiisJpzc97stUW3uw==/109951172390807307.jpg,8697963547,8.0,
3312695871,山猪竖琴,魔鬼花园（李安健）,http://p2.music.126.net/lWEyjKiisJpzc97stUW3uw==/109951172390807307.jpg,8697963547,8.0,
1960300772,Bandana,Fireboy DML,http://p1.music.126.net/ihTbKtlKA8YZ_rqf4hlBnQ==/109951167659124635.jpg,14235484326,8.0,
1975462982,Rush,Ayra Starr,http://p1.music.126.net/HKzle3gX5ZgBtrjxkyzVzQ==/109951167817073787.jpg,14235484326,8.0,
2004847101,People,liBianca,http://p1.music.126.net/5lNLnpLKj3HQIk6zz3wY0w==/109951168124841987.jpg,14235484326,8.0,
2716289657,Take My Mind,WizTheMC,http://p1.music.126.net/vrBgYemv9jwQXKLphRdjyg==/109951171368289266.jpg,14235484326,8.0,
1975505546,Calm Down,Rema,http://p1.music.126.net/nLSxXPBJ26NQghQOKzw8KA==/109951167817179776.jpg,14235484326,8.0,
2137297152,Safer,Tyla,http://p1.music.126.net/qhk54aHem6c5TBcNA0LhMQ==/109951169425996357.jpg,14235484326,8.0,
2137297870,Water,Tyla,http://p1.music.126.net/qhk54aHem6c5TBcNA0LhMQ==/109951169425996357.jpg,14235484326,8.0,
2101964464,Truth or Dare,Tyla,http://p1.music.126.net/puwkuncMUsIv6ROQXEfvdg==/109951169100899786.jpg,14235484326,8.0,
2137297875,ART,Tyla,http://p1.music.126.net/qhk54aHem6c5TBcNA0LhMQ==/109951169425996357.jpg,14235484326,8.0,
1983700717,Hrs & Hrs,Muni Long,http://p2.music.126.net/IDu0K8OUGZvcceGCgjWKKQ==/109951167900577283.jpg,14158561233,8.0,
1983698526,Pain,Muni Long,http://p2.music.126.net/IDu0K8OUGZvcceGCgjWKKQ==/109951167900577283.jpg,14158561233,8.0,
2622262355,Superpowers,Muni Long,http://p2.music.126.net/GIdHy0A0rpegBZWhrrTRQQ==/109951169916461925.jpg,14158561233,8.0,
1971623167,Love Quotes,Jenevieve,http://p2.music.126.net/jzlrWXSrTf5m8cMpdBp5UA==/109951167788156703.jpg,14158561233,8.0,
2093265394,Ride It,Larissa Lambert,http://p2.music.126.net/tm8dY51b_ayB6XrmLODnaw==/109951169907996726.jpg,14158561233,8.0,
2642975813,Little Things,Ella Mai,http://p2.music.126.net/P1G9TBmEAUMEu-0BEabHzA==/109951170116402145.jpg,14158561233,8.0,
1875170396,Résumé,Jenevieve,http://p2.music.126.net/rMs1FfqwWCLTaMU7OJ_MgA==/109951166352771512.jpg,14158561233,8.0,
3318010850,亮剑,盛宇D-SHINE,http://p2.music.126.net/W0Sp9PntnUHXuxBkZ5vfHQ==/109951172283905949.jpg,12484471720,8.0,
2040915736,PRETTY BOY SWAG,李大奔BENZO,http://p2.music.126.net/fwRxzpd2jbS7tP0aJJAvCw==/109951168557156407.jpg,12484471720,8.0,
3312623232,Like ovo,APMOZART,http://p2.music.126.net/ioC8htV309JEkJayxwANDA==/109951172214507494.jpg,12484471720,8.0,
1492864083,DAY1,艾志恒Asen,http://p2.music.126.net/3aBXGrdY0P4dJMbzpCbICg==/109951165439123871.jpg,12484471720,8.0,
1921261593,悬浮术II,GALI,http://p2.music.126.net/rSR0ULNIdMOGb3hxW_vahA==/109951167061630513.jpg,12484471720,8.0,
2141683825,心率捕获,GALI,http://p1.music.126.net/m2SepxStqvbSJ0d09dM6Fw==/109951170315759635.jpg,12484471720,8.0,
2141685045,Bring ’Em Out,GALI,http://p1.music.126.net/m2SepxStqvbSJ0d09dM6Fw==/109951170315759635.jpg,12484471720,8.0,
2754175474,睡不着,艾志恒Asen,http://p1.music.126.net/niUkuo5bIZ3AbJ-BAYF3CQ==/109951172135987504.jpg,12484471720,8.0,
150667,流沙,陶喆,http://p1.music.126.net/vcyUJw7mfEzzMCgbJry31w==/109951169507121139.jpg,13946381461,8.0,
150560,讨厌红楼梦,陶喆,http://p1.music.126.net/FLIHPqpkfUBimQZB370agQ==/109951169237251638.jpg,13946381461,8.0,
63542,爱转动,曹格,http://p1.music.126.net/2pkG5ps4rzbmgA7cHV_aGQ==/115448720917192.jpg,13946381461,8.0,
63538,寂寞先生,曹格,http://p1.music.126.net/2pkG5ps4rzbmgA7cHV_aGQ==/115448720917192.jpg,13946381461,8.0,
25643327,爱的就是你,王力宏,http://p1.music.126.net/gmDKnAG8b473bzxJNnL9eQ==/109951167107188111.jpg,13946381461,8.0,
25643299,公转自转,王力宏,http://p1.music.126.net/r4Mxc4dyVbym01BFZtxYMg==/109951169079597324.jpg,13946381461,8.0,
25648012,BB88,方大同,http://p1.music.126.net/8I4zvpNSsj--wGNg-mE2kw==/109951168870428045.jpg,13946381461,8.0,
85575,不要想太多,郭顶,http://p1.music.126.net/Zxb_k2LI77GLmXGg-k2r0g==/109951170514277229.jpg,13946381461,8.0,
366577,不值得,梦飞船,http://p2.music.126.net/EJ6YiPg3yn0m8Ue4FKVnNg==/109951169019415217.jpg,12847411209,8.0,
440208643,"Psycho, Pt. 2",Russ,http://p2.music.126.net/Z8q0skkFiyZUxzJK2uCYcg==/109951164939830012.jpg,12847411209,8.0,
25657274,Talking to the Moon,Bruno Mars,http://p2.music.126.net/ut17ZxwN2oZRUwS-jY83sw==/109951163220494718.jpg,12847411209,8.0,
22746816,"Mr. ""Broken Heart""",松下優也,http://p2.music.126.net/98j3-nElbmPRe8XI0EK2bw==/109951166201753896.jpg,12847411209,8.0,
1325711261,九月底,余佳运,http://p1.music.126.net/vN8ib5afmH3oUp8TYl5-ag==/109951163676876789.jpg,12847411209,8.0,
2166584563,为何离开,罗森涛,http://p1.music.126.net/5zAv9nKlwj80OearK5Vrjw==/109951169686963932.jpg,13532313680,8.0,
2750926012,到时说爱我,step.jad依加,http://p1.music.126.net/8y5ZgXQeHi-EAOaVr0UNuA==/109951172174653716.jpg,13532313680,8.0,
82499,总结,方大同,http://p1.music.126.net/F0-_GPKLP8yJ6VE29DwrRA==/109951170565878273.jpg,13532313680,8.0,
28406197,爱不来 (feat. Miss Ko葛仲珊),方大同,http://p1.music.126.net/FtAvIYLF3qwqohQhwycVDg==/109951171386379124.jpg,13532313680,8.0,
524148352,一口,丁世光,http://p1.music.126.net/vHgX5LPws_TSNzjeTGt_sQ==/109951163087231653.jpg,13532313680,8.0,
82488,每天每天,方大同,http://p1.music.126.net/F0-_GPKLP8yJ6VE29DwrRA==/109951170565878273.jpg,13532313680,8.0,
19153845,Loba,Shakira,http://p2.music.126.net/lnz2Fzt_SVtx3gGk_SIioQ==/18988565811905226.jpg,730705552,8.0,
409872465,Sofía,Álvaro Soler,http://p2.music.126.net/j6INO5-yI7cN1Dy5Thostg==/1382086122014772.jpg,730705552,8.0,
418550685,Sola,Becky G,http://p2.music.126.net/WbDc1VWQESKRkLnusWfWQw==/109951165975702491.jpg,730705552,8.0,
1316526753,MIA (feat. Drake),Bad Bunny,http://p2.music.126.net/35uugT-Ddlq99WrWFmFRug==/109951168741738093.jpg,730705552,8.0,
487190556,Dame Dame,Claydee,http://p2.music.126.net/4YdRP2i6MqVGWhYY6qAItw==/18337654928630268.jpg,730705552,8.0,
28308798,La La La (Brazil 2014) [Spanish Version],Shakira,http://p2.music.126.net/1nFidn02heL05EnlQgklCQ==/109951168532853427.jpg,730705552,8.0,
1341759077,Con Calma,Daddy Yankee,http://p1.music.126.net/StrXbPbW9TC6VhFX4UrLxQ==/109951163862866034.jpg,730705552,8.0,
567601138,Malamente,ROSALÍA,http://p1.music.126.net/WuEIKs6iCQ1nyNTRFDQbaw==/109951165984285111.jpg,730705552,8.0,
467164327,SUBEME LA RADIO,Conor Maynard,http://p1.music.126.net/yYtTOEewoFa6CNpvjQxNLw==/19151293532638929.jpg,730705552,8.0,
17059327,Genio Atrapado,Christina Aguilera,http://p1.music.126.net/aW1RvXEDa9z0FKX6ITBlNw==/109951165991750946.jpg,730705552,8.0,
440208476,That Girl,Olly Murs,http://p1.music.126.net/20i3iOypDSK_4hEKmYj2mg==/109951165975751486.jpg,13998832730,8.0,
420478436,We Don't Talk Anymore (Mr. Collipark Remix),Charlie Puth,http://p1.music.126.net/ZnSOe-J4MEfPj1J5ocEtwQ==/109951163983943030.jpg,13998832730,8.0,
406475394,Wonderful U (Demo Version),AGA,http://p2.music.126.net/MogdvVlZi6DuMd0XfxScgg==/109951171525591378.jpg,13998832730,8.0,
1435828582,Empty Love,Lulleaux,http://p2.music.126.net/xrWSChs7pIOWFjOz5eQIzw==/109951164855840145.jpg,13998832730,8.0,
1413481294,Судно (Борис Рыжий),Molchat Doma,http://p1.music.126.net/86LgzqDVYuQyh2CsBccWbA==/109951164595971975.jpg,5073767626,8.0,
30355928,Heavy Wave,Motorama,http://p1.music.126.net/N7-yz-zaHhPG7kOxU4Zg1A==/7909886650349714.jpg,5073767626,8.0,
3943630,Cold Wind,Human Tetris,http://p1.music.126.net/dInhpN5RXHjAP2yXeyGV2w==/1804298581187670.jpg,5073767626,8.0,
561990592,Holod,Super Besse,http://p1.music.126.net/MGBt-8621HW3UBK5aE5NWQ==/109951163300190819.jpg,5073767626,8.0,
1432313257,Do It,Dlina Volny,http://p1.music.126.net/gkQbJCqZdlGKxgpBKtpK6g==/109951167719230918.jpg,5073767626,8.0,
27341766,Normandy,Motorama,http://p1.music.126.net/VItodGe7KwC9LHBZzjMa4Q==/109951164773618965.jpg,5073767626,8.0,
531506253,Новостройки,Ploho,http://p1.music.126.net/rgI2DHfo4LKH-l2CtaoxnQ==/109951172075921889.jpg,5073767626,8.0,
1321329038,Biessensoŭnasć,Nürnberg,http://p1.music.126.net/LZfkLWM0sNMnqy-HuRf-Pg==/109951171008775874.jpg,5073767626,8.0,
3943626,Summer In Crimea,Human Tetris,http://p1.music.126.net/dInhpN5RXHjAP2yXeyGV2w==/1804298581187670.jpg,5073767626,8.0,
561989885,посмотри на меня,Super Besse,http://p1.music.126.net/MGBt-8621HW3UBK5aE5NWQ==/109951163300190819.jpg,5073767626,8.0,
2686460934,Calypso,Sail North,http://p1.music.126.net/2embxylNBM3PS6gLA3z6iw==/109951170629097190.jpg,9657393547,8.0,
2114012554,"Soldier, Poet, King (feat. Sail North)",Ebucs,http://p1.music.126.net/17ILe44Ufe4uTV7wTMPpJA==/109951169232490319.jpg,9657393547,8.0,
2712128414,Row,Sail North,http://p1.music.126.net/8BG0-Jy9mnZqzd5lq1QSyQ==/109951171262617979.jpg,9657393547,8.0,
2625596486,"Leave Her, Johnny",Sail North,http://p1.music.126.net/PxLl_se2d4PLFV1XIKMoyA==/109951169948470652.jpg,9657393547,8.0,
2648723305,Broken Mast Bay,Sail North,http://p1.music.126.net/-F6xCN8QmbgcKbXbOkWZjg==/109951170173949206.jpg,9657393547,8.0,
1899367900,I Wanna Be In The Cavalry,Seth Staton Watkins,http://p1.music.126.net/OAqPXt25yuOeDltg5-85AQ==/109951167505283641.jpg,9657393547,8.0,
1956244688,The Ramblin' Rover,Seth Staton Watkins,http://p1.music.126.net/7fVQen8xO-HyrGGc8JxDow==/109951167554611326.jpg,9657393547,8.0,
2749956615,Overboard,Sail North,http://p1.music.126.net/Wdhbah0LKKQiGt3d_ZXfYA==/109951172067225474.jpg,9657393547,8.0,
2743309333,Tales of Luria,Sail North,http://p1.music.126.net/DWcWpRmkhwaOBBm8g-MFrg==/109951171974505451.jpg,9657393547,8.0,
2621477983,Against The Tide (The Captain's Tarantella),Sail North,http://p1.music.126.net/nrPsHNtCVHcwQC5hDdbSJQ==/109951169910279158.jpg,9657393547,8.0,
444267925,Stay With Me,CHANYEOL,http://p2.music.126.net/PtNzHXId3qcw-XLA8ENG-A==/109951169908736666.jpg,14163302354,8.0,
447280389,Beautiful,Crush,http://p2.music.126.net/O9eYEngkTfltYlEYY9WhHw==/109951169908739289.jpg,14163302354,8.0,
454924034,Round and round,Heize,http://p2.music.126.net/eVtxIXjwgUHkJinSGLBUxA==/109951170151307375.jpg,14163302354,8.0,
450224425,I Miss You,昭宥,http://p2.music.126.net/37TB1zBKKV1jVJ7oAz6dfA==/109951170230306930.jpg,14163302354,8.0,
448772309,이쁘다니까,Eddy Kim,http://p2.music.126.net/iVMXk2rIh6iERkPLFYeQ2w==/109951170151335449.jpg,14163302354,8.0,
448917040,Who Are You,SAM KIM,http://p2.music.126.net/2Kgpc7dyRFAIbTrb9Dr4rA==/109951170151405853.jpg,14163302354,8.0,
445844724,내 눈에만 보여,10cm,http://p2.music.126.net/rKF_Wr9H7Q_oX6CKryv8ww==/109951170151467060.jpg,14163302354,8.0,
451981417,Winter is coming,韩秀智,http://p2.music.126.net/uvG9-UJhvHsOjTdIEDWCAQ==/109951170151495928.jpg,14163302354,8.0,
450224610,첫 눈,郑俊日,http://p2.music.126.net/lAaASRFx_3eyFO614odz8w==/109951170151335768.jpg,14163302354,8.0,
2142598645,TRUE,Yoari,http://p2.music.126.net/_yJtyubQXbumm8nMrBM3kA==/109951169470151599.jpg,14163302354,8.0,
3159077,Whole Wide World,Mindy Gledhill,http://p2.music.126.net/Tonj1yysr_m1LYtSh-JK7g==/109951169115632137.jpg,53558869,8.0,
27571443,It Is You,Tom Hugo,http://p2.music.126.net/sa10ifI220ujoWZot8Du4g==/109951164855899241.jpg,53558869,8.0,
1609202,What Are We Waiting For,James Struthers,http://p2.music.126.net/dx25XmUlmC0SO7Atl-rI_Q==/1730631302119832.jpg,53558869,8.0,
2912442,In Your Arms,Kina Grannis,http://p2.music.126.net/paElIldpNJbfM3lddI4e_A==/109951163292600388.jpg,53558869,8.0,
19278254,Gotta Be Next To You,Todd Carey,http://p2.music.126.net/Fwp8FsVTr_JZqTz0DiC0sQ==/601432860403463.jpg,53558869,8.0,
18210636,When You Grow Up,Priscilla Ahn,http://p2.music.126.net/if16tsm2GgMvEoeorpjPcQ==/109951168703630010.jpg,53558869,8.0,
17566009,The A Team,Ed Sheeran,http://p2.music.126.net/rwzJGKVrzu3UO2xwR2-sAQ==/747667906896368.jpg,53558869,8.0,
27591464,The night falls,Tiny Harvest,http://p2.music.126.net/yqV4LlSLhZn0ft8Nu3PRug==/6672936069851344.jpg,53558869,8.0,
3026583,I Remember,MOCCA,http://p2.music.126.net/6tyGZOTqY_xCotsMP5xpwg==/109951163436732617.jpg,53558869,8.0,
1823785042,Kamasutra（纯音乐）,ViccyC,http://p2.music.126.net/ql88GuXBEhS-qmtac0zXMg==/109951165912331010.jpg,13998525344,8.0,
2724490694,Prefabricated love,时眠shimiana,http://p2.music.126.net/PPJ8FqzgwNTR8_prcI0uGA==/109951171440180405.jpg,13998525344,8.0,
2699424835,幻想是痛的延续,氟西汀海,http://p2.music.126.net/U_mGdcNR92VARTNkvRvmQA==/109951170916457873.jpg,13998525344,8.0,
865048095,Game Over!,Harris Cole,http://p2.music.126.net/TzvJ892UqhD8jSJRIN22pA==/109951168438119987.jpg,13998525344,8.0,
1976319645,Warm Nights,Xori,http://p2.music.126.net/mz5cF3L1vRq45hd6qNgYlQ==/109951171294907431.jpg,13998525344,8.0,
479219481,Butterflies,Nohidea,http://p2.music.126.net/qGZA9Po96JW1F6lkPUYi2Q==/109951165239367182.jpg,13998525344,8.0,
1392600538,【FREE】lucky,Salder4cash,http://p2.music.126.net/QJoBtToXBScsEnWfZZa6fw==/109951164380775587.jpg,13998525344,8.0,
2615819172,深海之息,Youzee Music,http://p2.music.126.net/PhKOqFtljgHDDpKYM2ADUA==/109951169858309716.jpg,13998525344,8.0,
2710798426,Mermaid,Youzee Music,http://p2.music.126.net/Q4VO1TtQsXCEhr3oJAK4qw==/109951171470443723.jpg,13998525344,8.0,
3315967279,离别集,液態瞳孔,http://p1.music.126.net/-O-a4SZOwaX9gl4Zwyt_rg==/109951172254392974.jpg,13362649475,8.0,
3324976515,欲语泪先流,液態瞳孔,http://p1.music.126.net/RFPOjUO_-evdvQfnQ7opdg==/109951172385868625.jpg,13362649475,8.0,
3318082613,梅雨季,999PUNKSTA,http://p1.music.126.net/stOwYy181CslgSYk8RpF2w==/109951172285677353.jpg,13362649475,8.0,
2725518569,坏女孩（她没有安全感总熬到夜深）,鯨,http://p1.music.126.net/dkiKF06m1Lln7SP_wQRiMQ==/109951171456579024.jpg,13362649475,8.0,
2750164400,毒百合,余-AcoLasia,http://p1.music.126.net/Y5SGtrrI97BuBmu3R-6TVA==/109951172069291865.jpg,13362649475,8.0,
2707449340,昵称,48000hz,http://p1.music.126.net/iAVVtQWhYJyYbZ8GcUP9eQ==/109951171012681001.jpg,13362649475,8.0,
3318339149,爱如初,神总是忧郁的,http://p1.music.126.net/yJfaglLB447xOM3ALIJltw==/109951172291553383.jpg,13362649475,8.0,
3317630704,爱不是药,神总是忧郁的,http://p1.music.126.net/0sOQzFYclHv1-uv0vpLECw==/109951172277740931.jpg,13362649475,8.0,
3315950794,共享心跳,神总是忧郁的,http://p1.music.126.net/bK6dlkE1Tj43vBQbZGZmHg==/109951172254092344.jpg,13362649475,8.0,
3315588960,讨厌xN,猫头英,http://p1.music.126.net/Ky0vU9oLMlokX94eDev0CA==/109951172249570548.jpg,13362649475,8.0,
2738731694,never meant to hurt you,Demxntia,http://p1.music.126.net/B1Z_l8fWDbzBmk6j4zvBIg==/109951171911656403.jpg,13535034408,8.0,
2122152982,intentions,Starfall,http://p1.music.126.net/vLdskD8qbQao8Ta23ashfA==/109951169296763129.jpg,13535034408,8.0,
1830419924,Peaches,Justin Bieber,http://p1.music.126.net/_d1i74E6x-zTTnEmdVjEwA==/109951165835207944.jpg,13535034408,8.0,
1616018,Fallin' Out,Keyshia Cole,http://p1.music.126.net/r0dmfJPpIlnk-BOhIKFj5A==/109951166240148979.jpg,13535034408,8.0,
2743481009,SPEED DEMON,Justin Bieber,http://p1.music.126.net/mwPwZnsXPLjaHn_vzSg-ag==/109951171976648244.jpg,13535034408,8.0,
526116053,50 Feet,SoMo,http://p1.music.126.net/-uGrdpcVwLIMEx6NXGaNrQ==/109951163168473869.jpg,13535034408,8.0,
1942594143,Peter Pan Was Right,Anson Seabra,http://p1.music.126.net/yhS80cYs4vpWf_xwwKbufA==/109951167353556368.jpg,13535034408,8.0,
18940538,Morning,Kenny G,http://p1.music.126.net/HNSoZmGb9LDIWnreBSjvUQ==/109951165991833233.jpg,3924483,8.0,
393685,故乡的原风景,宗次郎,http://p1.music.126.net/qHKvdeYzTqIOxcGKnrfaPQ==/72567767449767.jpg,3924483,8.0,
229044,Athena,冯曦妤,http://p1.music.126.net/eDwCnwKb1yTa3CzI05Dh3Q==/109951169061006431.jpg,3924483,8.0,
229075,再见---警察,冯曦妤,http://p1.music.126.net/qrnzjC5PF-umv5LwTPMyDg==/109951165958443417.jpg,3924483,8.0,
317772,Romance De Amor,杨雪霏,http://p1.music.126.net/7wzBS1Qrg88RdD617PvCeg==/115448720932448.jpg,3924483,8.0,
730600,星の在り処 Guitar Ver.,Falcom Sound Team J.D.K.,http://p1.music.126.net/R2D6xZjYW9KKd9ijoGfcSw==/109951169885579698.jpg,3924483,8.0,
504326,here to stay,鷺巣詩郎,http://p1.music.126.net/xVCsSQdRXyXOjK0vzeDmfw==/109951168053612262.jpg,3924483,8.0,
5264840,Going home,Kenny G,http://p1.music.126.net/uAT4CcsZdcAYs-CS0hr-0w==/93458488378219.jpg,3924483,8.0,
299234,森林狂想曲,吴金黛,http://p1.music.126.net/NJQVLJnMz7Nv-VuX0Kmh5A==/109951164910256661.jpg,3924483,8.0,
393695,市集,胡伟立,http://p1.music.126.net/qHKvdeYzTqIOxcGKnrfaPQ==/72567767449767.jpg,3924483,8.0,
2749918648,the night,WQ,http://p2.music.126.net/BqCZ24UbkUBaWIXc0tscPw==/109951171475064594.jpg,2638142102,8.0,
3318375194,Degante (PHONK),MHLYA,http://p2.music.126.net/P4LJUbTkFg4QMsjoya4uhw==/109951171987225032.jpg,2638142102,8.0,
3328251474,Psycho,cls63,http://p2.music.126.net/_wAfjRAI0TPEqguBt0vuMA==/109951172396071100.jpg,2638142102,8.0,
3328696588,Light Particle,WQ,http://p2.music.126.net/ReONH3PAkrIQ1bqYA93Zew==/109951171986846267.jpg,2638142102,8.0,
3324068532,World,VERSACE,http://p2.music.126.net/tCty2vuT-kMk6vC7hrmYuw==/109951169716140976.jpg,2638142102,8.0,
3327720594,Attack (PHONK),WQ,http://p2.music.126.net/BqCZ24UbkUBaWIXc0tscPw==/109951171475064594.jpg,2638142102,8.0,
3327720833,Fell Orient (PHONK),WQ,http://p2.music.126.net/BqCZ24UbkUBaWIXc0tscPw==/109951171475064594.jpg,2638142102,8.0,
2748570516,战斗爽 I'll Do It pro,米兰Music,http://p2.music.126.net/ZdDriXOal1p8SkBs9jpVeQ==/109951169638380917.jpg,2638142102,8.0,
3317847289,City Echoes,Gentleman,http://p2.music.126.net/bdspDPlP_yX85ktxKPlirQ==/109951171184103490.jpg,2638142102,8.0,
2747802379,Montagem Miau,Lenar,http://p2.music.126.net/WR2zJnpCoAmvL5wQiWBE9Q==/109951172297077674.jpg,2638142102,8.0,
3313287195,You Again,JoeLVST,http://p1.music.126.net/-jYPpvbA4e9cT5etykckDQ==/109951172223934113.jpg,8776928368,8.0,
1315445055,Thank You All the Same,Funky DL,http://p1.music.126.net/iPm4-uy24yXjsp7P2pvcOA==/109951163827173415.jpg,8776928368,8.0,
2751070311,On Autumn And,JoeLVST,http://p1.music.126.net/G8zqT2U48jkOLOPbTDuwCg==/109951172082623650.jpg,8776928368,8.0,
468877752,Misty,Floppy Circus,http://p1.music.126.net/QuZw4V-kM1tylGdatbK0Hg==/18607035278703853.jpg,8776928368,8.0,
1350571417,容身之地,Ice Paper,http://p1.music.126.net/uBl7mRulAXxdRkq1deOJmQ==/109951167894793259.jpg,8776928368,8.0,
509106436,Greater Purpose,Marcus D,http://p1.music.126.net/913h4i9BiWesatq881Wpmw==/109951163031648472.jpg,8776928368,8.0,
22669898,GREEDY G,East End x Yuri,http://p1.music.126.net/yM3bIEh4SLwQjpQfgSiiBg==/571746046465180.jpg,8776928368,8.0,
456060,Consider My Love,西原健一郎,http://p1.music.126.net/vn-4Lr2jsQ_g7BmabVfs2A==/2424423139306134.jpg,8776928368,8.0,
19139773,If I Was Your Mic,Substantial,http://p1.music.126.net/uFKs_H7-QHx7xf_lOy1S6w==/109951172235544091.jpg,8776928368,8.0,
1266922,Check the Vibe,Dred Scott,http://p1.music.126.net/jasCe0TTxzwDrmSr00DM-w==/109951163471085089.jpg,8776928368,8.0,
37095031,a.m. 3：00,Nine Muses,http://p2.music.126.net/Ae70MgZileA9m9KxKZUaYw==/109951168758873444.jpg,12545903160,8.0,
2092567264,Full Moon,Seori,http://p2.music.126.net/G3z60pWCLmIAcr1UsE2S6A==/109951169898048754.jpg,12545903160,8.0,
25650027,Heaven,Ailee,http://p2.music.126.net/N644Nxwi_zbvsJsGA_Q99A==/109951169494490277.jpg,12545903160,8.0,
1804646599,Crown,하진 (HAJIN),http://p2.music.126.net/Me5OuxQc3qRp2EQ5e8kmtQ==/109951169854977454.jpg,12545903160,8.0,
31209334,EL DORADO,EXO,http://p2.music.126.net/yruNMBblW5uDqj3FjNNi2A==/7915384208954478.jpg,12545903160,8.0,
1399694111,Here I Am,太妍,http://p2.music.126.net/FdBQufBYpBw7PSqWzL-r-w==/109951167760340786.jpg,12545903160,8.0,
26428032,"Baby, Don't Cry (人鱼的眼泪)",EXO,http://p2.music.126.net/jE-pJWN1TFqkEqJT6RShWw==/2289183209092034.jpg,12545903160,8.0,
5357603,미친거니,宋枝恩,http://p2.music.126.net/MkN0JLFdbJcJgMqVylTXOg==/581641651097632.jpg,12545903160,8.0,
5311161,죽도록 사랑해 (Feat. Soul Dive),KCM,http://p2.music.126.net/fFMEmwweddglDn96C9oxPA==/109951170187951137.jpg,12545903160,8.0,
2700280437,Lose My Mind (feat. Doja Cat) [From F1® The Movie],Don Toliver,http://p1.music.126.net/fmrexT0bPVdS95SZHPisuQ==/109951170927236023.jpg,5436280831,8.0,
2002600237,LET GO,Central Cee,http://p1.music.126.net/VxfBCJsRmnX_rkZK9UvsXQ==/109951168145125012.jpg,5436280831,8.0,
2044734734,All My Life,Lil Durk,http://p1.music.126.net/hZmwcrAUf-ZLG0uy7hHsRg==/109951168606190318.jpg,5436280831,8.0,
1965392316,Doja,Central Cee,http://p1.music.126.net/A4jjpwGxShaGfrUUQESscA==/109951167695868938.jpg,5436280831,8.0,
2159278708,BAND4BAND,Central Cee,http://p1.music.126.net/uX3YXygUUHOwk83b5z2axg==/109951169620320316.jpg,5436280831,8.0,
21870917,Take Me Home,Terror Squad,http://p1.music.126.net/xzXvzyKv-ROcIL_K4SCLhQ==/109951170827145674.jpg,5436280831,8.0,
2718994105,Underdog,Roddy Ricch,http://p2.music.126.net/5H59IPGAJR3Y2LbVDm9RuQ==/109951171354624461.jpg,5436280831,8.0,
1463774251,Plain Jane (Remix),A$AP Ferg,http://p2.music.126.net/T2OyvqTR6q9uj5azkP2I4A==/109951165983945652.jpg,5436280831,8.0,
2668219238,Truth In The Lies,Central Cee,http://p2.music.126.net/rKsPnKHgGfUS2uFPdUy0pQ==/109951170411802674.jpg,5436280831,8.0,
26232957,Love Me,Lil Wayne,http://p2.music.126.net/BW7EfQrAVi16mxXa9-qFbw==/109951166048808784.jpg,5436280831,8.0,
2112531307,「僕は...」,あたらよ,http://p1.music.126.net/41BC-DD4kBShAYLNvcVzOg==/109951169217397474.jpg,13692715071,8.0,
2633450766,オトノケ - Otonoke,Creepy Nuts,http://p1.music.126.net/G93JysX-9_ESjngf5_wjNw==/109951170015118039.jpg,13692715071,8.0,
2621539078,蝶に結いた赤い糸,トゲナシトゲアリ,http://p1.music.126.net/yPW_EmIsyR7iD6awPiiQUQ==/109951170148303857.jpg,13692715071,8.0,
2751904023,私のせい(Remastered),MMM071-P,http://p1.music.126.net/waw2mhEapLzgFAa6VScF2Q==/109951172094245980.jpg,13692715071,8.0,
2084034562,Anytime Anywhere,milet,http://p1.music.126.net/11p2mKi5CMKJvAS43ulraQ==/109951168930518368.jpg,13692715071,8.0,
1325356411,サターン,ずっと真夜中でいいのに。,http://p1.music.126.net/S7fYKauzveE9NDDVstBQvw==/109951171178959502.jpg,13692715071,8.0,
2600874339,UNDEAD,YOASOBI,http://p1.music.126.net/GjmFDN-Uxp5Hfw509Aw7ug==/109951169724367907.jpg,13692715071,8.0,
2083182016,勇者,YOASOBI,http://p1.music.126.net/9mBj0oY95FqKkVWzMeoxog==/109951168924619987.jpg,13692715071,8.0,
2694833305,春のお弔い,魚住英里奈,http://p1.music.126.net/68To0M9JDD6lm7XzykeZXA==/109951170723146761.jpg,13692715071,8.0,
2758306798,MONTAGEM-FELL DOWN,SMYE,http://p1.music.126.net/qwmz3UvAIjwIn27_cQgPqg==/109951172186469501.jpg,12767028286,8.0,
2743541714,Lazy vacation,LeoMao,http://p1.music.126.net/tYV2QQpm6fYalIEGbYg5jA==/109951171976784321.jpg,12767028286,8.0,
33111556,Beautiful Now (Marshmello Remix),Zedd,http://p1.music.126.net/B2kbMwyJy9WS5Wmgy_SX5g==/109951163109610317.jpg,12767028286,8.0,
2709013389,Call Me Now（DJ阿布Remix）,DJ阿布,http://p1.music.126.net/d980uuVNf4D6txV7A0c04g==/109951171031694018.jpg,12767028286,8.0,
3322419102,下次见(摇滚版),菜小菜,http://p1.music.126.net/-bcjak6ja2K8m2oYnPeV-g==/109951172350767414.jpg,12767028286,8.0,
3321617814,你看你看月亮的脸,大头针,http://p1.music.126.net/MXn8Zfc-28aSuoBBjhUTeQ==/109951172234052425.jpg,12767028286,8.0,
3322815430,不如,大头针,http://p1.music.126.net/89oCLyt4KXmOHiwuFzx8HQ==/109951172356229811.jpg,12767028286,8.0,
3322755254,第57次取消发送,休眠火山,http://p1.music.126.net/1pcRBQ2uUQVDGc4eul57Lg==/109951172355671477.jpg,12767028286,8.0,
2086327879,鲜花,回春丹,http://p1.music.126.net/fKJMTONzRMaeVthOmEvd9A==/109951168948248373.jpg,12767028286,8.0,
559701010,Ignite,K-391,http://p1.music.126.net/Aw_VOD7pp1RJnGx-YcB_LQ==/109951163293196170.jpg,12767028286,8.0,
1359617144,Days Like This,MorMor,http://p2.music.126.net/LoAvkHa1ACMTkP6fhe57kQ==/109951167859961147.jpg,14256242756,8.0,
16928658,Chocolate Mood,Marc Nelson,http://p2.music.126.net/mC8siqzI4DvZ5l_mipnCMA==/624522604584444.jpg,14256242756,8.0,
1832316484,Over The Blues,Novine,http://p2.music.126.net/fDRdFSAqYxjTQ-GMef_jmg==/109951165831978272.jpg,14256242756,8.0,
473119690,Don't Matter,Akon,http://p2.music.126.net/1aiUMS7wBMBrhOXm7cNEgQ==/109951166701335547.jpg,12226979460,8.0,
2631085561,Sunflower Feelings,Kuzu Mellow,http://p2.music.126.net/V_SKgjGDF-0XZ9gUHZHUcA==/109951169993876876.jpg,12226979460,8.0,
426194887,Self Control,Frank Ocean,http://p2.music.126.net/6-TgBhtH2gK2rA2G582Fpg==/109951167817024864.jpg,12226979460,8.0,
428591256,sdp interlude,Travis Scott,http://p2.music.126.net/HT0QIlDZsOqNuNh2MIUjIg==/109951165975888203.jpg,12226979460,8.0,
1875234103,Fair Trade,Drake,http://p2.music.126.net/hsiiJ_ZffL8rneDJc7oc1Q==/109951166353211305.jpg,12226979460,8.0,
2164573750,novocaine 2（诺卡因）,Blackly,http://p2.music.126.net/B9RAXmQpGlUtQF9ZnxaUsg==/109951169667125166.jpg,12226979460,8.0,
19793107,No Hands (feat. Roscoe Dash & Wale),Waka Flocka Flame,http://p2.music.126.net/oIRsBdRdUT-f_4D6O7S7nQ==/109951168653917333.jpg,12226979460,8.0,
1424400870,HEARTBREAK ANNIVERSARY,GIVĒON,http://p2.music.126.net/c7pgKGJ-HmV8qjOvF-oe_A==/109951164721112217.jpg,12226979460,8.0,
2054915919,Moon Away,Jericho,http://p2.music.126.net/jR4VnYqSLxaWH_307L9h1w==/109951168673301371.jpg,12226979460,8.0,
471761975,You,alextbh,http://p1.music.126.net/FSBsnx2AuAf6fScEGx48kA==/19168885718724105.jpg,13443285668,8.0,
2722685755,You So Beautiful,Hush Love,http://p1.music.126.net/ZNNNFFT8IXvWcMcExfsrrA==/109951171405924046.jpg,13443285668,8.0,
2720370857,Now!,海东Diend,http://p2.music.126.net/qCKq2RsRyVUyMZtM1Ch_iw==/109951171371096248.jpg,5106270428,8.0,
2708844075,Taipei 101,LVyuhen999,http://p2.music.126.net/776oF3A_HsFgx8NzX7oVHA==/109951171029584424.jpg,5106270428,8.0,
2052504725,晚风,MUSIKEY,http://p2.music.126.net/frt3Y6huy6l1alTkfCUq_Q==/109951169384979202.jpg,5106270428,8.0,
2751128310,奋笔疾书,小明Meaningful（李明赋）,http://p2.music.126.net/l_fLl4PyUCrST08bk-IbbQ==/109951172083674869.jpg,5106270428,8.0,
2751140297,除夕夜随笔,小明Meaningful（李明赋）,http://p2.music.126.net/l_fLl4PyUCrST08bk-IbbQ==/109951172083674869.jpg,5106270428,8.0,
1894316939,最渣男主角,Shooter,http://p2.music.126.net/9UTbTz8efieRMQvnaoJRwQ==/109951166612306430.jpg,5106270428,8.0,
29753856,四方上下,陈粒,http://p2.music.126.net/lN2jt4Vkqw3zzIjc2JjyCw==/2532175280981641.jpg,14048384472,8.0,
421563714,任朝暮,陈粒,http://p2.music.126.net/HQxTggMCB7AHUXN-ZFEtmA==/1371091013186741.jpg,14048384472,8.0,
421563715,大梦,陈粒,http://p2.music.126.net/HQxTggMCB7AHUXN-ZFEtmA==/1371091013186741.jpg,14048384472,8.0,
30051774,性空山,陈粒,http://p2.music.126.net/lN2jt4Vkqw3zzIjc2JjyCw==/2532175280981641.jpg,14048384472,8.0,
2749430425,如也,陈粒,http://p2.music.126.net/jeWHIkiTkBglJKxte7p6JA==/109951172059186762.jpg,14048384472,8.0,
1956152512,游鱼,陈粒,http://p2.music.126.net/555Jc5eyefBGLZ6l5IzADg==/109951169683037028.jpg,14048384472,8.0,
2749430418,奇妙能力歌,陈粒,http://p2.music.126.net/jeWHIkiTkBglJKxte7p6JA==/109951172059186762.jpg,14048384472,8.0,
2749430421,光,陈粒,http://p2.music.126.net/jeWHIkiTkBglJKxte7p6JA==/109951172059186762.jpg,14048384472,8.0,
2749429518,种种,陈粒,http://p2.music.126.net/jeWHIkiTkBglJKxte7p6JA==/109951172059186762.jpg,14048384472,8.0,
542697160,看远方的阳台,陈粒,http://p2.music.126.net/DziIIpjMbOSOKHEMKUQTiA==/109951163175087008.jpg,14048384472,8.0,
1461669613,茶,Round_2,http://p2.music.126.net/73dHDoXWjhg-u-viKhfsgA==/109951168047313300.jpg,14102823226,9.0,
2600762460,青鸟,等一下就回家,http://p2.music.126.net/H6HJ523ZM6wV4Unw4_xrpA==/109951169706909333.jpg,14102823226,9.0,
2693306351,天命,玉淋身,http://p2.music.126.net/ykKtWddyPMmAIxnnhNIV0w==/109951170926968962.jpg,14102823226,9.0,
2745117314,大梦,庄淇玟(29#),http://p2.music.126.net/OwaXlBZIGHrlkOzNAkyztg==/109951171998799963.jpg,14102823226,9.0,
1831843954,侠客,冯子晨,http://p2.music.126.net/5Gv03X2JQifd5HQI6nuS9w==/109951165828034449.jpg,14102823226,9.0,
2604867810,辗转,Franky弗兰奇,http://p1.music.126.net/w9TYboV-TsNFT5sLLwDPwQ==/109951169749041680.jpg,14102823226,9.0,
2627309001,模仿,王子为,http://p1.music.126.net/nlr80MlWc6OEySipZARgNQ==/109951169261263942.jpg,14102823226,9.0,
1444528563,桃花庵,魏楚沅,http://p1.music.126.net/FyVhMF4V_5JlpcPTtJvdfw==/109951164949423329.jpg,14102823226,9.0,
2642161579,梦舟记,关诗敏,http://p1.music.126.net/FfYWqLSP8U0yWNNZDbSlBA==/109951170216852220.jpg,14102823226,9.0,
18551521,Let's Get The Mood Right,Johnny Gill,http://p1.music.126.net/FjCqmAp5X9EagfGolXl5tg==/109951166251135166.jpg,8706992598,9.0,
21234380,Underneath the Stars,Mariah Carey,http://p1.music.126.net/HpRfv13yUXAdKayaX2f5ig==/109951167488647399.jpg,8706992598,9.0,
2704487489,Kiss Me Thru The Phone,KONI可妮,http://p1.music.126.net/u8yviLNhRo83t_FfdLcvLQ==/109951170979928625.jpg,8706992598,9.0,
1868810493,Anyone (say you love me),Crystal Bats,http://p1.music.126.net/DvOuQucxoUibM2YagSPBqw==/109951169687468003.jpg,8706992598,9.0,
2626455098,此刻在想你,三棱镜,http://p1.music.126.net/BzPsu2AyGpDZ1MJO-3hfyw==/109951169954471964.jpg,8706992598,9.0,
2639276553,It’s Not You It’s Me,Karencici,http://p1.music.126.net/rFdbmajrATRWLKQFGG_N_Q==/109951170067212847.jpg,8706992598,9.0,
1381738482,boyfriend,Ariana Grande,http://p1.music.126.net/1vkIcNWpam9UPBWAzPodbA==/109951164260412659.jpg,8706992598,9.0,
1981056341,I Don’t Think That I Like Her,Charlie Puth,http://p1.music.126.net/GNlgMW2nvOA5flwMLUV5vg==/109951167874368423.jpg,8706992598,9.0,
2005133691,A Nonsense Christmas,Sabrina Carpenter,http://p1.music.126.net/FX1gDDl3US7xjOE_z1yI5A==/109951168128498140.jpg,8706992598,9.0,
2734252246,WANTCHU,keshi,http://p1.music.126.net/o7DvAnBJn5Q8RPUugfT6xw==/109951171811305053.jpg,8157041911,9.0,
2734282378,Hvn High,Jenevieve,http://p1.music.126.net/jIAR8iqDLPYCVMQXf5S5PQ==/109951171812959278.jpg,8157041911,9.0,
2040205347,Picture Me,tobi lou,http://p1.music.126.net/t-kdkvgFZuPvLX56ek7J0Q==/109951168552524278.jpg,8157041911,9.0,
2727829504,Sucka Free,"Tyler, The Creator",http://p1.music.126.net/AsxT0boZLN1hOLL28nMOzA==/109951171496882163.jpg,8157041911,9.0,
1855329640,Stay with me ( FAMA remix),404_FAMA,http://p1.music.126.net/QGHvF5vkCivU7ZFaxB5JDw==/109951167369900619.jpg,8157041911,9.0,
1909926104,Out of Time,The Weeknd,http://p1.music.126.net/p8I7_-XVD1vOHYcuIvUjAQ==/109951166903111181.jpg,8157041911,9.0,
1962526918,Aces,dkj,http://p1.music.126.net/jky3RTP41Dtvl2m9AgDsgg==/109951168878593925.jpg,8157041911,9.0,
2723904631,Baby Chop,boylife,http://p1.music.126.net/hzjkhfGrabIw3viDa2APpQ==/109951171422496658.jpg,8157041911,9.0,
1481691186,Afterthought,Joji,http://p1.music.126.net/3vTmxh6kGvB91BMx8NaegQ==/109951171447673702.jpg,8157041911,9.0,
573286082,Stupid Love,Dan + Shay,http://p2.music.126.net/Ky7pI-V3UVcTry3CE8c4WA==/109951163827844416.jpg,2774009329,9.0,
507783545,Fix a Drink,Chris Janson,http://p2.music.126.net/gXaPWJKdW4bRxCo9NXZaeQ==/109951163952608716.jpg,2774009329,9.0,
1311758556,Feels Like a Party,LoCash,http://p2.music.126.net/0YF0mwM4400BzkTqnFbAmQ==/109951163561898105.jpg,2774009329,9.0,
1384026120,Highwomen,The Highwomen,http://p2.music.126.net/6o0wiC2myGKmDlgr5mZHrw==/109951164342793763.jpg,2774009329,9.0,
546702079,High Horse,Kacey Musgraves,http://p2.music.126.net/1QMC2Hhwo1LMe2s6ZdZUvg==/109951169262857916.jpg,2774009329,9.0,
1361367225,I Feel Sorry For Him,Willie Nelson,http://p2.music.126.net/OzXl3WNyRsovCEVa1CrGgw==/109951164026156611.jpg,2774009329,9.0,
556030104,Steal My Thunder,Keith Urban,http://p2.music.126.net/YEvb5QghlRsmoIF0OeA3KQ==/109951163271636293.jpg,2774009329,9.0,
411314536,H.O.L.Y.,Florida Georgia Line,http://p1.music.126.net/0g07rvWSIVzkSLzIXfCZWQ==/1396379775579272.jpg,2774009329,9.0,
22355469,Need You Now,Lady A,http://p1.music.126.net/Z37_FCTtVGXEy2ngsEwaDA==/6645448278899794.jpg,2774009329,9.0,
507783552,Drunk Girl,Chris Janson,http://p1.music.126.net/gXaPWJKdW4bRxCo9NXZaeQ==/109951163952608716.jpg,2774009329,9.0,
167655,幻听,许嵩,http://p2.music.126.net/7X3irAHmXIkyZKu1OzDZdQ==/109951172321460834.jpg,12967145224,9.0,
451991943,给焜哥的歌,张卫,http://p2.music.126.net/7qcWEsF6orfhtIfNK38Xiw==/109951163498510298.jpg,12967145224,9.0,
358238,不爱也是一种爱,HotCha,http://p2.music.126.net/wZVLmRkz7SePgep_h8CCkw==/109951165125385972.jpg,12967145224,9.0,
27630280,不被祝福的幸福,杨丞琳,http://p2.music.126.net/ruFaQQtHeES2j0xUDqBZzw==/109951172002795436.jpg,12967145224,9.0,
280765,喜欢两个人,彭佳慧,http://p2.music.126.net/vwfTbbxxNC2dvOqPZi-Tig==/109951172128622723.jpg,12967145224,9.0,
1881335616,Festival de Buda,Zarkoz,http://p2.music.126.net/rb5Ar4I9D8dElq6pBPHf8Q==/109951166455738838.jpg,12967145224,9.0,
167870,如果当时,许嵩,http://p2.music.126.net/PhIDewDj1djG9trDNU5yHg==/109951172202579047.jpg,12967145224,9.0,
1815196161,When the wind talks,Yatao,http://p2.music.126.net/GfWC4ysHTLWrno1mT5K4dA==/109951165667469929.jpg,13463167806,9.0,
1118739,That's All,Barney Kessel,http://p2.music.126.net/eAPXJs-VK0uC3v5E9e9bdw==/109951166033360372.jpg,13463167806,9.0,
1427725543,nop,陈越龙,http://p2.music.126.net/DFhc92K8tGQlCbz0qOUQ7A==/109951164762075312.jpg,13463167806,9.0,
1960488409,夏日风铃,BCD Studio,http://p2.music.126.net/X0vKJ5BoN-kVDXi6dLepSg==/109951170857196292.jpg,13463167806,9.0,
2653970003,弥漫之森,Melody Craft,http://p2.music.126.net/BmP8hPSpS1Xnuhlvh34uFQ==/109951170230786250.jpg,13463167806,9.0,
1869297173,Shin,hideyuki hashimoto,http://p2.music.126.net/-PAK02ellxmBGdOHVr9IIA==/109951166280902465.jpg,13463167806,9.0,
28358233,"53º 40,6 N 008º 06,3 E",Sangre De Muerdago,http://p2.music.126.net/hXZM1A4c9YfmxLsvFIss7A==/6638851208513419.jpg,13463167806,9.0,
2152694692,从风中寄回的信,Jazzzcz,http://p2.music.126.net/Yhsota_O-6XiHdS6Bc_5hA==/109951169814737896.jpg,13463167806,9.0,
2112036060,雀圣,鲸鱼老师,http://p2.music.126.net/LZJ1_XhueOqAaaPRLQfaXw==/109951169213303396.jpg,13463167806,9.0,
1001650,Please,Anthony Hamilton,http://p2.music.126.net/YSyQLjO72oAzl_yh0w2Ivg==/6635552673852775.jpg,13020374880,9.0,
1769676,Autumn in New York,Maurice Vander,http://p2.music.126.net/p54zm8w_ZzxAwAIdTo41Vg==/109951167005623257.jpg,13020374880,9.0,
18776962,There's A Small Hotel,Jane Monheit,http://p2.music.126.net/uvI2y6jEIq4Br_mpQzcckQ==/6657542907119269.jpg,13020374880,9.0,
516657051,像风一样,薛之谦,http://p2.music.126.net/fNbj5uDwltSDLbETdnEYYQ==/109951163069265719.jpg,8684318446,9.0,
27090046,时间煮雨,郁可唯,http://p2.music.126.net/li785Fx8NEAR4Lhd79yAow==/4421136255303626.jpg,8684318446,9.0,
239188,没那么简单,黄小琥,http://p2.music.126.net/WaTYzeZ9841jtPoX028dRA==/109951169598105104.jpg,8684318446,9.0,
1398663411,冬眠,司南,http://p2.music.126.net/4KDBaQXnQywQovmqvjx-8Q==/109951164444131697.jpg,8684318446,9.0,
1342798229,心跳的证明,刘人语,http://p2.music.126.net/oNgEndb00SLlnWVqL22Z6A==/109951163828011414.jpg,8684318446,9.0,
27591236,命运,家家,http://p2.music.126.net/1USYo3_M3ACl9Sipo6ogJw==/109951168146523628.jpg,8684318446,9.0,
438204707,天若有情,黄丽玲,http://p2.music.126.net/hzs4pVOxFKS5J64nY-rugA==/109951165958851914.jpg,8684318446,9.0,
1971164906,Tired,Nine Band,http://p1.music.126.net/83-IEkaOb7EldViHhRWroQ==/109951167767498354.jpg,14180156625,9.0,
2695707685,Dear Spring,HOPERUI,http://p2.music.126.net/s3-BSd67TL1GmqcZmvIKrQ==/109951170729466379.jpg,14180156625,9.0,
2710005996,Reaching Light,HOPERUI,http://p2.music.126.net/MA6O_naJ-HeWsz_p9Fejuw==/109951171154673801.jpg,14180156625,9.0,
287221,绿光,孙燕姿,http://p2.music.126.net/em2jwX9Z-pz3E9fHtojtvg==/109951166887388958.jpg,14180156625,9.0,
2665986409,平行世界,环跳 Ring Jump,http://p2.music.126.net/v59bUFQNt7b46aXTmtoINg==/109951169507097264.jpg,14180156625,9.0,
22200079,我的未来式,郭采洁,http://p2.music.126.net/5zxo5pqDqB1I7-Svcp1Msg==/109951167196136079.jpg,14180156625,9.0,
2001835563,KOOK,Mariho,http://p2.music.126.net/HBp7FaqFualWPMBMDB1mxw==/109951168092987639.jpg,14180156625,9.0,
424474635,BOOMBAYAH,BLACKPINK,http://p2.music.126.net/Rf8ayEWGM2SY7rY68Z0B0w==/109951167720812914.jpg,13844133881,9.0,
573577071,뚜두뚜두 (DDU-DU DDU-DU),BLACKPINK,http://p2.music.126.net/bmASQT_fZWEbFRIIkwWy5w==/109951167720812568.jpg,13844133881,9.0,
573581048,Forever Young,BLACKPINK,http://p2.music.126.net/bmASQT_fZWEbFRIIkwWy5w==/109951167720812568.jpg,13844133881,9.0,
573583072,See U Later,BLACKPINK,http://p2.music.126.net/bmASQT_fZWEbFRIIkwWy5w==/109951167720812568.jpg,13844133881,9.0,
437856611,불장난（PLAYING WITH FIRE）,BLACKPINK,http://p2.music.126.net/3yXwpZSxhI62WIVht9Z7WA==/18493785580020753.jpg,13844133881,9.0,
1474621418,Ice Cream (with Selena Gomez),BLACKPINK,http://p2.music.126.net/zBqlHq71yLqx2HbFvGyl6g==/109951167746375383.jpg,13844133881,9.0,
1357116203,Kill This Love,BLACKPINK,http://p1.music.126.net/ojFHFuS4Qf7R9aFuNnHwuA==/109951167720832660.jpg,13844133881,9.0,
1357116205,Kick It,BLACKPINK,http://p1.music.126.net/ojFHFuS4Qf7R9aFuNnHwuA==/109951167720832660.jpg,13844133881,9.0,
485960255,마지막처럼,BLACKPINK,http://p1.music.126.net/2ai1bggulgGsQmgkML9Gvg==/19116109160718048.jpg,13844133881,9.0,
19641269,Wesoły kapelusz,Czeslaw Spiewa,http://p2.music.126.net/R6Y6BAu_N7EHTjbASzMY2A==/109951168634178958.jpg,119781436,9.0,
22627402,Torna A Surriento,Jack Jezzro,http://p2.music.126.net/ASLoNv8gJzcv4f1EWj85cQ==/109951170951351633.jpg,119781436,9.0,
19648861,Om Du Möter Varg,Detektivbyrån,http://p2.music.126.net/ClvjqsRk_MIztBqdE6k5LA==/109951167789176675.jpg,119781436,9.0,
5382776,Valse Primavera,La Ventana,http://p2.music.126.net/W_y4YH2yhjg5CzCsIQBzhA==/310062279038970.jpg,119781436,9.0,
2411902,Je Pourrais Mourir Pour Toi,Charlotte Rampling,http://p2.music.126.net/gXAjpGxjiuDVyVbXZtdFdw==/1722934720726482.jpg,119781436,9.0,
17730137,13 Jours en France,Francis Lai,http://p2.music.126.net/faxTUAd8F6dSTLepEBp8gw==/18335455905379683.jpg,119781436,9.0,
27540412,Vittorio Monti: Czardas,Martynas,http://p2.music.126.net/FVFQpotubXNo5GccyG_nJA==/109951166279971375.jpg,119781436,9.0,
22627407,Tra Veglia E. Sonno,Jack Jezzro,http://p2.music.126.net/ASLoNv8gJzcv4f1EWj85cQ==/109951170951351633.jpg,119781436,9.0,
18312959,Bonjour Juliette,Quadro Nuevo,http://p2.music.126.net/xxWRM10wBo9V9OfF6_WDLA==/661905999930679.jpg,119781436,9.0,
27540411,"Katy Perry, Lukasz Gottwald, Max Martin: Hot N Cold",Martynas,http://p2.music.126.net/FVFQpotubXNo5GccyG_nJA==/109951166279971375.jpg,119781436,9.0,
36307466,달과 6펜스,沈圭善,http://p2.music.126.net/13NkbgEHlFwYJUXqeqrR9Q==/109951169929054052.jpg,13982722696,9.0,
28854102,BACK SEAT,JYJ,http://p2.music.126.net/5YMN-Zjq6RjGqatGhg7smw==/109951169260696973.jpg,13982722696,9.0,
29122597,오필리아 (Ophelia),沈圭善,http://p2.music.126.net/USjGJOX8TvmZ-E1LLbyIhw==/109951169929066553.jpg,13982722696,9.0,
28613217,"눈, 코, 입",TAEYANG,http://p2.music.126.net/QgbX0S4EEqXy6JtgbZHITA==/109951167720827974.jpg,13982722696,9.0,
22673551,거짓말,BIGBANG,http://p2.music.126.net/qH6pzSPyrmR8bzrXYWvACQ==/109951167720318437.jpg,13982722696,9.0,
16345633,I'm Eighteen,Alice Cooper,http://p2.music.126.net/3CHMf-KYXVJXLzXlgkG3sg==/109951170277651983.jpg,32471960,9.0,
21970425,Lovesong,The Cure,http://p2.music.126.net/5TtvNoM-BkaFdikZhmTNYw==/109951169817980188.jpg,32471960,9.0,
3953058,Solitude,Black Sabbath,http://p2.music.126.net/PJJ7bOzcJb2D09DRbLVYfA==/1665760116088245.jpg,32471960,9.0,
2206553,Let It Grow,Bonfire,http://p2.music.126.net/dpgN_duG6l9PADG055Cwrg==/109951165783891420.jpg,32471960,9.0,
29719536,Stairway to Heaven (Remaster),Led Zeppelin,http://p2.music.126.net/VSeAKqMIPWwkJqC9T2SzSA==/109951166133195156.jpg,32471960,9.0,
4425291,Is This Love,Whitesnake,http://p2.music.126.net/rAM4TdJIvLwKJvjOSfcTfg==/1733929837015560.jpg,32471960,9.0,
21041381,To Blossom Blue,Lake of Tears,http://p2.music.126.net/QzbvRoSTxhDaguCoSE1tWQ==/109951167404084299.jpg,32471960,9.0,
2887490,Don't Close Your Eyes,Kix,http://p2.music.126.net/ZWxvRwggl06HQW6kMb_ovQ==/1793303464907755.jpg,32471960,9.0,
4279861,18 and Life,Skid Row,http://p2.music.126.net/BLy4c9I9w22XwkN7t9d46Q==/109951169283447453.jpg,32471960,9.0,
3563411,Psycho Killer,Talking Heads,http://p2.music.126.net/Ma5HqOU0p2YGcOOP4t526Q==/109951170704580333.jpg,32471960,9.0,
385976,听不到,五月天,http://p1.music.126.net/pLn35sx61-IXRYfCbfPnCA==/109951171415600711.jpg,14105386919,9.0,
2751951861,玫瑰窃贼,柳爽,http://p1.music.126.net/-i-2x3RHGpUlcRcqDMJ9PQ==/109951172233871119.jpg,14105386919,9.0,
2163391649,我的灵魂是个哑巴,周子洋,http://p1.music.126.net/yCwHJyXQDS7CsP0HLyr46A==/109951169657198656.jpg,14105386919,9.0,
1843815548,保持你的热情,無望春 Nospring,http://p1.music.126.net/aWwW8nOw7f1zn1vk25Tjhg==/109951166072032218.jpg,14105386919,9.0,
1858843336,此去南京三千里,七八点,http://p1.music.126.net/WBNQGK-zFGaXCbHBOkXanA==/109951166150432310.jpg,14105386919,9.0,
27501008,仙儿,二手玫瑰,http://p1.music.126.net/8OAU2qto8ON1Ewku7sm-qQ==/109951170216082481.jpg,14105386919,9.0,
469073823,泸沽湖,麻园诗人,http://p1.music.126.net/g-DSeCj_1yXEsgvUy3rSdA==/109951171928923180.jpg,14105386919,9.0,
2088079571,鲜花 (Live),回春丹,http://p1.music.126.net/-Tija1G1k4UnrSo6t0UXww==/109951168964989770.jpg,14105386919,9.0,
28181107,伤心的人别听慢歌(贯彻快乐),五月天,http://p1.music.126.net/7g0QYe0twjfOeCCWy9qxMw==/109951168144493672.jpg,14105386919,9.0,
1954701778,你的爱情,逃跑计划,http://p1.music.126.net/VQapQujsheIY43oF8BYYbA==/109951169984510508.jpg,14105386919,9.0,
66265,阿牛,陈奕迅,http://p1.music.126.net/W9imJx0w_JeCGGs43dfjFg==/109951171529987110.jpg,615218978,9.0,
66297,怕死,陈奕迅,http://p1.music.126.net/W9imJx0w_JeCGGs43dfjFg==/109951171529987110.jpg,615218978,9.0,
65806,想听,陈奕迅,http://p1.music.126.net/3mi073axgjg-g-79ObwwEQ==/109951171836582062.jpg,615218978,9.0,
256199,还是我 还是你,林忆莲,http://p1.music.126.net/dba2DgtmHISAX3x2ladm1g==/109951164016448007.jpg,615218978,9.0,
256202,为何他会离开你,林忆莲,http://p1.music.126.net/dba2DgtmHISAX3x2ladm1g==/109951164016448007.jpg,615218978,9.0,
256206,不敢奢想改变你,林忆莲,http://p1.music.126.net/dba2DgtmHISAX3x2ladm1g==/109951164016448007.jpg,615218978,9.0,
316654,可惜我是水瓶座,杨千嬅,http://p1.music.126.net/8w4C39C2OY2fRANvkSXo9Q==/109951163270254519.jpg,615218978,9.0,
316486,野孩子,杨千嬅,http://p1.music.126.net/rfiJDjEnYuZmDuAxIniQPA==/109951170379800610.jpg,615218978,9.0,
316691,烈女,杨千嬅,http://p1.music.126.net/8w4C39C2OY2fRANvkSXo9Q==/109951163270254519.jpg,615218978,9.0,
316756,小城大事,杨千嬅,http://p1.music.126.net/O-4LQ8-dYz0oHRIenG1KoQ==/109951164016432343.jpg,615218978,9.0,
2704137505,NO ERA AMOR (Super Slowed),DJ Asul,http://p2.music.126.net/HggCsZG-v4ua9eEN82xSUg==/109951170976614592.jpg,8827289885,9.0,
1863541743,Phoenix,Netrum,http://p1.music.126.net/EZVjwwpmN6zk61-0foWmdg==/109951166207358143.jpg,8827289885,9.0,
1989845851,Cold Blood,Wilee,http://p1.music.126.net/GWjlbqcfvMCV9jD-auRrzA==/109951167970404731.jpg,8827289885,9.0,
2739203779,Crystal Obsidian,KNSRK,http://p1.music.126.net/zHDmxaHaJVF_7CoFEIImPQ==/109951172106427142.jpg,8827289885,9.0,
2064151809,ONE PUMPED,BLACKHAT PLAYA,http://p1.music.126.net/X4B8RJXrPbsVSlSypem6xQ==/109951168740267798.jpg,8827289885,9.0,
2646830450,Body On Me,SAINt JHN,http://p1.music.126.net/ZbYRMQEzg3C5WR843lg9Yg==/109951170154549968.jpg,8827289885,9.0,
2637730437,敕令疾风雷,武言圣,http://p1.music.126.net/dnr3qvt4F5nZGdght0KVLg==/109951170053838153.jpg,8827289885,9.0,
2633279954,Fantasy Funk,SXBER,http://p1.music.126.net/yXLoaPjbCsPmxCWjT8uSRg==/109951170013033206.jpg,8827289885,9.0,
2684979448,Tokyo Night,Lunak,http://p1.music.126.net/2mTpMADmtgTQs7iVU32Yvw==/109951170615412889.jpg,8827289885,9.0,
2746248442,青春舞曲,棍圣,http://p1.music.126.net/qwqWWJrO42Ro6dtsfUS1cw==/109951172016901859.jpg,8827289885,9.0,
1997009943,BE ME,Doul,http://p1.music.126.net/hCgRzec6tc_BL71rCTdQIQ==/109951168045899786.jpg,12731883911,9.0,
2151230759,Echoism,塞壬唱片-MSR,http://p1.music.126.net/JKOtlxRYpzsqXxC3l07ivA==/109951169547216140.jpg,12731883911,9.0,
2694779693,Eclipse,Aimer,http://p2.music.126.net/LzdztLs3PtT9eBNvGSxMgQ==/109951170722800676.jpg,12731883911,9.0,
2731325796,Little Wish,塞壬唱片-MSR,http://p2.music.126.net/jHLW7HPZ62euLp-_yij8DA==/109951171541053219.jpg,12731883911,9.0,
2699629221,Heavenly Me,AIYUE,http://p2.music.126.net/EYHIR90JuXJNL6Vq3qDrGA==/109951170918941392.jpg,12731883911,9.0,
2699629222,Heavenly Me INST,AIYUE,http://p2.music.126.net/EYHIR90JuXJNL6Vq3qDrGA==/109951170918941392.jpg,12731883911,9.0,
2649423776,luther,Kendrick Lamar,http://p1.music.126.net/EMv55rDoGWJ3IzG-aphT3w==/109951170180620807.jpg,12895320938,9.0,
2635822906,Ma Ma ( Phonk ),GuTs,http://p1.music.126.net/k-giSAAzm1hEBkNNK8CPAA==/109951171384638633.jpg,2544569717,9.0,
2629311132,First meeting（PHONK）,GuTs,http://p1.music.126.net/QnK0AN7vRPX5s0sR6tOgMA==/109951169978811108.jpg,2544569717,9.0,
2164852326,GoneBad(PHONK),GTR7,http://p1.music.126.net/m-YTbNmERmyE-S9muHuNlw==/109951169670409041.jpg,2544569717,9.0,
2155750632,毁灭 Growl（VIP）,米兰Music,http://p1.music.126.net/ZVwHTMGgIuXvGrrrZYJTMw==/109951169587007143.jpg,2544569717,9.0,
2721202434,Vicetone (PHONK),Azeri,http://p1.music.126.net/mY5VQq7pARRWUYMFkTNkWA==/109951170127607721.jpg,2544569717,9.0,
2115438793,Remain,Reignes,http://p1.music.126.net/Mz3HwNNHXJJgs2WKwhor7Q==/109951169244004906.jpg,2544569717,9.0,
2074749091,Soldier（防暴士兵）,米兰Music,http://p1.music.126.net/-XojpTZp2NkB7nCfDSKYmA==/109951168897932588.jpg,2544569717,9.0,
2134427335,Плакала (Explicit),Azeri,http://p1.music.126.net/BqYrPCJgTSCvMVoz9oR7DQ==/109951169402757455.jpg,2544569717,9.0,
2162976744,New World (PHONK),VERSACE,http://p1.music.126.net/tCty2vuT-kMk6vC7hrmYuw==/109951169716140976.jpg,2544569717,9.0,
2726267281,Wako Wako (PHONK.Pt1),Azeri,http://p1.music.126.net/QwA2A2ewjCrk3his9Eme1g==/109951171468173552.jpg,2544569717,9.0,
2658640958,What Do I Do,SZA,http://p1.music.126.net/eQsUiBeDvgljm7grNtUnkg==/109951170292746733.jpg,12359080480,9.0,
2733531984,AA Battery,Johnny Stimson,http://p1.music.126.net/ih6Edie9xuuMqGFwBeozVA==/109951171766054181.jpg,12359080480,9.0,
2727830336,Don't You Worry Baby,"Tyler, The Creator",http://p1.music.126.net/AsxT0boZLN1hOLL28nMOzA==/109951171496882163.jpg,12359080480,9.0,
2710416778,Long term,AI MUSIC MATRIX,http://p1.music.126.net/p8hySF3PjpGyEdExUAocCw==/109951171182041062.jpg,12359080480,9.0,
2748885943,Dracula,Tame Impala,http://p1.music.126.net/QIrijKhE8TyJRPlg8hXXlw==/109951172053928466.jpg,7405817995,9.0,
2747100015,CALIFORNIA,Jessie J,http://p1.music.126.net/l_Sx3Gy-nFAlKOlCYAL8sg==/109951172027509046.jpg,7405817995,9.0,
2752231590,VICIOUS,AViVA,http://p1.music.126.net/tQCPqq37GYgfj-MT5Klqdw==/109951172100342024.jpg,7405817995,9.0,
2731574726,Leave Me Alone,Reneé Rapp,http://p1.music.126.net/HNKEJbR-n0hZZ0_7uOEowQ==/109951171576510313.jpg,7405817995,9.0,
2628026287,DUMB,Noga Erez,http://p1.music.126.net/__88Wla41YPIUjCpR22XRw==/109951169968836470.jpg,7405817995,9.0,
3312461781,Black-Eyed Susan Climb,Magdalena Bay,http://p1.music.126.net/mVAf3MFT2YxDVQvqKjI-wg==/109951172213205702.jpg,7405817995,9.0,
2602990403,JOYRIDE,Kesha,http://p1.music.126.net/HgILsKICzzxv94rSrVYb3A==/109951170158051497.jpg,7405817995,9.0,
2746962406,HAUNTED HOUSE,AViVA,http://p1.music.126.net/In75vHokzD15MgAvpLabyg==/109951172025903358.jpg,7405817995,9.0,
2636768698,TILT,ARI HICKS,http://p1.music.126.net/0oTaOqPoQnnyRq91xeBORg==/109951170046242118.jpg,7405817995,9.0,
1936180813,life is funny,ROLE MODEL,http://p1.music.126.net/4y-38SprHSt9_X9_ZcjAVw==/109951167261102865.jpg,7405817995,9.0,
2687358639,高速小曲,菲菲,http://p2.music.126.net/AgrDIslUoXXR664MSyWTYg==/109951170626549840.jpg,14229129793,9.0,
3318296460,Scar Face(撕碎挡在我面前的一切),BOY,http://p2.music.126.net/xdqMcWiLaOqh2hzvfPjafg==/109951172290559009.jpg,14229129793,9.0,
2728767691,阿尼玛阿尼玛 (微微辣DJ版),DreamSky,http://p2.music.126.net/R8-GFbIevOsRohJUKiXfrQ==/109951171503681063.jpg,14229129793,9.0,
2695906201,可我只是海 (DJ阿智版),LBI利比,http://p2.music.126.net/t6I3JH-_0A5Iib5sEIccNQ==/109951170731387100.jpg,14229129793,9.0,
2678305196,跳楼机 (DJ阿智版),刘大拿,http://p2.music.126.net/7vyPDPkbuQqsUGJY1W3OXw==/109951170493394044.jpg,14229129793,9.0,
2706678994,请别回头看,肖琴,http://p2.music.126.net/0kkbF4hOVEmngb2H8JNzDg==/109951171004337928.jpg,14229129793,9.0,
2695996858,六尺摇舞蹈,肖琴,http://p2.music.126.net/AJWSfLaClL6LKPJm2aqC5g==/109951170732090592.jpg,14229129793,9.0,
2728717531,拼好歌 (新疆马蹄打了baby+侃爷维斯特+微微辣),DreamSky,http://p2.music.126.net/gehwT7OjYiuiBTRZGtBxfg==/109951171503674284.jpg,14229129793,9.0,
2695890892,Đắm Chìm (沦陷),Vũ Trụ Insight,http://p2.music.126.net/jRM-BuOF87pLUx35yOcASg==/109951170752449382.jpg,14229129793,9.0,
2729001121,去做朋友,肖琴,http://p2.music.126.net/eikqcdn20dWtT637HFE7wg==/109951171506510132.jpg,14229129793,9.0,
1485796242,清晨，树林，小猫,花飞飞,http://p2.music.126.net/7F0hpZMchsz6ztbOG24CKg==/109951165378824306.jpg,9709861752,9.0,
2082156813,My Love Mine All Mine,Mitski,http://p1.music.126.net/Y_pjIwIhTGvDvF7x4kuDZw==/109951168914806368.jpg,9709861752,9.0,
2124103398,Out Of The World,BLACKDD,http://p1.music.126.net/ZxooRBkd0y4TXB7-85Lacg==/109951169313642366.jpg,9709861752,9.0,
1397887534,Tonight You Belong to Me,Dottie Evans,http://p1.music.126.net/R5KRIET1hkjV_JruY5zkJA==/109951164436303607.jpg,9709861752,9.0,
2127850659,Flowers,Revlonea,http://p1.music.126.net/DhdFaGyPrPDU7cfn9Poo3g==/109951169349562517.jpg,9709861752,9.0,
1890770509,破旧世界（最终）,魔鬼花园（李安健）,http://p1.music.126.net/t0Rta9_jLJaAI0Hq8LKXGA==/109951166567802142.jpg,9709861752,9.0,
2141191482,Before Spring Ends,王OK,http://p1.music.126.net/54mkD9YmAq3JMQ5_8qleQg==/109951169458601742.jpg,9709861752,9.0,
29129889,Eutopia,Yooh,http://p1.music.126.net/gaIPe0Ib4mqxZTku5fhAjw==/109951169356031039.jpg,9709861752,9.0,
1468927635,Fool For You,Jafunk,http://p1.music.126.net/xGk-V0d8endBBnOa2nTQYg==/109951169879977234.jpg,6897410885,9.0,
1860729571,Weekend Love,Jafunk,http://p1.music.126.net/ow6QZxmyV3_5phlh91ZFZg==/109951170046004332.jpg,6897410885,9.0,
1853122698,Moonlight,Conor Albert,http://p1.music.126.net/c4TwHQU_bqYoPU5OrUzMgg==/109951166085711608.jpg,6897410885,9.0,
1821168281,July,Supathick,http://p1.music.126.net/VuJaB8uTFFK2pZKc1WqJcg==/109951167794067686.jpg,6897410885,9.0,
1825266278,Good People,MF Robots,http://p1.music.126.net/h8Slj9qtFLflBsnwoL4-Tg==/109951165782688678.jpg,6897410885,9.0,
1833526653,twofaces,nic violets,http://p1.music.126.net/299wd8tbH3l9H3-l_AuAqA==/109951165846648182.jpg,6897410885,9.0,
1816995520,Caught Up,VanJess,http://p1.music.126.net/iI0-KRPgdfr0xGh_HKIGwQ==/109951165686071779.jpg,6897410885,9.0,
1832977326,Undone,Raquel Rodriguez,http://p1.music.126.net/E62Y5j4HMVi9aeXdYaf-dQ==/109951165852093130.jpg,6897410885,9.0,
1825989709,Slow Down,Chromatiks,http://p1.music.126.net/TS8j7dYJ2HaKpq7gjrdbug==/109951165790203537.jpg,6897410885,9.0,
1486395021,Smooth Move,Cory Wong,http://p1.music.126.net/BGMOITi1rrgACDJ1Am0hVQ==/109951165384959882.jpg,6897410885,9.0,
499823749,Evergreen,Martin Jacoby,http://p1.music.126.net/4ddHFb2EO2TsR2ee1cNq7A==/109951165793138282.jpg,13818714271,9.0,
1463342763,Hidden Waltz,小瀬村晶,http://p1.music.126.net/KXqReZv8LGlS9TYgywvj4Q==/109951165144214179.jpg,13818714271,9.0,
2085168031,Van Gogh,Virginio Aiello,http://p1.music.126.net/YK26SGDeet_LJTnscgBY9g==/109951168940707946.jpg,13818714271,9.0,
1369959,Rue des trois frères,Fabrizio Paterlini,http://p1.music.126.net/pNgewnAtbuH_rUypFp39Vw==/109951164523767417.jpg,13818714271,9.0,
2086936103,Underground Blossom Main Theme,Victor Butzelaar,http://p1.music.126.net/mx7jphC6pUuCrPRtDWREpg==/109951168954697849.jpg,13818714271,9.0,
459954253,Rusty Lake Family Tune,Victor Butzelaar,http://p1.music.126.net/HgKhAhPYteJfleS8jail1g==/109951165535640475.jpg,13818714271,9.0,
2682806922,Cipher,时空储蓄罐,http://p1.music.126.net/oAQob66llZGmNx1Un8gIJA==/109951170591505487.jpg,13818714271,9.0,
29150369,Gyménopédie N°1,Ophélie Gaillard,http://p1.music.126.net/B0nuu_FFOnJJnuenGYr6Yw==/109951163399044401.jpg,13818714271,9.0,
1070981,Death Waltz,Adam Hurst,http://p1.music.126.net/LOsVjI6sFoCyXJb3B6veLQ==/109951164078429197.jpg,13818714271,9.0,
3947465,I,Athletics,http://p1.music.126.net/BOfHKqsug-vmcKRshieLjA==/109951164417969327.jpg,2966432846,9.0,
3947466,II,Athletics,http://p1.music.126.net/BOfHKqsug-vmcKRshieLjA==/109951164417969327.jpg,2966432846,9.0,
3947467,III,Athletics,http://p1.music.126.net/BOfHKqsug-vmcKRshieLjA==/109951164417969327.jpg,2966432846,9.0,
3947469,IV,Athletics,http://p1.music.126.net/BOfHKqsug-vmcKRshieLjA==/109951164417969327.jpg,2966432846,9.0,
3947471,V,Athletics,http://p1.music.126.net/BOfHKqsug-vmcKRshieLjA==/109951164417969327.jpg,2966432846,9.0,
1621742,Bird,Kwoon,http://p1.music.126.net/Wq2BF7lsGSg3_mVP31TcJw==/109951164851241337.jpg,2966432846,9.0,
1452762310,退潮,WeirdoRoom 怪人房间,http://p1.music.126.net/gjACzANNByAzDAhuiVe5LA==/109951165034691900.jpg,2966432846,9.0,
4405790,Unity,There's a Light,http://p1.music.126.net/7sLF7toRl0JmBYzG38KyRw==/626721627878337.jpg,2966432846,9.0,
25882377,1848,The Dandelion War,http://p2.music.126.net/D05n9P25QyzlFoYbeCreBw==/109951170539338397.jpg,2966432846,9.0,
4017046,1992,Castles Sunk Below The Sea,http://p2.music.126.net/ox-azA3MFd9MARKgPcorRg==/750966441815523.jpg,2966432846,9.0,
1381704542,Macarena,Pietro Lombardi,http://p2.music.126.net/6l2E8Nsi4YrplJKKb7yY5A==/109951164259921938.jpg,2653868848,9.0,
1369733013,Portofino,Leon Machère,http://p2.music.126.net/0jLO4IfbWr1zTQIhtSn5_w==/109951164176413793.jpg,2653868848,9.0,
1376076182,Countdown,Marie Wegener,http://p2.music.126.net/CtK1TjxC8Zf-QZMdSMfUtg==/109951164193881611.jpg,2653868848,9.0,
1474719424,Sommerwind,Vanessa Mai,http://p2.music.126.net/ATS2ka2oehIYq5bG1Dm8sA==/109951165290685096.jpg,2653868848,9.0,
571336919,Land in Sicht,Jannik Brunke,http://p2.music.126.net/1F-YEeNfjHIIwpfSINO9JQ==/109951163351786349.jpg,2653868848,9.0,
2068190,Warten auf Dich,Urbanize,http://p2.music.126.net/ln2hMm99uKAwDYwH8naM5w==/882907837158131.jpg,2653868848,9.0,
1360875159,Vente pa'ca (feat. Aridian) [Coverversion],Norman Langen,http://p2.music.126.net/OSoEXDW7cBLhTTSRILV57w==/109951164020299499.jpg,2653868848,9.0,
554407504,Mein erstes Lied,Madsen,http://p2.music.126.net/tCUYd6Ard6XAHeLB1LfTaw==/109951163257358930.jpg,2653868848,9.0,
1445912771,Wo bist du,Josh.,http://p2.music.126.net/msTdktdUYw9tG2gFPOLtQw==/109951164964467685.jpg,2653868848,9.0,
1485092714,Wonn I Donn Hoam Kimm,Chris Steger,http://p1.music.126.net/2z8jTJL5cWdI42yyPTaXEw==/109951172207030332.jpg,2653868848,9.0,
2138811507,2WORLDS,VALORANT,http://p2.music.126.net/FDFoCgSvR0qs7rl4Dkgw1g==/109951171795790208.jpg,2954650550,9.0,
2719101070,MONTAGEM XONADA,MXZI,http://p2.music.126.net/P6KZg7L1SS7NsXrGgn1KQw==/109951171355862327.jpg,2954650550,9.0,
1968316652,Wasted (Nightcore) [Bass Boosted] (feat. harmony haven),murkish,http://p2.music.126.net/qX8RMGYQaflrnIGNQ1IIFA==/109951167730956823.jpg,2954650550,9.0,
1890128737,Dead Inside,АДЛИН,http://p2.music.126.net/J-2NBqlv_Z0saU7ZDgK65w==/109951166559640845.jpg,2954650550,9.0,
2658102091,Love So Confusing,AuntL,http://p2.music.126.net/NM1BtREWiqzCXQZ8hm9tgw==/109951170281233346.jpg,2954650550,9.0,
3956911,Duvet,Bôa,http://p2.music.126.net/DVlINCT0lp5I_da7oKaUVg==/109951170485945191.jpg,2954650550,9.0,
1880298143,Vision pt. II,Lost Sky,http://p2.music.126.net/xsok2dChnVb6fekXr2rx7w==/109951166445491265.jpg,2954650550,9.0,
2707095736,绣花针,祥嘞嘞,http://p1.music.126.net/mwL4sGVPVEV_oAnOvmH0wA==/109951171008945699.jpg,13757752936,9.0,
2712753039,听夜雨,礼越,http://p1.music.126.net/7zw1IH8PH-rpmC4Q5yLIDw==/109951171270437148.jpg,13757752936,9.0,
2659688824,临摹,白静晨,http://p1.music.126.net/zqjOU4x7PiAhOp4mTJIrjQ==/109951170303718186.jpg,13757752936,9.0,
1965623491,天上掉下个林妹妹,黄诗扶,http://p1.music.126.net/GMnnWbGsvpjJyWYoxKZ0Xw==/109951167697021883.jpg,13757752936,9.0,
1426844352,春三月,司南,http://p1.music.126.net/hlshQVqNPtb-2NimJSBnFQ==/109951164751569123.jpg,13757752936,9.0,
34017157,小城谣,胡碧乔,http://p1.music.126.net/Zkv2uiS0odyVOui_mCpbPQ==/7992350024247151.jpg,13757752936,9.0,
2750707920,忘忧谣(东汉童谣),希尔薇Sylvie,http://p1.music.126.net/uj7drQMMMw39NBsQY3V1JQ==/109951171964901749.jpg,13757752936,9.0,
1919524295,问情,陈亦洺,http://p1.music.126.net/6_Skolb_X075lr2gSwQNew==/109951167039546994.jpg,13757752936,9.0,
1964850580,我本将心向明月,王朝1982,http://p1.music.126.net/TTK05zjVfGlaihDmWekm8A==/109951167700486055.jpg,13757752936,9.0,
2065906413,来生戏--无间梦境主题曲,纸嫁衣,http://p1.music.126.net/itXD7Th2vEQAVKObSYDWcw==/109951168753608819.jpg,13757752936,9.0,
1888958151,Tight With You,沈孝,http://p2.music.126.net/4aP_wRH-PcOxU6NW4DLzYQ==/109951166545017625.jpg,4976089115,9.0,
2142902990,The Irishman (Extended),Paul Velchev,http://p2.music.126.net/otK-nQpPH5LZhCbR6N0aNA==/109951169472680908.jpg,4976089115,9.0,
2072610554,Milkshake- 别急给我20秒,549.,http://p2.music.126.net/ezejYVsFetrWskM43r86HQ==/109951168835243043.jpg,4976089115,9.0,
1437204306,渡(Dj ProgHouse旋律),苦ferry,http://p2.music.126.net/omV-PynKxSTTAg5WY99LmQ==/109951164866516806.jpg,4976089115,9.0,
2086635745,阿索阿索,Dj狗峰Remix,http://p2.music.126.net/S9duUNlQxK1kTfd_t_K1Vw==/109951168935231974.jpg,4976089115,9.0,
2110297497,天下,小瑞,http://p2.music.126.net/S936T9xZ1FhRF6wIp0aVyQ==/109951169035258828.jpg,4976089115,9.0,
2102771373,你别太帅了,泽源屿,http://p2.music.126.net/-0qXeNN1NfMUJY676yr1VQ==/109951168634452376.jpg,4976089115,9.0,
452986223,夏日忧郁 (DJ版),枫宇辰,http://p2.music.126.net/ZYgkrrH324Wmh93lKQPqvg==/18770862511098526.jpg,4976089115,9.0,
1834268297,心墙,DJ.Mr.李,http://p2.music.126.net/gJpeTMYWBBXFXq7vpxmLxg==/109951165854197528.jpg,4976089115,9.0,
2025091391,苦咖啡·唯一 (DJ版),.,http://p2.music.126.net/gvmiu1QfyscDOQss7Ut-NA==/109951169047661488.jpg,4976089115,9.0,
2124173366,成龙-美丽的神话（DJ阿布vsDJ阿玄）（DJ阿布 remix）,DJ阿布,http://p2.music.126.net/K1Nk0XNnts3Z0jlIm6MurA==/109951169188957309.jpg,8791896023,9.0,
2687490510,过火（DJ阿智Remix）,DJ阿智,http://p2.music.126.net/076vIC7Mmc-gerPK7i5QlA==/109951170640626709.jpg,8791896023,9.0,
1487524051,执迷不悟 (DJ版),鱿籽酱,http://p2.music.126.net/zKj3EkAzHqqqaCD4bhprsA==/109951165402433538.jpg,8791896023,9.0,
1972056206,传奇（DJ版）,DJA乐,http://p2.music.126.net/0_9yo6WrTP5WGhEvFTR19w==/109951168538062011.jpg,8791896023,9.0,
1435659788,司南-冬眠dj（蜡笔没了小新 remix）,蜡笔没了小新,http://p2.music.126.net/5GOKEbMBsGs4xcfvkUJ8OQ==/109951164854596047.jpg,8791896023,9.0,
2662625817,跳楼机 (DJ阿布版),LBI利比,http://p2.music.126.net/cmoE8PsdK_Yn9VJ8ZVCGrw==/109951170507596121.jpg,8791896023,9.0,
1864698492,我的歌声里 (DJ版),赵俊飞,http://p1.music.126.net/DFjadgE7oGz0rwdroassvQ==/109951167253195174.jpg,8791896023,9.0,
2058688293,一笑江湖 (DJ弹鼓版),闻人听書_,http://p1.music.126.net/Gzdlo48RC_yaieQVxIQhZw==/109951168698600112.jpg,8791896023,9.0,
2679282682,去远方,月亮邮递员,http://p1.music.126.net/WCuYHkJeguYXvzt5oVPjTw==/109951170521930591.jpg,8791896023,9.0,
2658518739,会呼吸的痛（DJ阿智 remix）,DJ阿智,http://p1.music.126.net/4Gu5Deg-cB6F55D_P6dJDg==/109951168862002535.jpg,8791896023,9.0,
453268268,舍得,王唯旖,http://p2.music.126.net/Y2caOTiYFLIK1uAaz1hr4w==/18746673255294451.jpg,13786904135,9.0,
465921195,还是分开,张叶蕾,http://p2.music.126.net/tH5FdakJX47uy8mlM0GMWQ==/19218363741925314.jpg,13786904135,9.0,
1301736461,爱错,王力宏,http://p2.music.126.net/febOkiCikU5OcjVLqGNLlg==/109951165994484307.jpg,13786904135,9.0,
3320706485,悔,Sleeppuppy,http://p1.music.126.net/bKjQR5Q8T9cyYYc5qQbJgg==/109951172326800422.jpg,13786904135,9.0,
502043537,第三人称,买辣椒也用券,http://p1.music.126.net/nOVxBaX0IG1PsV4WfSoodA==/109951164379891919.jpg,13786904135,9.0,
29759733,可乐,赵紫骅,http://p1.music.126.net/qOfVT6izV4mBe4IyQn489Q==/18190320370401891.jpg,13786904135,9.0,
29004400,烟火里的尘埃,华晨宇,http://p1.music.126.net/_49Xz_x9kTTdEgmYYk6w2w==/6672936069046297.jpg,13786904135,9.0,
1988242431,Love is a storm,贰萬,http://p1.music.126.net/64fo8ZbaUINfTl3NYjM5OQ==/109951167953882107.jpg,13747727756,10.0,
2603125437,惊蛰,撬锁老羊LeO,http://p1.music.126.net/f9SYe5KSab5q0Yftsaj6pg==/109951170981640117.jpg,13747727756,10.0,
2123618080,蝴蝶,撬锁老羊LeO,http://p1.music.126.net/rVbh-YAg_xcSK8svHf0aEQ==/109951169309013823.jpg,13747727756,10.0,
2600620710,心眼,向文涛,http://p1.music.126.net/KePUYOJQZt3R4MQQ55Ynng==/109951169704576333.jpg,13747727756,10.0,
1820298341,玫瑰先生 ——广播剧《碎玉投珠》主题曲,小坠,http://p1.music.126.net/hSFOuZPPmHx-pHjkUNouSA==/109951165726200783.jpg,13747727756,10.0,
1473228889,《给某某》丨木苏里原著《某某》广播剧主题曲,陈亦洺,http://p1.music.126.net/yf5es-tcwIbbQ3DwJA31Ow==/109951165260664625.jpg,13747727756,10.0,
2750128779,情蛊,白翎,http://p1.music.126.net/ULDZEfok8GFo3pPJRq-eeQ==/109951172068887587.jpg,13747727756,10.0,
2063500635,《世界在他心头亮遍了角落》——广播剧《陈年烈苟》主题曲,海里,http://p1.music.126.net/-IPPeBTHR6lrta8M9DTF-Q==/109951168735561688.jpg,13747727756,10.0,
2717840210,种痂,归人,http://p1.music.126.net/WdFMmRWSP2kkSxwAC3kpUA==/109951171339850346.jpg,13747727756,10.0,
2755039606,岭上歌,马正阳,http://p1.music.126.net/xo6MIrj7gUsd4pffEHTuyw==/109951172144990043.jpg,13747727756,10.0,
548556869,半句再见,孙燕姿,http://p2.music.126.net/lLe5qRI7G9UV1NTEEvLa-g==/109951166155142333.jpg,13787020840,10.0,
34586275,海誓山盟,王震,http://p2.music.126.net/9NAMM9DwRCIFUGh6vdVd_A==/7994549047947650.jpg,13787020840,10.0,
254135,给未来的自己,梁静茹,http://p2.music.126.net/8E9NHOTIf6V6Vv45_Taxdg==/109951168163299080.jpg,13787020840,10.0,
574921549,怪咖,薛之谦,http://p2.music.126.net/TOkRGd59o3hAOKsnMMmMMA==/109951163755246383.jpg,13787020840,10.0,
32507038,演员,薛之谦,http://p2.music.126.net/vu7SHbVlMuszmSuKR2SKAQ==/109951168707343730.jpg,13787020840,10.0,
169185,认真的雪,薛之谦,http://p2.music.126.net/fqiX7ZmISM4fHm7v4GrV2Q==/109951171269232420.jpg,13787020840,10.0,
1954956681,随便,汪苏泷,http://p2.music.126.net/AlqNvbFwXDQgn4-HVIrrqQ==/109951167535439851.jpg,13787020840,10.0,
553755659,可不可以,张紫豪,http://p2.music.126.net/WafK2OQfEtqXitdDXJ772Q==/109951163252847249.jpg,13787020840,10.0,
3318516891,OF Ocean (PHONK),WQ,http://p1.music.126.net/BqCZ24UbkUBaWIXc0tscPw==/109951171475064594.jpg,13771078575,10.0,
3328390461,Water Drop,ZAFRAN,http://p1.music.126.net/vzcQSyjXrzkcBpne8UeOlQ==/109951172423908383.jpg,13771078575,10.0,
3328582728,xowa xowa,ROYA,http://p1.music.126.net/XKgPX7gn6263XefiGj_o9A==/109951172385770399.jpg,13771078575,10.0,
3316603725,PRESSURE (PHONK),米兰Music,http://p1.music.126.net/LEUI7rhjYYc3D0qLpDNsdg==/109951172264332094.jpg,13771078575,10.0,
3328560898,Mask Peak,Gilas,http://p1.music.126.net/qp_ZpLE8LVm7XLF7l2pC8Q==/109951171012302808.jpg,13771078575,10.0,
1455699833,Untitled world,ReoNa,http://p1.music.126.net/Q84Gse18X1ix-uxN0jw85g==/109951167919629933.jpg,12640262454,10.0,
1499781983,クリスタライズ,水瀬いのり,http://p1.music.126.net/sQG2lCm3wfJRbamzM48wPQ==/109951165608405503.jpg,12640262454,10.0,
1457694617,Last Of Me (Arknights Soundtrack),Steve Aoki,http://p1.music.126.net/3CedGcZ-1MHKsHZDwOnzOA==/109951168980061116.jpg,12640262454,10.0,
1990154664,Running In The Dark,MONKEY MAJIK,http://p1.music.126.net/xxQXfMnMlJyMlydzVsRcag==/109951167974724190.jpg,12640262454,10.0,
28643277,니가내가,敏雅,http://p2.music.126.net/O-Ds1WHOXKQXC9kgBNjGbw==/109951168689215070.jpg,14085060003,10.0,
406907311,다시 너를,Mad Clown,http://p2.music.126.net/40EOpECrH_I7-kJhIZku2A==/1396379770423171.jpg,14085060003,10.0,
404184562,Everytime,CHEN,http://p2.music.126.net/qWXI0_10MCL4Jit3bCoxIQ==/109951168652287052.jpg,14085060003,10.0,
478049011,신비로운 걸,VROMANCE,http://p2.music.126.net/6-lPCdhE0dttqJ9ebFJkYg==/109951168604813034.jpg,14085060003,10.0,
1396146120,My Beauty,VERIVERY,http://p2.music.126.net/RePNeLZIkQCDFCGyvnKDdw==/109951164419283743.jpg,14085060003,10.0,
427142853,너를 위해,CHEN,http://p2.music.126.net/vdtq0jvIY3RKhez_XeU-uA==/109951170151316612.jpg,14085060003,10.0,
22840623,처음 그 자리에,李宝蓝,http://p2.music.126.net/rFGNchd-J1L7dpv6n57Sxg==/7962663208587647.jpg,14085060003,10.0,
3314293041,春天是一首浪漫诗,Harmonic Thaw,http://p2.music.126.net/hyTwY0K0XdRp13jA3o2bYQ==/109951172236354279.jpg,13288255685,10.0,
2690270929,春悸（Spring Heart）,Yaecui^小冉,http://p2.music.126.net/m0Gj_6otNp9rvZ1LccN3sw==/109951171316965284.jpg,13288255685,10.0,
2031796212,只是回忆加了分,给猫讲故事,http://p2.music.126.net/z8Yr_QZ0iVDNEh8TIb2hZA==/109951168221252871.jpg,13812850575,10.0,
1994057212,窗外暴雨再狂澜 淋不湿屋内的你 (slowed),给猫讲故事,http://p2.music.126.net/9JeppL8-JQrLn8B_DFHxUQ==/109951168016568355.jpg,13812850575,10.0,
1497779613,我不该向你说那么多毫无意义的话……,美 梦 领 取 屋,http://p2.music.126.net/lFN2W3IJkVnYvTZKFtKQhA==/109951166208266520.jpg,13812850575,10.0,
2039295463,如果时光可以倒流 （Live）,美 梦 领 取 屋,http://p2.music.126.net/i-1d5S5aFkTO21DbLH_ctA==/109951168544907550.jpg,13812850575,10.0,
1993525055,我 想 慢 点 长 大（live）,给猫讲故事,http://p2.music.126.net/raMHjbBG3aw_q2Z6bh76zQ==/109951168010261224.jpg,13812850575,10.0,
1969841316,如果____我一定____,HOPERUI,http://p2.music.126.net/3BN44yvvTkK5SrR-_1B4OA==/109951167749788622.jpg,13812850575,10.0,
1969841968,我希望__________,HOPERUI,http://p2.music.126.net/3BN44yvvTkK5SrR-_1B4OA==/109951167749788622.jpg,13812850575,10.0,
287083,雨天,孙燕姿,http://p2.music.126.net/em2jwX9Z-pz3E9fHtojtvg==/109951166887388958.jpg,13812850575,10.0,
523251118,说散就散,袁娅维TIA RAY,http://p2.music.126.net/Yj2g6u9X6UCZPaRLCoJ5mQ==/109951163169027515.jpg,13812850575,10.0,
2758900848,confused future,ATOM,http://p1.music.126.net/wL8tKB_l2l9ZfBqt4g26ww==/109951172194262905.jpg,8252504642,10.0,
1470613754,Passenger,A.L.I.S.O.N,http://p1.music.126.net/nzK7h6eZZVoB-zZ9EPY6RA==/109951169569961965.jpg,8252504642,10.0,
2665570447,Crystal Skies,VXLLAIN,http://p1.music.126.net/Eh93dYKRkqn_PRsNXECQGw==/109951170419897060.jpg,8252504642,10.0,
2036626428,Used to This,Maybe,http://p1.music.126.net/tyvtOYD7NUtqorXObIoNBw==/109951168525590593.jpg,8252504642,10.0,
1382563370,River of Darkness,The Midnight,http://p1.music.126.net/jrJNCxZEcAw32pY98t5xnQ==/109951169807076908.jpg,8252504642,10.0,
1470148845,Nightfall,Timecop1983,http://p1.music.126.net/8qobOCuXJ-pZP5cCQkacGQ==/109951165224917470.jpg,8252504642,10.0,
2165763414,Signals,Lazer Boomerang,http://p2.music.126.net/6maOUrt0aTEeAuGJ2z6JDw==/109951169679276741.jpg,8252504642,10.0,
2738338863,Teenage Dreams,Lazer Boomerang,http://p2.music.126.net/p0XYPIULj7X8--laR0Fauw==/109951171905011283.jpg,8252504642,10.0,
1435606050,SimpsonWave1995,FrankJavCee,http://p2.music.126.net/XxdpusorTwIYNWhHdoIJoQ==/109951170265247267.jpg,8252504642,10.0,
2013880610,Memory Reboot,VØJ,http://p2.music.126.net/gT9yKpf9BWHu6uADRcke9w==/109951168228662777.jpg,8252504642,10.0,
2005133954,empathy,mixed matches,http://p2.music.126.net/ii1E4DbYDToisDNT4ojKyA==/109951168183182375.jpg,13338752016,10.0,
1424084508,Jus Know,BlackMayo,http://p2.music.126.net/TVRsFQwfSohxCUrA7DgXEg==/109951172269775741.jpg,13338752016,10.0,
2023195746,Favorite Song,Toosii,http://p2.music.126.net/Kh1mjvcmf5M6UGWPZ6MnMA==/109951168316193162.jpg,13338752016,10.0,
2052308267,Another Love Song,Toosii,http://p2.music.126.net/4Mgf0_BxAotBtHFMaXh2SQ==/109951168652089461.jpg,13338752016,10.0,
1869965937,Count Me Out,Shade Jenifer,http://p2.music.126.net/C6uzVeyaUwEIUM4ETUnkAw==/109951166289442108.jpg,13338752016,10.0,
2128787688,Saturn,SZA,http://p2.music.126.net/FVj8gsfVoiOrT6hGeeBdRA==/109951169357051674.jpg,13338752016,10.0,
29789845,Grand Piano,Nicki Minaj,http://p2.music.126.net/xVLeW6W5ai8qKb1u424grQ==/109951170177948073.jpg,13338752016,10.0,
426194894,White Ferrari,Frank Ocean,http://p2.music.126.net/6-TgBhtH2gK2rA2G582Fpg==/109951167817024864.jpg,13338752016,10.0,
3321300134,Jealous,黄稔钦,http://p2.music.126.net/TtxmjRJ2Sv4093k0LvXfMA==/109951172337761708.jpg,13860042731,10.0,
2083403742,Agora Hills,Doja Cat,http://p2.music.126.net/xrIdzR_OVJOwlrNbYrA1vw==/109951168925926683.jpg,13860042731,10.0,
2147408164,Fortnight,Taylor Swift,http://p2.music.126.net/dzSZAgIjIYJ3iLqFfKrrlQ==/109951169510761055.jpg,13860042731,10.0,
2613048732,Moonlit Dream,DLSS,http://p2.music.126.net/cXuoNwFzgFoQF7bGvC2mIQ==/109951169832660411.jpg,13860042731,10.0,
2133503225,eternal sunshine,Ariana Grande,http://p2.music.126.net/Qe_30o-LrNv0EAQinrW7Uw==/109951169395277400.jpg,12417974034,10.0,
2689018742,twilight zone,Ariana Grande,http://p2.music.126.net/WVjI32apdn0uQVH19MDBlg==/109951170660962550.jpg,12417974034,10.0,
1333151471,Clean,Taylor Swift,http://p2.music.126.net/Ceg2zbvV1MQFoNmJQURb8A==/109951169115718320.jpg,12417974034,10.0,
1489257173,positions,Ariana Grande,http://p2.music.126.net/G4HIWXvyzneVNjZPxwt00Q==/109951165741355057.jpg,12417974034,10.0,
1917343360,Waiting for You,Dept,http://p2.music.126.net/iu1vLt2Hs4x5QkiEbcSTYg==/109951167010839076.jpg,12417974034,10.0,
18637990,Beauty And A Beat,Justin Bieber,http://p1.music.126.net/RlhI8I8fXSwvM7GeRkRFsg==/109951166116087894.jpg,12417974034,10.0,
2012603640,Sorry Lofi,Swattrex,http://p1.music.126.net/2aOF46P4jseo9pj0vScrlg==/109951170050695351.jpg,12417974034,10.0,
426852405,Natalie,Milk & Bone,http://p1.music.126.net/_k93ENwnpVdDMzREnFy0wQ==/109951163109566356.jpg,12417974034,10.0,
1302068092,Wonder,ADOY,http://p2.music.126.net/XmVcIXjWEgSOSMdMPbANfA==/109951166292273744.jpg,757295465,10.0,
543611169,새소년,新少年,http://p2.music.126.net/cnykDw8YHOCBf44Qrg3SKw==/109951169598707693.jpg,757295465,10.0,
1476237357,Wanli (Live),hyukoh,http://p2.music.126.net/p9sRrhxsUU4Zr8kvqE6Gtw==/109951165291881003.jpg,757295465,10.0,
1382990684,물결,Voyeur,http://p2.music.126.net/incbSudkrxc8CPCF2_-nHA==/109951169617866385.jpg,757295465,10.0,
22846444,산들산들,姐妹理发馆,http://p2.music.126.net/FLPRzE3RGCEPvDboqlTk3A==/109951169480378267.jpg,757295465,10.0,
22834103,I Like Watching You Go,黑裙子,http://p2.music.126.net/Uuvv4cQQuQY3FtFn2YJb6Q==/18345351510211231.jpg,757295465,10.0,
1831498982,아름다운 세상 (Beautiful World),파란노을 (Parannoul),http://p2.music.126.net/5a47MBBzZ_HwXxEKs8Zzgw==/109951169622939325.jpg,757295465,10.0,
417250927,The Mountain (억겁의 인내),Jambinai,http://p2.music.126.net/7pYnC8ECFgX_xh_Tp00elw==/1398578802654632.jpg,757295465,10.0,
561307142,너와 나의 것,세이수미,http://p2.music.126.net/YcLazI1rMmYEXzGSLbtLog==/109951163298681211.jpg,757295465,10.0,
429482422,Butterfly (2016 Remastered),小洋槐乐队,http://p2.music.126.net/zUQbOJC84WdhK93UVHQHlQ==/1401877340850802.jpg,757295465,10.0,
420922950,Let Me Love You,DJ Snake,http://p2.music.126.net/oWrl3n2nqdgSWd6QqozLZA==/109951171998888858.jpg,13859848932,10.0,
3317391226,sugarcoat my dreams.,DLSS,http://p2.music.126.net/Mj9_y9TvKLo_W_i6ENBtKA==/109951172274312320.jpg,13859848932,10.0,
3324320975,return policy,Gabriella Lin,http://p2.music.126.net/GpbuxeEiyRlG7dZq4mr-Ag==/109951172374170885.jpg,13859848932,10.0,
3317656194,cumbia,Yaka,http://p2.music.126.net/xoiQxOI6p4hhaYWylA1JXg==/109951172277948535.jpg,13859848932,10.0,
1318733599,Sunflower,Post Malone,http://p2.music.126.net/NPeyzpUmXGAzsI6VUQxvrA==/109951171748635952.jpg,13859848932,10.0,
2772113,I wanted you,Ina Wroldsen,http://p2.music.126.net/97lwE_bTR3qrmCycV8YFoQ==/109951171370403288.jpg,13859848932,10.0,
1519343,Baby,Justin Bieber,http://p2.music.126.net/nHZPpgyGzb6ggf6-sB0Ibg==/109951170613349810.jpg,13859848932,10.0,
2624281188,糸電話,なとり,http://p1.music.126.net/kGKmygma6xpaHzMzdLxAyw==/109951169932784406.jpg,5066418237,10.0,
2060973088,地球儀,米津玄師,http://p1.music.126.net/S9jcXI7Lm5d-AbOYNwqdCw==/109951168745854635.jpg,5066418237,10.0,
2668628888,DRESSING ROOM,なとり,http://p1.music.126.net/jACMcRTy0w5yR7uVsCDrjA==/109951170415748875.jpg,5066418237,10.0,
2630472510,メトロシティ,imase,http://p1.music.126.net/i09ppwPnw-iEn0KrZ7GsEQ==/109951169988827389.jpg,5066418237,10.0,
2104819568,Overdose,なとり,http://p1.music.126.net/YDu6V_JbAHMaL5M5HzSw9g==/109951169126193471.jpg,5066418237,10.0,
1985653427,Iris,SpendyMily,http://p1.music.126.net/3GBVxcXwBmFXvDNqD2hjcg==/109951167920056707.jpg,5066418237,10.0,
1976353289,Limbo,春野,http://p1.music.126.net/qi4HZx8ipwNVbGXdXU6RDw==/109951167826075882.jpg,5066418237,10.0,
1442021148,東京フラッシュ,Vaundy,http://p1.music.126.net/hKwiLhczj1zqAi8ODkqdSA==/109951168916978236.jpg,5066418237,10.0,
441491595,SLOW DOWN,向井太一,http://p1.music.126.net/JBmO9qZxy1C4C9zu6PNPGw==/109951166198039398.jpg,5066418237,10.0,
529814551,朝焼けと熱帯魚,たなか,http://p1.music.126.net/YaQ9e7MP520jNqTvWvsdYw==/109951167355365468.jpg,5066418237,10.0,
70713,Love U 2,陈伟霆,http://p1.music.126.net/ojCbbM9Q9r2_QkKSJhVAwA==/109951165674704515.jpg,12912202505,10.0,
3326665002,下雨天想起你,胡钦涵Derick,http://p1.music.126.net/HvZE33DfUgBUerjVolTZLw==/109951172405533686.jpg,12912202505,10.0,
2034187125,沉溺 (你让我的心不再结冰）,邹沛沛,http://p1.music.126.net/WhsaW6an5oI4XZN0KhQ5fA==/109951168502947956.jpg,12912202505,10.0,
2120125578,底牌,Max李玄,http://p2.music.126.net/tkCa4swrYh3YJuunv_cHBQ==/109951169361114051.jpg,12912202505,10.0,
1930205037,谁家,林渝植Anoryz,http://p2.music.126.net/DSJsyOgWJ-ytKhEI0pzDTA==/109951167177580121.jpg,12912202505,10.0,
1976043722,不得不,韦礼安,http://p2.music.126.net/WWhV7Wmc1LiEpi60Emt80g==/109951167835277947.jpg,12912202505,10.0,
2724740617,JUMP,BLACKPINK,http://p2.music.126.net/pGrBP5gI3dJbV-jQBCbhxw==/109951171942613882.jpg,2480113371,10.0,
2638637134,Whiplash,aespa,http://p2.music.126.net/uhvcwENl9zn5DapXOZXJfw==/109951170168306177.jpg,2480113371,10.0,
3324684522,晚安,Nokk,http://p1.music.126.net/MrznWuOgsPzvHzDnX-zXOQ==/109951172378593208.jpg,2480113371,10.0,
2718608376,FAMOUS,ALLDAY PROJECT,http://p1.music.126.net/pjuqU8GYr690z04qmjUZ9A==/109951171424496275.jpg,2480113371,10.0,
3324655600,Ching's Party,Nokk,http://p1.music.126.net/MrznWuOgsPzvHzDnX-zXOQ==/109951172378593208.jpg,2480113371,10.0,
2006865725,FEARLESS (Japanese ver.),LE SSERAFIM,http://p1.music.126.net/Z51SA7T2lwsprmnvYsJ9zA==/109951172262169346.jpg,2480113371,10.0,
2754244329,PSYCHO,BABYMONSTER,http://p1.music.126.net/1JGdLgaUkCKKlfJek3fE-w==/109951172206605934.jpg,2480113371,10.0,
35956186,4 Walls,f(x),http://p1.music.126.net/5-E8ai8YdyT2apX_Yi3c2w==/109951168277005788.jpg,2480113371,10.0,
2636717783,Igloo,KISS OF LIFE,http://p1.music.126.net/DRzz8_yXdtj77dAk-tAoxQ==/109951170045886592.jpg,2480113371,10.0,
3319025063,ONE MORE TIME,ALLDAY PROJECT,http://p1.music.126.net/njjjMQNl33qoJj1nxYM3Sw==/109951172454996710.jpg,2480113371,10.0,
1487231710,Finding a Place,David O’Dowda,http://p2.music.126.net/cJFC_WS2Re1TbpHYnvtukQ==/109951169830926952.jpg,8790442019,10.0,
1853692500,Angel,Cathartic Fall,http://p2.music.126.net/jFHkObhkKjReAkUC0aW4SA==/109951166091578556.jpg,8790442019,10.0,
1929622155,Some Days,Mree,http://p2.music.126.net/Wv4DzOulHszsqWDrCT7Dvw==/109951167169184023.jpg,8790442019,10.0,
2008082949,long way home,yaeow,http://p2.music.126.net/wvFANkJCi7k7NLW3xiJbEw==/109951169443350497.jpg,8790442019,10.0,
2105416711,The Middle,Dream Tunes,http://p2.music.126.net/TIJzoOA2izKTuZVZVZwkaw==/109951169135517903.jpg,8790442019,10.0,
1985018775,Somewhere Only We Know,Rhianne,http://p2.music.126.net/DOMKcHdSurwXMuQZzyGT4Q==/109951169900880232.jpg,8790442019,10.0,
1869049038,Let Her Go (Acoustic),Jada Facer,http://p2.music.126.net/nzp1IeyUyAvBYbOGUkshTA==/109951170519070647.jpg,8790442019,10.0,
1357399051,"i said it, almost",NDIFFERENT,http://p2.music.126.net/hwlTOnHtpy68SxQENsZoUA==/109951163984224059.jpg,8790442019,10.0,
530986903,Lucky One,mich,http://p2.music.126.net/2k8oQ12VwiZrJru6A7QQlg==/109951165431879030.jpg,8790442019,10.0,
636946,夢をあきらめないで,岡村孝子,http://p2.music.126.net/xbnnWEjIOwkocYR_1l6MEg==/109951167807507418.jpg,5483718802,10.0,
22719725,Sunrise to Sunset,浅香唯,http://p2.music.126.net/2wjNKMqGdd4zeoYggMSsYQ==/841126395272094.jpg,5483718802,10.0,
22722696,空を見上げて,河合その子,http://p2.music.126.net/eAAgcoWIFcHyWRMTBnS7pA==/109951172453653059.jpg,5483718802,10.0,
28884496,crazy for you,さいとうまりな,http://p2.music.126.net/nwLcF9296VmlTlC7JzWi4w==/8926934905916543.jpg,5483718802,10.0,
22817987,SHYNESS BOY,杏里,http://p2.music.126.net/9N2pwvhlXaCdg4HyxIHUJw==/109951164975140519.jpg,5483718802,10.0,
22685936,今のままでいて (I DON'T THINK I CAN WAIT),当山ひとみ,http://p2.music.126.net/tTLV4-Y1xLSptCkMx3hsrA==/109951165071494597.jpg,5483718802,10.0,
477458834,真夜中のドア~stay with me,松原みき,http://p2.music.126.net/ko9Md3H9iySV8RysJZIfCA==/19123805742038019.jpg,5483718802,10.0,
630252,ジャグラー,中原めいこ,http://p2.music.126.net/-gVgjajOHk4qGdYD7O8jCg==/98956046525042.jpg,5483718802,10.0,
584334,ひみつの扉,飯島真理,http://p2.music.126.net/vqpX7iqxunP648rEYuN6IA==/768558627827112.jpg,5483718802,10.0,
3330124751,动画片战役 (Live),王啸坤,http://p1.music.126.net/WphIFnDUpf4JhxKTZbRo0A==/109951172454584686.jpg,9087931226,10.0,
1840224489,GAYE SAPIRI理想之旅,AlimjanAbdurezak阿力木江,http://p2.music.126.net/YSw6_LtF3RzwIXBEhE7FRw==/109951165923978356.jpg,14296059289,10.0,
2706328448,マジか！,梓川,http://p1.music.126.net/QqzuBzoet7E8optUP_UF4A==/109951171000021193.jpg,7763797875,10.0,
2667749785,doppelgänger,Creepy Nuts,http://p1.music.126.net/dMV7gGJk9sVaPgH8hcSikQ==/109951170406928031.jpg,7763797875,10.0,
2617907022,グーフ・ホープ,いゔどっと,http://p1.music.126.net/UiDY7_fAGRQeNyvuC5V8fg==/109951169877244880.jpg,7763797875,10.0,
2648651366,IN_MY_HEAD,なとり,http://p1.music.126.net/rau6sRKh1MSe1slZ5dv7cw==/109951170173075398.jpg,7763797875,10.0,
2154216333,求世主,CLAN QUEEN,http://p1.music.126.net/XyepeTx156CZsFL9LzZXwA==/109951169575238095.jpg,7763797875,10.0,
1454205159,犬も食わない,Creepy Nuts,http://p1.music.126.net/SwBv71k6aIf_NcbJKWubuQ==/109951165050739661.jpg,7763797875,10.0,
2051275268,どんぐりGAME,こっちのけんと,http://p1.music.126.net/sXe44zDLuEvB45WJlrooGA==/109951168645137026.jpg,7763797875,10.0,
1887864246,負け犬,たかやん,http://p1.music.126.net/q6g-nkkdArWIvON_pAZpbQ==/109951166530817978.jpg,7763797875,10.0,
2116756392,I don't,メガテラ・ゼロ,http://p1.music.126.net/ceS9u57O0YP3EcD905S6OQ==/109951169254012455.jpg,7763797875,10.0,
1950383376,月光,キタニタツヤ,http://p1.music.126.net/Wh06KyIaBaMVXEp1e10n6g==/109951167472337442.jpg,7763797875,10.0,
2753546861,1991,米津玄師,http://p1.music.126.net/DN5PHTE9ym4ajCcQFgHXkw==/109951172124070542.jpg,2819786153,10.0,
2742455488,KICK BACK (Frost Children Remix),米津玄師,http://p1.music.126.net/-mQIOTJo2lXbbn_BJa1G3w==/109951171964225943.jpg,2819786153,10.0,
2668300567,BOW AND ARROW,米津玄師,http://p1.music.126.net/F-IS9sYanNrAC_VYp0vjZw==/109951170412552604.jpg,2819786153,10.0,
2666246480,Plazma,米津玄師,http://p1.music.126.net/4ytfdLlEZt3tIDBGoFT9ig==/109951170379446343.jpg,2819786153,10.0,
2643092558,Azalea,米津玄師,http://p1.music.126.net/i_NRXuKEpURuM_PDGTGKTw==/109951170117515348.jpg,2819786153,10.0,
2614442935,マルゲリータ ＋ アイナ・ジ・エンド,米津玄師,http://p1.music.126.net/Vl7v6jgcqL5I2vl4BEFX8w==/109951169846101779.jpg,2819786153,10.0,
2614446839,とまれみよ - Stop Look Both Ways,米津玄師,http://p1.music.126.net/Vl7v6jgcqL5I2vl4BEFX8w==/109951169846101779.jpg,2819786153,10.0,
2614446840,LENS FLARE,米津玄師,http://p1.music.126.net/Vl7v6jgcqL5I2vl4BEFX8w==/109951169846101779.jpg,2819786153,10.0,
2102380475,Shadows In Swing,Masaru Imada Trio,http://p2.music.126.net/TrmkXcn7fH8TyI1TVVNnQg==/109951169078064271.jpg,14303296062,10.0,
16342020,Blues March,Art Blakey,http://p2.music.126.net/zCWPR9S4sqLLSYH140UaaA==/109951168647790106.jpg,14303296062,10.0,
505528,One for You,渡辺貞夫,http://p2.music.126.net/SP86W9V4ROdLjhNDc4mZ-Q==/2343059278810653.jpg,14303296062,10.0,
5023094,"Trinidad, Hello",Dizzy Gillespie,http://p2.music.126.net/je9HHTN1__5IgtzV-ATgXg==/109951166067283899.jpg,14303296062,10.0,
1981593698,Black Orpheus,今田勝,http://p2.music.126.net/SjwAiFdcMU62tkofUXR69g==/109951167879605059.jpg,14303296062,10.0,
459717905,クロとシロ,鈴木弘,http://p2.music.126.net/gsJbRDgA9BjZtrayICgnIg==/18578447976309794.jpg,14303296062,10.0,
22522422,Sweet Honey Bee,Lee Morgan,http://p2.music.126.net/BsZZvMLd-NSFA_vVsc94zw==/109951166180359765.jpg,14303296062,10.0,
5022369,Tokyo Traffic,The Dave Brubeck Quartet,http://p2.music.126.net/OdkRQhhdf_8XBtFZv2oAXg==/109951170642119086.jpg,14303296062,10.0,
16342018,Along Came Betty,Art Blakey,http://p2.music.126.net/zCWPR9S4sqLLSYH140UaaA==/109951168647790106.jpg,14303296062,10.0,
22126197,How Deep Is the Ocean?,Chet Baker,http://p2.music.126.net/KSpdMMTs5mMRRzq60hds6A==/724578162716416.jpg,14303296062,10.0,
2621009423,Dear John,YinTianXiang,http://p2.music.126.net/Wu6guE6MUiVwubDcz2amjg==/109951169906419774.jpg,14070418781,10.0,
2603927984,稳稳的幸福（钢琴曲）,CMJ,http://p2.music.126.net/is-nxHIvSLe-Dq4uaZqL3A==/109951169740387215.jpg,14070418781,10.0,
2690868006,幸福是痛的开始,氟西汀海,http://p2.music.126.net/gYbFLB126zKWsOHjX713JA==/109951170683318700.jpg,14070418781,10.0,
2685589179,AM (纯音乐),T-Chenxi,http://p2.music.126.net/i9wTHtRdAsq5KWCnNOyZjA==/109951170621825280.jpg,14070418781,10.0,
2004668241,Duvet (纯音乐),从和文,http://p2.music.126.net/hS32LdFm3kPjnvU1s-ax2w==/109951168234533424.jpg,14070418781,10.0,
2699493260,幸福的人都不晚睡,过期乐手,http://p2.music.126.net/b-O-ZPixyN5N4KGJ41wqGQ==/109951170917752524.jpg,14070418781,10.0,
2690894303,最痛不过下划线,回忆闪帧,http://p2.music.126.net/KDGQ5ESdlZn8Gb3D3UDAPg==/109951170683515880.jpg,14070418781,10.0,
1353301300,告白之夜（纯音乐）,CMJ,http://p2.music.126.net/HdtEacHZAidKtzPCp7Dtfg==/109951163942046079.jpg,14070418781,10.0,
2699488137,痛苦是下不完的雨,写几页冬,http://p2.music.126.net/m5MmJ0Vnhu9JQO4BC4htFw==/109951170917733178.jpg,14070418781,10.0,
2662845879,唯一（BGM纯享版）,two,http://p2.music.126.net/JdjllpBE4nPOFEl7ReMEeg==/109951170347109012.jpg,14070418781,10.0,
866053503,带你去海边,刘思达,http://p1.music.126.net/F7zj2uDTwsX-rtqg-uuynA==/109951163405623093.jpg,12971535935,10.0,
1895330088,予你,队长,http://p1.music.126.net/yxVm_vRFOode6yP67NmMcA==/109951166625738075.jpg,12971535935,10.0,
554242032,飞云之下,韩红,http://p2.music.126.net/YsQrEZ_M6kduwN2zh6Q6kg==/109951163311406661.jpg,12971535935,10.0,
421423808,虚拟,陈粒,http://p2.music.126.net/HQxTggMCB7AHUXN-ZFEtmA==/1371091013186741.jpg,12971535935,10.0,
518682659,泡沫,Swang多雷,http://p2.music.126.net/IFk1HJuPAMkksz5FwgW5lA==/109951169294652175.jpg,12971535935,10.0,
1908049566,算了吧,Aioz,http://p2.music.126.net/imN8WzDuirHVdFm4-E3ofA==/109951166871655381.jpg,12971535935,10.0,
533259686,BINGBIAN病变（原版）,Cubi,http://p2.music.126.net/3wSMVTdxeH2wN02yTxvhvw==/109951164388312861.jpg,12971535935,10.0,
1500157594,我们 (原唱版),乐柠组合,http://p2.music.126.net/lxTiuxCCexEZolVZCWnaRQ==/109951168018764622.jpg,12971535935,10.0,
2143782489,Residuals,Chris Brown,http://p1.music.126.net/QU5wwsghGoYJX2W5ddfc8Q==/109951169480876658.jpg,7737115974,10.0,
1861119567,California (feat. Jackson Wang & Warren Hue) [Remix],88rising,http://p2.music.126.net/Jru5WpXNqsmmGPEQU115FA==/109951170609819259.jpg,7737115974,10.0,
17212692,I Will Wait,Mumford & Sons,http://p2.music.126.net/EDJ4aXrYPLGLjS9ZPXXycA==/608029930168124.jpg,530916024,10.0,
2001459,Long Live,Taylor Swift,http://p2.music.126.net/gC4cxzWKmd5NeYsV-yiHpQ==/109951168690443557.jpg,530916024,10.0,
21034125,Tornado,Little Big Town,http://p2.music.126.net/bnp5JyMVvix3rdHTHMPDYg==/109951169262861739.jpg,530916024,10.0,
436046878,A-Yo,Lady Gaga,http://p2.music.126.net/Z3n8DXsXCRE6FJcZ5jI4Lw==/109951165023746466.jpg,530916024,10.0,
35847114,Smoke Break,Carrie Underwood,http://p2.music.126.net/5UtPX6kWqjTyRB-rB7QmHg==/109951167271011590.jpg,530916024,10.0,
31789318,Outlaw State of Mind,Chris Stapleton,http://p2.music.126.net/razERI6ob6EZE52AEbrDZQ==/109951166382279208.jpg,530916024,10.0,
412951255,Without a Fight,Brad Paisley,http://p2.music.126.net/wbGmYu31FuJJCtIB5cXOAQ==/109951171483979761.jpg,530916024,10.0,
406072884,Light of Day,Aubrie Sellers,http://p2.music.126.net/m_K66osRJ7KN7ooXKtzzqg==/109951169342085627.jpg,530916024,10.0,
4391125,Wildflower,the JaneDear girls,http://p2.music.126.net/dkB8RKDs_TE8s0V4-buxQQ==/6655343883583921.jpg,530916024,10.0,
37993589,Dirt Rich,Brothers Osborne,http://p2.music.126.net/C0sUTW81CpyooguzfuAQwg==/109951166380354649.jpg,530916024,10.0,
2114626539,Once Upon A Time (House Extended Mix),Max Oazo,http://p1.music.126.net/tyMdxKFIdPdc59zPGTuXuA==/109951169237097692.jpg,14049111781,10.0,
3321371309,Got It 16 (Phonk),YaKio,http://p1.music.126.net/cB0JX5ORRXoM7ie0iM6I5w==/109951172338548238.jpg,14049111781,10.0,
2751967496,REDEMPTION！,EILU Lobai,http://p1.music.126.net/lhOisL1uyTQQsHz5jVhPSg==/109951172095445973.jpg,14049111781,10.0,
1926323487,WARNING,MC ORSEN,http://p1.music.126.net/jXjbsBhNtbUL2DWKfDQBIw==/109951167126381645.jpg,14049111781,10.0,
3325047851,raining (feat. ナースロボ＿タイプＴ),ナースロボ＿タイプＴ,http://p1.music.126.net/hDObH3wswz-0jMHwxYK27Q==/109951172386421890.jpg,14049111781,10.0,
2053538266,Orquestra Maldita,TRASHXRL,http://p1.music.126.net/6Ouvw9vt0W9I43o7XscWOQ==/109951169012036912.jpg,14049111781,10.0,
3326746919,Montagem Miao Miao(FUNK),BOY,http://p1.music.126.net/zGHqM3Ku-BGE7dupNd1Usw==/109951172406267209.jpg,14049111781,10.0,
1950783503,Born to Fly,7vvch,http://p1.music.126.net/w1he3LZ9uVubuFuc_5QZxg==/109951167476977926.jpg,14049111781,10.0,
1960985596,Castles,RAIZHELL,http://p1.music.126.net/OfwHSxjOZgAnWNNnwvp2kA==/109951168455510313.jpg,14049111781,10.0,
2626791766,我的夏天是一场绿意交错的梦境,Hea2t,http://p2.music.126.net/dcKiZfqY7MTJb7LnZ7-5vw==/109951169957290710.jpg,14205255901,10.0,
2061562823,淡蓝色的天空,天逸,http://p2.music.126.net/1bPDnixU8ms2OGGI4GGB6Q==/109951168719183122.jpg,14205255901,10.0,
1804847470,藥,榭季生,http://p2.music.126.net/5KLldQofw-Rercu0Nwqp6g==/109951165545394392.jpg,14205255901,10.0,
2644041967,烟火记,榭季生,http://p2.music.126.net/_PRwqm3oyV59UxFGu8CKkQ==/109951170126190828.jpg,14205255901,10.0,
2612474745,盛夏的落幕,Hea2t,http://p2.music.126.net/nluyQiAZcS4Y_WFnvuFBFA==/109951169827682842.jpg,14205255901,10.0,
2111497951,星屑の町,K kure,http://p2.music.126.net/bBtcMwmKzqsgam0sGYor4g==/109951169206957563.jpg,14205255901,10.0,
2150015302,切,Seto,http://p2.music.126.net/LKoESztP5oFwc9osiflq7A==/109951169536247229.jpg,14205255901,10.0,
1373776041,♡B l u e ℉,BlueLee,http://p2.music.126.net/q4mEnYlvY_Ce7WtZuMYVRw==/109951164169987077.jpg,14205255901,10.0,
2019035410,convolk - gone（纯音乐),ZsFlovexl,http://p2.music.126.net/MpRxRkoUuzyxl1ZPSEgXZg==/109951168277401055.jpg,14205255901,10.0,
2116381951,I Just Want You,KIAH,http://p2.music.126.net/JaLVn-ppPBVTpD-E4CDUOw==/109951169250864293.jpg,13554386255,10.0,
27353713,Eastside LB,Twinz,http://p2.music.126.net/9YhDdsC9LDcyPaOg_0vS-Q==/2540971372105806.jpg,13554386255,10.0,
4409259,The Thing,Urbs & Cutex,http://p2.music.126.net/iDRAmT6Nx6ltrvkTasj1GQ==/109951163240927366.jpg,13554386255,10.0,
18210694,Unconditional,Pamela Williams,http://p2.music.126.net/L4svM_xlaSSWpde6ACulrg==/109951165925649088.jpg,13554386255,10.0,
17199330,Let Me Go,MOCCA,http://p1.music.126.net/7vYMkM6UHGUyrTtuOsYYpQ==/109951164459071607.jpg,13554386255,10.0,
453291205,embers,西原健一郎,http://p1.music.126.net/SZ7jsRY5BtXHi2G_WnJPsw==/109951171891583875.jpg,13554386255,10.0,
1307727193,Something Stupid (Momentos Con Frank Sinatra),Frank Sinatra,http://p1.music.126.net/GWF3x6MJCFVN7znIYdvzDg==/109951163535837785.jpg,13554386255,10.0,
1063087,I'm Not in Love,Andrew Ryan,http://p1.music.126.net/kgicwqugIcoeJDy_PnMMyA==/109951163671313535.jpg,13554386255,10.0,
1817486727,Ladyfingers Lofi,Max Riser,http://p1.music.126.net/nw9qrnIlSkrbuyzJXjolcQ==/109951169994719368.jpg,13554386255,10.0,
18680851,Fuerteventura,Russian Red,http://p1.music.126.net/ZC_W8V_KBNC1XH3yRndPFQ==/109951165966203012.jpg,13554386255,10.0,
2077527361,纟纟,黄雨勋,http://p1.music.126.net/XU5C7vHEg7LloEjqzEj3QQ==/109951168877374356.jpg,12589619877,10.0,
2756009506,秋,陈砚,http://p1.music.126.net/SGJNI_CCnez7iSN3YIhyhA==/109951172157013096.jpg,12589619877,10.0,
2725381776,蝶恋花·春景,沈雾敛,http://p1.music.126.net/kvLfHrzbM8xb9HWzz9gRbg==/109951171454139676.jpg,12589619877,10.0,
3316668792,檐上燕 心中结,刘梓皓,http://p1.music.126.net/ubSWkJyYMOYibUAkPMSbNw==/109951172265371448.jpg,12589619877,10.0,
2748178160,乌镇慢,杨天天,http://p1.music.126.net/MbnVgamOxLNYBUbaTl-2lg==/109951172041743672.jpg,12589619877,10.0,
3324745006,苏三行,谈光琦,http://p1.music.126.net/wGMRPh4DdjXJgdxpAdPf9g==/109951172382260819.jpg,12589619877,10.0,
1958148053,陌上烟雨,阿屈,http://p1.music.126.net/Yd_W0egXV8rKT5ApGdSsKA==/109951167578520474.jpg,12589619877,10.0,
2639721944,饮月,郭子阳,http://p1.music.126.net/XdwHx9IXjohBeRMV9Y13ag==/109951170071083025.jpg,12589619877,10.0,
2160757978,渡今宵,邓典,http://p1.music.126.net/6Y0Z98g-RmM9Vp0nKP4KYw==/109951169632618061.jpg,12589619877,10.0,
2079364064,人间遇见,王心凌,http://p1.music.126.net/Hscyk-J7XPPVIXTZOe7Z1g==/109951168975885264.jpg,12589619877,10.0,
2683604553,爱 哎 唉（热播版）,薄冰哥,http://p2.music.126.net/bwN-6TiLFrA9ZqJZ0MeGvA==/109951170500272234.jpg,13863353866,10.0,
2154645123,永恒的爱,DJ小夜,http://p2.music.126.net/ghlKTa2t03697rxzTfm2vA==/109951169579087531.jpg,13863353866,10.0,
2024139167,为幸福如履薄冰,易谢斌,http://p2.music.126.net/49bIyP97-BHqBXzHlqfh1A==/109951168334290271.jpg,13863353866,10.0,
2142864056,凌晨两点,DJ嘟嘟,http://p2.music.126.net/H-0cgLWAc-_k-O2Fp6FoYg==/109951169472367876.jpg,13863353866,10.0,
2607921883,思念过去,DJ小合,http://p2.music.126.net/WRmbfFpK_dga0zykbn4xTw==/109951169775662277.jpg,13863353866,10.0,
2635308984,分开之后,฿Ls,http://p2.music.126.net/CQDviiOrdEAq1c_oZhVNLg==/109951170032717220.jpg,13863353866,10.0,
2633557353,宅罪,判悲,http://p2.music.126.net/L4u30Ho9MZ06ZY7BcZL3wg==/109951170016337677.jpg,13863353866,10.0,
2643595046,我们之间最不可替代,伤痕累累,http://p2.music.126.net/iWfLfegJwXOivlhEs-vVVw==/109951170122079054.jpg,13863353866,10.0,
2638600947,幸福是飘忽不定的,痛彻心扉,http://p2.music.126.net/CdGXPpmicEUKH_K8Y086bA==/109951169981439612.jpg,13863353866,10.0,
2620315561,你说想去看北方的冬天,请你在意我的眼泪,http://p2.music.126.net/7Idj9cf0byGQnDOsfpAFjg==/109951169894332318.jpg,13863353866,10.0,
3321741159,FET,Tiger,http://p2.music.126.net/unTMm11Q0sL1nFcZCy65gA==/109951172342767320.jpg,14068521806,10.0,
1386002493,Teeth,5 Seconds of Summer,http://p2.music.126.net/gVyF1xLzU3xknItexGP4iA==/109951171272598243.jpg,14068521806,10.0,
517542039,Drown,ZABO,http://p2.music.126.net/oDwupZyPmmWj8Iq9N779_g==/109951163551613560.jpg,14049111773,11.0,
2163648923,I'll Do It Nev (PHONK),Radio,http://p2.music.126.net/GWCdTuAqQgyTccc06nvYKQ==/109951169660565260.jpg,14049111773,11.0,
1888050760,Dystopia,JVNA,http://p2.music.126.net/RQQ0gzPaMLmw3k18J3GKrw==/109951166533341750.jpg,14049111773,11.0,
2616554494,Carnage,Bagrax,http://p2.music.126.net/n5n4ryOoduNSYXkZ-jWFpA==/109951169867905014.jpg,14049111773,11.0,
2633976461,Don't Lie,HMHK,http://p2.music.126.net/wb5YgFxZZmdp-gZXXpir_w==/109951170021305570.jpg,14049111773,11.0,
2135107686,When I Found You,shXdow.,http://p2.music.126.net/rGupXfQYJgHMYaAVcK7HZQ==/109951169407543849.jpg,14049111773,11.0,
2675505489,CAR FIGHT CAR,米兰Music,http://p2.music.126.net/2ez_sOagBTHoAcVIEu9kDw==/109951170487583145.jpg,14049111773,11.0,
1308818061,Dawn,Alivvve,http://p1.music.126.net/fLvNUIMLWD6hlqZNM_FfDQ==/109951169455578461.jpg,5076804809,11.0,
493663280,Farewell,Phelian,http://p1.music.126.net/Bi5VOc-SFPKlfmb2v8BUeA==/19033645788695288.jpg,5076804809,11.0,
863489756,Live,Dawncall,http://p1.music.126.net/KlMmuXCGHEdkbXAqgDToPg==/109951169281026628.jpg,5076804809,11.0,
863489801,Hiraeth,Aurai.,http://p1.music.126.net/Ew7FckC0Nkkc6iKa4YqcQw==/109951163392109524.jpg,5076804809,11.0,
1351782951,Promise,Nomyn,http://p1.music.126.net/i6-8nAGl1m4_kcJ__7LDUg==/109951169280938237.jpg,5076804809,11.0,
864100634,I Love You,Sibewest,http://p1.music.126.net/-BAB2SjVG3mDzXANIRIbEQ==/109951163392025644.jpg,5076804809,11.0,
1410652092,Sinking Inside Yourself,SMOKEFISHE,http://p1.music.126.net/XIqqT-XgauDmUwta1PD6gg==/109951164567405321.jpg,5076804809,11.0,
1326388446,What Can I Do,Oscuro,http://p1.music.126.net/6vnhCnic9H9d7w1SkdXPug==/109951163673292822.jpg,5076804809,11.0,
1372979770,Roaming,Enzalla,http://p1.music.126.net/S8Jy4dE6DZF5eZYkZYATHQ==/109951164160984187.jpg,5076804809,11.0,
511921639,Veter,Spaceouters,http://p1.music.126.net/HbWshRwrjil1YY9vgY9lQQ==/109951167596444316.jpg,5076804809,11.0,
2032182547,Eye For an Eye,Rina Sawayama,http://p2.music.126.net/rOQa2jCkMD5MB2kG6h6Ikw==/109951170506780717.jpg,607780636,11.0,
30355294,Who You Talkin' To Man?,Ciscandra Nostalghia,http://p2.music.126.net/mdk5SloiR52dmxKJyRx-eg==/109951166034772818.jpg,607780636,11.0,
1440403619,Let's go,Zayde Wølf,http://p2.music.126.net/lEXo2sbEhpxDmBGqF5ibEw==/109951164903659726.jpg,607780636,11.0,
1401274063,Black Hole,Tommy Ljungberg,http://p2.music.126.net/r-JkKFnROZBEyklrgjmB8Q==/109951164470454765.jpg,607780636,11.0,
455500439,Revolution,The Score,http://p2.music.126.net/SQHidvlLtjul2faOGvpHMg==/17719729393683020.jpg,607780636,11.0,
485964978,Light That Fire,Oh The Larceny,http://p2.music.126.net/_wS3JGpQFbh07-O5oBFXdQ==/109951168888097147.jpg,607780636,11.0,
1342155355,Another Level,Oh The Larceny,http://p2.music.126.net/CMwVwytcvmdtzgZiXV45Dg==/109951170034379562.jpg,607780636,11.0,
471411253,Legend,The Score,http://p1.music.126.net/klYsg7b7tRiIIxV-lM5JeA==/776255219478125.jpg,607780636,11.0,
30064351,Immortals,Fall Out Boy,http://p1.music.126.net/xSBp8KOe17tE_0mL9i5Y8w==/109951166516065884.jpg,607780636,11.0,
2611181089,blue,yung kai,http://p1.music.126.net/RO3kwpU8LJVnfRDzW5-00w==/109951170123345436.jpg,7433846767,11.0,
2621307695,her,JVKE,http://p1.music.126.net/taVIGxnWf19S-uhq0UutZQ==/109951169908867905.jpg,7433846767,11.0,
2682998343,Roxy,Johnny Stimson,http://p1.music.126.net/9Kb7Ggz4yBbcIGDYFm7U1g==/109951170624188692.jpg,7433846767,11.0,
2133364068,Poolside,Summer Salt,http://p1.music.126.net/vSuEljAqEcpEbzX_9Y8X-g==/109951169393284069.jpg,7433846767,11.0,
2652862849,Still In Love,Chezile,http://p1.music.126.net/-uwZAtIfD_VC1lGxmdi2jg==/109951170218598587.jpg,7433846767,11.0,
1983414905,Knots,Glowy,http://p1.music.126.net/9XAxm9RSIXFCVvWP6SEAdw==/109951167897687640.jpg,7433846767,11.0,
2734282379,Naive,Jenevieve,http://p1.music.126.net/jIAR8iqDLPYCVMQXf5S5PQ==/109951171812959278.jpg,7433846767,11.0,
1294899297,I Love You So,The Walters,http://p1.music.126.net/tdVjGGLeF9dnTPDySyLWXw==/109951167013803499.jpg,7433846767,11.0,
1999273763,Glitterbug,Vern Matz,http://p1.music.126.net/-SFXPqpRptUzB9BT87WqwA==/109951168067566440.jpg,7433846767,11.0,
2122952852,Hotel,Delorians,http://p1.music.126.net/c9SJTI9FWONJkqZW8-STew==/109951169312495071.jpg,7433846767,11.0,
2685781086,PLAYERS,YOASOBI,http://p2.music.126.net/TL9fcIHMHml2vOiB41uZHQ==/109951170623540406.jpg,7519341475,11.0,
2668102389,シェードの埃は延長,ずっと真夜中でいいのに。,http://p2.music.126.net/igQm2p59zj0WVAqYCpWqtg==/109951170410545066.jpg,7519341475,11.0,
2128966753,Donk,Beyoncé,http://p1.music.126.net/pZ8A4APkTREaS-M07GxcEg==/109951169358258730.jpg,12819191344,11.0,
21234462,We Belong Together,Mariah Carey,http://p1.music.126.net/lZumwa2xaVWxHJLqmCmMsw==/109951171062194467.jpg,12819191344,11.0,
2060160769,Close To You,Annie Tracy,http://p1.music.126.net/pGai5l3enN_13hW5bjGzYg==/109951168911728778.jpg,12819191344,11.0,
20249585,One Wish,Ray J,http://p1.music.126.net/cEDpR1RBPe4RGnmfHq2Png==/109951170951186030.jpg,12819191344,11.0,
1456234968,Promise,Morello Malt,http://p2.music.126.net/FX3SXomtFsK381W3U6SNeQ==/109951165788949024.jpg,9413276500,11.0,
2682113703,Ojos Tristes,Selena Gomez,http://p2.music.126.net/8yVPsg4Q5Ga1TQZKCbWh-g==/109951170646046099.jpg,9413276500,11.0,
1374607177,Paranoid,Diligent Visionary,http://p2.music.126.net/dcExpxZ4lnZNZzp1vekejA==/109951169060478202.jpg,9413276500,11.0,
2640293650,Dilemma,时空储蓄罐,http://p2.music.126.net/T08YPEjZAh-NzBC04P2qUA==/109951170075660960.jpg,9413276500,11.0,
529661081,again,timmies,http://p2.music.126.net/ygEww5EMyG9kALUJMU6HCg==/109951163105350632.jpg,9413276500,11.0,
1952528063,Glimpse of Us,Joji,http://p2.music.126.net/rGdeLH4XYzboQj-CAvF6sg==/109951170289911444.jpg,9413276500,11.0,
504686388,ＳＡＦＥ,TRA$H,http://p2.music.126.net/KJnGYczvtjrDSgfJw0HXog==/109951163022499928.jpg,9413276500,11.0,
2074152799,The Lost Soul Down X Lost Soul,NBSPLV,http://p2.music.126.net/SVLwc4HA7ismwkxoMi8InQ==/109951168847933954.jpg,9413276500,11.0,
1300415554,BAD IDEA,Aziry,http://p2.music.126.net/wCVtz5X6EFAOm7os18XMHg==/109951163448633401.jpg,9413276500,11.0,
1870469768,老人と海,ヨルシカ,http://p1.music.126.net/5aHcGADR5i6biE5TSqf_aQ==/109951166295171725.jpg,13837040974,11.0,
1359818052,夏日漱石 (Summer Cozy Rock),橘子海 (Orange Ocean),http://p1.music.126.net/RI3Lg3qgUiL09Df-KrsJJQ==/109951166118036919.jpg,13837040974,11.0,
3325556954,讨厌雪讨厌残缺的月,Sleeppuppy,http://p1.music.126.net/iUhEMj1gDdvxIwIfXkvxnw==/109951172392036694.jpg,13837040974,11.0,
1952112969,Go Again (feat. ELYSA),King CAAN,http://p1.music.126.net/9LmOOypHwsmFSescMxV8Rw==/109951167495483327.jpg,13837040974,11.0,
3324657003,Gotta Go,Nokk,http://p1.music.126.net/MrznWuOgsPzvHzDnX-zXOQ==/109951172378593208.jpg,13837040974,11.0,
497572729,人生浪费指南,夏日入侵企画,http://p1.music.126.net/a-4-aPqSD5SA0gL8EXQeZA==/109951164563801943.jpg,13837040974,11.0,
1404649291,Brand New Story,GENERATIONS from EXILE TRIBE,http://p1.music.126.net/HNa2m3lSIMDDgvvZu1md9Q==/109951172174298450.jpg,13837040974,11.0,
455500433,Girl In The Mirror,Silento,http://p1.music.126.net/4bHNI40RrSCDROd-WScPHQ==/17719729393683019.jpg,13837040974,11.0,
26092806,Take Me Hand,DAISHI DANCE,http://p1.music.126.net/AoVFMKkLVMOmTMo_A6x02g==/109951163403515653.jpg,13736913271,11.0,
2919622,I Am You,Kim Taylor,http://p1.music.126.net/cCw5Kr5C52bYbV-AOp6IUA==/109951163073357482.jpg,13736913271,11.0,
27583305,Here With You,Asher Monroe,http://p1.music.126.net/-z8-eSWMp3DoM0vDHoSqiA==/109951164851177024.jpg,13736913271,11.0,
28639182,Try,Colbie Caillat,http://p1.music.126.net/vH6Bi9pguHJmdSd_fZeO0g==/109951166050067547.jpg,13736913271,11.0,
3311940760,Letter,尹旭廷,http://p1.music.126.net/PdWMIB9LdzqlBhLc5VndnQ==/109951172418655557.jpg,13736913271,11.0,
401249910,We Don't Talk Anymore,Charlie Puth,http://p2.music.126.net/LWwUPfPdsKgFss-QMGvnxw==/109951169407176829.jpg,13736913271,11.0,
1499753816,Hunnids,Sainté,http://p1.music.126.net/n-3jgj7k7REk_Z-l3t5r7w==/109951170689892852.jpg,13164652785,11.0,
2154758719,HOPHEAD,TWXN,http://p1.music.126.net/bjUqAU8UDfVYwZ1WHisPLA==/109951169580235306.jpg,13164652785,11.0,
1949016633,HOTEL LOBBY (Unc and Phew),Quavo,http://p1.music.126.net/agbbfE0QilI5axRfMSDuoA==/109951167448334585.jpg,13164652785,11.0,
1930699913,waY bacK wheN,LEW,http://p1.music.126.net/x4ZLO8CttNRIb5sOhybMJg==/109951169281784652.jpg,13164652785,11.0,
1496779213,Out Of Love,Lil Tecca,http://p1.music.126.net/AGfmMMVrwiYNJ2WROQO98Q==/109951168144694945.jpg,13164652785,11.0,
1449534297,Lingo Starr: STRIKES BACK,tobi lou,http://p1.music.126.net/8GUoqi9_Ab3o6cFD4tYUvw==/109951165099863207.jpg,13164652785,11.0,
2720141716,Lyrical Miracle One Take,ROY PURDY,http://p1.music.126.net/sk8Foc7ga9TQcQTUUAztkQ==/109951171367875913.jpg,13164652785,11.0,
567101163,Praise The Lord (Da Shine),A$AP Rocky,http://p1.music.126.net/nDn1OeuJXe2oJqBIl8Zjmw==/109951165984153765.jpg,13164652785,11.0,
1301823635,REEL IT IN,Aminé,http://p1.music.126.net/_G_jP9bWlfQEt10WAQVXGQ==/109951163878792677.jpg,13164652785,11.0,
3319054276,唤,赵晨唏,http://p1.music.126.net/tV12wpfA5pkcxmreZBmUfQ==/109951172214699469.jpg,13554290836,11.0,
534542079,侧脸,于果,http://p1.music.126.net/FWR6RWtqhljoKR0QyRhQzQ==/109951163127272432.jpg,13554290836,11.0,
3321354058,小河,REEBX,http://p1.music.126.net/RyNFCyY8yJQ51kig69lZ8w==/109951172338357827.jpg,13554290836,11.0,
3317345197,披星戴月,REEBX,http://p1.music.126.net/ltmSXde1erZl2x1iqaziUw==/109951172273578197.jpg,13554290836,11.0,
1299550532,倒数,G.E.M.邓紫棋,http://p1.music.126.net/tXCIFsVDK6IKcQ9YWxwOEg==/109951163523944497.jpg,13554290836,11.0,
1403318151,把回忆拼好给你,王贰浪,http://p1.music.126.net/CBx2K_jEN3SNWwYztagPPw==/109951164485969446.jpg,13554290836,11.0,
191528,够钟,周柏豪,http://p2.music.126.net/wt70UAZzDp9GW_pCKILnAg==/109951169009526791.jpg,8603754009,11.0,
34228128,忘记拥抱,黄丽玲,http://p2.music.126.net/UTPi32g29mzFBd_ApZXo5g==/109951167056591669.jpg,8603754009,11.0,
27808295,平淡日子里的刺,宋冬野,http://p2.music.126.net/VHKM6YWpoBuAJ9EhZppWNA==/1250144720831477.jpg,8603754009,11.0,
421486605,孤雏,AGA,http://p2.music.126.net/1plA3qURt0VPElgnaTRg2w==/18302470556355853.jpg,8603754009,11.0,
308299,喜帖街,谢安琪,http://p2.music.126.net/dLkalW4CyC6hAZQS6xXFeA==/109951163649564629.jpg,8603754009,11.0,
94809,若生命等候,黄凯芹,http://p2.music.126.net/E2tigbpOIoDODSr3wGsQAg==/109951166650063350.jpg,8603754009,11.0,
22740149,过敏,杨丞琳,http://p2.music.126.net/nXbO17BnEyB9L2tGC3Znxg==/109951168473505711.jpg,8603754009,11.0,
27955654,其实,薛之谦,http://p2.music.126.net/ywVjRpbu9KpcBQh9KJz2HA==/109951164499974026.jpg,8603754009,11.0,
28240533,旅行中忘记,袁娅维TIA RAY,http://p2.music.126.net/itMxRtH7SjRGQpm3icSqUw==/6050612487699979.jpg,8603754009,11.0,
2135845276,ETA (feat. Luciano),Nemzzz,http://p1.music.126.net/qo09cjKOmQtwaWs3kMEeiA==/109951169413425030.jpg,4952648595,11.0,
1444959593,Time Flies,Drake,http://p1.music.126.net/zEWK544BId-RUgB-bTPTTQ==/109951164953536920.jpg,4952648595,11.0,
2717597557,Bodies,Offset,http://p1.music.126.net/ZkNY4RMWQbag95cFZzj5WA==/109951171771942120.jpg,4952648595,11.0,
1970752895,Dance Now,JID,http://p1.music.126.net/d7qMu4eprwuh9BmoLnm5YA==/109951167762004945.jpg,4952648595,11.0,
2675114848,PIMMIE'S DILEMMA,Pimmie,http://p1.music.126.net/GhVOYJlvoC5mLcTsP3jOfg==/109951170483653148.jpg,4952648595,11.0,
1956739477,Sticky,Drake,http://p1.music.126.net/ZKN2QcdhGJO6KZ95BCYpnQ==/109951167562954267.jpg,4952648595,11.0,
1875235689,Knife Talk,Drake,http://p2.music.126.net/hsiiJ_ZffL8rneDJc7oc1Q==/109951166353211305.jpg,4952648595,11.0,
524270217,The Race (Remix),Tay-K,http://p2.music.126.net/Sce6jM3UJeybtnhjFS4IRQ==/109951165983327380.jpg,4952648595,11.0,
1463346953,GREECE,DJ Khaled,http://p2.music.126.net/PCW6WYPWAiRativxdMkHmw==/109951165144245455.jpg,4952648595,11.0,
1297832,Airplanes,B.o.B,http://p2.music.126.net/SZ9qKspzceo1XrvxUi5mSw==/831230790642200.jpg,46917435,11.0,
17572558,Mockingbird,Eminem,http://p2.music.126.net/wXM4Tgz2mAr8MNQz6uIXvQ==/109951166033211649.jpg,46917435,11.0,
1297483,Lighters,Eminem,http://p2.music.126.net/-sQSXSdVBY8hzdMZIYy_GA==/923589767375089.jpg,46917435,11.0,
28837115,Where'd You Go (Remix),JAY-Z,http://p2.music.126.net/FZX7XAjsmEPGyVOqm4H7aQ==/109951166361039007.jpg,46917435,11.0,
2416737,I Need a Doctor,Dr. Dre,http://p2.music.126.net/TWtqeOoMCALkTujxyjr7nQ==/109951163221173146.jpg,46917435,11.0,
1822378,International Love,Pitbull,http://p2.music.126.net/v0M2zlkbzupfI3jlg_xM-w==/6664139976176525.jpg,46917435,11.0,
27902187,The Monster,Eminem,http://p2.music.126.net/JlRfDca09E6kvp5Q_vcuZQ==/109951163251461103.jpg,46917435,11.0,
17559998,Super Bass,Nicki Minaj,http://p2.music.126.net/-tamHjl6i9FlXn68I-CwxQ==/109951172391805948.jpg,46917435,11.0,
25648030,Scream & Shout,will.i.am,http://p2.music.126.net/GzsMPaWqTqy9hx4hYCyDEg==/908196604587654.jpg,46917435,11.0,
4072328,Like A G6,Far East Movement,http://p2.music.126.net/me_vvADIKCJoYU70fRotVQ==/6621259023346003.jpg,46917435,11.0,
1989879421,接吻 (feat. ひかり & MELRAW),Tokimeki Records,http://p1.music.126.net/T07Inyd_4dOXiVx-7QDYXw==/109951167970814075.jpg,8874377113,11.0,
2050367121,One Day,林和希,http://p1.music.126.net/vIJ2Jq9C5c_j7uTyPRtwqQ==/109951168616471344.jpg,8874377113,11.0,
2102065096,LOVE,黒川沙良,http://p1.music.126.net/hAc4f_4YrhMd_k8j_jksfg==/109951169071991185.jpg,8874377113,11.0,
2127872048,東京,林和希,http://p1.music.126.net/tisXwYziuhdnzAXKhibxbA==/109951169278115639.jpg,8874377113,11.0,
565262,Strange Things,Double,http://p1.music.126.net/a7GYrqNmpYHL0g2oiGmB7g==/109951164974745190.jpg,8874377113,11.0,
571287,絶え間なく (Taemanaku),福原美穂,http://p1.music.126.net/gHvlIdz4yCD6ymy2svgPQA==/109951166200306897.jpg,8874377113,11.0,
2045770879,D(evil) feat. yama,春野,http://p1.music.126.net/dCyqE6WoK9DddMYaIHqxsA==/109951168599175437.jpg,8874377113,11.0,
1459948687,Kidding Me,春野,http://p1.music.126.net/wHlw6XfFebjHcJlxKr4DbA==/109951165115771741.jpg,8874377113,11.0,
1888864514,踊り子,Vaundy,http://p1.music.126.net/7yU2Xciaznad51QXfSf7-g==/109951168916977293.jpg,8874377113,11.0,
2640065161,GAME OVER,SIRUP,http://p1.music.126.net/81fRCga8DusrNc4iFjPH6g==/109951170075176891.jpg,8874377113,11.0,
5022593,Seaside Retreat,Dan Gibson,http://p2.music.126.net/iaWRrNxEPPMN4euFvIMPHg==/109951166493459725.jpg,819618896,11.0,
5022609,By the Grace of the Sea,Dan Gibson,http://p2.music.126.net/iaWRrNxEPPMN4euFvIMPHg==/109951166493459725.jpg,819618896,11.0,
5022605,A More Perfect View,Dan Gibson,http://p2.music.126.net/iaWRrNxEPPMN4euFvIMPHg==/109951166493459725.jpg,819618896,11.0,
5022595,Barefoot in the Sand,Dan Gibson,http://p2.music.126.net/iaWRrNxEPPMN4euFvIMPHg==/109951166493459725.jpg,819618896,11.0,
1218030,Mirame,Dan Gibson,http://p2.music.126.net/o3NHglAXgfbZodwD_3GI3w==/109951163137181733.jpg,819618896,11.0,
1218016,Of Sand and Sea,Dan Gibson,http://p2.music.126.net/o3NHglAXgfbZodwD_3GI3w==/109951163137181733.jpg,819618896,11.0,
1219813,By the Grace of the Sea,Dan Gibson,http://p2.music.126.net/LoLp-PauB0dB1QcMKdJxsA==/109951171534978922.jpg,819618896,11.0,
1219828,Dolphin Dreams,Dan Gibson,http://p2.music.126.net/LoLp-PauB0dB1QcMKdJxsA==/109951171534978922.jpg,819618896,11.0,
1219840,Swept Away in Wonder,Dan Gibson,http://p2.music.126.net/LoLp-PauB0dB1QcMKdJxsA==/109951171534978922.jpg,819618896,11.0,
1219824,Cerulean Secrets,Dan Gibson,http://p2.music.126.net/LoLp-PauB0dB1QcMKdJxsA==/109951171534978922.jpg,819618896,11.0,
29816860,brave heart,宮崎歩,http://p2.music.126.net/OX7OzqN8IFfvUBNIYQkokg==/109951163460407776.jpg,65321097,11.0,
34516003,LoveLive！组曲,μ's,http://p2.music.126.net/FZX7XAjsmEPGyVOqm4H7aQ==/109951166361039007.jpg,65321097,11.0,
503585,遥か~SAILING FOR MY DREAM,FENCE OF DEFENSE,http://p2.music.126.net/XST8IvgmDQun5Cz80lC2eQ==/767459116199636.jpg,65321097,11.0,
4940933,keep on,前田愛,http://p2.music.126.net/o8ZfncjFF5frq8Q8iJJ9QQ==/2321069046256264.jpg,65321097,11.0,
461011,恋愛サーキュレーション,花澤香菜,http://p2.music.126.net/trNd_qQQo27HEUN4ELnOSg==/109951166198077552.jpg,65321097,11.0,
640565,Life Is Like A Boat,Rie fu,http://p2.music.126.net/S2U-jVMYiJQfXVEaZnpANg==/4420036743668385.jpg,65321097,11.0,
620282,めざせポケモンマスター,松本梨香,http://p2.music.126.net/n9oHsA62Wn3vfDIK06Bj7A==/109951170707913879.jpg,65321097,11.0,
584155,いつも何度でも,伊藤サチコ,http://p2.music.126.net/GYWkXtrnAawOWO2nfLg3PA==/109951163028865726.jpg,65321097,11.0,
722932,Euterpe,EGOIST,http://p2.music.126.net/RU7zCEyeZMH7ZYk6xcm19w==/109951165946393227.jpg,65321097,11.0,
317002,旧地,杨千嬅,http://p2.music.126.net/afjQwekhKMBiLOOQz56TLA==/7836219371362214.jpg,14142353871,11.0,
316506,笑中有泪,杨千嬅,http://p2.music.126.net/rfiJDjEnYuZmDuAxIniQPA==/109951170379800610.jpg,14142353871,11.0,
1357379611,小城大事,杨千嬅,http://p2.music.126.net/H-TwAzpN1krtVuCo8BXHGA==/109951163984023499.jpg,14142353871,11.0,
27598819,一叶舟,杨千嬅,http://p2.music.126.net/CY8bA7xbQrDbExfuVmc-hA==/109951166890588318.jpg,14142353871,11.0,
25877506,我在桥上看风景,杨千嬅,http://p1.music.126.net/xyxfIiqWqRPAMPq7I7nI9A==/4424434790187470.jpg,14142353871,11.0,
316678,寒舍,杨千嬅,http://p1.music.126.net/8w4C39C2OY2fRANvkSXo9Q==/109951163270254519.jpg,14142353871,11.0,
26034816,不认不认还需认,杨千嬅,http://p1.music.126.net/a8YIa1dVKGZIEAY5ccwaXA==/109951166891480536.jpg,14142353871,11.0,
316629,热血青年,杨千嬅,http://p1.music.126.net/8w4C39C2OY2fRANvkSXo9Q==/109951163270254519.jpg,14142353871,11.0,
1360515268,处处吻,杨千嬅,http://p1.music.126.net/i5PwAA9vKinGinyQU4-wEg==/109951164016407143.jpg,14142353871,11.0,
2095227177,饮酒思源 (红馆现场录音版 / Live),陈辉阳 x 女声合唱,http://p1.music.126.net/2NO_wwqvLUocy5ZAateKdQ==/109951169019445380.jpg,14142353871,11.0,
28531849,Stay With Me,Sam Smith,http://p2.music.126.net/EM1Zwk6-NUUiLIBL0aXltQ==/109951166630334850.jpg,2934993622,11.0,
28586064,I'm Not the Only One,Sam Smith,http://p2.music.126.net/6t0-3vwRaqNGaVNOZzQhdQ==/109951166345379826.jpg,2934993622,11.0,
1338962014,Dancing With A Stranger,Sam Smith,http://p2.music.126.net/FSU-N6-aRLsY6TPx3omhaA==/109951168307874905.jpg,2934993622,11.0,
25657282,Marry You,Bruno Mars,http://p2.music.126.net/8974g9y7cSc7JBgFQ1WP2Q==/109951166605470984.jpg,2934993622,11.0,
28285776,Magic,Coldplay,http://p2.music.126.net/z8bRRuF8Gx5RvHJHwpKKkQ==/109951163620484193.jpg,2934993622,11.0,
563733091,Where Were You In The Morning?,Shawn Mendes,http://p2.music.126.net/uxdTOFmK4yWik5QG0pQceA==/109951163304447575.jpg,2934993622,11.0,
31090820,Stitches,Shawn Mendes,http://p2.music.126.net/ZjBl3qjf2FV1sZAi-MT4WA==/109951168434753081.jpg,2934993622,11.0,
1926450518,iPad,The Chainsmokers,http://p2.music.126.net/gyjMK7wrYg4Oezq5ghkV5Q==/109951167127860336.jpg,2934993622,11.0,
2604036163,"To the Infinity Castle - Muzan vs Hashira Theme (from ""Demon Slayer"") (Cover)",Diego Mitre,http://p2.music.126.net/3VXjKtTkaWmzOaGuaK0Xlg==/109951169741328857.jpg,2660127948,11.0,
3322961255,midnight smoke slow,MRZ,http://p2.music.126.net/VXKLcrlE0Jo7E5M-J5UvTQ==/109951172358701893.jpg,2660127948,11.0,
2665392457,Charm and Rules,时空储蓄罐,http://p2.music.126.net/7J2V4rZNnDBSftgqHXjcIA==/109951170373883294.jpg,2660127948,11.0,
2691870537,雪落成盐,万能日记,http://p2.music.126.net/IwoOMMx5w2ZEhHGe1ZaioQ==/109951172244359203.jpg,2660127948,11.0,
2697304021,夜樱雨,和乐府,http://p2.music.126.net/Ia2RVl8904kuKlSBXmVduQ==/109951170757558692.jpg,2660127948,11.0,
2018852674,青玉案·兰芥,仁辰,http://p2.music.126.net/i0OS_vzTfbXc7t-FiclE3A==/109951168513176417.jpg,2660127948,11.0,
2004898956,浮生听风,塞壬唱片-MSR,http://p2.music.126.net/I_weUATK_AQNm4Y1_TI6dA==/109951168125117073.jpg,2660127948,11.0,
1458794538,半故 (伴奏),音谋论,http://p2.music.126.net/r42AkoxyYHRSDwkt54F2IQ==/109951165096492120.jpg,2660127948,11.0,
2692040787,攻心（Burn Your Heart）,水墨流苏,http://p2.music.126.net/vRbfNO58rqMaP5XBk3HJ_A==/109951170699849007.jpg,2660127948,11.0,
1983771413,SoygumO`zgarmas不变的爱,AlimjanAbdurezak阿力木江,http://p2.music.126.net/mDLBblp_zFqGJ36uq3v0dA==/109951167901252893.jpg,13206194251,11.0,
3313192411,春风集,Soulloom苏洛牧,http://p2.music.126.net/hgPmIucSLwtgtCnAsJ1bgA==/109951172222591404.jpg,13669773323,11.0,
2749090844,秋日来信,Soulloom苏洛牧,http://p2.music.126.net/kfOojRQKyZqJ63vWXKod0g==/109951172055926909.jpg,13669773323,11.0,
2732802774,小森林,Soulloom苏洛牧,http://p2.music.126.net/C7BWHR7wRRcArVVbrhgduw==/109951171675489499.jpg,13669773323,11.0,
2689387732,chao(夏潮),Bethybai,http://p2.music.126.net/rSfloidDT8b8JZmKONGZmg==/109951170624127896.jpg,13669773323,11.0,
2642249142,彷徨花雨,二乘,http://p2.music.126.net/d21Lw_WAk76LEKkc7LSxQg==/109951170104441601.jpg,13669773323,11.0,
2704989765,初晴,Soulloom苏洛牧,http://p2.music.126.net/rRGQr-4DadN9AtCrVGUS-w==/109951170984001808.jpg,13669773323,11.0,
2693629567,风有约花不误,李安妮annie,http://p2.music.126.net/awJazkuxKS6jPGtkzroFvQ==/109951170705658547.jpg,13669773323,11.0,
28765209,昔言,HITA,http://p1.music.126.net/_18-ecyCRP3T0ePGFikUuA==/109951171338352313.jpg,83942307,11.0,
175576,红尘,小曲儿,http://p1.music.126.net/t0ImdL5lbENKIhnLw7FMNQ==/47279000006737.jpg,83942307,11.0,
435872131,梦遣看花人,HITA,http://p1.music.126.net/h0wUOAzO_J3Ogs3o8slxSA==/17813187881959070.jpg,83942307,11.0,
27510218,解语红妆冷·迟语,小曲儿,http://p1.music.126.net/u6M0TpMB-_EL3hNCnV0jfA==/5650390255211725.jpg,83942307,11.0,
31062980,杨花雪,玉璇玑,http://p1.music.126.net/ZUTOV4xUZWbqYdJIdqAhaQ==/7719671139148874.jpg,83942307,11.0,
101126,第三十八年夏至,河图,http://p1.music.126.net/Q2dCo2lH53tqJe2zjaC56Q==/3393092900107787.jpg,83942307,11.0,
239566,再逢明月照九州,HITA,http://p1.music.126.net/yDo4pSQ8IO8zT4osG4Tyhw==/109951163942707286.jpg,83942307,11.0,
206813,社戏,安九,http://p1.music.126.net/qaVT59R0-DCMkVNgaJ1ZWg==/109951163464183080.jpg,83942307,11.0,
101079,如花,河图,http://p1.music.126.net/xHVVFtjMmq4cM9xllO52yQ==/101155069767537.jpg,83942307,11.0,
422790454,典狱司,音频怪物,http://p1.music.126.net/3GrZ8ci8RfoSXKi0hb1j_Q==/109951167999141643.jpg,83942307,11.0,
446512853,Phone Kisses,suhmeduh,http://p2.music.126.net/C7gFnYqka7d1Adw0jhphEg==/109951171259522112.jpg,8789425318,11.0,
434974661,Don't Wanna Know,Maroon 5,http://p2.music.126.net/MOK4FUwQS3lyA9dJ5xlywQ==/18853325881512542.jpg,8789425318,11.0,
473404348,I Wanna(我想)(Live),余佳运,http://p2.music.126.net/PUpUdKn6IYIQDkJdOv5N3A==/109951162806280372.jpg,8789425318,11.0,
1843636386,If I Ain't Got You (Acoustic),John Adams,http://p1.music.126.net/mKR0-xP74UeKp1sKAzYZgQ==/109951165964670302.jpg,8789425318,11.0,
1463165960,我要,野生三十,http://p1.music.126.net/fXVoS4AqXq0o_Y9hVrPIlA==/109951165142436601.jpg,8789425318,11.0,
583253,Lost my pieces,橋本由香利,http://p2.music.126.net/oukKmKwgWpZdqy0DXNOPRQ==/109951163351722181.jpg,13164507183,11.0,
1936542991,想 把 温 柔 都 给 你,周大发,http://p2.music.126.net/4PnZnye4NcJ4P_A9sUFLYQ==/109951167266892883.jpg,13164507183,11.0,
1388634528,:-),周大发,http://p2.music.126.net/JuQpWxtbiN2TNZt_N9Ojfg==/109951164308418201.jpg,13164507183,11.0,
2115319503,想 要 去 见 你,周大发,http://p2.music.126.net/KgMHI6syXyjJOnDXFux5tA==/109951169242149705.jpg,13164507183,11.0,
1936807966,雨下的我们,REDRUM MUSIC,http://p2.music.126.net/imf3eopk6Lo_vDlHJnKtCA==/109951167271840322.jpg,13164507183,11.0,
1955274538,☆,幻想少女,http://p2.music.126.net/LDiWmWYBa2yj02036zMWSw==/109951167540625982.jpg,13164507183,11.0,
2693341330,“Memory”Guiter Sad,constan,http://p2.music.126.net/MLok1m7kxiP5sxic-7_KZA==/109951169984277458.jpg,13164507183,11.0,
2715881285,秘密beat,苏宝,http://p2.music.126.net/9DqI1AC2gNINlYthQJxE3A==/109951171312501628.jpg,13164507183,11.0,
2666382577,desolate,ByErik ヵ,http://p2.music.126.net/LSIXKn6fTn3ZCaW6jiX3yQ==/109951170380562530.jpg,13164507183,11.0,
4909215,aruarian dance,Nujabes,http://p2.music.126.net/_BSGBUrL6fHJTa8HmYbo3g==/109951170423365264.jpg,13164507183,11.0,
1299570939,Once Upon a Time,Max Oazo,http://p2.music.126.net/Ih0GQRKYyd_yRaWa-jwmVA==/109951167480965715.jpg,13642432458,11.0,
26226510,Catch My Breath,Kelly Clarkson,http://p2.music.126.net/lqUJW4EkNk-ldB9Y5j0mHw==/2385940232315172.jpg,13642432458,11.0,
1873321491,Wake (Live),Hillsong Young & Free,http://p2.music.126.net/Uo7OXdK3g4LQdc2hzJ14qQ==/109951166328143737.jpg,13642432458,11.0,
150564,月亮代表谁的心,陶喆,http://p2.music.126.net/FLIHPqpkfUBimQZB370agQ==/109951169237251638.jpg,13863813052,11.0,
150651,飞机场的10:30,陶喆,http://p2.music.126.net/vcyUJw7mfEzzMCgbJry31w==/109951169507121139.jpg,13863813052,11.0,
1996909642,你（正式版）,郑润泽,http://p2.music.126.net/UQodR9nMBVmlwITxwKtKmA==/109951168044945922.jpg,13863813052,11.0,
2052349052,Self Love,Metro Boomin,http://p2.music.126.net/SxtseFx6E4yP4o_PlWLPhA==/109951168652317597.jpg,13863813052,11.0,
5267256,爱，很简单,陶喆,http://p2.music.126.net/lv8mMmuTMASZ-BUW0-hA8w==/109951165641466654.jpg,13863813052,11.0,
108406,加油！,林俊杰,http://p2.music.126.net/sek4ONERhGbxp4oIKcGNMQ==/109951171415599135.jpg,13863813052,11.0,
1376363987,Battle Hymn of Women,Betsy Rose/Womansong Chorus,http://p1.music.126.net/y6MIH6I-3uudMmpvrW1cCQ==/109951164197066507.jpg,12793912476,11.0,
19550160,Run the World (Girls),Beyoncé,http://p1.music.126.net/rwh3Aoh8hsJsYVB1qOsUAw==/109951165967063624.jpg,12793912476,11.0,
1481978385,Courage to Change,Sia,http://p1.music.126.net/S6BPAJDm4UtNhiPbAy6uxQ==/109951165341672360.jpg,12793912476,11.0,
2084277908,Femininomenon,Chappell Roan,http://p1.music.126.net/__3fYQlDgE4aF2wpPXTF9Q==/109951168932623797.jpg,12793912476,11.0,
2151223259,What A Woman,Faouzia,http://p1.music.126.net/8isjmwJHXtO4mXndJSiKPA==/109951169547198538.jpg,12793912476,11.0,
38771761,Waves of Nature,WILLOW,http://p1.music.126.net/sWAyCspA_JSrDHjKrO5X2Q==/109951167341515478.jpg,12793912476,11.0,
2700224089,Living My Best Life,Jessie J,http://p1.music.126.net/KCMTPh1gOIm7FcSp9SqDDA==/109951170926830577.jpg,12793912476,11.0,
5039328,Show Me How You Burlesque,Christina Aguilera,http://p1.music.126.net/vD3I_ROl98CpBSVVwUYAKQ==/109951165991840658.jpg,12793912476,11.0,
1877013796,雷雨声（超真实自然环境）助眠睡觉,Quadrant Shield Music,http://p1.music.126.net/dUl9lJPz9COgLtQbOwlp1A==/109951166585882912.jpg,2087175732,11.0,
2626728762,∨,Quadrant Shield Music,http://p1.music.126.net/h4b7W5YQXL1F7hSdQ4F8Kw==/109951169956893830.jpg,2087175732,11.0,
3312496450,^,Quadrant Shield Music,http://p1.music.126.net/aR-RIB45UGzH3yi5u9Zexg==/109951172213494226.jpg,2087175732,11.0,
2695111015,ᐇ,Quadrant Shield Music,http://p1.music.126.net/eY3kZmSYhTkvRoo7OaRsug==/109951170725554549.jpg,2087175732,11.0,
1973011226,ރ,Quadrant Shield Music,http://p1.music.126.net/geU5ptBjHqckM-SH_jebig==/109951167502920907.jpg,2087175732,11.0,
1952749687,δ,Quadrant Shield Music,http://p1.music.126.net/geU5ptBjHqckM-SH_jebig==/109951167502920907.jpg,2087175732,11.0,
1973007662,ζ,Quadrant Shield Music,http://p1.music.126.net/geU5ptBjHqckM-SH_jebig==/109951167502920907.jpg,2087175732,11.0,
1973012082,₮,Quadrant Shield Music,http://p1.music.126.net/geU5ptBjHqckM-SH_jebig==/109951167502920907.jpg,2087175732,11.0,
2142551430,∨,Quadrant Shield Music,http://p1.music.126.net/Fx5DBiEbTJ4BZRi7agjwIA==/109951169469348226.jpg,2087175732,11.0,
1935862873,∮,Quadrant Shield Music,http://p1.music.126.net/UCpleId2iquv675lkSlbXw==/109951169925748138.jpg,2087175732,11.0,
27810037,How Long Will I Love You,Ellie Goulding,http://p1.music.126.net/olKOd9XTWJnS1plHsglZyg==/109951168031039462.jpg,12580093585,11.0,
2742516945,伊卡洛斯,冉诗阳,http://p2.music.126.net/cr_JIMRwO0gpPednLjOL6A==/109951171964780893.jpg,12580093585,11.0,
2686580905,纠缠Love Maker,夏哲轩,http://p2.music.126.net/mg0WqVXo-rimdwv4SNwLTw==/109951170619242916.jpg,12580093585,11.0,
3986707,Close To You (They Long To Be),Carpenters,http://p2.music.126.net/MdxQBV5WkZSifVU587BLTQ==/109951165687369982.jpg,12580093585,11.0,
1874585362,Until I Found You,Stephen Sanchez,http://p2.music.126.net/A0yhkDH7ZQ9l2QrjXy6_Dg==/109951166347255254.jpg,12580093585,11.0,
22623026,Moonlight Shadow,Dana Winner,http://p2.music.126.net/LtUyMSfFO5G9n1m9wcRPEg==/109951163933617121.jpg,12580093585,11.0,
18658958,You're Beautiful,James Blunt,http://p2.music.126.net/yflY3bOmyo7OKKhcJSrOGg==/109951169118595506.jpg,12580093585,11.0,
3321997611,little crab,Asace,http://p2.music.126.net/W_wcm0Er1aCwGcjHQHATpg==/109951172346002066.jpg,5017523744,11.0,
3324655601,P.N.E(Party Never End),Nokk,http://p2.music.126.net/MrznWuOgsPzvHzDnX-zXOQ==/109951172378593208.jpg,5017523744,11.0,
3324679628,Long Time,Nokk,http://p2.music.126.net/MrznWuOgsPzvHzDnX-zXOQ==/109951172378593208.jpg,5017523744,11.0,
26613394,Catch My Breath,Kelly Clarkson,http://p2.music.126.net/8rCjkqlIXl5-HjRQPIqrJg==/2510185046278292.jpg,5017523744,11.0,
461347998,Something Just Like This,The Chainsmokers,http://p2.music.126.net/7tMKza9QbB9xsiQHMmLSKw==/109951167280335904.jpg,5017523744,11.0,
469410729,日落大道 (Live),梁博,http://p2.music.126.net/nrwi49EBCWZ9AK-zC2kxbA==/109951166580195042.jpg,7511117395,12.0,
1370879993,黑夜中 (Live),梁博,http://p2.music.126.net/OZa4CiOAKw3LyvyaZXTWvA==/109951164137680698.jpg,7511117395,12.0,
277256,电台情歌,莫文蔚,http://p2.music.126.net/TSpcDPCiBF_u3u_JMu2bnw==/109951165745062297.jpg,7511117395,12.0,
1389882639,失去爱情的摩托车手,THE BOOTLEGS 靴腿,http://p2.music.126.net/tGIWp3MSuviu7cu9NAWU2w==/109951164353611943.jpg,7511117395,12.0,
287018,开始懂了,孙燕姿,http://p2.music.126.net/UQo40hhzMpnP3bFvqIu16w==/109951166191908812.jpg,7511117395,12.0,
21253808,Daylight,Maroon 5,http://p2.music.126.net/zhb4NhgP262N24X7RmQBGg==/3222668584137511.jpg,7511117395,12.0,
454698657,迷途羔羊,张震岳,http://p2.music.126.net/b1eSBbx2Yia0k89ocfOnjQ==/18677404023325159.jpg,7511117395,12.0,
167802,旅行,许巍,http://p2.music.126.net/QSKnlxet3OZU8iXnopUUOg==/109951171478712555.jpg,7511117395,12.0,
25706282,夜空中最亮的星,逃跑计划,http://p2.music.126.net/625-tE8OzdM-rWO37PgqlQ==/109951168111472442.jpg,7511117395,12.0,
505516387,เอี๊ยะซือซิมจิ่ว,Ocean Media,http://p1.music.126.net/8cQLvjbpTMo52XI_TA6vAw==/109951165772040041.jpg,12661591031,12.0,
2687181690,普贤行愿品,莫尔根,http://p1.music.126.net/Yud4lmQtGLp8fJlBULB4uA==/109951164788393531.jpg,12661591031,12.0,
434871166,恭迎聖駕,Wanbless,http://p1.music.126.net/jH2VXIB0Nk14j3vO2P7oxA==/18294773975021746.jpg,12661591031,12.0,
2081027556,绿度母心咒（最好听版本）,佛教音乐,http://p1.music.126.net/NMsQ8fpOzGm-eX3pMMRu6g==/109951168930418594.jpg,12661591031,12.0,
1963313279,解结咒,徐俊民,http://p1.music.126.net/o5-_WmbiuTpVVd6TqFg_eQ==/109951167661530664.jpg,12661591031,12.0,
1937506117,往生咒,慧发法师,http://p1.music.126.net/h196_v6pKoWz7R9DkekRsA==/109951167283126572.jpg,12661591031,12.0,
1471050668,功德宝山神咒,齐豫,http://p1.music.126.net/vZPgE4K1A23VlCCIkLU1Bw==/109951165234653708.jpg,12661591031,12.0,
1852844672,大悲咒,般禅梵唱妙音组,http://p1.music.126.net/luAlqClY_swpRdogb_wsVw==/109951166082464533.jpg,12661591031,12.0,
38679336,准提神咒,慧普法师,http://p1.music.126.net/PNpRXOCLJecLRAGYZOpGEg==/3234763212263901.jpg,12661591031,12.0,
38673360,七佛灭罪真言,慧普法师,http://p1.music.126.net/PNpRXOCLJecLRAGYZOpGEg==/3234763212263901.jpg,12661591031,12.0,
17104394,That Man,Caro Emerald,http://p1.music.126.net/i4yxypBN1oBuko8fUHsHVw==/109951167403402385.jpg,25201357,12.0,
28946560,1941 (feat. Virian),Klaypex,http://p1.music.126.net/X33lI50vuGKIDlBOamMzZQ==/8893949557262048.jpg,25201357,12.0,
28341216,Is That Too Much to Ask (feat. Nina Zeitlin),Biboulakis,http://p1.music.126.net/jlO_DrYkM94R0imKaXSbdw==/5926367673860800.jpg,25201357,12.0,
27202504,Geraldines Routine,Tape Five,http://p1.music.126.net/-6OFzbUFXqgcPoelWo1drA==/109951165116310936.jpg,25201357,12.0,
26858811,I'm Leaving,Swing Republic,http://p1.music.126.net/RQCrcV4546TGKzsLDCv95g==/2035196023046223.jpg,25201357,12.0,
26072374,Wet Welly,Goldfish,http://p1.music.126.net/KonglPRqy9HMa70P3CMtzA==/2378243650902223.jpg,25201357,12.0,
16767882,Hold the Night,Lyre le Temps,http://p1.music.126.net/4OXjudboJAvyNTXK09nuCQ==/109951164470303706.jpg,25201357,12.0,
5087906,You Don't Love Me,Caro Emerald,http://p1.music.126.net/VBZ5QAs1Uim3ffL7m-k8Wg==/1720735697481281.jpg,25201357,12.0,
20903907,A Cool Cat In Town,Tape Five,http://p1.music.126.net/lwjGy9uGYM2otMJZn2NJrg==/6668538023110118.jpg,25201357,12.0,
5106361,Memories,Waldeck,http://p1.music.126.net/I3w7fEkoDAvFqzxIZdpO-w==/6642149744081432.jpg,25201357,12.0,
509531075,긴 밤이 오면,Eddy Kim,http://p1.music.126.net/SDrSkXQ1LKIAJjymNA8V5Q==/109951163032682720.jpg,13850636936,12.0,
427595456,우주를 줄게,脸红的思春期,http://p1.music.126.net/HkE3O19axEW__ufb7D-rkw==/109951163187400629.jpg,13850636936,12.0,
1475993250,숲의 아이 (Bon voyage),YooA,http://p1.music.126.net/wFh_gcC4J-nU8Ciw6RL81g==/109951170525994651.jpg,13850636936,12.0,
1436264336,舞い落ちる花びら（Fallin' Flower）,SEVENTEEN,http://p1.music.126.net/l-tY-5u9UU1bVXKMPXxYhg==/109951164858594404.jpg,13850636936,12.0,
1933223295,사건의 지평선,윤하 (YOUNHA),http://p1.music.126.net/3BesAqq0NPSbVZKN3duhWg==/109951169482907762.jpg,13850636936,12.0,
1903641830,ANSWER,극한데뷔 야생돌,http://p1.music.126.net/9qCna0ujry7sySprfs0IPQ==/109951169484717865.jpg,13850636936,12.0,
28240418,썸,昭宥,http://p1.music.126.net/hHOjIhkHUTwWwexusjLUog==/5930765720299446.jpg,13850636936,12.0,
28341188,MR. CHU,Apink,http://p1.music.126.net/6HVTcgYTdHciotzHr2I5cw==/109951170927812724.jpg,13850636936,12.0,
469699065,REALLY REALLY,WINNER,http://p1.music.126.net/-2waaZJumNi0S8-8IjDHZw==/109951167720808353.jpg,13850636936,12.0,
28798391,우리 얘기 좀 해,Lillo,http://p1.music.126.net/4PEO92IxtPBD2MVLtPBdlA==/6062707116251917.jpg,13850636936,12.0,
2047237457,Sweet Boy,Malcolm Todd,http://p1.music.126.net/fzFFqnMvi7IYnvkjcTYJ4g==/109951169645729919.jpg,12879406583,12.0,
516358164,Mystery of Love,Sufjan Stevens,http://p1.music.126.net/o0NJVjyHT3anDiYxpPXt5Q==/109951165980140346.jpg,12879406583,12.0,
441612583,"City Of Stars (From ""La La Land"" Soundtrack)",Ryan Gosling,http://p1.music.126.net/CrAb6Ryc5osJUM6zuoqxuw==/109951171012054073.jpg,12879406583,12.0,
1388433823,Bleeding Love,Ni/Co,http://p1.music.126.net/I_v7QFKavCcorjSn-xV5KQ==/109951168596727625.jpg,12879406583,12.0,
1454679736,Comforting Sounds,Mew,http://p1.music.126.net/MkC_naKfdzPFoPCMvORorg==/109951165054603693.jpg,12879406583,12.0,
2088683865,Goodbye My Baby,Jace June,http://p1.music.126.net/n1kXMvMQH4c1LhBalCrUvA==/109951169463524295.jpg,12879406583,12.0,
2656924062,Bleeding Love (Cover),七元,http://p1.music.126.net/bYlB3h5EgUHgY_DF8yOJbA==/109951172161697490.jpg,12879406583,12.0,
2725907767,in my zone,VALORANT,http://p2.music.126.net/gjuQRMcNIEY5PeQGVS1LDg==/109951171465108516.jpg,13208882324,12.0,
2719333628,1-800,bbno$,http://p2.music.126.net/Hw2-PDg96xhESIxQdDWMLQ==/109951171358410371.jpg,13208882324,12.0,
1355149437,all the good girls go to hell,Billie Eilish,http://p2.music.126.net/ehx5edsHvWsiaTxm9LVgQw==/109951169009496980.jpg,13208882324,12.0,
1840490719,Hush,The Marías,http://p2.music.126.net/7M7v4d9rC4OOQCtvT3ut0A==/109951165926502513.jpg,13208882324,12.0,
534292470,Lie to Me,Mikolas Josef,http://p2.music.126.net/fAFXptdtnRpHspbN_XauiQ==/109951163125687773.jpg,13208882324,12.0,
1429856443,Cirque,Sub Urban,http://p2.music.126.net/5sImNfGA8ZIwpLy5eSqZqQ==/109951164790598962.jpg,13208882324,12.0,
2653314518,Closer to the moon,Anya Nami,http://p2.music.126.net/BO6gVJQvKI8xwTSB_NcymQ==/109951170222176749.jpg,13208882324,12.0,
31365824,Lips,Marian Hill,http://p2.music.126.net/4a7Hl5w99hZRFhLpl5eC5A==/109951165862930413.jpg,13208882324,12.0,
1298432428,YOSEMITE,Travis Scott,http://p1.music.126.net/hFKgE1OcyvibwrtLJuZQ1w==/109951165984655844.jpg,9135357994,12.0,
1948606963,Bad News,YCK,http://p1.music.126.net/K_0zzQSeiXaiE2FvIW4Qfg==/109951167437759803.jpg,9135357994,12.0,
2116632187,redrum,21 Savage,http://p1.music.126.net/9D9EhnX96sElrIrK0IlBLw==/109951169253194823.jpg,9135357994,12.0,
1388263778,Family and Loyalty,Gang Starr,http://p1.music.126.net/-u3E8qKr6bNqaNND8Kh-sA==/109951164340860577.jpg,9135357994,12.0,
2112189551,Red Moon,Lil Uzi Vert,http://p1.music.126.net/sx4wucqkunfzdECx-bjbyQ==/109951169214676059.jpg,9135357994,12.0,
1385303248,Lightskin Lil Wayne,Tyga,http://p1.music.126.net/VddquXKKoAsxGskR8Sy7dA==/109951164309959308.jpg,9135357994,12.0,
1300287,Stan,Eminem,http://p1.music.126.net/IByr4hGzBvcM5pn2R7-Tyw==/19196373509550751.jpg,9135357994,12.0,
1996476772,Give You What You Want,Lil Tjay,http://p1.music.126.net/ndCnbvPv-j8vLlIBibLVfA==/109951168041021802.jpg,9135357994,12.0,
2099480748,Back 2 School,Vicker,http://p1.music.126.net/z7gZvD5xn46c795oxiRCEg==/109951169053637829.jpg,9135357994,12.0,
2109818443,HB,Yaowei,http://p1.music.126.net/EKLyG-rAV9q-bJEAr5soJA==/109951169173641134.jpg,9135357994,12.0,
211770,请假装你会舍不得我,蔡琴,http://p2.music.126.net/e4bYmjGF10MnYrqF58UwkA==/109951167196755147.jpg,9404819881,12.0,
356819,Why,牯岭街少年合唱团,http://p2.music.126.net/-fkaLb3_YgRuvn1FWVLeGg==/91259465121680.jpg,9404819881,12.0,
5059144,Where Is Armo?,坂本龍一,http://p2.music.126.net/A_vEoMomrAcVh-Z9EyFKWw==/109951166052246931.jpg,9404819881,12.0,
2007819,Por Una Cabeza,Thomas Newman,http://p2.music.126.net/Qbd2-webBTcERPSSQVB4SQ==/779553754365834.jpg,9404819881,12.0,
4878282,Yumeji's Theme,梅林茂,http://p2.music.126.net/HpKxdM5MWsIqfo-i6RmpdA==/109951163298362339.jpg,9404819881,12.0,
1400423912,他坐在哪里,林生祥,http://p2.music.126.net/zqo0wiPoGiWX3RQvuTaRiQ==/109951164461349666.jpg,9404819881,12.0,
2687578176,My Crime 2020,惘闻,http://p2.music.126.net/8jDikAs6VM9hUXuWR10Jrg==/109951170641623661.jpg,9404819881,12.0,
1910639890,无法离地的飞行,痛仰乐队,http://p2.music.126.net/b7bpGmO31J8UvmcpxFiqKA==/109951167032383322.jpg,9404819881,12.0,
1493084354,New Grass,Ólafur Arnalds,http://p2.music.126.net/TzLVO2L-kjffpsVNHQJGgA==/109951165440830385.jpg,14061486249,12.0,
473271908,Concerto grosso in D Op.6 No.1:1. Largo,Trevor Pinnock,http://p2.music.126.net/rR1y9NXk7fA-aZVYmn8nsA==/109951168510934229.jpg,14061486249,12.0,
30398095,"Sonata for Violoncello and Piano in G minor, Op. 19:II. Allegro scherzando",Sol Gabetta,http://p2.music.126.net/usVgDlDKgRGZZgSEi001Sw==/7715273092234801.jpg,14061486249,12.0,
27182195,Carmen Suite No. 2:Chanson du Toréador: Allegro moderato** (Act II),Leonard Bernstein,http://p2.music.126.net/lj94RLWoJ86Ey8E2YS2v8w==/109951165995368993.jpg,14061486249,12.0,
2748523001,Repeat and Sleep,Luis Berra,http://p2.music.126.net/wwKjpHuqao-nQ0bpgHQPTA==/109951172048336167.jpg,14061486249,12.0,
1460665,"Sonata for Violin & Piano No. 1 in G Major, Op.78:I.Vivace ma non troppo",Itzhak Perlman,http://p2.music.126.net/RNQLOUZDz6MdyMIoWtuE5g==/109951166253242669.jpg,14061486249,12.0,
27192237,Piano Concerto In A Minor Op.16:1. Allegro molto moderato,Krystian Zimerman,http://p2.music.126.net/ZsvkExZfdqpX6nl5wMM7AQ==/109951169810087868.jpg,14061486249,12.0,
25525191,Concerto for Harp and Orchestra in C:3. Rondo (Allegro agitato),Iona Brown,http://p2.music.126.net/DP0InYYLVggNDgQKJHlG7A==/109951165585721221.jpg,14061486249,12.0,
464728417,By The Sleepy Lagoon,Eric Coates,http://p2.music.126.net/AdRuYuuns6ZxzNRu7CZgSw==/18343152486633178.jpg,14061486249,12.0,
27439776,"Symphony No. 5 in D Minor, Op. 47:IV. Allegro non troppo",Leonard Bernstein,http://p2.music.126.net/es6stUX_YXD_ujDy76B2CA==/109951169097719964.jpg,14061486249,12.0,
3328008140,Feel It (PHONK),B3,http://p2.music.126.net/o5cqFymmMQNlaO71kyuczg==/109951171835823315.jpg,13746949258,12.0,
3318363514,Fast Cars (PHONK),cls63,http://p2.music.126.net/vex90RfIJYr4utO0yWeaAw==/109951172032355094.jpg,13746949258,12.0,
3319810685,苦难汇聚成河 Agony Converging into River,HOYO-MiX,http://p2.music.126.net/WKqtYDENdEsefIEoxPubKg==/109951172314032223.jpg,3162090874,12.0,
3319814232,致世界 To the World,HOYO-MiX,http://p2.music.126.net/WKqtYDENdEsefIEoxPubKg==/109951172314032223.jpg,3162090874,12.0,
3319811299,心忆 Remembrance of the Heart,HOYO-MiX,http://p2.music.126.net/WKqtYDENdEsefIEoxPubKg==/109951172314032223.jpg,3162090874,12.0,
3316968660,昔涟,张韶涵,http://p2.music.126.net/BKJrPO1FlbXcy-98AYXOzg==/109951172268004943.jpg,3162090874,12.0,
3316971856,昔涟 (中文和声伴奏),HOYO-MiX,http://p2.music.126.net/BKJrPO1FlbXcy-98AYXOzg==/109951172268004943.jpg,3162090874,12.0,
2756058128,妖精小姐的魔法邀约 Miss Elf's Magical Invitation,宴宁,http://p2.music.126.net/6cEgmiDIipnQtFxLBFbLrA==/109951172157311655.jpg,3162090874,12.0,
2755332551,DAMIDAMI,Sihan,http://p2.music.126.net/I3mbGo_JRv_dTIWK8S-mNQ==/109951172148710780.jpg,3162090874,12.0,
2711809790,不及,苏诗丁,http://p2.music.126.net/MuuEgVNMiaFV6jr80Z-yug==/109951171259018341.jpg,3162090874,12.0,
2726655617,乐园梦游计,三Z-STUDIO,http://p2.music.126.net/VS1GT_wV1mYVK3XK_tVL0w==/109951171473079245.jpg,3162090874,12.0,
2750140001,提瓦特民谣,宴宁,http://p2.music.126.net/tY3kQom9zTUwux6PUZ6r0Q==/109951172068985822.jpg,3162090874,12.0,
2019336897,ぜんぶ嫌いだ,こはならむ,http://p2.music.126.net/5MRBvFCZi2KZ-ku1cH-mLw==/109951168280059059.jpg,9516609942,12.0,
1958689637,風色Letter,水瀬いのり,http://p2.music.126.net/Kq-WU3L7_FGomSrRNTRN1A==/109951167584760428.jpg,9516609942,12.0,
2064848159,この世界を愛したい,鹿乃,http://p2.music.126.net/kYjQ7b0Sivnin2lKEWxvxg==/109951168746358088.jpg,9516609942,12.0,
2043711593,この世界を愛したいんだ,双箜,http://p2.music.126.net/JgQy5KHUHyCefaOSSi6gtw==/109951168580684266.jpg,9516609942,12.0,
1985431704,心做し,こはならむ,http://p2.music.126.net/SNANZcu5PhfvFvM5Fuq_Rw==/109951167964524207.jpg,9516609942,12.0,
1331310670,雪の華,Uru,http://p2.music.126.net/qCF0NeXkmXTmtpss0iLRLA==/109951167919656673.jpg,9516609942,12.0,
1357775526,花びらたちのマーチ,Aimer,http://p2.music.126.net/f1EN7WBAstx5ZhOrBVc7eQ==/109951166919027146.jpg,9516609942,12.0,
509728794,It's You,HENRY刘宪华,http://p1.music.126.net/qeFcnTT5Ha_OTwoT4ZPP3g==/109951163036935385.jpg,8739057655,12.0,
30569197,힐러,V.A.,http://p2.music.126.net/nL00FVW1Wi-nGDI3aGtpVw==/109951171990274436.jpg,8739057655,12.0,
417859045,말해! 뭐해？,K.Will,http://p2.music.126.net/JhVqIzzur0a2sfVDd-qVUw==/109951168652286566.jpg,8739057655,12.0,
513357493,자각몽,Monogram,http://p2.music.126.net/QlyNrNzfH9DQ8VtriAhP1g==/109951163045604111.jpg,8739057655,12.0,
1924837512,안녕,孝琳,http://p2.music.126.net/5KyKIiZrq6XmVCGwzxHwig==/109951167108410468.jpg,8739057655,12.0,
1878788320,Letters,Maximillian,http://p2.music.126.net/oCeZDmIDfCgmuDOTxp5CLQ==/109951166421005709.jpg,10148124817,12.0,
19830033,Sing,Frida Amundsen,http://p2.music.126.net/pemOvXdcIPzBJtRdQXwISQ==/6672936069610688.jpg,10148124817,12.0,
2082621054,frozen heart.,8bite,http://p2.music.126.net/mgfK8VFLdwz3VSM8_BkrwA==/109951168918912107.jpg,10148124817,12.0,
437802479,The Story Never Ends (Piano Version),Lauv,http://p2.music.126.net/Xt4TxqCbVxsLVxhM61vwBg==/18360744673031690.jpg,10148124817,12.0,
1446764662,Stuck with U,Ariana Grande,http://p1.music.126.net/lqkac0L7LLBortmRMdyXBg==/109951164972718281.jpg,10148124817,12.0,
1480274234,drunk,keshi,http://p1.music.126.net/D8dVB2gqyPrKsSPnGsX0hQ==/109951165325111633.jpg,10148124817,12.0,
551340498,Car Park,Fenne Lily,http://p1.music.126.net/EuHqS6OKDp9LYpxOBlct1A==/109951172093464136.jpg,10148124817,12.0,
564000295,Paris in the Rain,Lauv,http://p1.music.126.net/mfCn_iz-yt82-UO5fzwXUg==/109951170007399086.jpg,10148124817,12.0,
2036444270,アルジャーノン,ヨルシカ,http://p1.music.126.net/aC8zzUP4nr1sGx5qfr5cVw==/109951168523411427.jpg,2105681544,12.0,
2097486092,栞,MyGO!!!!!,http://p1.music.126.net/_0rz5AVl1HMq0_FBnRHSbA==/109951170225711695.jpg,2105681544,12.0,
1987814537,Subtitle,Official髭男dism,http://p1.music.126.net/YLCKmHrbGFl4qgSRh1IU9g==/109951167948475422.jpg,2105681544,12.0,
3312114934,Feel Like Tomorrow,Bno,http://p1.music.126.net/2h8Qk-2Hd4QJA88vcITkNA==/109951172209444547.jpg,2105681544,12.0,
2673779610,Galloping Chest,Tuvaband,http://p1.music.126.net/Ih0pMOo4xOSucClBS_crHw==/109951170470703247.jpg,2105681544,12.0,
1447572611,怪獣の花唄,Vaundy,http://p1.music.126.net/6vt_lU8yaGAaQTnq1XKQPw==/109951168916979233.jpg,2105681544,12.0,
1345488418,inside you,milet,http://p1.music.126.net/0L45jdsscWU2Q7jkmNN3PQ==/109951169169652860.jpg,2105681544,12.0,
1334295035,Patience,TRA$H,http://p1.music.126.net/Sc3wx1BGHRz5mqw7NnCAhg==/109951163737194148.jpg,14229130166,12.0,
3317665578,我走以后,Running johnny,http://p1.music.126.net/Gy-gWZ65pGAwUMM-m_2Vqw==/109951172278112789.jpg,14229130166,12.0,
2749934499,夏夜之森,BACK乐队,http://p1.music.126.net/uNlOxR6qPqV_IS-3Nt4Rtw==/109951172067010518.jpg,14229130166,12.0,
857983,Unchanged Mind,Valentin,http://p1.music.126.net/d53Toq30QswqMhYiWsJtHg==/109951170165182414.jpg,14229130166,12.0,
2749447005,植物蹦迪守则,吾本剑客,http://p1.music.126.net/Z5sBUeOW0zCkKM57dKCR3g==/109951172059964625.jpg,14229130166,12.0,
1441250313,flower.,L1VET..,http://p1.music.126.net/iYbET_axs7h7ZwbsE74IhA==/109951164913288173.jpg,14229130166,12.0,
2748204535,Ethereal Mist,BlinkWhite,http://p1.music.126.net/5G4scrTDSAiDYAekggQTZw==/109951172042138246.jpg,14229130166,12.0,
530397372,Afterglow,Saiakoup,http://p1.music.126.net/mpck_6W6vPVLopxBp60gZQ==/109951163107579205.jpg,14229130166,12.0,
1881756474,知道爱你没有结局（纯钢琴，虫钢附谱）,Tiancc,http://p1.music.126.net/-hQA1dHAurGIqUXlw0Qa4w==/109951166112283998.jpg,14229130166,12.0,
1698130,Lady Caliph: Dinner,马友友,http://p2.music.126.net/GWOxozRZD4qdHE9j76UKGg==/109951165997247980.jpg,13488809405,12.0,
5184157,Sentimentos,Ernesto Romeo,http://p2.music.126.net/w8xtw7dq95WeHo6U3p2l8Q==/1672357185857815.jpg,13488809405,12.0,
453151709,Game of Thrones Medley,2Cellos,http://p2.music.126.net/c9Bv-j6zK0ehnArtIphZlA==/109951165975668839.jpg,13488809405,12.0,
1971314416,The Forevers,Jo Blankenburg,http://p2.music.126.net/zmVpnMevy0l9cNWaORXZuA==/109951170034383625.jpg,13488809405,12.0,
16336964,Satin Birds,Abel Korzeniowski,http://p2.music.126.net/IUcGhFSfR6wNycC0P8BDFg==/560750930172856.jpg,13488809405,12.0,
22457232,Le carnaval des animaux:XIII. Le cygne (Arr. Hazell for Cello and Orchestra),Various Artists,http://p2.music.126.net/88vqWg1sZ0pU3nAtj61Ugw==/109951169376683876.jpg,13488809405,12.0,
17423742,Old Threads,Deep East Music,http://p2.music.126.net/mtptCv-ez3iL4vxQ4o-Xyw==/109951164172572059.jpg,13488809405,12.0,
1446768353,Sometimes When It Rains,Secret Garden,http://p2.music.126.net/2-GRitstFlIUpwRNCUa1fw==/109951169505696413.jpg,13488809405,12.0,
1070865,Lament,Adam Hurst,http://p2.music.126.net/IC4knOKw0x1Vfd-fXIIv8A==/109951164078448710.jpg,13488809405,12.0,
1418280408,The Lonely Shepherd,HAUSER,http://p2.music.126.net/xeGADhWJO2DwPQi4J1I4WA==/109951164645176069.jpg,13488809405,12.0,
2163469810,skyblue,G Sounds,http://p1.music.126.net/oQWHm1u0C6jEk_BXcnpQnw==/109951169656442137.jpg,13202794872,12.0,
2139294992,花日,CMJ,http://p1.music.126.net/XB-vD5BH1FgvGPfh_Ut9BQ==/109951169445464429.jpg,13202794872,12.0,
2690890831,春禾,Youzee Music,http://p1.music.126.net/Nbq2akzthvXIJP6xSr_9yA==/109951170758787069.jpg,13202794872,12.0,
2724694402,心如止水,Hoiissh,http://p1.music.126.net/KmmEGwzJ5hciakN3o32diw==/109951171443735037.jpg,13202794872,12.0,
1331298992,春夜、雨を喜ぶ - メインテーマ (Piano & Strings),小瀬村晶,http://p1.music.126.net/RzAd3yEwGX6PW7LEQtK6mA==/109951163707194914.jpg,13202794872,12.0,
2700474276,氤氲之森,CMJ,http://p1.music.126.net/d86bVXiqiN-wCBexxOBCsw==/109951170929793456.jpg,13202794872,12.0,
31861269,fish in the pool・花屋敷,ヘクとパスカル,http://p1.music.126.net/QPoY7Q5CcjIdUacgPEzdeg==/109951168763573429.jpg,13202794872,12.0,
2692293921,岁月里的花,莫文蔚,http://p1.music.126.net/p-AES0BD8bMDBesc-VujkQ==/109951170702108447.jpg,13572344271,12.0,
2754672978,伏线,Ki4,http://p1.music.126.net/MOGnP3YDmJAKspLJqVFueg==/109951169877952678.jpg,13572344271,12.0,
2116792369,荒屿,余佳运,http://p1.music.126.net/ltEN0tYbKJSCHWlO-T6I5A==/109951169261115256.jpg,13572344271,12.0,
2617394422,贩卖想念 (我的世界兵荒马乱),赵乃吉,http://p1.music.126.net/wduZF5EIoL43xVK2VGbS6g==/109951171030728103.jpg,13572344271,12.0,
209287,太聪明,陈绮贞,http://p1.music.126.net/J0McvdJz3LpoLm5XVHLV9g==/109951172128857782.jpg,13572344271,12.0,
2608448649,走走,李荣浩,http://p1.music.126.net/0bk3Iqe2OZGBH2Iuyx7RzA==/109951170045577565.jpg,13572344271,12.0,
2097443876,碎碎念,队长,http://p1.music.126.net/RYIrCEYzgeAD85DJ0rgOQA==/109951169256300966.jpg,13572344271,12.0,
2611632792,拆穿,闭文思,http://p1.music.126.net/ODY3w8Mp6lyJ0VSlle6hkw==/109951169819200499.jpg,13572344271,12.0,
22494904,Alive,Blue,http://p2.music.126.net/P_CsDGSqG6HFMw3jt0NcHw==/109951169371417360.jpg,12911472666,12.0,
2075523606,NEW DANCE,XG,http://p2.music.126.net/-FVLCkx7bv_OH6vtpiYn6w==/109951168940046004.jpg,12911472666,12.0,
2141412509,Dear Alcohol (Mega Remix),Dax,http://p2.music.126.net/lefoEEPx8L0SknUZCPWHHw==/109951169460693224.jpg,12911472666,12.0,
2725807378,Want You,Clara La San,http://p2.music.126.net/wqVk84G2fmxKA2Dk91krhg==/109951171460801509.jpg,12911472666,12.0,
2714181789,Folded,Kehlani,http://p2.music.126.net/OOMqmoMAfhnz3Rjsg4m_HA==/109951171290441843.jpg,12911472666,12.0,
2014227030,LEFT RIGHT,XG,http://p2.music.126.net/9n-p5COnBifNJOiM_Ab5QA==/109951168231677318.jpg,12911472666,12.0,
1786869,So Sick,Ne-Yo,http://p2.music.126.net/ZAizh7nLtthLGsSZZ-3sBg==/1670158162592172.jpg,12911472666,12.0,
1406003612,Lover (First Dance Remix),Taylor Swift,http://p1.music.126.net/pstOvsoNXDam0XlSXfl10A==/109951164511409382.jpg,2214515296,12.0,
29572501,Blank Space,Taylor Swift,http://p1.music.126.net/3KDqQ9XW2Khj5Ia4tRqAAw==/18771962022688349.jpg,2214515296,12.0,
21233924,I Stay In Love,Mariah Carey,http://p1.music.126.net/SIE60ZiNbaELODiHHLskiA==/109951165697493210.jpg,2214515296,12.0,
21233922,Touch My Body,Mariah Carey,http://p1.music.126.net/SIE60ZiNbaELODiHHLskiA==/109951165697493210.jpg,2214515296,12.0,
21233933,Bye Bye,Mariah Carey,http://p1.music.126.net/SIE60ZiNbaELODiHHLskiA==/109951165697493210.jpg,2214515296,12.0,
1904705519,Kitchen Song,Tessa Violet,http://p1.music.126.net/yh72HSaN4igY4L4m9x6Klw==/109951167744079532.jpg,2214515296,12.0,
572166420,Crush,Tessa Violet,http://p1.music.126.net/Jpp7fEepSXo9KKPLxuZTPg==/109951166146906661.jpg,2214515296,12.0,
1326439375,Bad Ideas,Tessa Violet,http://p1.music.126.net/jSd9s2m0ioOVM82rXf5sGA==/109951165033549548.jpg,2214515296,12.0,
1394310914,Bored,Tessa Violet,http://p1.music.126.net/B1K-mF2z3vIVuAlzwI3DNA==/109951164983090172.jpg,2214515296,12.0,
3327897359,人字拖 (Live),薛之谦,http://p1.music.126.net/05niw9hnQgwMqNVvYN2fiw==/109951172418987244.jpg,2016856763,12.0,
3327897304,小孩与我 (Live),魏翔,http://p2.music.126.net/05niw9hnQgwMqNVvYN2fiw==/109951172418987244.jpg,2016856763,12.0,
3324801986,坦白 (Live),薛之谦,http://p2.music.126.net/87o5VHyS2UF5TzzjqnQ8sA==/109951172382806404.jpg,2016856763,12.0,
3317989736,这样一来我算什么 (Live),薛之谦,http://p2.music.126.net/bX-R_rj_bnoSVFf0Q2-y9g==/109951172283582362.jpg,2016856763,12.0,
3312881999,湖泊 (Live),薛之谦,http://p2.music.126.net/xeb6nwQo2UbHF4halsSDuQ==/109951172218309162.jpg,2016856763,12.0,
2758218600,顽疾 (Live),薛之谦,http://p2.music.126.net/gpVfzl2KNr4OYXbtVtE2sw==/109951172185235309.jpg,2016856763,12.0,
2024158926,How Does It Feel,Chlöe,http://p1.music.126.net/SaqJ5B0wmio0ZCkLMUqEBA==/109951168336229523.jpg,2573576529,12.0,
3321815398,Fly,Tone Stith,http://p1.music.126.net/Jzfav609djHOuQBXCidCEw==/109951172344023001.jpg,2573576529,12.0,
1445988703,Fashion,Jacob Latimore,http://p1.music.126.net/On69Ex_prdD1foTX6egm-w==/109951165004883958.jpg,2573576529,12.0,
2052331005,Don't Give It Away,Fridayy,http://p1.music.126.net/ZrH9GLC5iKiganxTqeLElw==/109951168652208262.jpg,2573576529,12.0,
1491114483,Bitter,Queen Naija,http://p1.music.126.net/kQuIEtvMas5iXegzyErlaQ==/109951165424153298.jpg,2573576529,12.0,
1491106699,Wanna Be,ROE,http://p1.music.126.net/dDjw_mgcTi08JIGHo-C96Q==/109951165424133062.jpg,2573576529,12.0,
2701858780,DOWN BAD,SAILORR,http://p1.music.126.net/usjCj8nJtlcBo0pPPtYMhA==/109951170951516959.jpg,2573576529,12.0,
2026660695,Scorpio Moon,PHABO,http://p1.music.126.net/4hFqkYKxz8aQUpLRYtL5wQ==/109951168435764251.jpg,2573576529,12.0,
515816156,Say Something,Marr Grey,http://p1.music.126.net/mcX3WjthPMcx8lFm8ahGfA==/109951167790053392.jpg,2573576529,12.0,
2648022608,Better Off Friends,Blxst,http://p1.music.126.net/l1E6ChSHMp3tJKzhmNBIvw==/109951170167711976.jpg,2573576529,12.0,
18851296,Put A Little Umph In It (Album Version),Jagged Edge,http://p1.music.126.net/srhPZctu6o3hIry4wk4p2A==/109951167126495910.jpg,8802386865,12.0,
17979597,Differences,Ginuwine,http://p1.music.126.net/TqS8xl3fnfERSpe7aAS2dA==/109951165991973438.jpg,8802386865,12.0,
2736607395,Priceless,Bryant Barnes,http://p1.music.126.net/7Ykm9MteMHdEP5cOka_kWw==/109951171872768660.jpg,8802386865,12.0,
2743640694,nobody (make me feel),oskar med k,http://p1.music.126.net/8eD-GeZcWMNPwTgsP17AAQ==/109951171995388237.jpg,8802386865,12.0,
2052348113,Popular (Music from the HBO Original Series),The Weeknd,http://p1.music.126.net/0NnJKyg1IXVGHU1uqc_eLA==/109951168972704668.jpg,8802386865,12.0,
2061452,The Right Path,Thomas Greenberg,http://p1.music.126.net/-BSzumTDm1wUEN3ZdTJGkw==/109951169376472517.jpg,71289185,12.0,
20744076,"Comptine d'un autre été, l'après-midi",Yann Tiersen,http://p1.music.126.net/Btipb4gKCiaD6qU6Xyo-Yw==/3228166139193336.jpg,71289185,12.0,
28273865,Sobre a brevidade da vida,Andrei Machado,http://p1.music.126.net/FyOt30OsWpaTLu-3_mqbsg==/109951170632639724.jpg,71289185,12.0,
1876914,"Remuer Les Pieds Dans L'Eau, Les Yeux Clairs",RQTN,http://p1.music.126.net/fXPMD7z7VY3QZYBmZ6ykaw==/1754820557931925.jpg,71289185,12.0,
4197456,The Playing Fields,My Autumn Empire,http://p1.music.126.net/HZKdXVv4SycJAq6B7BTW4g==/109951167934872036.jpg,71289185,12.0,
409020696,Nils Has a New Piano,Nils Frahm,http://p1.music.126.net/aN5US7fXjRh2eotIOZA57g==/109951167263399987.jpg,71289185,12.0,
5064939,The Wind Sings,Goldmund,http://p1.music.126.net/PtsN5km34z-34rcSZFWpNw==/1820791255607150.jpg,71289185,12.0,
18495485,Sillaba,Roberto Cacciapaglia,http://p1.music.126.net/SKsvGEP3lVANTqiw4M1rzg==/109951171911310675.jpg,71289185,12.0,
26224543,Vaenga,Misha Mishenko,http://p1.music.126.net/euyNgFymq6C7ER1Rao4fsw==/2455209464868207.jpg,71289185,12.0,
2723991191,"Moonlight (From ""เพียงเธอ Only You"")",Linglingkwong,http://p1.music.126.net/ziNBKBsXn3l59iFUh1N72g==/109951171423224192.jpg,12344193618,12.0,
2724787698,ระยะไกลของดวงจันทร์,Orm kornnaphat,http://p1.music.126.net/dQGCwHPhJlrOkqWGsvn8-g==/109951171444883437.jpg,12344193618,12.0,
2753340546,"ยืนหนึ่ง (From ""เพียงเธอ Only You"")",Orm kornnaphat,http://p1.music.126.net/psEi9P-kYOUNG2YwARS_CA==/109951172120791636.jpg,12344193618,12.0,
3323642764,囍帖街 (feat. 邝玲玲),iracha,http://p1.music.126.net/7YL98OWchNy6UxaiQvK5nA==/109951172102557851.jpg,12344193618,12.0,
3320817424,Dream-Orm,Orm kornnaphat,http://p1.music.126.net/JX3B0DCWn3irTthinae6rw==/109951170518175463.jpg,12344193618,12.0,
3321300192,半斤八两-00K,Linglingkwong,http://p1.music.126.net/JX3B0DCWn3irTthinae6rw==/109951170518175463.jpg,12344193618,12.0,
2715583694,จนนิรันดร์ (Forever)-LingOrm,Lingling Kwong,http://p1.music.126.net/JX3B0DCWn3irTthinae6rw==/109951170518175463.jpg,12344193618,12.0,
3316054547,กุหลาบ (玫瑰)-LingOrm,Linglingkwong,http://p1.music.126.net/JX3B0DCWn3irTthinae6rw==/109951170518175463.jpg,12344193618,12.0,
3316101357,ถ้าตลอดกาลมีจริง（如果永恒真的存在）-LingOrm,Linglingkwong,http://p1.music.126.net/JX3B0DCWn3irTthinae6rw==/109951170518175463.jpg,12344193618,12.0,
3316047641,DEJAYOU-LingOrm,Linglingkwong,http://p1.music.126.net/JX3B0DCWn3irTthinae6rw==/109951170518175463.jpg,12344193618,12.0,
150389,暗恋,陶喆,http://p2.music.126.net/X5k0ldV70RTbKOhhZ10yng==/109951166916017949.jpg,14267802416,12.0,
205340,寂寞不痛,黄丽玲,http://p2.music.126.net/lxXGBPPqNS6iNYJjr_4CTA==/109951164087833607.jpg,14267802416,12.0,
1443997393,我应该去爱你,Evan李韩宇,http://p2.music.126.net/qUz0vgjmyYwpVQ4glrplAA==/109951164989218210.jpg,14267802416,12.0,
2020252977,ONE 一个 (Live 版),王力宏,http://p2.music.126.net/r19b5ZKviZ_eSXFGdkZ_rA==/109951168289730485.jpg,14267802416,12.0,
36270426,来自天堂的魔鬼,G.E.M.邓紫棋,http://p2.music.126.net/kVwk6b8Qdya8oDyGDcyAVA==/1364493930777368.jpg,14267802416,12.0,
1969822728,慢冷 (Live),李荣浩,http://p2.music.126.net/jElhQmMdFiVFtFPvWtVbFw==/109951167749864067.jpg,14267802416,12.0,
2122583972,冷夜,陈默之,http://p2.music.126.net/umuJDyNL2TkUzdpg6pDzXw==/109951169300000992.jpg,14267802416,12.0,
2600493765,恋人,李荣浩,http://p2.music.126.net/0bk3Iqe2OZGBH2Iuyx7RzA==/109951170045577565.jpg,14267802416,12.0,
287719,开始懂了,孙燕姿,http://p1.music.126.net/1HJILQwc62AfvcXkGgVJHQ==/109951165549820772.jpg,13773826591,12.0,
65538,好久不见,陈奕迅,http://p1.music.126.net/o_OjL_NZNoeog9fIjBXAyw==/18782957139233959.jpg,13773826591,12.0,
65800,最佳损友,陈奕迅,http://p1.music.126.net/3mi073axgjg-g-79ObwwEQ==/109951171836582062.jpg,13773826591,12.0,
29814898,可惜没如果,林俊杰,http://p1.music.126.net/2e__sKuIQsTSVVGr5Hk1FA==/109951170313536564.jpg,13773826591,12.0,
344418,我知道,By2,http://p1.music.126.net/icdfSZmawPHdYCkQB-E-RA==/109951163200171219.jpg,13773826591,12.0,
1606099,Lost Without You,Josh Vietti,http://p1.music.126.net/5ZxwRglEI2fmJtIPzbuHpA==/109951169000308693.jpg,111456043,12.0,
17625647,Palladio,Escala,http://p2.music.126.net/tZ7eu_2wAOh0TpJiQT0hhw==/109951165992811817.jpg,111456043,12.0,
27580071,Fight Club,Lorne Balfe,http://p2.music.126.net/y_R7i1FkpXnfDX8nxffYvg==/109951167791327674.jpg,111456043,12.0,
415786850,Faded,Robert Mendoza,http://p2.music.126.net/_fPBP8iew20xwJye5bu5rw==/109951164891229210.jpg,111456043,12.0,
1220376,Smooth Criminal (Michael Jackson),David Garrett,http://p2.music.126.net/g-JJKEo2V-o5opPI7l9rrA==/6625657069198659.jpg,111456043,12.0,
1220372,He's a Pirate (Pirates of the Caribbean theme),David Garrett,http://p2.music.126.net/g-JJKEo2V-o5opPI7l9rrA==/6625657069198659.jpg,111456043,12.0,
2583370,Paganini 5,Edvin Marton,http://p2.music.126.net/Bil4qPbQfikuPtjVqKohzQ==/109951164851198205.jpg,111456043,12.0,
1461574,"The Four Seasons, Violin Concerto in F Minor, Op. 8 No. 4, RV 297 ""Winter"":I. Allegro non molto",Anne-Sophie Mutter,http://p2.music.126.net/aFCT6z15ITnGdpp6v0DBPw==/109951167372349667.jpg,111456043,12.0,
1610510,WolfRed,Jelonek,http://p2.music.126.net/T0TN5UbXLa6sG26pnQeIpQ==/109951164969407545.jpg,111456043,12.0,
411500393,Grad Erlija -Retrospektiva-,Rigël Theatre,http://p2.music.126.net/j5BTusN-eMQkeH6LA32tdQ==/1407374891555135.jpg,111456043,12.0,
21974794,Yeah!,Usher,http://p1.music.126.net/bR3IOqSYQ67xO3NvXSDdKg==/109951165991822062.jpg,14111324799,13.0,
2115522482,最近的思念,小好14,http://p1.music.126.net/fMGBFohW8Q1esRXAmmw-1A==/109951169244523597.jpg,14111324799,13.0,
2693473621,恋人未满,关诗敏,http://p1.music.126.net/SKwoKyLFW8oLd03pHAknhQ==/109951170712163061.jpg,14111324799,13.0,
864498975,中间人,Ice Paper,http://p1.music.126.net/VxjFHwt1cyJ-BMGf9jQ9Lw==/109951167894828101.jpg,14111324799,13.0,
2115521727,褪色手写信,小好14,http://p1.music.126.net/fMGBFohW8Q1esRXAmmw-1A==/109951169244523597.jpg,14111324799,13.0,
21273749,Dilemma,Nelly,http://p1.music.126.net/zadGaLi7JXzRDo5YioLi4A==/109951170452221688.jpg,14111324799,13.0,
3322554485,Never Meant to Hurt You,灰音色,http://p1.music.126.net/HLddVol8SuWngiKgLCD_BQ==/109951172353597715.jpg,14111324799,13.0,
2684629301,缺爱,小好14,http://p1.music.126.net/ckrDbjcV7SNJN5IP7YrE1Q==/109951170611559336.jpg,14111324799,13.0,
2661163406,No one but u.,Kismet,http://p1.music.126.net/RkmFTYPLXqi-K4Yw7cj90g==/109951170327745200.jpg,13258040339,13.0,
2671092370,Flash,WheelUP,http://p1.music.126.net/T9ibliUc_8RQwZ871K75wg==/109951170442105871.jpg,13258040339,13.0,
480426221,Six Forty Seven,instupendo,http://p1.music.126.net/38y6SSqr0HHW8oMv7Za5Kw==/109951170014348268.jpg,13258040339,13.0,
1824179500,you not the same,tilekid,http://p1.music.126.net/fywRZB45FAHziCh0nROfrw==/109951166445216678.jpg,13258040339,13.0,
2139185326,Dramamine,flawed mangoes,http://p1.music.126.net/dELCnfHQHvuvWeFglsQYNw==/109951169442387689.jpg,13258040339,13.0,
1492479025,Aglow (Intro),Karamel Kel,http://p1.music.126.net/LMJLHcuDAsxxwb_PphF6AA==/109951166604167240.jpg,13258040339,13.0,
2087235432,winter wonders,Aurenth,http://p1.music.126.net/hdyO1fh4tL-YQ3mAL3jjyQ==/109951168957542733.jpg,13258040339,13.0,
1924644563,Not About Us,Alis Shuka,http://p1.music.126.net/GkTRUgKYNZ_hPxbJM_TwEg==/109951172005474831.jpg,8856013717,13.0,
2060828668,Change,FLO,http://p1.music.126.net/aPaQjDDLjFrI1zvixMfueQ==/109951168714410627.jpg,8856013717,13.0,
2728308094,CONTROL FREAK,Janae,http://p2.music.126.net/bT01VJyaUIDXbRbrOBziwg==/109951171519488935.jpg,8856013717,13.0,
2749056418,So Easy (To Fall In Love),Olivia Dean,http://p2.music.126.net/0PR7P_gCm-MdMYocF6tKYw==/109951172068620766.jpg,8856013717,13.0,
2646851773,In My Bag,FLO,http://p2.music.126.net/HPTuc3-sOx2Jq00-ZbZHWQ==/109951170154724078.jpg,8856013717,13.0,
1491000495,just like magic,Ariana Grande,http://p2.music.126.net/G4HIWXvyzneVNjZPxwt00Q==/109951165741355057.jpg,8856013717,13.0,
2674697772,Slow Grind,Muni Long,http://p2.music.126.net/0MHeWOLDBJBx4x3t7spqFw==/109951170479277598.jpg,8856013717,13.0,
2747100918,FEEL IT ON ME,Jessie J,http://p2.music.126.net/l_Sx3Gy-nFAlKOlCYAL8sg==/109951172027509046.jpg,8856013717,13.0,
2748940073,Ride,Jaz Karis,http://p2.music.126.net/oIIbQ30HN8T5oXcr5j1a7Q==/109951172054351220.jpg,8856013717,13.0,
2022564430,So Special,Citizen Queen,http://p2.music.126.net/imwWPxunnXHPE_3vPYjUfw==/109951170519056901.jpg,8856013717,13.0,
28299268,Young And Beautiful,Lana Del Rey,http://p2.music.126.net/VnB2OMhm7cEcTLz36ZsYbw==/5795525790187348.jpg,7456312991,13.0,
1466516156,Taxi,GRAE,http://p2.music.126.net/8Ld__dGCtvm2nh_s7jN4CA==/109951170648635832.jpg,7456312991,13.0,
2024818809,Lucid Dream,Kevin,http://p1.music.126.net/HONq0xIRVS3dcb0vb2m7CQ==/109951168381271752.jpg,7456312991,13.0,
1934649,Shape Of My Heart,Sting,http://p1.music.126.net/2XzaHeETVeYYaGEIxSq6lQ==/803742999956794.jpg,7456312991,13.0,
561307288,SPICA – Last Resort –,MUSIRISCA,http://p1.music.126.net/Zqe6m8hK5CNlPHvupg1egQ==/109951163298755754.jpg,7456312991,13.0,
456370728,"City Of Stars (From ""La La Land"" Soundtrack)",Emma Stone,http://p1.music.126.net/VxRDb7hpxtvbu72oX0x0Cw==/18201315486711101.jpg,7456312991,13.0,
1380720925,Old Money,AliceGoesCrazy,http://p1.music.126.net/pIO0-QNi61SX7aMWCq3UaA==/109951164198561214.jpg,7456312991,13.0,
1605923,Did I Make The Most Of Loving You,Mary-Jess,http://p1.music.126.net/8eIH8nLJmBu4Y_ZaWuHxkQ==/6634453162207106.jpg,7456312991,13.0,
5055024,Le temps des cathédrales,Bruno Pelletier,http://p1.music.126.net/3B1uv0b6JwP-0SN0PZ3jVg==/1717437162596658.jpg,7456312991,13.0,
420154391,White Knuckles,Holly Henry,http://p1.music.126.net/L0yiw3qHn7Yq0bkt0H6flg==/109951163322061832.jpg,7456312991,13.0,
167691,天龙八部之宿敌,许嵩,http://p1.music.126.net/Ezo6K3rPFowvnkDtxf-w6Q==/109951172321459335.jpg,12697572036,13.0,
3313877993,从此以后（Ft.吴亦凡Kris）,Lill Joy,http://p1.music.126.net/WNlfySL0TgHGU4NRcLDX1Q==/109951169271322014.jpg,12697572036,13.0,
529668356,你要的全拿走,胡彦斌,http://p1.music.126.net/um599QnnJiNQhZgWLtgmXw==/109951168111322942.jpg,12697572036,13.0,
254060,会呼吸的痛,梁静茹,http://p1.music.126.net/QKCkMMW_fPDcczRNb0qZyg==/109951168163257789.jpg,12697572036,13.0,
2719630195,恨幸福来过 金钟国,Green格林弟,http://p1.music.126.net/PuOuU354NiJWocRKqdwr2w==/109951171361769504.jpg,12697572036,13.0,
277775,阴天,莫文蔚,http://p1.music.126.net/LX96uGLxkf6ucv7uGsKSoQ==/109951165895332287.jpg,12697572036,13.0,
40249612,蜜蜂 demo,万玲琳,http://p1.music.126.net/gd2PKucCGry4rrABpUkveg==/16666397254078952.jpg,12697572036,13.0,
3312962420,GreyIce,张曼婷,http://p2.music.126.net/BJfvGzu4FmTgsQKb3iPjsA==/109951172219208217.jpg,13854010391,13.0,
2723494642,Improvisation,张曼婷,http://p2.music.126.net/PxQ6B4TNB7VzmK7MAgGqEg==/109951171417202369.jpg,13854010391,13.0,
2723120147,cheese,张曼婷,http://p2.music.126.net/iNM2Aw6eeHtrBjqQDkRq9A==/109951171412205821.jpg,13854010391,13.0,
2723494521,Reflection,张曼婷,http://p2.music.126.net/PxQ6B4TNB7VzmK7MAgGqEg==/109951171417202369.jpg,13854010391,13.0,
2723122962,2:24AM,张曼婷,http://p2.music.126.net/iNM2Aw6eeHtrBjqQDkRq9A==/109951171412205821.jpg,13854010391,13.0,
2700198054,STAY AS YOU ARE,半分采样,http://p2.music.126.net/pq6merZtLO77830AaH_n0g==/109951170926525759.jpg,13854010391,13.0,
1496064572,Just The Two of Us,Kauai45,http://p2.music.126.net/jbTAHnDRQQtFEhq51W1suA==/109951165476317317.jpg,13854010391,13.0,
1425944859,Traingazing,Sam Wills,http://p2.music.126.net/WLkvHWCLr9qtlsyfylVFbA==/109951169389015873.jpg,13854010391,13.0,
1979192239,I Still Want Your Love (feat. Jinnie),Sam Ock,http://p2.music.126.net/iWgsGVhmR9Xtoo64DnZiCA==/109951167852411976.jpg,13854010391,13.0,
2749112567,不解,胧,http://p2.music.126.net/c8gwD7-BXPnityLgOCLisw==/109951172056130758.jpg,13854010391,13.0,
443876050,Voices,Immanu El,http://p1.music.126.net/3Yd6VYNUBmSTPQVUd_hc_A==/109951168505201349.jpg,2093273437,13.0,
28013089,Saturn,Sleeping at Last,http://p1.music.126.net/uzF6HxY-T4ysGEnMgiamqQ==/5663584394801183.jpg,2093273437,13.0,
486277,August,Organic Stereo,http://p2.music.126.net/JydM8UWpgI0e1T8sg3FdbA==/884007348776001.jpg,2093273437,13.0,
4394362,Mallory,The Mountaineering Club Orchestra,http://p2.music.126.net/Yi4zTXq6oLYlI2TfI8po7g==/1732830325384744.jpg,2093273437,13.0,
34528678,We Ran,Circadian Eyes,http://p2.music.126.net/BMPbUEWUnUObkYpjY1ChQQ==/7994549047896463.jpg,2093273437,13.0,
29769176,Samsara,The Calm Blue Sea,http://p2.music.126.net/sVxWfOz9FXV1vhNZNUaD4g==/6668538023644455.jpg,2093273437,13.0,
718169,quiet rain,euphoria,http://p2.music.126.net/v7Y7sOEFcdqzboIAmMwSgQ==/109951164019275336.jpg,2093273437,13.0,
3917339,Oimiakon,A Red Season Shade,http://p2.music.126.net/CFc5via5vd4nmHoaem6ttw==/905997581331735.jpg,2093273437,13.0,
27698501,Swing Set,Moving Mountains,http://p2.music.126.net/shG7upSGEaNTmtPqr0bB0g==/109951164695459615.jpg,2093273437,13.0,
4131221,St. Cecilia,If Anything Happens To The Cat,http://p2.music.126.net/viB8dJPk8GGoUHfcAw941A==/586039697648581.jpg,2093273437,13.0,
29761140,Got It,Marian Hill,http://p1.music.126.net/G9KD7lHrdMzARmJNY-LkRA==/3245758326441066.jpg,14068522150,13.0,
21038748,Poker Face,Lady Gaga,http://p1.music.126.net/_LZPAOkbMdb0CDL2ra0RGw==/3305131953311675.jpg,14068522150,13.0,
3322051969,Rizz,Dahl_,http://p1.music.126.net/VNEmykmsjirVxJuof8R3QQ==/109951172346687891.jpg,14068522150,13.0,
2717547069,缠,wweimm微米,http://p1.music.126.net/H5iHl5O-4srYHrnwbCOZmA==/109951171336047053.jpg,13595727008,13.0,
2741144144,99,TizzyT,http://p1.music.126.net/D-kiZM7mbHrqdB6X8Yoi8Q==/109951171947326885.jpg,13595727008,13.0,
1983456716,100,TizzyT,http://p1.music.126.net/BkZe76Me3nrUQzsTLTTfPw==/109951169149734683.jpg,13595727008,13.0,
2130652887,明牌,PIggy,http://p1.music.126.net/UjgVQBQuNEG8TYph7772Xg==/109951169372097056.jpg,13595727008,13.0,
1907173559,形状,buckit 陈楒潼,http://p1.music.126.net/u71WDz7s8BETf4SRQCpQBA==/109951166858318901.jpg,13595727008,13.0,
1803936748,耳 喃,PIggy,http://p1.music.126.net/nwtqhmB6pmSKOZQ7fbJjQw==/109951165536945801.jpg,13595727008,13.0,
2616952283,晚星,于睿迪,http://p1.music.126.net/KmMWQVpe4Ggce2iOKFoomQ==/109951169869006147.jpg,13595727008,13.0,
2651799101,想你(1.2X),缘为冰,http://p1.music.126.net/DwdRNkF-DY467fQxYo3mag==/109951170205200117.jpg,13595727008,13.0,
2138002737,沉溺（你让我的心不再结冰）,邹沛沛,http://p1.music.126.net/ov_GgJJLLWcTHS2vtywHjg==/109951169431875589.jpg,13595727008,13.0,
22644325,The Space Between Two World,Nujabes,http://p2.music.126.net/nXP1DrLNApZRnXBDgV2D9g==/905997581311122.jpg,12377103251,13.0,
511762971,Your Style,J. Williams,http://p2.music.126.net/AABxNQ2ep54hCKG3GgaAcw==/109951170065776191.jpg,12377103251,13.0,
3494482,Push On,The Sound Providers,http://p2.music.126.net/zGRX4lMlaycC-ByRmrfu6A==/602532372065250.jpg,12377103251,13.0,
18943527,Now Or Never (Bonus Track),Kendrick Lamar,http://p2.music.126.net/zF4aM1VZN-DsDc5Yb6PlXA==/109951166527909617.jpg,12377103251,13.0,
1694112,July,LJones,http://p1.music.126.net/qOUXQb28JKTpFOmXw1Hfpg==/109951164859185072.jpg,12377103251,13.0,
27681772,Sar Rain (feat. Wachi Sato),Michita,http://p1.music.126.net/_H3e0aBI7J1HDxvRSiylEg==/109951170493312484.jpg,12377103251,13.0,
27867183,What A Dream,Nieve,http://p1.music.126.net/88UT007lMi6H55hemcvw5g==/109951168475804151.jpg,12377103251,13.0,
26107935,Serendipity,西原健一郎,http://p1.music.126.net/BD29tpfCwP5_VN71v-H9XA==/109951171891586844.jpg,12377103251,13.0,
531040210,come again,m-flo,http://p1.music.126.net/eu3ipZ2q9plZFWyYes0gwQ==/109951163111709896.jpg,12377103251,13.0,
22778415,Say You Love Me feat. Tamala,西原健一郎,http://p1.music.126.net/YsuVlolkDq0gG7lYMFtvjQ==/109951170067997046.jpg,12377103251,13.0,
1846467132,Every Second,Mina Okabe,http://p1.music.126.net/-_aVX274kvrbblVPhKgqMQ==/109951165994687352.jpg,14068521678,13.0,
1858365222,Growing Pains,Nathan Trent,http://p1.music.126.net/VBuLmZQvCl025M_OVmWyFQ==/109951166144069424.jpg,14068521678,13.0,
480648759,13,LANY,http://p1.music.126.net/dLy5SCiUAHgACytZOXUmjQ==/109951167126498354.jpg,14068521678,13.0,
1324817177,Fragment,EmoCosine,http://p1.music.126.net/DCakrgj6H9od85SrrgWfVg==/109951163661471700.jpg,4992498533,13.0,
499793448,Sunflower,Snail's House,http://p1.music.126.net/-bN4e2j7MpV5lUh54cqjsw==/109951169280452110.jpg,4992498533,13.0,
34002337,海と、山と、空と、、、,masaki kawasaki,http://p1.music.126.net/Ax-N4CorjDr1Tk8jHuv1KQ==/109951166274986808.jpg,4992498533,13.0,
1360575395,Nirv lucE,しーけー,http://p2.music.126.net/k3izDTG8rujRpOiz_-hE3g==/109951164016906995.jpg,4992498533,13.0,
1438864313,Reunion,しーけー,http://p2.music.126.net/406WMliq9Z3G0U74tfa5KA==/109951170117689267.jpg,4992498533,13.0,
1360576273,アトロポスと最果の探求者,しーけー,http://p2.music.126.net/k3izDTG8rujRpOiz_-hE3g==/109951164016906995.jpg,4992498533,13.0,
1339897661,Amethyst,7mai,http://p2.music.126.net/RqKC0zhLp_LfFOtUFtHdDw==/109951163796109739.jpg,4992498533,13.0,
1345529917,Visualize,7mai,http://p2.music.126.net/-rOpkrkyPf7_1mMghQDSuA==/109951163856824294.jpg,4992498533,13.0,
1339897674,Hydrangea,7mai,http://p2.music.126.net/RqKC0zhLp_LfFOtUFtHdDw==/109951163796109739.jpg,4992498533,13.0,
1313104143,Frolic under the sun,FaNg,http://p2.music.126.net/lR4WSk92DtjTJ4VOPMPdSQ==/109951163573423976.jpg,4992498533,13.0,
2709813449,故事与甜饼 Stories and Sweets,HOYO-MiX,http://p2.music.126.net/2qGGwWFlMYF2o-GyNMhH5A==/109951171066942237.jpg,10095686118,13.0,
2657687370,舒翼乘云 All the Pretty Courses,HOYO-MiX,http://p2.music.126.net/nKt8x4DYiVvedhUlKbeArA==/109951170270534369.jpg,10095686118,13.0,
2140118320,明月照翠珑 The Jadeite Reflection,HOYO-MiX,http://p2.music.126.net/MlajrhHqU-33qDnu41p11w==/109951169447872203.jpg,10095686118,13.0,
3319811307,深爱的世界 A World of Deep Love,HOYO-MiX,http://p2.music.126.net/WKqtYDENdEsefIEoxPubKg==/109951172314032223.jpg,10095686118,13.0,
1910966474,华灯星聚 Myriad of Lights,HOYO-MiX,http://p2.music.126.net/8gMfTTbDifrypmWQ2fM0Ig==/109951166919194723.jpg,10095686118,13.0,
3316968661,昔涟 Ripples of Past Reverie (伴奏),HOYO-MiX,http://p2.music.126.net/BKJrPO1FlbXcy-98AYXOzg==/109951172268004943.jpg,10095686118,13.0,
2147150127,你的颜色 Your Color,HOYO-MiX,http://p2.music.126.net/USxHosVXMbDjxI1cO5-9JA==/109951169507879008.jpg,10095686118,13.0,
2041859147,花与树的女儿们 Maidens of Sanctity,HOYO-MiX,http://p2.music.126.net/f9Hbu5v27bGmg5ALM8iN9Q==/109951168565989598.jpg,10095686118,13.0,
1937111536,寒光裂涛 Combat Beneath the Waves,HOYO-MiX,http://p2.music.126.net/ItGglGmjUh3x7HL2qHkurQ==/109951167277673214.jpg,10095686118,13.0,
2756019215,新月的摇篮曲（其一）：伴月同眠 Lullaby of the New Moon (I): Somnias a Luna,HOYO-MiX,http://p2.music.126.net/JSLtNdDEdVOHtmh64LOoAg==/109951172156847671.jpg,10095686118,13.0,
441491828,水星记,郭顶,http://p2.music.126.net/wSMfGvFzOAYRU_yVIfquAA==/2946691248081599.jpg,14049111689,13.0,
3327534568,某个黄昏,陈鸿宇,http://p2.music.126.net/nS7JpdNOGUPffz8-yCneGw==/109951172414465715.jpg,14049111689,13.0,
3327534476,壳类动物,陈鸿宇,http://p2.music.126.net/nS7JpdNOGUPffz8-yCneGw==/109951172414465715.jpg,14049111689,13.0,
1346104327,多想在平庸的生活拥抱你,隔壁老樊,http://p2.music.126.net/gNbAlXamNjhR2j3aOukNhg==/109951164232796511.jpg,14049111689,13.0,
3327536159,独自等待,陈鸿宇,http://p2.music.126.net/nS7JpdNOGUPffz8-yCneGw==/109951172414465715.jpg,14049111689,13.0,
3327534512,灿之,陈鸿宇,http://p2.music.126.net/nS7JpdNOGUPffz8-yCneGw==/109951172414465715.jpg,14049111689,13.0,
865632948,若把你,Kirsty刘瑾睿,http://p2.music.126.net/M877M2-VhWZiLPVFORf9iQ==/109951163401482434.jpg,14049111689,13.0,
3322661344,失望的山,SoulFa 灵魂沙发,http://p2.music.126.net/B6kjSr2h8nEW_kLntzovZg==/109951172354520936.jpg,14068943047,13.0,
2746933739,二娃出山,虫子乐队,http://p2.music.126.net/7xpH-nF6G-T8ZYoxAhISug==/109951172028571197.jpg,14068943047,13.0,
36392029,日落大道,梁博,http://p2.music.126.net/8Xt93DOQF6X9ayqSaXjVtA==/109951169775153266.jpg,14068943047,13.0,
29567193,我们的时光,赵雷,http://p2.music.126.net/pwcUlwh9MFZ_V3hGBOPaCQ==/109951169213425474.jpg,14068943047,13.0,
2668764089,去远方,付俊乐,http://p2.music.126.net/beWXRb6iXfqsDggGESDZdw==/109951170417154561.jpg,14068943047,13.0,
1974443815,程艾影,赵雷,http://p2.music.126.net/9bVOooAY6U6EJLzpv1Fikw==/109951169682871673.jpg,14068943047,13.0,
447926063,朵,赵雷,http://p2.music.126.net/-noYXenVuiTrlcxrCqNPjQ==/109951169213362679.jpg,14068943047,13.0,
5256469,大哥,卫兰,http://p1.music.126.net/i2P1ox4pWG9VLeoRFeUxfQ==/76965813961922.jpg,893126993,13.0,
306880,甜蜜蜜,薛凯琪,http://p1.music.126.net/Z_OZkpJDYJaKVTRe1iR6Sg==/109951165142131943.jpg,893126993,13.0,
25639351,人非草木,吴雨霏,http://p1.music.126.net/XP0Z_omJzrX8ejkCdPQfkA==/109951163188719347.jpg,893126993,13.0,
28838551,胭脂扣,袁咏仪,http://p1.music.126.net/WgyF93GQjpGqT4b_ncE6og==/109951168313375913.jpg,893126993,13.0,
308353,钟无艳,谢安琪,http://p1.music.126.net/e7y_BaALO6o0uM6I-mc5zw==/109951165206845950.jpg,893126993,13.0,
316686,处处吻,杨千嬅,http://p1.music.126.net/8w4C39C2OY2fRANvkSXo9Q==/109951163270254519.jpg,893126993,13.0,
299981,暧昧,王菲,http://p1.music.126.net/zVBLrprsjdhvm-dhBjx5bg==/109951166194474733.jpg,893126993,13.0,
2652417642,Time Tunnel,Nova Aurora,http://p2.music.126.net/4KL3bWa_JsNKBoP7lTlaYQ==/109951170214113434.jpg,6726680463,13.0,
446732031,winter bokeh,idealism,http://p2.music.126.net/fq0hzTQfWUi8rzv0qhe4Ug==/18583945534233783.jpg,6726680463,13.0,
2000704232,You’re Pitiful,M!nH,http://p2.music.126.net/-qlJfHAaGGX4wio2SvUhhQ==/109951169006080487.jpg,6726680463,13.0,
513440118,Stranger On The Shore,Acker Bilk,http://p2.music.126.net/2QXkTvIvGpPSDVKLJOHKOg==/18354147603256012.jpg,6726680463,13.0,
2650858459,Love Encounter,Dudley G,http://p2.music.126.net/ocSRJIedTWZrsbd1VTUaMg==/109951170194265767.jpg,6726680463,13.0,
411214133,Feelings.,jinsang,http://p2.music.126.net/TINHb-JBchvrGmCm_E6m_w==/109951165432095080.jpg,6726680463,13.0,
1411861153,Dusk,Blue Wednesday,http://p2.music.126.net/nB3GVCxvWIeGC35Tg-_sSg==/109951166467183109.jpg,6726680463,13.0,
521415750,Midnight Bounce,LAKEY INSPIRED,http://p2.music.126.net/ShQlCQ2zfEoGKIkVoKf-Jw==/109951163073769355.jpg,6726680463,13.0,
3323604076,Atmosphere,初星学園,http://p1.music.126.net/zl_tfItm6rvAUHy5TvhpkQ==/109951172369714389.jpg,10062750532,13.0,
2754195933,理論武装して,初星学園,http://p1.music.126.net/z_bxJHEt6o5YJGauETN8kA==/109951172132889604.jpg,10062750532,13.0,
2755592340,見て,初星学園,http://p1.music.126.net/OuSfCCluSghwAlVLQrGKQA==/109951172151864339.jpg,10062750532,13.0,
2754200273,空と約束,初星学園,http://p1.music.126.net/105AvQEsZEwulaL2Y7Ezlw==/109951172132884377.jpg,10062750532,13.0,
2744709237,36℃ U･B･U,初星学園,http://p1.music.126.net/rBCYSix0ddgAJlfQp80VXQ==/109951171994298222.jpg,10062750532,13.0,
2740102547,ナイワ,初星学園,http://p1.music.126.net/cXEVDTM11frtApK6TZzPVg==/109951171932517178.jpg,10062750532,13.0,
2740100881,Let's GO!! ICHI-NO-NI!!,初星学園,http://p1.music.126.net/vF9piXqRsOrKmbWkoTROyw==/109951171932515688.jpg,10062750532,13.0,
2738124453,SUPREMACY,初星学園,http://p1.music.126.net/UUpkwG47sXcpbvbojajXlA==/109951171901765817.jpg,10062750532,13.0,
2728105197,自己肯定感爆上げ↑↑しゅきしゅきソング,初星学園,http://p1.music.126.net/oFikP8GO7Owq1FLJ9rZYzA==/109951171495820411.jpg,10062750532,13.0,
2723690058,サンフェーデッド,初星学園,http://p1.music.126.net/ugKsRtfSrKO01HiBM_7nZA==/109951171419571149.jpg,10062750532,13.0,
28712318,FRAGILE,山下達郎,http://p1.music.126.net/_mo0lyMf2V5wG4FqkZraWA==/109951171752766794.jpg,12466000706,13.0,
1448304256,Tadow,FKJ,http://p1.music.126.net/LXR62r8243roZMowWZ09UA==/109951164988830716.jpg,12466000706,13.0,
460043753,One More Light,Linkin Park,http://p1.music.126.net/NOEA4UU_ORnyy2Q81CI9bQ==/109951169334020231.jpg,560017896,13.0,
574921778,Dilema (Remake),Vedo,http://p1.music.126.net/Gtxh-97MZw_sWm95sxx8AQ==/109951171851376194.jpg,560017896,13.0,
1844660535,Frankenstein,Claire Rosinkranz,http://p1.music.126.net/L1vKCIgoSRDBwTDQkK5ZQA==/109951165975258166.jpg,560017896,13.0,
2744403189,Opalite,Taylor Swift,http://p1.music.126.net/kgSrl1121l_8KNc77j8Qkw==/109951172077792684.jpg,560017896,13.0,
1498629887,Gimme On Up,Ariana Grande,http://p1.music.126.net/hJEeuBXfYothOOZzBtxOUQ==/109951165501298361.jpg,560017896,13.0,
2609715161,PINACOLADA,Thisizlondon,http://p1.music.126.net/-3RR9WPtEbMrkx61C9yCzg==/109951169799350549.jpg,13470216996,13.0,
2046281170,No Idea Lâtin,caleb982,http://p1.music.126.net/yEtgh8xNll6oZgVAnv7xzg==/109951170708011266.jpg,13470216996,13.0,
2611188995,afro jazz,Фрози,http://p1.music.126.net/vmTqRuvDw9nQM-UIqOaWlA==/109951169814734680.jpg,13470216996,13.0,
2712082398,no signal,juggsi,http://p1.music.126.net/LhPBxUZ4ieMKtTd6T9e1aA==/109951171262303092.jpg,13470216996,13.0,
2637204611,Piece of My Heart,WizKid,http://p2.music.126.net/sHDhZxUE6-gT4KxGjqDoCw==/109951170049683590.jpg,13470216996,13.0,
2719471140,飞1999,99 God,http://p2.music.126.net/qpYO2fj0wkpLAFglc6YTPA==/109951171359954829.jpg,13470216996,13.0,
2718926727,afrodita,Фрози,http://p2.music.126.net/pVsW0IRTxjPqWozw0CaLTg==/109951171354020665.jpg,13470216996,13.0,
1878048073,SAD GIRLZ LUV MONEY Remix (feat. Kali Uchis and Moliy),Amaarae,http://p2.music.126.net/KVSiXrfCKMMXg3vblrii0g==/109951166418524649.jpg,13470216996,13.0,
2137297876,On My Body,Tyla,http://p2.music.126.net/qhk54aHem6c5TBcNA0LhMQ==/109951169425996357.jpg,13470216996,13.0,
1844442265,Bonnie & Clyde,宋雨琦,http://p2.music.126.net/OQ1kZuqvpPnhVsY5c7brUw==/109951165972850435.jpg,14272923117,13.0,
2751899135,퐁당퐁당（扑通扑通）,4inlv,http://p1.music.126.net/0zLsi8l9lnM2XU3urNwQpw==/109951172094272417.jpg,14272923117,13.0,
2148792240,FREAK,宋雨琦,http://p1.music.126.net/XtLBb9G-O2VXb1oPwE9Usw==/109951169525425227.jpg,14272923117,13.0,
2751897673,可爱本爱,4inlv,http://p1.music.126.net/w0poPqePbZAgbDWsQaHxrw==/109951172094243069.jpg,14272923117,13.0,
2110023759,普通朋友,宋雨琦,http://p1.music.126.net/LBoJBB4xL0OjENulFqAdgw==/109951169368900058.jpg,14272923117,13.0,
2148791540,On Clap(Feat. Lexie Liu),宋雨琦,http://p1.music.126.net/XtLBb9G-O2VXb1oPwE9Usw==/109951169525425227.jpg,14272923117,13.0,
1844442254,Giant,宋雨琦,http://p1.music.126.net/OQ1kZuqvpPnhVsY5c7brUw==/109951165972850435.jpg,14272923117,13.0,
2148791541,Could It Be,宋雨琦,http://p1.music.126.net/XtLBb9G-O2VXb1oPwE9Usw==/109951169525425227.jpg,14272923117,13.0,
2108178791,"Fire! (feat. YUQI ((G)I-DLE), JVKE)",Alan Walker,http://p1.music.126.net/Ls38UEQzOD8XxU4-UuD5Uw==/109951170362572621.jpg,14272923117,13.0,
2148792242,Red Rover,宋雨琦,http://p1.music.126.net/XtLBb9G-O2VXb1oPwE9Usw==/109951169525425227.jpg,14272923117,13.0,
514543467,花の唄,Aimer,http://p1.music.126.net/0rtOR9T2Duf0RaL3ABl0xw==/109951171371909959.jpg,9192220851,13.0,
1363303614,STAND-ALONE,Aimer,http://p1.music.126.net/DTpdPyOWsCbss32dyfdu_A==/109951165048557795.jpg,9192220851,13.0,
2756061062,ひとひら,原田萌喜,http://p1.music.126.net/V1Fo4BK7X2T2NKQAtbXg_g==/109951172157534469.jpg,9192220851,13.0,
2716065075,ハレの日に - Harenohini,汐れいら,http://p1.music.126.net/tQVPNWQVIej5oJXrR9vM6w==/109951171315330657.jpg,9192220851,13.0,
1830636201,10月無口な君を忘れる,あたらよ,http://p1.music.126.net/SRtyTB66R_XsFO0C6qNIbQ==/109951165816149249.jpg,9192220851,13.0,
1325357378,秒針を噛む,ずっと真夜中でいいのに。,http://p1.music.126.net/S7fYKauzveE9NDDVstBQvw==/109951171178959502.jpg,9192220851,13.0,
29043459,庭園にて。,acane_madder,http://p2.music.126.net/TZLHgKeNwpLYrPLFAObU_A==/109951170712258410.jpg,9192220851,13.0,
2104742789,ハレハレヤ（朗朗晴天）,芝麻Mochi,http://p2.music.126.net/aYRHmzbc3CDjcC1gAwgIlQ==/109951169124922006.jpg,9192220851,13.0,
27733050,キセキ,ケラケラ,http://p2.music.126.net/lgTTAX718Mx7aUK2PcE1Zw==/5713062418024517.jpg,9192220851,13.0,
2669555835,【古琴】天地缓缓,东韵Dongyun,http://p2.music.126.net/7T1g7AuIaa1-GiXond0xxg==/109951171948462033.jpg,8590558861,13.0,
1986794308,How Long Will I Love You (AA 'Una Mattina' ）,finle,http://p2.music.126.net/thlWHOEovpOXh8o0pQtbQQ==/109951167936445748.jpg,8590558861,13.0,
2620966645,unamattina钢琴版,林清,http://p2.music.126.net/QKSQ0e5PbDc7o-4B5Ou6eQ==/109951169889448756.jpg,8590558861,13.0,
1806835572,12月24日简记,星云琴语,http://p2.music.126.net/ARHa4DW-h4nIliwZnZDfFA==/109951165565386700.jpg,8590558861,13.0,
2623939139,WhereTheTreesMeetTheFreeway (Instrumental),Aoshae,http://p2.music.126.net/Y6iRssOyuZUVq5LPRWHopg==/109951169930279877.jpg,8590558861,13.0,
2058688055,707,灰阶,http://p2.music.126.net/IQYPjxHLysBLMKfx0usMyw==/109951169046710719.jpg,8590558861,13.0,
2717635397,I want （为何幸福如履薄冰）,氟西汀海,http://p1.music.126.net/2jafsHR1MOcSsUdJrRAPBw==/109951171393173311.jpg,8590558861,13.0,
1454382683,Feint-My Sunset（Lauren Chen remix）,Lauren Chen,http://p1.music.126.net/QGcuT8Rp-wZS4AW-Mf-EzA==/109951165052265686.jpg,8590558861,13.0,
1438574395,ㅤ,Nacyan,http://p1.music.126.net/FOZLFBxP7WDRJnFXh-ZzZQ==/109951165091595056.jpg,8590558861,13.0,
3324846857,小问题,TizzyT,http://p1.music.126.net/_unjrno3g2ojZ4I6m4MAnQ==/109951172383235131.jpg,8638966720,13.0,
3324846859,大头贴,TizzyT,http://p1.music.126.net/_unjrno3g2ojZ4I6m4MAnQ==/109951172383235131.jpg,8638966720,13.0,
2627765006,唯一,CHOCKEY有三,http://p1.music.126.net/V7xpa_KO46FtClqT0XZ5xQ==/109951169976629191.jpg,8638966720,13.0,
1961990685,怀抱,弹壳Danko,http://p1.music.126.net/_MVYeiweXfdXRMm4DIaUag==/109951172144376924.jpg,8638966720,13.0,
1939898238,想到你,朴宰范,http://p1.music.126.net/EbOikTR7sC5UBFKVLqW5Zg==/109951167319359915.jpg,8638966720,13.0,
1846273697,甜甜圈,kkluv,http://p1.music.126.net/d8Yb2VofluIBBuhJEZ5XIg==/109951165992364719.jpg,8638966720,13.0,
1480054189,好辣,HADE,http://p1.music.126.net/EdUvkSOR2TPNQbedb68WDw==/109951165323581446.jpg,8638966720,13.0,
1389394944,爱你3000,潘玮柏,http://p1.music.126.net/4tZqz9yYK1WVTej1ZNGW8g==/109951164348892622.jpg,8638966720,13.0,
465920905,全部都是你,DP龙猪,http://p1.music.126.net/trGdnP4GyltSsVAWNq_jyQ==/109951170144215817.jpg,8638966720,13.0,
5164947,"12 Etudes, Op. 10:No. 12 in C Minor ""Revolutionary""",Vladimir Ashkenazy,http://p1.music.126.net/IMcumHmlZmJVLiSxHEGGzw==/109951169056616082.jpg,7019680451,13.0,
1060930,"Nocturne No. 7 in C Sharp Minor, Op. 27, No. 1",Arthur Rubinstein,http://p1.music.126.net/Dvhon4mH7qimTtE7q3omTw==/1419469524716144.jpg,7019680451,13.0,
2083311,Nocturne in E Minor. Op.72. No.1,Orkiestra Symfoniczna Filharmonii Narodowej,http://p1.music.126.net/3q6J3QlAYB5oKLKkLqNvZQ==/819136162746021.jpg,7019680451,13.0,
419832990,"Mazurka in A minor, Op. 17, No. 4",Vladimir Horowitz,http://p1.music.126.net/cQQ1Jh42hWmnR7Cw1nxQtw==/109951165960629574.jpg,7019680451,13.0,
26818412,24 Préludes Op.28:4. In E Minor,Martha Argerich,http://p1.music.126.net/MuB2T729JaHWvO7LySkB5w==/109951166313668388.jpg,7019680451,13.0,
403829695,"Piano Concerto No.1 in E minor, Op.11:2. Romance (Larghetto)",Krystian Zimerman,http://p1.music.126.net/QBpZk6QP-gTMD8rldzFGww==/109951165847327715.jpg,7019680451,13.0,
5164985,"12 Etudes, Op. 25:No. 11 in A Minor ""Winter Wind""",Vladimir Ashkenazy,http://p1.music.126.net/IMcumHmlZmJVLiSxHEGGzw==/109951169056616082.jpg,7019680451,13.0,
32696193,"Fantaisie In F Minor, Op.49",Krystian Zimerman,http://p1.music.126.net/W4yInD3WYQB_HKIJfm9Hbw==/109951165845339706.jpg,7019680451,13.0,
5220536,"Fantasie-Impromptu in C sharp minor, Op.66",Frédéric François Chopin,http://p1.music.126.net/73-aaCvFEMzYWhk8sXxVvQ==/1729531790501554.jpg,7019680451,13.0,
409830320,"Berceuse In D Flat, Op.57",Maurizio Pollini,http://p1.music.126.net/DWwDs6y0brKTsYNKm5HhCg==/109951166093604585.jpg,7019680451,13.0,
3319398936,一花一世界,一颗狼星,http://p1.music.126.net/6z6KKdi9Ctf7ytZZX9Pceg==/109951172309212057.jpg,12233500077,13.0,
2757503436,成花成树成自己,一颗狼星,http://p1.music.126.net/NdxXWd0kISMX4ubq2S3cGg==/109951172214439281.jpg,12233500077,13.0,
1977849891,月落的声音,一颗狼星,http://p1.music.126.net/Si_v6gSoc-G5v3RDYyhJng==/109951167838785861.jpg,12233500077,13.0,
1828574198,红马 (女版),一颗狼星,http://p1.music.126.net/cYMzOC93ZfLJETTG_eG_rw==/109951165854772243.jpg,12233500077,13.0,
2668967103,他乡望故乡,一颗狼星,http://p1.music.126.net/8QyKoRdRneIO4HfESOxV6A==/109951170419687909.jpg,12233500077,13.0,
2019279516,精卫,一颗狼星,http://p1.music.126.net/DRAwf2g65M3a-0xLKQw9jw==/109951168527005053.jpg,12233500077,13.0,
2020615639,白云喝了人间酒,一颗狼星,http://p1.music.126.net/En9JU9e-qukqymdSvl6tUg==/109951168292874122.jpg,12233500077,13.0,
2757203869,执骨人,九渊,http://p2.music.126.net/Al2CYiED5kfv2bauD7aRfg==/109951172174654676.jpg,12233500077,13.0,
2750131160,难解,一颗狼星,http://p2.music.126.net/PWBLoGmBQzgIU3YSDkiChA==/109951172068853202.jpg,12233500077,13.0,
2724832799,穿越时空的三二一,一颗狼星,http://p2.music.126.net/dPi07UxLuLZGB8oCEMOqjw==/109951171445409401.jpg,12233500077,13.0,
2749163364,四维浪漫,胧,http://p2.music.126.net/CaF4Cg0AYZtdPQmw_sahKw==/109951172056746676.jpg,14277297603,13.0,
2749168755,心在跳,胧,http://p2.music.126.net/CaF4Cg0AYZtdPQmw_sahKw==/109951172056746676.jpg,14277297603,13.0,
35678875,呼吸决定,Fine乐团,http://p2.music.126.net/qfDmwQk_TfyKXHODEdAaLw==/17771406439828281.jpg,14277297603,13.0,
2749499690,曾经的我们,4inlv,http://p2.music.126.net/5JjmW2grl0_P6sfEZrajEA==/109951172060515256.jpg,14277297603,13.0,
2730587506,泪尽,空屿7hz,http://p1.music.126.net/C3Elw2ZvHroIWnyutUwTMQ==/109951171529896284.jpg,14049111770,13.0,
2756661688,那个她pt2,忧郁荷包蛋,http://p1.music.126.net/dob-aIXsNSxhai8RmeBgSA==/109951172165838378.jpg,14049111770,13.0,
2756399700,冰冷,倦懒羊,http://p1.music.126.net/AIshFY1LjQMD6mupT3t44Q==/109951172161834299.jpg,14049111770,13.0,
2701538829,情刀,999PUNKSTA,http://p1.music.126.net/oQEn6t44ixJtkpIswzvIcA==/109951170947327965.jpg,14049111770,13.0,
3327024721,稻城,藤竹京,http://p1.music.126.net/PgRaQNqV0odsrqhkjedh-w==/109951172409413884.jpg,14049111770,13.0,
3323721151,就算能再见,陈默之,http://p1.music.126.net/1_pCj3cxpkYmX-xLXrDZvQ==/109951172370787919.jpg,14049111770,13.0,
2677113129,怪我,藤竹京,http://p1.music.126.net/PA--HoF8xblOaHeFatgT7Q==/109951170501857815.jpg,14049111770,13.0,
2159361650,Pack it up,Top Barry,http://p1.music.126.net/XQgLpatV-LFMdx55WuV8bA==/109951169706853419.jpg,14049111770,13.0,
2706243721,爱无能,MOTO,http://p1.music.126.net/mBhsSkfWODH8008-0--XFA==/109951170999075144.jpg,14049111770,13.0,
2668007402,冻结谎言,Veco,http://p1.music.126.net/siwQ_kmXGXdpFNH-ke9wvw==/109951170409533677.jpg,14049111770,13.0,
1384473180,Be Honest,Jorja Smith,http://p2.music.126.net/qcjF5gbmLEWwWs5n0GrmHg==/109951164297148770.jpg,12293272228,14.0,
2054152587,Co-Star,Amaarae,http://p2.music.126.net/Fc6YCaRNavJ23QmriJJjvQ==/109951168666902050.jpg,12293272228,14.0,
2723961914,IS IT,Tyla,http://p2.music.126.net/AT-GaOLYSLaZnUalTqkHkw==/109951171423061025.jpg,12293272228,14.0,
1421889027,Mbangu te,Ya Levis,http://p2.music.126.net/lzVTEmqFt1g0Udq2gZe1cg==/109951164689227106.jpg,12293272228,14.0,
2086968497,Henny Talk,Mellissa,http://p2.music.126.net/enW53eN4YkskCXSHpZqlcA==/109951169007868512.jpg,12293272228,14.0,
2674364535,Balorda nostalgia,Olly,http://p2.music.126.net/qlBshom1z19cXxe-Uk6rGQ==/109951170475912047.jpg,375236420,14.0,
2696217701,AMOR,Achille Lauro,http://p2.music.126.net/Hfa0JU6m5XLHqiHKlVCBgQ==/109951170734547408.jpg,375236420,14.0,
2705226366,Nessuna,Luchè,http://p2.music.126.net/O1wlp7Oqgrd2P5knLQ3-HA==/109951170986747538.jpg,375236420,14.0,
2645729469,Estate Punk,Benji & Fede,http://p2.music.126.net/oALvI1f67pTMK4LS66hxVg==/109951170143993494.jpg,375236420,14.0,
2164186711,Musica Animale,Benji & Fede,http://p2.music.126.net/TE6Ff5VQ-UYusatXDzqdJw==/109951169663384968.jpg,375236420,14.0,
2163629816,STORIE BREVI,Tananai,http://p2.music.126.net/Gt_Djpi_zoNDYdBltM9JDw==/109951169657696063.jpg,375236420,14.0,
2065840518,Piango In Discoteca,Mara Sattei,http://p2.music.126.net/igsGfh1gjvPtLephZ9u4PQ==/109951168753153280.jpg,375236420,14.0,
2058045516,Maledetto Mare,Federico Rossi,http://p2.music.126.net/LB4hTX3nyG6I2eDJb6ugFg==/109951168694145310.jpg,375236420,14.0,
2020906707,Duemilaminuti,Mara Sattei,http://p2.music.126.net/ELKaY5-wRYfxDMmjMMmHxg==/109951168313046615.jpg,375236420,14.0,
2020799873,Due,Elodie,http://p2.music.126.net/eRYljnfhonzADGgWTAnupg==/109951168294118887.jpg,375236420,14.0,
1899853682,You Look Lonely,Cassanova,http://p2.music.126.net/dw98cfXgXwqH6kYJLA1tgw==/109951166963873200.jpg,8261355008,14.0,
2743113843,Why You Play It Like That?,IAmNotARobot,http://p2.music.126.net/LtgVhqLBAseJ_LPUL6sZBg==/109951171971445144.jpg,8261355008,14.0,
3312041707,Won't Let You Go,Vicetone,http://p2.music.126.net/P7E4IQVBNtlIz0PZWmawww==/109951172208972184.jpg,8261355008,14.0,
1954149927,Right There,Alina Baraz,http://p2.music.126.net/d75AVaYe8nlmkegLnsvzFw==/109951167524007266.jpg,8261355008,14.0,
1968688397,Brandy Sippin',Yo Trane,http://p2.music.126.net/xFk1MOwZTZXKg4LSr7nUJg==/109951167735678740.jpg,8261355008,14.0,
2090137584,Want U,internet archives,http://p1.music.126.net/kyjfzfhgVJ7hIF8VyXKlcw==/109951168976556892.jpg,8261355008,14.0,
519935202,float,sturling.,http://p1.music.126.net/EwG1EO-T_7Vqswe_GlKG5Q==/109951163067411501.jpg,8261355008,14.0,
1410819129,Wrong,DaniLeigh,http://p1.music.126.net/rYQFzPOF1oDx4L2p3YnLMg==/109951164568982626.jpg,8261355008,14.0,
2164422374,Switch,OSA,http://p1.music.126.net/XYTrCi3tAk6auVzhE-sTsQ==/109951169669456567.jpg,8261355008,14.0,
2076121031,DIDA滴嗒,万妮达Vinida Weng,http://p1.music.126.net/MH0xGAG_HR7xtqiD-4x6RA==/109951168864519383.jpg,9514057070,14.0,
2036678571,消逝的多巴胺,CYCLE,http://p1.music.126.net/DYgGxtNkZkRP9NxZeQ-jfw==/109951168526158276.jpg,9514057070,14.0,
2689801054,ANGELINA,Pharrell,http://p1.music.126.net/kFlB1uF0itUheAl3sWCKpw==/109951170672515820.jpg,9514057070,14.0,
2165027362,My Heart,KONSTANCE,http://p1.music.126.net/2ijp1nqkv8PVIZRCmQ_CUQ==/109951169672584209.jpg,9514057070,14.0,
2657213143,Bundle By Bundle,Burna Boy,http://p1.music.126.net/W9WvWVstAgWlmRjAtCevZg==/109951170269338884.jpg,9514057070,14.0,
2090227077,Poison,Tamera,http://p1.music.126.net/0zcfgJ9aSqHy9HlUDQ4c-g==/109951168977380691.jpg,9514057070,14.0,
2694871396,Show Me Love (with Tyla),Tyla,http://p1.music.126.net/hRr_o1tWFWePqK2R5oFNXA==/109951170730734790.jpg,9514057070,14.0,
2735555705,Show Me Love (with Tia Ray),WizTheMC,http://p1.music.126.net/WWE1bs0eZjKqYF3TnjaBqA==/109951171875662737.jpg,9514057070,14.0,
28012012,なよ竹のかぐや姫 (古筝),久石譲,http://p2.music.126.net/ikxlaOJroWBbNkXPUtZ1oQ==/5650390255271040.jpg,454371535,14.0,
4881805,命,石田勝範,http://p2.music.126.net/C39Mb4Q7StS7yNtksQEHbw==/1705342534691126.jpg,454371535,14.0,
527090,三ッ星,東儀秀樹,http://p2.music.126.net/CBdkfCmJdjLoQKuMOrgnSw==/109951167993030611.jpg,454371535,14.0,
516093,六条御息所,住友紀人,http://p2.music.126.net/WCNh6xXJE5E5OB3xVgXMNw==/841126395291951.jpg,454371535,14.0,
4904991,大河悠久,TOGI+BAO,http://p2.music.126.net/Dfqe8d4ldZuNjqu5kaONrQ==/811439581298988.jpg,454371535,14.0,
683831,さくらさくら(二つの変奏曲より),AUN J-CLASSIC ORCHESTRA,http://p2.music.126.net/6M4GI6G-m4K-eVYqKmbp1g==/109951166455925208.jpg,454371535,14.0,
423031,浮舟,藤原道山,http://p2.music.126.net/1pstpoMW5zTddreqaGe3HA==/109951163969067852.jpg,454371535,14.0,
541114,時代を超える想い1,和田薫,http://p2.music.126.net/Ej8tzRsqWCJX0Fct-3gtoQ==/19227159834932766.jpg,454371535,14.0,
34601436,竹田の子守唄,藤原道山,http://p2.music.126.net/WtbBriWFbBYToa4YVelO5A==/7962663210759997.jpg,454371535,14.0,
541887,いとはかなし,吉森信,http://p2.music.126.net/xUKi4mjT2gn2AwEoMHEMcQ==/109951170190996168.jpg,454371535,14.0,
2030500715,斗安珠,等一下就回家,http://p1.music.126.net/aKtyEMxiECS8K-HU6V9aRg==/109951168488149496.jpg,2755446714,14.0,
2626480366,Причал,Antent,http://p2.music.126.net/pD6EOXlCg4A3pfjPgjcs0w==/109951169954621406.jpg,2755446714,14.0,
2726857261,Brutus,Em Beihold,http://p2.music.126.net/xamM6JGZjxB6BT_j_-2vmg==/109951171476838470.jpg,2755446714,14.0,
2673161004,Off The Hook,Jeff Jarvis,http://p2.music.126.net/4gbH3_RAl-QoImhVHanrVQ==/109951171332135140.jpg,2755446714,14.0,
1297510036,表情符号,洪嘉豪,http://p2.music.126.net/66oke4HvRRRFNqHZGOXjpw==/109951163861743111.jpg,2755446714,14.0,
1892267652,Fragile,Tatsuro Y,http://p2.music.126.net/pKUk7dyrFHNw_5mOosiwIA==/109951166586007717.jpg,2755446714,14.0,
1433934518,Levitating,Dua Lipa,http://p2.music.126.net/AJP6zkoNdMNqJxEpP5r_vQ==/109951169044863787.jpg,2755446714,14.0,
2154850334,BIRDS OF A FEATHER,Billie Eilish,http://p2.music.126.net/NZOnDqpyTA45AWL8kGsqxg==/109951169679537837.jpg,2755446714,14.0,
1293913379,Fight,BeatBrothers,http://p1.music.126.net/3PK8FWwja4Z6GCbrrh5KSQ==/109951170168356650.jpg,7499330006,14.0,
507585220,Fractures,ILLENIUM,http://p1.music.126.net/_khDFSlIIC2AiAq-jIrG4Q==/109951168786031313.jpg,7499330006,14.0,
437856225,How Far I'll Go,Alessia Cara,http://p1.music.126.net/TZmoKuKJpSbIM1LiOLjk1w==/1399678319237107.jpg,7499330006,14.0,
36587834,Scars To Your Beautiful,Alessia Cara,http://p1.music.126.net/T3AegcqpImgtaxl3TjkCHA==/109951163116055046.jpg,7499330006,14.0,
480516046,Illusion,Matilda,http://p1.music.126.net/QaGzNGnA4dlgax7FGn5kuQ==/109951165979997360.jpg,7499330006,14.0,
3323826649,新世紀情歌戰士:Eva&Lov3,Capper,http://p1.music.126.net/ZLunCTp4RRnu7N8lGVw4Fw==/109951172372358346.jpg,13886699120,14.0,
2749896173,深夜电台,Prime,http://p2.music.126.net/Q4EzEeY4aiuPexla1Kl9MA==/109951172065285337.jpg,13886699120,14.0,
2697958366,回忆将我刺痛,Badynow,http://p2.music.126.net/-HMDNGnffaljdjM-Doqz7A==/109951170821410459.jpg,13886699120,14.0,
2703869122,烟疤,鱼,http://p2.music.126.net/lhdcxGqNx8CKAoeEZpNlqw==/109951170973993317.jpg,13886699120,14.0,
2699270442,刺,神总是忧郁的,http://p2.music.126.net/RunuhMzuK-AKX4E7nCq_tw==/109951170909994572.jpg,13886699120,14.0,
3326661004,楓,十明,http://p1.music.126.net/R_L-I0YnBh-u9zEinAvkaA==/109951172405505680.jpg,2556651724,14.0,
2068193779,BLUE SOULS,A_o,http://p1.music.126.net/qYv9fT4TaH23EsbN9aHrog==/109951168772984343.jpg,2556651724,14.0,
1966079121,裏の底,konoco,http://p1.music.126.net/EkeV-LNDl9TFSKSo6sxuaA==/109951167703083037.jpg,2556651724,14.0,
1311346382,alittlesomething,ldst,http://p1.music.126.net/esUYzUBfjBf_jL6QiSb12w==/109951163563061566.jpg,2556651724,14.0,
31889418,遠い記憶、花束の赤 feat. *染,澤田空海理,http://p1.music.126.net/Mbyxj9amdZ0To_vITZ7SPw==/109951164193860565.jpg,2556651724,14.0,
2061225325,灰かぶり,十明,http://p1.music.126.net/4MF9s2rkB6t8RnnVwFWAQw==/109951168717178539.jpg,2556651724,14.0,
40915401,Intro,ラブリーサマーちゃん,http://p1.music.126.net/DjSKs4P36usnm-HQNIJkuQ==/109951167355126236.jpg,2556651724,14.0,
1391228950,くちなしの言葉,みゆな,http://p1.music.126.net/_vfooBqXs9-AMvdTSrGFUA==/109951164368047555.jpg,2556651724,14.0,
2709892032,星空,梦,http://p1.music.126.net/N14YEjq6V_6NfcxTh2CFsA==/109951171138223322.jpg,13549709969,14.0,
3313555607,长生树,在虚无中永存,http://p1.music.126.net/0wgcBs8wU7wPI6uo5kIUVg==/109951172225724242.jpg,13549709969,14.0,
2625804151,锚点,Youzee Music,http://p1.music.126.net/VcpEu8qL2Scm2mFRNyR4FQ==/109951169949728027.jpg,13549709969,14.0,
2630316924,inside,Juliana Chahayed,http://p1.music.126.net/HFIn0YLBKYATJBS2MKksHQ==/109951169991298330.jpg,13549709969,14.0,
1805695612,劣,榭季生,http://p1.music.126.net/5KLldQofw-Rercu0Nwqp6g==/109951165545394392.jpg,13549709969,14.0,
2742190201,Moments Only for You,DEN,http://p1.music.126.net/nzOyfqcQEJCMeAM_A1z0ug==/109951172214316018.jpg,13549709969,14.0,
2115162476,"[Free]""Run Away""-d4vd x Joji Type Beat",MORROW,http://p1.music.126.net/L8Z3jSrmoZA0z5K_NOB2JQ==/109951169241643554.jpg,13549709969,14.0,
1343701728,Lucky Final,go missing,http://p1.music.126.net/6ke9jxhYx1bT1V3Ay8XCEg==/109951166203611138.jpg,13549709969,14.0,
25918133,那时雨,徐良,http://p2.music.126.net/ecSWETjwzJuM47qaIm3ExA==/2279287604395078.jpg,13168051710,14.0,
2122615077,Forget it,SETI,http://p2.music.126.net/_jRndEytHJkJbSkoOUQ49g==/109951169859352741.jpg,13168051710,14.0,
2080177728,NUNA3.0,郑润泽,http://p1.music.126.net/HZ-fsdjxGFXrLpoOpseZIA==/109951169031129685.jpg,13168051710,14.0,
1920628043,有一种悲伤,黄丽玲,http://p1.music.126.net/LX5LYlgEpFsHTCYWdlifrQ==/109951165958881394.jpg,13168051710,14.0,
2750029981,沦陷2025,李嘉格,http://p1.music.126.net/Y28tXrphqXUi1KjuRErLrA==/109951172067843507.jpg,13168051710,14.0,
1368521273,寂寞寂寞不好,曹格,http://p1.music.126.net/RW1bcPptwnorZsOo_1wMXQ==/109951164109109761.jpg,13168051710,14.0,
1476256487,My Lovely Lady,Dennis Kuo,http://p1.music.126.net/YMA7dxhGoE2F7oDjEXLJ2g==/109951165292052768.jpg,14360286452,14.0,
1495924418,A Broken Heart Heals with Time,Dennis Kuo,http://p1.music.126.net/1vLsIB-4ES2__Zm-3DB79Q==/109951165475076090.jpg,14360286452,14.0,
3314681909,Love Star (爱之星),凌晨一点的莱茵猫,http://p1.music.126.net/pcJ9RI_0G5rllCJQbRfguA==/109951172240349194.jpg,14360286452,14.0,
2712774929,玻璃猫猫球鱼,心语馆,http://p2.music.126.net/aoh0xFafU_R05TSVqBjl8A==/109951171271542110.jpg,14360286452,14.0,
2710718405,浅夏悠悠,凌晨一点的莱茵猫,http://p2.music.126.net/c4rcLWS1IrC6eilPjMka7A==/109951171187380984.jpg,14360286452,14.0,
1436016643,꽃날,add_P,http://p2.music.126.net/nREGf8rwiTfTYfs9lwVX8g==/109951164856653085.jpg,14360286452,14.0,
1351182980,自由が丘,JINBAO,http://p2.music.126.net/cL4xlcO2KOOzsnIZB5Lmlw==/109951163917052870.jpg,14360286452,14.0,
2666118293,Dusk dancing (暮色舞动),凌晨一点的莱茵猫,http://p2.music.126.net/z8UqdserrdAOh65KSrIRrA==/109951170378604400.jpg,14360286452,14.0,
1405384220,Beautiful《孤单又灿烂的神-鬼怪》OST（翻自 Crush (크러쉬).）,D.Mao,http://p1.music.126.net/EVXHG8JY7Y-PzMlvjnhPAw==/109951164456874888.jpg,12463433635,14.0,
2108220784,True（与恶魔有约）韩剧插曲,羽宝YBAEK,http://p1.music.126.net/nkCY3_lpwOI6_4aE78QdQQ==/109951169968423936.jpg,12463433635,14.0,
1413539755,Stay With Me(Cover 灿烈&PUNCH)（翻自 灿烈）,XIANG,http://p1.music.126.net/WcH4SwkGmiR00k2rgRrn6Q==/109951164596866606.jpg,12463433635,14.0,
2657824370,公子不才,程莫,http://p1.music.126.net/v3B5G35Nk-qyXMI2gnH7jg==/109951170278768912.jpg,12463433635,14.0,
22673504,하루하루,BIGBANG,http://p1.music.126.net/NhfGHQAS-f_kkwzOtIMVxg==/942281465029058.jpg,12463433635,14.0,
5412258,Never Say Good Bye,마리오앤드,http://p1.music.126.net/oilu0u6oiOvZCeawfIFyiQ==/109951169928011956.jpg,12463433635,14.0,
2723675852,痛苦只是流经我,陈薇宇,http://p1.music.126.net/mQFq4n1xL1Uw-IT8-4kSJA==/109951171419254362.jpg,12463433635,14.0,
2669579521,化身为风,花见深雪,http://p1.music.126.net/gdM-i3R_jDLC7lB6AoKpzg==/109951170426235793.jpg,2648939822,14.0,
588007,Road to Glory~for Dragon Nest,KOKIA,http://p1.music.126.net/PdIymIuGHpWCIB8SzY40kQ==/109951167358595491.jpg,2648939822,14.0,
801248,Cailleach Bheur　,Pizzicato Strings,http://p1.music.126.net/kpr8kzjlD_SmQD8qZZFoXQ==/941181953376441.jpg,2648939822,14.0,
1428295,May It Be,Enya,http://p1.music.126.net/SYOE_vJ6ytfgwQ1B59S5Wg==/109951168873749829.jpg,2648939822,14.0,
2057575871,月明かりの宴,a_hisa,http://p1.music.126.net/fjUIYMofa86fpxajBJJXTw==/109951168691012857.jpg,2648939822,14.0,
32098415,溜息,Rainy Garden,http://p1.music.126.net/57tEzeAo9cxGc-4JkwkkBw==/2897213140592034.jpg,2648939822,14.0,
28242611,secret game,笠原由里,http://p1.music.126.net/h7Yj3E6V9jnDZERGpTeVbQ==/109951170423382263.jpg,2648939822,14.0,
2324487,主題歌Arrietty's Song,Cécile Corbel,http://p1.music.126.net/vsjjVbsE5v1rIGnDVviM3Q==/1716337650959823.jpg,2648939822,14.0,
3573486,The Harp of Dagda,Trobar De Morte,http://p1.music.126.net/1vNGjn1Z1B0RGlyDIldD0w==/109951165526125667.jpg,2648939822,14.0,
26480791,METHOD_METAFALICA/. #Infel extracting,但野ひと,http://p1.music.126.net/ToEdZtKwlPkvtqvIMBIfDA==/109951172378413526.jpg,2648939822,14.0,
30841789,No Shade in the Shadow of The Cross,Sufjan Stevens,http://p1.music.126.net/ro-6Zm6jaV3Qzg1YSva6fQ==/109951163507567012.jpg,14419841404,14.0,
17566198,Between The Bars,Elliott Smith,http://p1.music.126.net/HeXDaibWpeo84ZRzswYb3w==/109951169913204802.jpg,14419841404,14.0,
1935095,The Sound of Silence,Simon & Garfunkel,http://p1.music.126.net/--0pH-DeV1qsJ4PYsgZ0kw==/109951165960383264.jpg,14419841404,14.0,
1465114469,my tears ricochet,Taylor Swift,http://p1.music.126.net/b_6ZbpOz55g8oB4KR34aFw==/109951168971655174.jpg,14419841404,14.0,
16649894,Re: Stacks,Bon Iver,http://p1.music.126.net/61QBBl9or8Mzd9IjT7hlPQ==/109951163471279835.jpg,14419841404,14.0,
1465114564,epiphany,Taylor Swift,http://p1.music.126.net/b_6ZbpOz55g8oB4KR34aFw==/109951168971655174.jpg,14419841404,14.0,
1434457801,Kyoto,Phoebe Bridgers,http://p1.music.126.net/qkBfyZ2oB1dM-UWxfE3J_w==/109951164845891971.jpg,14419841404,14.0,
3584655,"The Glow, Pt. 2",The Microphones,http://p1.music.126.net/Hc6lLD0oCl8UlZkmlO6z1A==/109951164826470718.jpg,14419841404,14.0,
17549221,Two-Headed Boy Pt. 2,Neutral Milk Hotel,http://p1.music.126.net/ufBtWpUrItU6moOeFDyr6Q==/109951163383608536.jpg,14419841404,14.0,
26620821,追,张国荣,http://p2.music.126.net/5S903s30X7BZaSgJzqTgDw==/109951165291604535.jpg,914087134,14.0,
27874927,等,陈百强,http://p2.music.126.net/GusXTGbAGQ-K4EqB_xnQvQ==/109951165441187746.jpg,914087134,14.0,
196094,水,张继聪,http://p2.music.126.net/mjbD_tYx0ZmqERmu7xMPDA==/109951165774760355.jpg,914087134,14.0,
191171,无赖,郑中基,http://p2.music.126.net/2vFBKWUmF_jiWGaBgO6RaA==/17648261137761966.jpg,914087134,14.0,
65198,命硬,侧田,http://p2.music.126.net/q_ohh3T2QT5WxyOs5soBLA==/109951164016427893.jpg,914087134,14.0,
152428,朋友,谭咏麟,http://p2.music.126.net/wyeOwKD5-MhX_AOY6VFGLg==/109951172024571270.jpg,914087134,14.0,
1873049720,初恋,回春丹,http://p2.music.126.net/4NJvc1HOi4uv7cs4501Bjg==/109951166324714668.jpg,914087134,14.0,
192702,心照,郑伊健,http://p2.music.126.net/gFUGFxPzQ38NsFHz-rbZhA==/109951165958566878.jpg,914087134,14.0,
198033,家教,周吉佩,http://p2.music.126.net/3299YB62zRL5ZIHyoC15Xg==/89060441867128.jpg,914087134,14.0,
116760,从前,梁朝伟,http://p2.music.126.net/9a-6Jrd79SG5oW1i97whIw==/96757023260451.jpg,914087134,14.0,
1922282210,关于我在地铁上莫名其妙干了碗鸡汤这件事儿,孙天宇,http://p1.music.126.net/h_p_0a-ZY_Exhw3t4C1VUg==/109951169150550069.jpg,3122505313,14.0,
3320292186,"Zoo (From ""Zootopia 2""/Soundtrack Version)",Disney,http://p1.music.126.net/qmr78_uCYnYhhl22YcKi1Q==/109951172321185512.jpg,3122505313,14.0,
2749416807,小镇帅哥,王一珩OneSD,http://p1.music.126.net/orx4DMtdl3PUWA9IpV6XCg==/109951172177684927.jpg,3122505313,14.0,
1880593440,One Day(马来西亚雷鬼乐队),Oleg,http://p1.music.126.net/0zyCeHJdLXee1wbNj24dng==/109951166448245044.jpg,3122505313,14.0,
28167212,We Are Who We Are,Carina Dahl,http://p1.music.126.net/5hUf0Udnuy2vSMN3_m5-WQ==/109951168135475713.jpg,3122505313,14.0,
2753236382,The Fate of Ophelia,Taylor Swift,http://p1.music.126.net/68MavqLgWNWnfvXGhtlR3Q==/109951172119274378.jpg,3122505313,14.0,
26525808,Superstar,Jamelia,http://p1.music.126.net/bEep_db73f5byxubszum0w==/2335362697456584.jpg,3122505313,14.0,
19292804,22,Taylor Swift,http://p1.music.126.net/WS5zt4tq5KBONXcAktO2lA==/109951169270236134.jpg,3122505313,14.0,
29747527,My Dilemma 2.0,Selena Gomez,http://p1.music.126.net/HsVGAjm6Lxr6xaIpH0tCUw==/109951165991288681.jpg,3122505313,14.0,
2680765063,Funky Like Me,Viosteffa,http://p2.music.126.net/bgedI37BDoYWsZZbY1An4Q==/109951170537671825.jpg,3122505313,14.0,
3320292188,"Zootopening (From ""Zootopia 2""/Score)",Disney,http://p2.music.126.net/qmr78_uCYnYhhl22YcKi1Q==/109951172321185512.jpg,17482551467,14.0,
3320291433,"The Old Zoo Review (From ""Zootopia 2""/Score)",Disney,http://p2.music.126.net/qmr78_uCYnYhhl22YcKi1Q==/109951172321185512.jpg,17482551467,14.0,
3320292189,"Hot Fursuit (From ""Zootopia 2""/Score)",Disney,http://p2.music.126.net/qmr78_uCYnYhhl22YcKi1Q==/109951172321185512.jpg,17482551467,14.0,
3320291434,"A Commuted Relationship (From ""Zootopia 2""/Score)",Disney,http://p2.music.126.net/qmr78_uCYnYhhl22YcKi1Q==/109951172321185512.jpg,17482551467,14.0,
3320291435,"Journey to the Journal (From ""Zootopia 2""/Score)",Disney,http://p1.music.126.net/qmr78_uCYnYhhl22YcKi1Q==/109951172321185512.jpg,17482551467,14.0,
3320292190,"Snake Away Pt. 1 (From ""Zootopia 2""/Score)",Disney,http://p1.music.126.net/qmr78_uCYnYhhl22YcKi1Q==/109951172321185512.jpg,17482551467,14.0,
3320292191,"Snake Away Pt. 2 (From ""Zootopia 2""/Score)",Disney,http://p1.music.126.net/qmr78_uCYnYhhl22YcKi1Q==/109951172321185512.jpg,17482551467,14.0,
3320292192,"Big Into Fashion (From ""Zootopia 2""/Score)",Disney,http://p1.music.126.net/qmr78_uCYnYhhl22YcKi1Q==/109951172321185512.jpg,17482551467,14.0,
3320291436,"Marsh Market (From ""Zootopia 2""/Score)",Disney,http://p1.music.126.net/qmr78_uCYnYhhl22YcKi1Q==/109951172321185512.jpg,17482551467,14.0,
2622667253,Hours,DLSS,http://p1.music.126.net/MSzzLHyH8E32ttZC2CoB5Q==/109951169984650134.jpg,13644187809,14.0,
1484081302,END (Interlude),Sadako,http://p1.music.126.net/0ju8ET1ApZSXfWacc4w49w==/109951169484091680.jpg,13644187809,14.0,
1808235517,i walk this earth all by myself,EKKSTACY,http://p1.music.126.net/RR7ka9pLGzh8NLvub8JtnA==/109951168738990165.jpg,13644187809,14.0,
494642794,magnolia,keshi,http://p1.music.126.net/51MhPlXdP3edwqML9SxbZA==/109951168789051293.jpg,13644187809,14.0,
2006693987,novocaine,GenriX,http://p1.music.126.net/OjEQkRWt_RJU6ltlHNfh4w==/109951168146345169.jpg,13644187809,14.0,
1965557242,Nothing's New,Rio Romeo,http://p1.music.126.net/eTee2dgzJ6cq6HEo-3NZJw==/109951167695841591.jpg,13644187809,14.0,
512131531,守護霊,Yunomi,http://p1.music.126.net/mwPS-oHzHzS9QJ5y72eLmQ==/109951163040533789.jpg,689121986,14.0,
1343016814,白猫海賊船,日南結里,http://p1.music.126.net/mog628G4JLNEMi-GpWxccQ==/109951164647211717.jpg,689121986,14.0,
515452664,曖昧トリップ,Yunomi,http://p1.music.126.net/vzDVHuwJWUMdwGnNOnDBKQ==/109951163051176440.jpg,689121986,14.0,
483242395,Peppermint Lips,Krizin,http://p1.music.126.net/q7Ov82hLQ7erBh-7tQxPng==/109951170986548686.jpg,689121986,14.0,
478029466,走馬灯ラビリンス,Yunomi,http://p1.music.126.net/wdYL61W23hxvuhdqKRq_AQ==/109951171004144061.jpg,689121986,14.0,
1484336476,恋のうた,Yunomi,http://p1.music.126.net/xzbNPFaq89sLHKFC9K9Qjw==/109951165478440773.jpg,689121986,14.0,
1348722587,シュガーコート・ドリーム,指出毬亜,http://p1.music.126.net/jbDu05yfZlcXk7O-JC4uDQ==/109951170423318327.jpg,689121986,14.0,
1498555371,スイーツランド・パラドックス,指出毬亜,http://p1.music.126.net/ewSBU6cWvi66bNqTrKpC4A==/109951170423285932.jpg,689121986,14.0,
424262056,インドア系ならトラックメイカー,Yunomi,http://p1.music.126.net/Sx9opHK8mBRZZ8djKPs2ug==/109951169477236969.jpg,689121986,14.0,
461124817,ぱられループ を歌ってみた (Jeku remix),Jeku,http://p1.music.126.net/d0wC3QrLl6hQPOMxIXFZBg==/109951169011778614.jpg,689121986,14.0,
5122361,A Love That Will Last,Reneé Olstead,http://p1.music.126.net/neK-gxx_vqsP9NhJGK_srg==/684995744148418.jpg,14333765377,14.0,
3164434,Lonestar,Norah Jones,http://p1.music.126.net/Fvkx9DE3wjkR27Ndccf-7g==/825733232504385.jpg,14333765377,14.0,
1443007152,Regent's Park,Bruno Major,http://p1.music.126.net/r2izdwtreh3neMTK7BXtZg==/109951167913932184.jpg,14333765377,14.0,
22582246,Aquela,Marisa Monte,http://p1.music.126.net/iql3xHtvQXviJfj6bGa9QA==/109951164983098264.jpg,14333765377,14.0,
280551,L-O-V-E,Olivia Ong,http://p1.music.126.net/fpz0FBZSE-IWureIJKXmmA==/109951163448696135.jpg,14333765377,14.0,
2621544262,Let's Fall In Love,Anthony Lazaro,http://p1.music.126.net/q0c9uVhzTjLE3kNm_FmIqg==/109951169910551261.jpg,14333765377,14.0,
1828471,Full Moon Song,Peter Bradley Adams,http://p1.music.126.net/Z3yZZhCiI7qNM2MrYjhYZw==/109951164857408379.jpg,14333765377,14.0,
449577802,Easily,Bruno Major,http://p1.music.126.net/cRhvjMmk-VkbfXhUL_rKHg==/109951163253947137.jpg,14333765377,14.0,
31311695,Shots (Broiler Remix),Imagine Dragons,http://p1.music.126.net/pCggmlokub94Lxop1a3KOQ==/2942293116060555.jpg,17402819151,14.0,
167975,曾经的你,许巍,http://p1.music.126.net/GoiTB6oG3vQWntnCjKRw0g==/109951163092691594.jpg,17402819151,14.0,
3321332052,Moving On (PHONK）,冻痛,http://p1.music.126.net/dgkVvusJY8JjRl6bA5UrHg==/109951172338025543.jpg,17402819151,14.0,
550936829,Ferrari,Bebe Rexha,http://p1.music.126.net/J5TqXUNo7vCFF9m-I85AIA==/109951163848879403.jpg,17402819151,14.0,
2411634,A Thousand Years,Christina Perri,http://p1.music.126.net/3b9Qtu_aVyGvJiz60M0ACw==/109951167587259721.jpg,17402819151,14.0,
167880,像风一样自由,许巍,http://p1.music.126.net/4fstqUktGEIfi0IFN6i6Bg==/109951171415606565.jpg,17402819151,14.0,
2699501152,i want,氟西汀海,http://p2.music.126.net/2jafsHR1MOcSsUdJrRAPBw==/109951171393173311.jpg,13522002357,14.0,
1969841315,你说海的那边是____,HOPERUI,http://p1.music.126.net/3BN44yvvTkK5SrR-_1B4OA==/109951167749788622.jpg,13522002357,14.0,
3324971766,等一场雪,雪地里写诗,http://p1.music.126.net/XKW4LNKTagQS3cI0iPs6Xg==/109951172385775358.jpg,13522002357,14.0,
2725336089,_____如果忧郁是天赋,宅bb,http://p1.music.126.net/MjSVtblu44REScWmdMSKng==/109951171453440065.jpg,13522002357,14.0,
2726036076,遗憾吗幸福如此短暂,痛宝,http://p1.music.126.net/1FF7pBqrqRMPx6vfyGcptA==/109951171463733168.jpg,13522002357,14.0,
2726044460,"爱,唉,哎",天真难改,http://p1.music.126.net/na4anbD0p6crtwo9ejOmwQ==/109951171463784583.jpg,13522002357,14.0,
1349964388,Running Up That Hill,Meg Myers,http://p1.music.126.net/MKdvb4JqEkqoUbhNx-pPVQ==/109951163903774663.jpg,17463185633,14.0,
32619105,我管你,华晨宇,http://p1.music.126.net/UsSAd3Bdf77DjhCuTSEvUw==/109951163077613693.jpg,17463185633,14.0,
2083458328,Y&H,D.Ark,http://p1.music.126.net/vZ-invwpgd_aQ4V7sfI-3Q==/109951169015085936.jpg,17463185633,14.0,
455311479,Believer,Imagine Dragons,http://p1.music.126.net/CdSkAnfQhO5rrPo54noCHA==/18990764835137467.jpg,17463185633,14.0,
1951069525,精卫,30年前，50年后,http://p1.music.126.net/jSH_ikeooxveWl0BTc3Xkg==/109951166786983190.jpg,17463185633,14.0,
2756377815,I DiD IT,黄达DA,http://p1.music.126.net/MyIk0VPZSukbJ5Klk-91cA==/109951172161641001.jpg,17463185633,14.0,
570340213,极恶都市,夏日入侵企画,http://p1.music.126.net/ZqJp0p4eDzCUCboH-WZJYA==/109951163326946996.jpg,17463185633,14.0,
2750871692,夜光下的街角,清越,http://p1.music.126.net/GTGNWhnir_UvOpiwSav1IQ==/109951172080522342.jpg,17463185633,14.0,
1355981350,幸せ,小林幸子,http://p1.music.126.net/oxG0NxrM5zKK88lR8zMkCw==/109951163968483486.jpg,5016441660,14.0,
25916023,竹の歌,中島みゆき,http://p1.music.126.net/bRq3CUTiI1UefUz4a3pqEw==/109951169976926872.jpg,5016441660,14.0,
22773568,ひとり上手,中島みゆき,http://p1.music.126.net/ngb0JdZiiq7rltxDdts-LQ==/109951168308705935.jpg,5016441660,14.0,
22740392,さよならの向う側,山口百恵,http://p1.music.126.net/Pd_kpuFOZrOMhU7G9KLoVQ==/833429813877920.jpg,5016441660,14.0,
408007,恋におちて-Fall in Love-,徳永英明,http://p2.music.126.net/iKKb1xUjyD2ilwO0URMA6g==/834529325525074.jpg,5016441660,14.0,
22773665,この世に二人だけ(Remaster),中島みゆき,http://p2.music.126.net/KKdZYW9bsOEEO7RFsN_2Bw==/109951168761375370.jpg,5016441660,14.0,
473335997,時の流れに身をまかせ,邓丽君,http://p2.music.126.net/fLpaq74eX_XbSTRVmVazuQ==/109951171299424202.jpg,5016441660,14.0,
22773566,ルージュ,中島みゆき,http://p2.music.126.net/ngb0JdZiiq7rltxDdts-LQ==/109951168308705935.jpg,5016441660,14.0,
2628596589,Rainy Blue,徳永英明,http://p2.music.126.net/OJYcuvotFbeJcXMcbCHKIw==/109951169973278017.jpg,5016441660,14.0,
22663877,"OH NO,OH YES!",中森明菜,http://p2.music.126.net/hKBGcj6WmF8NoXNA5pQMAg==/109951168536420595.jpg,5016441660,14.0,
2699493459,人不能一辈子天真,过期乐手,http://p2.music.126.net/-6xHFUF-PfyGqsRHXXsCmw==/109951170917757339.jpg,13091776462,14.0,
471385043,暧昧,薛之谦,http://p2.music.126.net/fNbj5uDwltSDLbETdnEYYQ==/109951163069265719.jpg,13091776462,14.0,
2067368745,来不及爱你,h3R3,http://p2.music.126.net/CLeiwJIUhTFtYH29sU5HpA==/109951169047455411.jpg,13091776462,14.0,
2741649927,其实dj（热播版）,憨憨喊,http://p2.music.126.net/8fHxKaTjjC4PmSOT3LKIpw==/109951171953496277.jpg,13091776462,14.0,
2657517354,我发誓,固执体,http://p2.music.126.net/2_lZDSUdAza86r-7Eer6qA==/109951170270284789.jpg,13091776462,14.0,
3318800135,其实（热播版）,泰姬陵,http://p2.music.126.net/E6xufW2XJEdLK0PFVONW_g==/109951172283393763.jpg,13091776462,14.0,
2750503257,心情是阴雨天,Aico,http://p2.music.126.net/un10xpnNrl1WMYYGzO8RwA==/109951172074915836.jpg,13091776462,14.0,
3312656700,light,Lucas Benjamin Carter,http://p1.music.126.net/pVh_8yqKaWMBhk_ILGPbew==/109951172214909878.jpg,13859949158,15.0,
451703096,Shape of You,Ed Sheeran,http://p2.music.126.net/ZAbThPRnV0wVu2er0PIlvA==/109951168805157389.jpg,13859949158,15.0,
2712194305,No Broke Boys,Disco Lines,http://p2.music.126.net/gsGti6ksZ4TcYtGTgJUtDQ==/109951171263351815.jpg,13859949158,15.0,
465920775,Pretty Girl (Cheat Codes X CADE Remix),Cheat Codes,http://p2.music.126.net/hOf30XBk0fyRHV1OzruLPw==/18335455905376389.jpg,13859949158,15.0,
3315622848,Silver Flame,Lucas Benjamin Carter,http://p2.music.126.net/l-6Gz6HMMEiJnbK17zIBeQ==/109951172249937225.jpg,13859949158,15.0,
2619953379,千年,赖仔Morris,http://p2.music.126.net/9H7ONdz44vpaXNjgxMaCtw==/109951169894776240.jpg,8447567829,15.0,
27506597,故梦,橙翼,http://p2.music.126.net/kRVPPIg89SubJdckLMA0Ew==/109951167148105861.jpg,8447567829,15.0,
1383011136,寻常歌,蔡明希（不才）,http://p2.music.126.net/gg8utJDUGHfbyVd3tKXV_w==/109951164640667962.jpg,8447567829,15.0,
29759370,卷珠帘,周深,http://p2.music.126.net/5HdKk22BMvdSa4nKbcJeFA==/6632254139913884.jpg,8447567829,15.0,
1971190557,千年泪,曹雨航,http://p2.music.126.net/Yut94CPEP1MmjWSA8tRs7g==/109951167767902676.jpg,8447567829,15.0,
421137682,不老梦,银临,http://p2.music.126.net/C46EsA5gsbTPWjOFNLXlTA==/109951163023120938.jpg,8447567829,15.0,
2747241483,岸边客,夏子航（2603）,http://p2.music.126.net/D9DPTW0dn30MVBc5_yxb6w==/109951172028757969.jpg,8447567829,15.0,
1913299856,生死相随,王贰浪,http://p2.music.126.net/KfN486J34TH70DVLyomjAQ==/109951166954517993.jpg,8447567829,15.0,
2614414660,读不懂的结 让时间来解,心好冰冷,http://p1.music.126.net/DrYaKlqFGuhWP8-XOPb9vQ==/109951169845842459.jpg,14176698074,15.0,
2073180552,困住我的始终是那段回忆,Nine Band,http://p1.music.126.net/432fJXcMDXEfPda7IX1KQw==/109951168840398560.jpg,14176698074,15.0,
415792881,刚刚好,薛之谦,http://p1.music.126.net/hti_a0LADoFMBHvOBwAtRA==/1369991500930171.jpg,14176698074,15.0,
2124115505,忘记时间,杜宣达,http://p1.music.126.net/EnZUt_s-k2i2HrZglyMmUA==/109951169314600333.jpg,14176698074,15.0,
405599119,7 Years,Lukas Graham,http://p1.music.126.net/C-OacRqh41bAq-75Y4DDkg==/109951166367895646.jpg,13801725901,15.0,
431610014,Starboy,The Weeknd,http://p1.music.126.net/9i2hrhQfRPNbTWD6YVAQXg==/109951167103667631.jpg,13801725901,15.0,
1317380441,Trip,Ella Mai,http://p1.music.126.net/x5rLWpGL-FXC1BJb5pcb1w==/109951165289268897.jpg,13801725901,15.0,
16435049,Someone Like You,Adele,http://p1.music.126.net/fqY9QQUd3DbiFb6zPhAOsA==/109951168981902999.jpg,13801725901,15.0,
16667368,Mad Sexy Cool,Babyface,http://p1.music.126.net/hTp6kY1Nw4uwNHEhVaSEbw==/109951165991779776.jpg,13801725901,15.0,
1786895,Mad,Ne-Yo,http://p1.music.126.net/ZAizh7nLtthLGsSZZ-3sBg==/1670158162592172.jpg,13801725901,15.0,
2047103213,From The Start,Laufey,http://p1.music.126.net/V8Qkc44CIt5CoVjw6MdiMg==/109951168609507265.jpg,13872949043,15.0,
2702765411,想做你的小猫⦮. ̫ .⦯,千黛雪,http://p1.music.126.net/RzBKFCE1hG-HCRrS_PWqFA==/109951170954340871.jpg,13872949043,15.0,
2690867673,风一吹 回忆就散了,致郁日记,http://p1.music.126.net/jaCz8vABNI0cvx4OAgvYQQ==/109951170683299950.jpg,13872949043,15.0,
1313341399,Lightning Moment feat.fox capture plan,DJ Okawari,http://p1.music.126.net/CmHfDz5trhim-O4zaPg_YA==/109951168475732280.jpg,13872949043,15.0,
2639291583,モニタリング,DECO*27,http://p1.music.126.net/AyOZCkH55VboMessdJnXGg==/109951170067309376.jpg,13872949043,15.0,
1828127324,Make-up Shadow,ヨルシカ,http://p2.music.126.net/RB7IzaNsabs57rOETX2rRg==/109951165800625610.jpg,8780955963,15.0,
3319483197,DARMA GRAND PRIX,ヨルシカ,http://p2.music.126.net/PkmPhPgPtTl8GXjNFjKrWg==/109951172310524627.jpg,8780955963,15.0,
2666842841,へび,ヨルシカ,http://p2.music.126.net/cmTeJjOd2LSEbBQhmh-HHA==/109951170385896950.jpg,8780955963,15.0,
2649156123,太陽,ヨルシカ,http://p2.music.126.net/fpxcj-v_TRNXbsxjGFH13w==/109951170178125584.jpg,8780955963,15.0,
2634153295,アポリア,ヨルシカ,http://p2.music.126.net/Pm_XyfxR0gu5XCb-5vR9KA==/109951170023203859.jpg,8780955963,15.0,
2621540291,憂、燦々,ヨルシカ,http://p2.music.126.net/C2jfLARSqzzZiD8VdkauqQ==/109951169910528464.jpg,8780955963,15.0,
2607716396,忘れてください,ヨルシカ,http://p2.music.126.net/leeWUbb51Ss-Kn2O6ii5cw==/109951169778596650.jpg,8780955963,15.0,
2161057503,ルバート,ヨルシカ,http://p2.music.126.net/BNSgic6KUWr-eJrWFY4u0Q==/109951169634605453.jpg,8780955963,15.0,
2745090774,锈（刺痛思念 ）,刺痛思念,http://p2.music.126.net/SH6DLhmL1bKgGgEqxG88Pw==/109951171904892127.jpg,8906294483,15.0,
2663837607,别哭了我爱你,不要杀死我的爱,http://p2.music.126.net/4izJNiR-bz8wLqrcReCxAQ==/109951170357091670.jpg,8906294483,15.0,
2668049710,锁铐,Veco,http://p2.music.126.net/62FO8MJCYCTJ-8Wv269p5w==/109951170409974986.jpg,8906294483,15.0,
2647019664,镇痛药Part2,郁忧,http://p2.music.126.net/F4UgugIS0jY7nwdG-ZhGUQ==/109951170156122195.jpg,8906294483,15.0,
1823402129,錯覺,.Laom,http://p2.music.126.net/8R8YX_lWjDzET50JWyGGpA==/109951165763597461.jpg,8906294483,15.0,
2658478832,软禁,4FXIROC,http://p2.music.126.net/ld7yeykqcn-TvPL-2g7cTg==/109951170188255198.jpg,8906294483,15.0,
2715180940,失恋罪,LeaF.Y,http://p1.music.126.net/nQ7UA4_dOmBuOcz0UnVv9w==/109951171301849125.jpg,8906294483,15.0,
2724417233,悲悯海,恋愛幸运星,http://p1.music.126.net/zL-Yr1Eqv6-xJNvnZTn0yA==/109951171434457550.jpg,8906294483,15.0,
2643589516,西元爱,Jeston,http://p1.music.126.net/mIMjO_vRGb7AGltPKihacw==/109951169744979237.jpg,17423497108,15.0,
3315885014,泪点失帧,雾江月,http://p1.music.126.net/x1qzg4uSeSQuwskddUOamA==/109951172253137957.jpg,17423497108,15.0,
2747850136,新叶词,在虚无中永存,http://p1.music.126.net/b2oJ0ChUOsm0BlUXYYnJXw==/109951172036279426.jpg,17423497108,15.0,
2742227575,写给神明的歌,吴昊泽MUSICALBLAST,http://p1.music.126.net/YyXaqbd0PNgUNcBdc1hcjw==/109951171961584402.jpg,17423497108,15.0,
2660246431,春日幻想（给自己的年度报告）,狂吃不胖布阿拿,http://p1.music.126.net/58RBA6e4qZrM-CG4sqPb9A==/109951170313107607.jpg,17423497108,15.0,
2700674840,清尘,于行,http://p2.music.126.net/cCO1Gr9jN6ISqnCGpkR-rg==/109951170932806530.jpg,17423497108,15.0,
2715898401,美止无境,邹牧虞,http://p2.music.126.net/jFuIvxlfMHL6oVAkknCj0g==/109951171962068788.jpg,17423497108,15.0,
2659204063,你当像鸟飞往你的山,万能日记,http://p2.music.126.net/xZoo0m2ctlwc4AvWNQklqg==/109951170299334245.jpg,17423497108,15.0,
3327894449,I WISH (Explicit),21 Savage,http://p2.music.126.net/c1-haVqp3GEUapcEeuCX3g==/109951172418943185.jpg,13706688826,15.0,
2746668183,Iceman,Denk,http://p2.music.126.net/qIQFLrf9tvrjDXcZE6xQ6Q==/109951172022995897.jpg,13706688826,15.0,
2684616191,TOXIC,Playboi Carti,http://p2.music.126.net/wpPyg5lOIVzh7bMxHPvYtg==/109951170611393931.jpg,13706688826,15.0,
1384496555,Leave Em Alone,Quality Control,http://p2.music.126.net/QA3qfkehYB_9j9ywUqesJg==/109951165230376463.jpg,13706688826,15.0,
460043667,Mask Off,Future,http://p2.music.126.net/uUz9tjVOQXvC7gcjKURFbQ==/109951165980085651.jpg,13706688826,15.0,
1500339213,Attachments,Pressa,http://p2.music.126.net/G4SxcgILpgMSQac1nnt3OQ==/109951165516913831.jpg,13706688826,15.0,
426026646,Work (Derra Flip),Derra,http://p2.music.126.net/jmeQ5fNh7DyxMAoVszdaHw==/1377688083917653.jpg,13706688826,15.0,
1413988070,Yummy,Justin Bieber,http://p2.music.126.net/arL022NQ94WEv97FzlwTgA==/109951164707732979.jpg,13706688826,15.0,
2116634908,dark days,21 Savage,http://p2.music.126.net/9D9EhnX96sElrIrK0IlBLw==/109951169253194823.jpg,13706688826,15.0,
2757799702,Overcome,Joshua Hyslop,http://p1.music.126.net/szSsHS-lrBtea5y6rXrHVA==/109951172180795983.jpg,5475161057,15.0,
2652902348,These Days,Louis Island,http://p1.music.126.net/TDp-6E9m1f_yZ5PfJS6uPQ==/109951170729286834.jpg,5475161057,15.0,
2135741397,The Architect,Kacey Musgraves,http://p1.music.126.net/ue-nX6hmVGh7c84uYg46-A==/109951169412676277.jpg,5475161057,15.0,
25721015,Old Pine,Ben Howard,http://p1.music.126.net/JlLXh4y-dCFZF1HBzU133g==/109951166049831912.jpg,5475161057,15.0,
31997781,October,Jon D.,http://p1.music.126.net/FB5k4yTN9_jdPN-7yiXu0g==/17887954672548171.jpg,5475161057,15.0,
2625983816,Milk & Honey (Alternate Version),Hollow Coves,http://p1.music.126.net/_5dsS8SA1RETVO5m_zrFaw==/109951169951121971.jpg,5475161057,15.0,
2155215366,Run Away with Me,Louis Island,http://p1.music.126.net/qK_FBDKgHui4Eh15gVhUpQ==/109951169584382257.jpg,5475161057,15.0,
1955848370,Nothing's Missing,By The Coast,http://p1.music.126.net/3qBHUnX13DRs2neXeHfruA==/109951167549583491.jpg,5475161057,15.0,
2698851599,"How Long, How Low?",Chance Peña,http://p1.music.126.net/Ax1hkAqf5rTnxTHRe1hvHA==/109951170887442528.jpg,5475161057,15.0,
1461709438,Hush,신기원 (ShinGiWon),http://p1.music.126.net/8TsTOgish9eQlm7PbTWDmw==/109951165126216012.jpg,14417941736,15.0,
1917465387,New Home,Frozen Silence,http://p1.music.126.net/O_g8KaEMN3lrs6zwUvcgLg==/109951167012639843.jpg,14417941736,15.0,
2712715856,september,Ophelia Wilde,http://p1.music.126.net/Ipe68lflQ1a3ATRPHOzFSg==/109951171269865372.jpg,14417941736,15.0,
1932150265,Drifter,Ólafur Arnalds,http://p1.music.126.net/i1-AJ1MlTEk-M4qLTx06sg==/109951170185200523.jpg,14417941736,15.0,
17399448,Autumn Dreams,Danny Wright,http://p1.music.126.net/SinIuAhNg4NT4v4cOHIJSQ==/109951168116779613.jpg,14417941736,15.0,
28692661,October,Painless Destiny,http://p1.music.126.net/XoqMSAQB_dQPpAYIiCjTGA==/109951168276159378.jpg,14417941736,15.0,
40257849,秋叶,文武贝,http://p1.music.126.net/8v3NSd0axZ9lcWVWAc78ow==/16652103602965729.jpg,14417941736,15.0,
1824918324,orange hues,aqualina,http://p1.music.126.net/SJdNteqy96XY9X6doYOIOw==/109951171863018304.jpg,14417941736,15.0,
522320784,"Ich bin Himmel, wenn ich den Himmel liebe (feat. Seraphina Theresa)",Sergio Díaz De Rojas,http://p1.music.126.net/vfZFlGYOuCSL3fmLD2kSCg==/109951165322868501.jpg,14417941736,15.0,
1840808119,Mood (Lil Ghost Remix),24kGoldn,http://p2.music.126.net/Ggpf7jURLCUKKlT4qAUW4Q==/109951165929809633.jpg,17425085627,15.0,
2758260259,Mine Already,Dorothea Wang,http://p2.music.126.net/5UJQn7ov3HC7v4l3rXGetA==/109951172185671062.jpg,17425085627,15.0,
2734689724,On Life (NetEase Edit) (feat. Dylan Goldstone),Lunkai Li 李伦恺,http://p2.music.126.net/rmfaxGtKG91-_nUehg6fiA==/109951171424935878.jpg,17425085627,15.0,
2617646167,普通女孩,沙一汀EL,http://p2.music.126.net/WuECsFeBOT916fCZwEfCCQ==/109951169874834260.jpg,17425085627,15.0,
2746606436,Samegirl,海华沙,http://p2.music.126.net/osDVBwmF7-O70iRmcHRJvA==/109951172021660653.jpg,17425085627,15.0,
2745348770,SHOOT (Firecracker),彩瑛,http://p2.music.126.net/sSZyWHQFYFshZ-wo5E0Uyg==/109951172001755268.jpg,17425085627,15.0,
2746578370,Goodbye,Elecriot,http://p2.music.126.net/iOY3sAsy4Chg6jty9vjykQ==/109951172021503446.jpg,17425085627,15.0,
3323748441,童话 R&B,余翊,http://p2.music.126.net/nKu7GdRvY9-x7JTkwdtRYQ==/109951172371103942.jpg,13994743607,15.0,
2104333421,十二月的奇迹 (我望眼欲穿),呆呆破,http://p2.music.126.net/SxT45VkfzMLStUEUqUszng==/109951172355630185.jpg,13994743607,15.0,
491787693,情话,余佳运,http://p2.music.126.net/wq4kovh0U10fM6k7pkKA9w==/109951162978948565.jpg,13994743607,15.0,
2696373454,有一种遗憾叫我们,于冬然,http://p2.music.126.net/uJAhh56kNI9i8KcYzL-oiQ==/109951171485378955.jpg,13994743607,15.0,
2757289471,那我呢,张鑫,http://p2.music.126.net/Nl3cC3mjLybyEJCa9q6Cyg==/109951172175493291.jpg,13994743607,15.0,
3319732639,三两句,余翊,http://p2.music.126.net/9AvRBVfTZSt4sabxO9Bxuw==/109951172313328605.jpg,13994743607,15.0,
189688,寂寞沙洲冷,周传雄,http://p2.music.126.net/Phcgzvm2I3aiTdKMX0mTzw==/109951169493340540.jpg,13994743607,15.0,
476659144,小宇,桃德李Todd Li,http://p2.music.126.net/4azOvzVWCzln6E84lPKZ9A==/109951164548112691.jpg,13994743607,15.0,
17177324,Yellow,Coldplay,http://p1.music.126.net/n6BatGZdnRaEnIC0h7kVOg==/109951167815599264.jpg,8753805656,15.0,
1940757803,Suit,Nic D,http://p2.music.126.net/TbbjiEcqIQgAoOS2ZE81Jg==/109951167331700465.jpg,8753805656,15.0,
1891446696,Purple,Hollow Coves,http://p2.music.126.net/2FNwhXHKk5Yc9WBifJFRew==/109951167064317918.jpg,8753805656,15.0,
28828710,I See You,Priscilla Ahn,http://p2.music.126.net/KKHCIUMhr40Y4tWz9rrFoA==/109951164727983392.jpg,8753805656,15.0,
1946658691,Die Young,Sleepy Hallow,http://p1.music.126.net/v2ESDaztwsS1sGnRXaYqJQ==/109951167404720921.jpg,8109008930,15.0,
1400227689,Rear View,andrew spacey,http://p1.music.126.net/uUf9SOd2YbkKZopr6QEGSQ==/109951164459417393.jpg,8109008930,15.0,
442869469,Reminder,The Weeknd,http://p1.music.126.net/9i2hrhQfRPNbTWD6YVAQXg==/109951167103667631.jpg,8109008930,15.0,
473105747,Heartbeat,Childish Gambino,http://p1.music.126.net/esUvIZQgalwovT3uoRT4_w==/17731824021565642.jpg,8109008930,15.0,
574926602,In My Feelings,Drake,http://p1.music.126.net/I4xRY1Nd46fygwWIRY63DA==/109951163381683537.jpg,8109008930,15.0,
2152805690,Not Like Us,Kendrick Lamar,http://p1.music.126.net/2uNB1vOtLykIIu094zd95w==/109951169563204791.jpg,8109008930,15.0,
2149382511,MILLION DOLLAR BABY,Tommy Richman,http://p1.music.126.net/_NLDqpHoEtGrKHUWQnDd9w==/109951169818686047.jpg,8109008930,15.0,
1853776842,MEMORIES!,347aidan,http://p1.music.126.net/m7IVzWrcSykpcwfbWXkS_Q==/109951166092380690.jpg,8109008930,15.0,
2023591554,"Ex btch, Hate Me V2",苏小克,http://p1.music.126.net/0d5aDRUR2CS3zoinWt9ewA==/109951168389353665.jpg,8109008930,15.0,
1425665256,典狱司,抿抿甜,http://p2.music.126.net/V-7JWyKdxDOO5z7UAU9NuA==/109951168877369522.jpg,8459236152,15.0,
2672390541,画离弦 (Album Version),海伦,http://p2.music.126.net/PlC87ShZ_BynYbSs2EUGfA==/109951170456298377.jpg,8459236152,15.0,
2750664825,喧嚣,黄龄,http://p2.music.126.net/MVip_GVyusTKy7GN8OeXjQ==/109951172178128064.jpg,8459236152,15.0,
28754846,卷珠帘,霍尊,http://p2.music.126.net/QammUK3rCOAkkiszqz08eQ==/19202970579205912.jpg,8459236152,15.0,
3320076315,人穷志长,张弛,http://p2.music.126.net/By0AnR7BD2JUbxh6uzYcOA==/109951172317586353.jpg,8459236152,15.0,
2034814244,伶人,赵钶,http://p2.music.126.net/t1DlvY4eD7opBG08mn40sA==/109951168507105410.jpg,8459236152,15.0,
2662648647,游山恋 (Album Version),海伦,http://p2.music.126.net/PlC87ShZ_BynYbSs2EUGfA==/109951170456298377.jpg,8459236152,15.0,
2112947902,天行九歌,小酒睡不着,http://p2.music.126.net/TRzvXf4kBmLh9I-oEs3dmw==/109951165736687572.jpg,8459236152,15.0,
2068046512,落了白,蒋雪儿Snow.J,http://p2.music.126.net/plRPFkz46WBYj4Oz9zxw2w==/109951168771849563.jpg,8459236152,15.0,
2123450139,Don't Hold Back the Rain,Conor Maynard,http://p2.music.126.net/wrFxKKY8fGeh02UFh4zXxA==/109951169341616405.jpg,9989958868,15.0,
1458198015,Long Nights,6LACK,http://p2.music.126.net/onfiD0a1OUlHPwB5x6FPxw==/109951169159564390.jpg,9989958868,15.0,
1494986963,BullShit,DaniLeigh,http://p2.music.126.net/Vj4R6-KTSysbQuQuZ_FuRw==/109951165465180684.jpg,9989958868,15.0,
1319929275,Loveeeeeee Song (Album Version (Edited)),Rihanna,http://p2.music.126.net/oVUT_3_06iVnqcEvjcdG8w==/109951166381410802.jpg,9989958868,15.0,
1457329436,Firefighter,Jahkoy,http://p2.music.126.net/yyhfTbZT8eKr_yHQ0MKMew==/109951165342067305.jpg,9989958868,15.0,
2614455932,BLUE BLUE,TINY7,http://p2.music.126.net/RkVw-kVew4zMoAG1nVmHyw==/109951169846213671.jpg,9989958868,15.0,
466343434,Passionfruit,Drake,http://p2.music.126.net/f_zVeqY3DzENWACQoKCiEg==/109951167113032591.jpg,9989958868,15.0,
1412496491,Over And Again,Motion,http://p2.music.126.net/Cy_RzginyWHTJYqbdXW_Ww==/109951164583046829.jpg,9989958868,15.0,
1924466021,The Two Of Us,Shade Jenifer,http://p2.music.126.net/g7vQClKyp2sf7tA2eNNcFw==/109951170516691606.jpg,9989958868,15.0,
2088813190,different,leejean,http://p2.music.126.net/sTskCoPQuziwTQYHZ5Q5Rw==/109951169928725925.jpg,9989958868,15.0,
1846290436,Promise Me,A1 TRIP,http://p2.music.126.net/x8IDUiVcv_z_nFsmMDRBRw==/109951165995205268.jpg,13990355752,15.0,
530986052,返老还童,胡彦斌,http://p2.music.126.net/um599QnnJiNQhZgWLtgmXw==/109951168111322942.jpg,13990355752,15.0,
1908083479,柑橘乌云,Capper,http://p2.music.126.net/3CIzjJXMMTUYhl0PClJbCw==/109951167087479203.jpg,13990355752,15.0,
1918576268,红,罗言,http://p2.music.126.net/G-inyKjA-jO5MuOuV3g7Pg==/109951167027986653.jpg,13990355752,15.0,
1456659704,red lips（被我蒙对）,沙一汀EL,http://p2.music.126.net/MOO71VLFwuGyw3aCB0N-1Q==/109951166380561612.jpg,13990355752,15.0,
2647831829,我爱你但是我要回家,ET,http://p2.music.126.net/VZe8WHdF3L9A2oEVVVmh1g==/109951170165615900.jpg,13990355752,15.0,
3312166764,我是一只鱼,梓渝,http://p2.music.126.net/rs_c5bed98m9-_kDQjY_2Q==/109951172278304991.jpg,14169303037,15.0,
2744694487,下一页,梓渝,http://p1.music.126.net/nWjIX-WP9bCR5ddHT8fJwA==/109951172161446314.jpg,14169303037,15.0,
2713638563,肆意生花,梓渝,http://p1.music.126.net/7-I-DjmoUQRu0JRKxsBkUg==/109951171283342843.jpg,14169303037,15.0,
1941657144,It Is What It Is,Jamie Miller,http://p1.music.126.net/KKgUg9N1-68M9Gdk_xadWg==/109951167342689095.jpg,14169303037,15.0,
409276125,偷走,萧煌奇,http://p1.music.126.net/zvDkjqbLegpI3Sd4Hkmenw==/109951171943438482.jpg,14169303037,15.0,
1372783563,Woah,Krypto9095,http://p1.music.126.net/jT11FHDoZz_Qg5K0yJjkwA==/109951165987078185.jpg,14169303037,15.0,
509531855,Rerock,XON,http://p1.music.126.net/zva0DrgOWwBCfZNy9F-u4w==/109951170623272571.jpg,14169303037,15.0,
25638340,此生不换,青鸟飞鱼,http://p2.music.126.net/UyDVlWWgOn8p8U8uQ_I1xQ==/7934075907687518.jpg,14427048038,15.0,
86360,忘记时间,胡歌,http://p2.music.126.net/a4KYp477snGHe3ZyjVpe1w==/109951165351505570.jpg,14427048038,15.0,
5238992,偏爱,张芸京,http://p2.music.126.net/L-7tS-3YBuh558I8OYbA3g==/6667438510890774.jpg,14427048038,15.0,
86357,生生世世爱,吴雨霏,http://p2.music.126.net/a4KYp477snGHe3ZyjVpe1w==/109951165351505570.jpg,14427048038,15.0,
86365,光棍,胡歌,http://p2.music.126.net/a4KYp477snGHe3ZyjVpe1w==/109951165351505570.jpg,14427048038,15.0,
406730463,星月神话,金莎,http://p2.music.126.net/Ka9mTytJ3bEOLG0Gz-HqkA==/3274345638672304.jpg,14427048038,15.0,
28178222,尘埃,家家,http://p2.music.126.net/sf5h4QpYty8fKiLrpwJKqw==/109951168144061436.jpg,14427048038,15.0,
32619064,年轮,张碧晨,http://p2.music.126.net/5D4hfLdRezRlax4OWiPgnw==/2899412164997218.jpg,14427048038,15.0,
34179901,剑心,张杰,http://p2.music.126.net/lRZ9Jnhb1VaD9v_5YrJB0g==/109951165625474238.jpg,14427048038,15.0,
108254,一眼万年,林俊杰,http://p2.music.126.net/LI3duoHIZyyLawRJLY51kA==/109951172024569374.jpg,14427048038,15.0,
1897084229,残響散歌,Aimer,http://p1.music.126.net/TxbZvQRBUOX3ieBaHkf4LQ==/109951166647485809.jpg,17424895583,15.0,
2033848662,絆ノ奇跡,MAN WITH A MISSION,http://p1.music.126.net/1m8qhYNubHcxpJw0VgDGzg==/109951168500433013.jpg,17424895583,15.0,
2620711662,MY ROUND（夢ノ結唱 ROSE）,鲷鱼,http://p1.music.126.net/26yhzqySCHZdD5qPZ6dqqA==/109951169903358896.jpg,17424895583,15.0,
1803908863,怪物,YOASOBI,http://p1.music.126.net/M9FA7rm098sFErf-B7QWOw==/109951165536665031.jpg,17424895583,15.0,
2707715188,Moonlight Tower （月光之塔）,夜伽話,http://p1.music.126.net/4dzeaVl2vs327LDzzx99GA==/109951171015915322.jpg,17424895583,15.0,
2600174175,もしも明日僕が消えたら（如果我明天就要离开这世界）,依舟舟舟嗷_,http://p1.music.126.net/fnOTCF-QXrcHO5enjrzg9g==/109951169700372163.jpg,17424895583,15.0,
2074163984,SPECIALZ,King Gnu,http://p1.music.126.net/LielQw8AQQDLGQwj-xhOjA==/109951168848035270.jpg,17424895583,15.0,
2146002926,不要说话（翻唱热播）,炫动小霸王,http://p1.music.126.net/nakO3OT2weg4KTSKuVtfaw==/109951169498745000.jpg,13853921015,15.0,
1982259003,明天也许会更好吧,周大发,http://p1.music.126.net/r9rmI6vg7t2vyjCZyF85ZA==/109951167885755045.jpg,13853921015,15.0,
1995986945,Why,REDRUM MUSIC,http://p1.music.126.net/DGMypg-L7VZh-m7PUnzFBw==/109951168035630764.jpg,13853921015,15.0,
1993835641,浪漫血液（榴莲阿）,榴莲阿,http://p1.music.126.net/BU8xHn_w9E1jKYzn4w8bIw==/109951168013891894.jpg,13853921015,15.0,
108292,第几个100天 (Live),林俊杰,http://p1.music.126.net/W5s8tYUTVjioG83ZAKWU8g==/109951171387078747.jpg,13853921015,15.0,
3318058558,一滴泪的时间（女声抒情版）,王有有,http://p1.music.126.net/EVYPqq5OYNthoUg_YxE2QQ==/109951172284892300.jpg,13853921015,15.0,
2029889380,背叛,呆呆破,http://p1.music.126.net/5_H5oBEE12VKtQIDB35xEA==/109951168487800533.jpg,13853921015,15.0,
2638833227,X-GALACTICO (Super Slowed),Glichery,http://p1.music.126.net/2qcaFjrWYk0beNV21UtfvA==/109951170064032399.jpg,17475185642,15.0,
2758148190,Montagem Fell Down (PHONK),Alex Lorry,http://p1.music.126.net/rl-VGL_pJ9YZ0KHwufVMEQ==/109951172179548147.jpg,17475185642,15.0,
2742959157,SEN PARAR,MXZI,http://p1.music.126.net/4uvuS26lCFqUkKlnqk7Ysw==/109951171970073470.jpg,17475185642,15.0,
2603142139,ANGEL,Shipu,http://p1.music.126.net/RxmhkAbU4DyG9KQyTJ5-yw==/109951169731470097.jpg,17475185642,15.0,
2036131799,Untitled #13,GLWZBLL,http://p1.music.126.net/qqu1uaniSiRRBAVZJ3kqkg==/109951168520620318.jpg,17475185642,15.0,
1962386511,City 17,Aega,http://p1.music.126.net/ytljpRnYlRGA02iGPKVEzQ==/109951167642757482.jpg,17475185642,15.0,
2618273925,Automotivo Arrepiante,Mc Gw,http://p1.music.126.net/ibznhXh2VdSO0F0s9rG5Aw==/109951169880734950.jpg,17475185642,15.0,
28211122,살만찌고,4MINUTE,http://p2.music.126.net/sy7r-iaHGq_R5yWKWyPtxw==/109951170461862444.jpg,8131340666,15.0,
423406119,꼬리쳐,泫雅,http://p2.music.126.net/WGhIBiDGQ4LTTN4OzHv4sQ==/3265549570670682.jpg,8131340666,15.0,
1416378346,아무노래,Zico,http://p2.music.126.net/ivJm7wFLCtwXqpWhdZb7ZA==/109951164622896718.jpg,8131340666,15.0,
22842458,내가 웃는게 아니야 (with ALI ),Leessang,http://p2.music.126.net/h9El9236ezEh-wRnIqUPxA==/109951168743967922.jpg,8131340666,15.0,
22833463,Missing You,G-DRAGON,http://p2.music.126.net/biyE3x5lQpkoT-CGcxcj3w==/921390744100850.jpg,8131340666,15.0,
36270548,몸매 (MOMMAE),朴宰范,http://p2.music.126.net/_HzN2pA1BNN0S6_DYVa_lA==/109951170230281315.jpg,8131340666,15.0,
22669802,Honey,Kara,http://p2.music.126.net/CcTI82nqLoOqeCXPSLnbug==/5515150325000317.jpg,8131340666,15.0,
26540730,All Right,金艺林,http://p2.music.126.net/DF9i2mGFNz0ycylXpcN3eQ==/109951171316683758.jpg,8131340666,15.0,
1877029918,MONEY,LISA,http://p2.music.126.net/GUEVRN5deb-h8wUyLw8VMA==/109951167720839982.jpg,8131340666,15.0,
501133196,Yellow,向井太一,http://p1.music.126.net/YKretTq2h641y0PSva_fZg==/109951168429369561.jpg,8891502716,15.0,
2126420774,Let's Play,Dabeull,http://p1.music.126.net/p0GU7FMa9z4Pozm1Ok_0hA==/109951169336421922.jpg,8891502716,15.0,
27552861,"Hold On, We're Going Home",Drake,http://p1.music.126.net/R2j65jDPURe6ePE7bK3Q8A==/109951165995836721.jpg,8891502716,15.0,
2126420777,I Can't Stop,Dabeull,http://p1.music.126.net/p0GU7FMa9z4Pozm1Ok_0hA==/109951169336421922.jpg,8891502716,15.0,
20943349,Mrs. Officer,Lil Wayne,http://p1.music.126.net/IUs7HaNq5mSJB7_tlmvLoQ==/109951169012924841.jpg,8891502716,15.0,
1592854,Your Style (Remix),J. Williams,http://p1.music.126.net/0ju8ET1ApZSXfWacc4w49w==/109951169484091680.jpg,8891502716,15.0,
1617435,The Fast Life (feat. Esna),Kero One,http://p1.music.126.net/bJVCP8QL2nts8SbKOsEBpA==/109951169415372185.jpg,8891502716,15.0,
39324983,"Look At Me, Look At U",Prince,http://p1.music.126.net/aHDTPcNrjEPL1NbREwjq2g==/109951166977259727.jpg,8891502716,15.0,
487210760,Holiday,Calvin Harris,http://p1.music.126.net/t2qTeb7hcJlcPyu0yFtb-A==/109951165981573538.jpg,8891502716,15.0,
1345571065,遇见,郑润泽,http://p2.music.126.net/4Hjd-x0JZor7nLIBnD-Upw==/109951163470907790.jpg,9123157518,15.0,
1419232234,無笑,YOURNIGHT有乃,http://p2.music.126.net/Yd82G69ZiXjay4COrC9hmw==/109951164657440666.jpg,9123157518,15.0,
2036556394,敷衍设定,刘大拿,http://p2.music.126.net/QgDVlFqME4Fw_Y_535ytxw==/109951168558806707.jpg,9123157518,15.0,
1894638908,n55w,Ade,http://p2.music.126.net/zQdaiwNUWWZZC3EW_rBbww==/109951166617435620.jpg,9123157518,15.0,
1330054113,爱而不得,不用提醒我,http://p2.music.126.net/J6BfwDtoi0CV0EHl4zlfmQ==/109951163697793530.jpg,9123157518,15.0,
2730681486,引导型恋人,万乐体,http://p2.music.126.net/N1kKPCCWRlGtQbFqJmqTvw==/109951171530855962.jpg,9123157518,15.0,
2720069149,坏女孩其实并不坏,爱男孩,http://p2.music.126.net/GqpjZtfCyFD3uhMNcjMPug==/109951171367215147.jpg,9123157518,15.0,
2716211621,替身,4444,http://p2.music.126.net/X2opufxaqmGawIOQzUzidA==/109951171316932804.jpg,9123157518,15.0,
2751626095,上马,Ice FIre,http://p2.music.126.net/GJym3OQieIsmpa5jZwDSRg==/109951172089839302.jpg,14296514712,15.0,
3326665574,秋末,Ice FIre,http://p2.music.126.net/8m6Jfd3fbB7FdTkwChMSkA==/109951172405548962.jpg,14296514712,15.0,
3313855197,当时的明月,Ice FIre,http://p2.music.126.net/NG3MzBr4sGnejAjfo0afhA==/109951172232076337.jpg,14296514712,15.0,
1472921626,刻在我心底的名字,卢广仲,http://p1.music.126.net/hP30WVUoRy-wE3c-prxr0g==/109951165256630492.jpg,5465827865,15.0,
1336990251,怎么了,周兴哲,http://p1.music.126.net/VyGGk8QvpAVPjIzjrQcX8Q==/109951165958893769.jpg,5465827865,15.0,
2701139855,颜色,Gareth.T,http://p1.music.126.net/NBYS2W-x3p2IVNvHMcylMg==/109951170940524301.jpg,5465827865,15.0,
2163637432,可我只是海,LBI利比,http://p1.music.126.net/-cO7z_BeCbM2qequ-TvGhg==/109951169657770703.jpg,5465827865,15.0,
2619125556,才二十三,方大同,http://p1.music.126.net/dlsDdLopwJrE8JlWgWbaOA==/109951170031584299.jpg,5465827865,15.0,
150524,寂寞的季节,陶喆,http://p2.music.126.net/4uHOznBK63ZOa9vft8qjxQ==/109951164124485287.jpg,5465827865,15.0,
5231391,怎么唱情歌,刘惜君,http://p2.music.126.net/aksSmEditXsaWZlzbx5ngA==/67070209300227.jpg,5465827865,15.0,
3316268338,Could Have Been,Huawey,http://p1.music.126.net/UnW5islQmnbCCfPavlFxXA==/109951172388922217.jpg,13886701814,15.0,
1815725297,Dehors,JORDANN,http://p1.music.126.net/7IM_iRaCe2Pe9TU7PMTdqQ==/109951169635570073.jpg,13886701814,15.0,
500410102,Run Free,Deep Chills,http://p1.music.126.net/LV_IAlM1CjvvGj8DeL75iw==/109951164372894503.jpg,13886701814,15.0,
447925342,Meant To Be,Arc North,http://p1.music.126.net/Zi6fKsS9k_Tyy8knE82spg==/109951163371292061.jpg,14068521651,15.0,
174941,电话里的秘密,徐良,http://p1.music.126.net/a82aXr_eNkbFX0BkXuKvgg==/109951172050962571.jpg,9887455167,15.0,
2102678825,失约海,sea蕊,http://p1.music.126.net/TrmyXnXoyWHenFvWBvColQ==/109951169086264283.jpg,9887455167,15.0,
1844529473,因为喜欢你所以就算整个世界都远离你,精彩高迪,http://p1.music.126.net/a8vx-nt2clZ4Q9KQB9np_A==/109951165973736914.jpg,9887455167,15.0,
2091396176,你是我的女朋友（原唱：小右）,JESSE,http://p1.music.126.net/UU3v5fhAbs7hARqW0rzwEA==/109951168987445630.jpg,9887455167,15.0,
3316298279,雨后,常国庆,http://p1.music.126.net/sXULSdalQTx39CC7Xq7nCg==/109951172259772646.jpg,9887455167,15.0,
2692761474,正在输入中,UM,http://p1.music.126.net/tPv4e_UQXu0ww4uPqeMG5g==/109951170706214348.jpg,9887455167,15.0,
3321834617,患失,PanT,http://p1.music.126.net/ks8Z6rw4jPas5M-Ckc2LWA==/109951172344535692.jpg,9887455167,15.0,
2758538358,冷空气,Zzh,http://p1.music.126.net/Ptk4g3BWtTU9lkB2rwXyBg==/109951172194860522.jpg,9887455167,15.0,
2755924964,挂机（厌倦了吵架厌倦了迷人的谎话）,Lefty,http://p1.music.126.net/Kf7bf40FoxrDissVeDPIXg==/109951172156257022.jpg,9887455167,15.0,
427606780,Windy Hill,羽肿,http://p2.music.126.net/R5wdneWJADdilEDtqBev-w==/109951169463411528.jpg,14020421568,16.0,
1860661903,Call of Silence,Haru,http://p2.music.126.net/aHQD0FUKZgSkIGgjugzOrQ==/109951166172183753.jpg,14020421568,16.0,
1989336467,Counter Attack（钢琴版）,ILLBlAUER,http://p2.music.126.net/D-inZxmDiBb6xyssSSqCHw==/109951167964523885.jpg,14020421568,16.0,
36953776,Dusk,Peter Jeremias,http://p2.music.126.net/N8xboZj9wRRL40VromydKg==/109951170707283900.jpg,14020421568,16.0,
406173,Flower Dance,DJ Okawari,http://p2.music.126.net/5zQX8kyNR_lRkunFtnHXLg==/109951168761309686.jpg,14020421568,16.0,
406232,Luv Letter,DJ Okawari,http://p2.music.126.net/5zQX8kyNR_lRkunFtnHXLg==/109951168761309686.jpg,14020421568,16.0,
461074907,寂静之空,傅许,http://p2.music.126.net/SWO7UuIF2yOPpguwI4vXvw==/109951162863193280.jpg,14020421568,16.0,
5308003,바람에 쓰는 편지,July,http://p2.music.126.net/KniA66bWqkLXC_Kw9ieAbg==/719080604576655.jpg,14020421568,16.0,
1308252,Yellow Days,Eddie Higgins Trio,http://p2.music.126.net/hRq80Tgd74cKO_9r99yByA==/109951168775116764.jpg,563131486,16.0,
22471876,The Thriller,Max Morath,http://p2.music.126.net/B2cOEk6mS7v8HiQ63gtWrA==/109951168135299214.jpg,563131486,16.0,
1604728,Chaconne,Jascha Heifetz,http://p2.music.126.net/Ei4dJfaHY0k5gKB14Uqtig==/666304046473356.jpg,563131486,16.0,
32683523,Nocturne In E-Flat Major - Op. 9 No. 2,Gérard Wyss,http://p2.music.126.net/0ju8ET1ApZSXfWacc4w49w==/109951169484091680.jpg,563131486,16.0,
3030992,Flambee Montalbanese,Madeleine Peyroux,http://p2.music.126.net/WWegizuQTWvYHAuJL8h2CA==/1810895650952188.jpg,563131486,16.0,
22627397,The Godfather Waltz/Speak Softly (Medley),Jack Jezzro,http://p2.music.126.net/ASLoNv8gJzcv4f1EWj85cQ==/109951170951351633.jpg,563131486,16.0,
1699535,Libertango,马友友,http://p2.music.126.net/J9XZ37o2gxe4GaYdi6xgBg==/109951165996391442.jpg,563131486,16.0,
1192812,Gymnopédie No. 1,Carlos Barbosa-Lima,http://p2.music.126.net/T06Q_aBo_IamEHJhNuYv1g==/901599534820614.jpg,563131486,16.0,
30070474,Your Eyes,Andrew Jasinski,http://p2.music.126.net/0CMLZ-WhydncEZGsDS7dYQ==/109951169643025063.jpg,563131486,16.0,
2740498012,阳光实在美好，就算美好的一天吗?,河南说唱之神,http://p1.music.126.net/KL6XDDlv9cKIRT10hg5uRA==/109951171937601163.jpg,13089431888,16.0,
2637852545,总是很受伤,therewillbetearsss,http://p1.music.126.net/ey3uYcU2syMG4Rgj-IiFGg==/109951170051408508.jpg,13089431888,16.0,
2732263826,3,绵阳STAR,http://p1.music.126.net/wBQzYlLWQAY0HZVDLpRCyg==/109951171594640756.jpg,13089431888,16.0,
1917228079,Pain no more (Prod.Skyie),SASIOVERLXRD,http://p1.music.126.net/cabX9QFRIZa2dHJny-qTpg==/109951167009569183.jpg,13089431888,16.0,
1918979108,Young thug (Prod.Skyie),SASIOVERLXRD,http://p1.music.126.net/cabX9QFRIZa2dHJny-qTpg==/109951167009569183.jpg,13089431888,16.0,
2749524734,紧身衣,SASIOVERLXRD,http://p1.music.126.net/YbN2afAB9qu3BkzgKrnvnw==/109951172060884093.jpg,13089431888,16.0,
2749525433,神,SASIOVERLXRD,http://p1.music.126.net/YbN2afAB9qu3BkzgKrnvnw==/109951172060884093.jpg,13089431888,16.0,
1495985280,Sad Wit Da Street (Prod.Roy Chase),SASIOVERLXRD,http://p1.music.126.net/mygs0AbhztpEaNXU3HdCGg==/109951165474171544.jpg,13089431888,16.0,
1495949919,Sin House (Prod.AntChamberlain),SASIOVERLXRD,http://p1.music.126.net/mygs0AbhztpEaNXU3HdCGg==/109951165474171544.jpg,13089431888,16.0,
1495941782,YioWerr药娃儿 (Prod.Ant Chamberlain),SASIOVERLXRD,http://p1.music.126.net/mygs0AbhztpEaNXU3HdCGg==/109951165474171544.jpg,13089431888,16.0,
2745480944,The King（Music）,Paper.MAN,http://p2.music.126.net/hybzydRxERbBp5Vw_jgUzg==/109951171981684469.jpg,7023711497,16.0,
2743553229,Plain Jane (绝对压制),小紫万花筒,http://p2.music.126.net/J0RmmE3fIAr5N49kPETHMw==/109951171976928908.jpg,7023711497,16.0,
1309915266,4:55,CREAM,http://p2.music.126.net/9YDuztrA7z_R_DMe3JluZw==/109951163555290306.jpg,7023711497,16.0,
1491113728,Paradise,MEDUZA,http://p2.music.126.net/ilw8ldm8ZMZYbs_IZHvMeA==/109951165424156619.jpg,7023711497,16.0,
442867523,Six Feet Under,The Weeknd,http://p2.music.126.net/9i2hrhQfRPNbTWD6YVAQXg==/109951167103667631.jpg,7023711497,16.0,
2001662857,Money,Dan Korshunov,http://p2.music.126.net/sKs4WEbMk5Z5F3mVkuXeIw==/109951170596094633.jpg,7023711497,16.0,
2067126532,MONEY IN MY POCKET,808Monster,http://p2.music.126.net/p0mSllgcttFsFEztd_1UOA==/109951168767826848.jpg,7023711497,16.0,
1970891902,Satisfaction,David Guetta,http://p2.music.126.net/Ha1mrd4_diRoPmrshf8V5A==/109951167763850269.jpg,13376159760,16.0,
2724388920,Rock your body,314pies,http://p2.music.126.net/SJ_kBBi7jVxYV-ekE8LhtA==/109951171430760802.jpg,13376159760,16.0,
2672943380,Shake It To The Max (FLY) [Remix],MOLIY,http://p2.music.126.net/OZilbYnEd5xeKCGkYlMLSQ==/109951170503837550.jpg,13376159760,16.0,
2727830332,Sugar On My Tongue,"Tyler, The Creator",http://p2.music.126.net/AsxT0boZLN1hOLL28nMOzA==/109951171496882163.jpg,13376159760,16.0,
2686750933,MONTAGEM TOMADA,MXZI,http://p2.music.126.net/GBV57GqJwaSJcmj8f76fDA==/109951170631913394.jpg,13376159760,16.0,
25657526,Catch My Breath,Kelly Clarkson,http://p2.music.126.net/oioz4AI79t_8hd6njGrWqA==/109951167302849274.jpg,13376159760,16.0,
2152138295,Hide Away (Alan Walker Remix),Daya,http://p2.music.126.net/kreUN2_WB872YBfGeR7Ruw==/109951169573278000.jpg,13376159760,16.0,
25843038,"嘿,姑娘",反光镜,http://p2.music.126.net/IYIgjo1alYQt1a9U2U83VQ==/109951168450817807.jpg,7279089033,16.0,
1329719698,霓虹甜心,马赛克,http://p2.music.126.net/VR2KkMOrfrdoPGxSuOIrdw==/109951172218800146.jpg,7279089033,16.0,
2133587299,快活,赵晨唏,http://p2.music.126.net/DfqJVqLAFLd9xqfrsy0V1A==/109951169395041578.jpg,7279089033,16.0,
2715827355,晚熟的人,蓝思荣,http://p2.music.126.net/aXInV5dSvBGCmj69yiKhHA==/109951171311862875.jpg,7279089033,16.0,
2117090546,床单上的植物,刻奇乐队,http://p2.music.126.net/zEJMjtIjDw7aelOSM1l7SQ==/109951169256898230.jpg,7279089033,16.0,
2141979986,"走吧，我没想过这是最后的家(Hello,Bye)",简单对话 A Little Conversation,http://p2.music.126.net/LG30o8SdPTb7ORGQL-0Qsw==/109951169464555298.jpg,7279089033,16.0,
2722438943,活出我人生,蓝思荣,http://p2.music.126.net/jZRqKYjvilOgWg682Mkv_Q==/109951171402376652.jpg,7279089033,16.0,
1911811505,一无是处,失浪潮LostWave,http://p2.music.126.net/7Gp4SE489gMS7ZZ4sfxjKA==/109951166929257187.jpg,7279089033,16.0,
29369011,迷途未返,葡萄不愤怒,http://p2.music.126.net/9JS1lqWR39qaDI-OANBqEQ==/109951168665539847.jpg,7279089033,16.0,
307679,突然想起你,萧亚轩,http://p1.music.126.net/ugTD9665AQ7Dl5rJvJkQsw==/109951166194472953.jpg,13860492868,16.0,
349981,半点心,草蜢,http://p1.music.126.net/n9lKjrDlYFGrEjZkLwhL0w==/109951169342451691.jpg,13860492868,16.0,
247821,阳光下的星星,金海心,http://p1.music.126.net/qx1f3oMS-vPSrfdvYZMl8A==/109951167193041941.jpg,13860492868,16.0,
2717168806,天另一侧 (Live版),张碧晨,http://p1.music.126.net/9c8-dJORfACNw1HpFIK5Qg==/109951171331630100.jpg,13860492868,16.0,
2750139614,就算当初重来过,没眼泪的猪,http://p1.music.126.net/pDbgKCeLUuHsAiFms48hxA==/109951172069340364.jpg,13860492868,16.0,
2001658,Dark Blue Tennessee,Taylor Swift,http://p1.music.126.net/dqKqSlD7_R9ZP-KinwGdrg==/863116627857110.jpg,309330522,16.0,
2002246,I'm Only Me When I'm with You,Taylor Swift,http://p1.music.126.net/Fo2u7ydpHd4VQHYOimefzA==/1819691743969853.jpg,309330522,16.0,
2001873,Crazier,Taylor Swift,http://p1.music.126.net/tsxflTOaQXbWh0fLpA9upQ==/1416170990722933.jpg,309330522,16.0,
2002449,Should've Said No,Taylor Swift,http://p1.music.126.net/YKdPWv180SB29aMfRTtibg==/109951169217536344.jpg,309330522,16.0,
2001803,Today Was A Fairytale,Taylor Swift,http://p1.music.126.net/L6e-laNw-vXT2u1L3fKGXw==/109951166119320297.jpg,309330522,16.0,
26896116,Forever & Always (Piano Version),Taylor Swift,http://p1.music.126.net/_MuljhY6p2qWrK8HXRSwOA==/109951169115708224.jpg,309330522,16.0,
19292983,Fifteen,Taylor Swift,http://p1.music.126.net/GZERNplXUdzTPkKqo2F4tA==/109951169217536854.jpg,309330522,16.0,
2002464,Invisible,Taylor Swift,http://p1.music.126.net/YKdPWv180SB29aMfRTtibg==/109951169217536344.jpg,309330522,16.0,
16854326,Two Is Better Than One,Boys Like Girls,http://p1.music.126.net/x3s_NxKuTN81yVwhn6Ox1w==/109951165992533260.jpg,309330522,16.0,
19292986,White Horse,Taylor Swift,http://p1.music.126.net/GZERNplXUdzTPkKqo2F4tA==/109951169217536854.jpg,309330522,16.0,
28838040,囍帖街,谢安琪,http://p2.music.126.net/0RS2zl87FxMnaSHJdIycDA==/109951170379820260.jpg,17533902373,16.0,
3312910757,Kaldima,Ghulamjan Yakup,http://p1.music.126.net/PZV-QpMomn20xiE29oyPpg==/109951172218665643.jpg,17473571001,16.0,
2740132670,Gulima,Merdan Eli,http://p1.music.126.net/4DYG5blI6gXdh_8B5TbQmA==/109951171932957392.jpg,17473571001,16.0,
2716209182,Gajawiriglar（请毕其说）,Parat-Mamitimin,http://p1.music.126.net/uCcoqwO7Y4bGbJCoGvYaNg==/109951171316899812.jpg,17473571001,16.0,
2117637464,ezdaxmayli agina dosla,YusupAli~RoZi,http://p1.music.126.net/oHZ6EUzuU9LUqY5ATcwXzg==/109951169262022286.jpg,17473571001,16.0,
2613739693,Daptiman（我所谓）,Aysajan Tursun,http://p1.music.126.net/j60TxO5dSpGW3NrSHzQeFw==/109951169858058972.jpg,17473571001,16.0,
545088432,Kawaklarda Man,Miradiljan Bawudun,http://p1.music.126.net/AfQmmnGTiR4t_lAttK65mg==/109951163188133433.jpg,17473571001,16.0,
2653764129,Usul Parwanisi《舞蛾》,Rozi Ezizi,http://p1.music.126.net/qFC14D1gYbtUcz0RNcaBvg==/109951170228970144.jpg,17473571001,16.0,
2077750506,Suyup Kalarman（吾将爱之）,Aysajan Tursun,http://p1.music.126.net/-0yVeptedzgbywPpx0lnJg==/109951168879110245.jpg,17473571001,16.0,
2755750370,Gaz Yok,Ebrayim Enwar依博,http://p1.music.126.net/n2L9ybZP7tUIVXiHBxNirg==/109951172153892937.jpg,17473571001,16.0,
2624743505,Korgum Yok Sini（不想再见你）,Aysajan Tursun,http://p1.music.126.net/Pdk_Sqyy1ZQh74z9pttorg==/109951169940658081.jpg,17473571001,16.0,
475277350,一格格,卫兰,http://p2.music.126.net/W0RFwmwhA_HP9dEc9zwx2g==/109951163704640590.jpg,12530067027,16.0,
2704506817,手写的从前,赵乃吉,http://p2.music.126.net/CSjhWIv08-c2-M9PY1tLHQ==/109951170980089869.jpg,12530067027,16.0,
371446,够爱,曾沛慈,http://p2.music.126.net/B4xe2G5caKAeSg2kgzJGbg==/109951168163464107.jpg,12530067027,16.0,
350424,同手同脚,林宜融,http://p2.music.126.net/v1fYbVoZbopt9NfH0gZteQ==/90159953489811.jpg,12530067027,16.0,
488483381,到時說愛我,茜拉,http://p2.music.126.net/QxMru_dhWDJhSwIWaSQZwg==/18351948579960531.jpg,12530067027,16.0,
1972395036,フィナーレ。,eill,http://p2.music.126.net/elOSlLUcyPt_fqdluhSBBA==/109951167783001594.jpg,2404832631,16.0,
1333662988,朝汐（原创日语填词by：ZORAM）,彼方Official Band,http://p1.music.126.net/Rfb9ES5IDVEWFqOkVU3dNw==/109951163727768405.jpg,2404832631,16.0,
2730706151,白幻花,ヒバナ,http://p1.music.126.net/jsB2GyBvBla-Gh99ONIk_A==/109951171531281261.jpg,2404832631,16.0,
1842962107,僕が見つけた綻び,nayuta,http://p1.music.126.net/v0u0AsHOd0yLSYN6ZBYPDw==/109951165956126194.jpg,2404832631,16.0,
1902312408,On the Edge,milet,http://p1.music.126.net/Hr4OnxZAhMy1DzeeXy55kA==/109951166714355492.jpg,2404832631,16.0,
2131049017,Bougainvillea,麻枝准,http://p1.music.126.net/ak7ancAf7m7RJkGGfxeFWg==/109951169954587957.jpg,2404832631,16.0,
535950655,エール,Ms.OOJA,http://p1.music.126.net/_ThC5Mqf5532SDgOu3ix1w==/109951163134166463.jpg,2404832631,16.0,
2615141994,泡沫少女,ミセカイ,http://p1.music.126.net/TpGmJ0CO6yAL7qiI_YtKuQ==/109951169852230453.jpg,2404832631,16.0,
2741127267,Golden (Mixed),Rhea Silvia,http://p1.music.126.net/oYntgX7zUpFItiX6D8tcUg==/109951171947063258.jpg,12747978808,16.0,
3325505951,The Deep (Teho Remix),Lane 8,http://p1.music.126.net/QrzpqaBCow2Siz0kO1_D4w==/109951172391409711.jpg,12747978808,16.0,
1811079823,"Oh, Miles",Lane 8,http://p1.music.126.net/bHuyiliyHg-UUSrPl4aU-w==/109951165620796175.jpg,12747978808,16.0,
1356230976,It All Started With A Feeling,Jai Wolf,http://p1.music.126.net/7i36r1cprA9yg3oSAbS-JQ==/109951165860379164.jpg,12747978808,16.0,
2137554623,This Is It,Kasbo,http://p1.music.126.net/a8m5d6BJBd47L8F2tpo6pg==/109951169427982139.jpg,12747978808,16.0,
2072812529,Running (Extended Mix),Falden,http://p1.music.126.net/RzwBEKJMuN1oyZ3J8k4gDg==/109951168836920118.jpg,12747978808,16.0,
2755137626,Bon Iver - Over Soon (牛细 Bootleg Remix),牛细,http://p1.music.126.net/ZWe3JTfS4MuyeWPj_j1EeA==/109951172146287003.jpg,12747978808,16.0,
2111033155,Assassin (Extended Mix),Sultan + Shepard,http://p1.music.126.net/clQrJDRj_G2HAYJhxVS_eA==/109951169200635235.jpg,12747978808,16.0,
2003801332,Chills (Extended Mix),Le Youth,http://p1.music.126.net/MwKtv_XCi1WZFUvxvZShSg==/109951168113156084.jpg,12747978808,16.0,
2645734990,Sirens (Extended Mix),Sultan + Shepard,http://p1.music.126.net/VMN9OnN6p8nWA7p1pxisxg==/109951170144041355.jpg,12747978808,16.0,
2653847667,不要忘记我爱你（电视剧《神犬小七》主题曲）,坤不悦,http://p1.music.126.net/8as3FDbVqQgQE69Hrh63GA==/109951170240838271.jpg,17510688391,16.0,
2759487679,该死的爱情 (男版),wuli阿柴,http://p1.music.126.net/BNUzCNEdSaTUVNxJpgIMcw==/109951172245028430.jpg,17510688391,16.0,
2735962127,放大,徐子未,http://p1.music.126.net/WBbtAlKQBRgItkpbzUXa1w==/109951171856097610.jpg,17510688391,16.0,
2658503932,梦时,JuggShots,http://p1.music.126.net/1ig4CKjkTcTdmyDwqGsR_Q==/109951171362873494.jpg,17510688391,16.0,
2646532579,bye [Altare Remix],Altare,http://p1.music.126.net/IsXh5oAzJbxgUrHO0s53Xw==/109951170151590010.jpg,17510688391,16.0,
4271482,Missing You,R. City,http://p1.music.126.net/mUDaHH_x_zoGNhiqXJ8pGA==/109951170651410055.jpg,17510688391,16.0,
3317261542,未熟透的青梅,RiNa,http://p1.music.126.net/GlxN70J1ztuZacBoqhIlQg==/109951172272930590.jpg,17510688391,16.0,
2110242760,Make My Soul A River,Thomas LaVine,http://p1.music.126.net/zN_VAr-Dn5MsCYm1HOB9uQ==/109951169176291426.jpg,8746441327,16.0,
1475802357,Is It Over Yet (Colorado Session),Cody Francis,http://p2.music.126.net/0bLHvVWy-7S6N2diSrW6QQ==/109951165288980666.jpg,8746441327,16.0,
1862798981,"Oh, My Sun",Kevin Oh,http://p2.music.126.net/PgwIF0NJiRWMeXFlj8nUWw==/109951166197842277.jpg,8746441327,16.0,
1478636,Fly Me to the Moon,Joshua Radin,http://p2.music.126.net/JNSaCboQlOFkejTDzWit1A==/6646547790113893.jpg,8746441327,16.0,
2638473698,"Falling Leaves, Autumn Breeze",FM7life,http://p2.music.126.net/phs6TFeoj6hSQ_aIziMpXQ==/109951170061155983.jpg,8746441327,16.0,
2021343740,Photograph / Clair de Lune,Cody Fry,http://p2.music.126.net/yifqRbTykL0NklJUgn38cQ==/109951168298907251.jpg,8746441327,16.0,
538895290,American Boy,Estelle,http://p2.music.126.net/w5o815-Izx7DQvoCoW-J1Q==/109951168029691445.jpg,8704926137,16.0,
2672988848,Open Arms (just SZA),SZA,http://p2.music.126.net/Jux64ZhjxseIFYtZeijwaw==/109951170462886827.jpg,8704926137,16.0,
3986022,Strawberry Swing,Coldplay,http://p2.music.126.net/Wr13D68yaaknFmxTD5xnoQ==/18569651881855121.jpg,8704926137,16.0,
34324110,Bittersweet Poetry,Kanye West,http://p2.music.126.net/5Z-5TMYUPvZvXokzkvk4Fg==/7735064302586309.jpg,8704926137,16.0,
2723964280,Mind Loaded,Blood Orange,http://p2.music.126.net/1nOJjbPg7FywF23X1Jq0iA==/109951171423050798.jpg,8704926137,16.0,
1931534562,UNDERSTAND,keshi,http://p2.music.126.net/-8zmfCy7SpFSkqZq5KzwEg==/109951167192120650.jpg,8704926137,16.0,
2037036926,Pain Is Inevitable,Daniel Caesar,http://p2.music.126.net/u_x0J_eDNnStgCfYb6O5gQ==/109951168528499207.jpg,8704926137,16.0,
2712858422,Abandon Me,Kevin Abstract,http://p2.music.126.net/iqWevqEeSmjZ7-THSfz5Hw==/109951171272133210.jpg,8704926137,16.0,
2758268698,Baby Blue,Daniel Caesar,http://p1.music.126.net/PAaYT5hSx6OlKjTsOYYT2w==/109951172185882237.jpg,8406015094,16.0,
1852682762,YK,Cean Jr.,http://p1.music.126.net/wmnBpuMXjolz8pUCpOuM_w==/109951166080932046.jpg,8406015094,16.0,
1359617143,Some Place Else,MorMor,http://p1.music.126.net/LoAvkHa1ACMTkP6fhe57kQ==/109951167859961147.jpg,8406015094,16.0,
426194882,Ivy,Frank Ocean,http://p1.music.126.net/6-TgBhtH2gK2rA2G582Fpg==/109951167817024864.jpg,8406015094,16.0,
2635111278,The Boy and The Swan,Jean Dawson,http://p1.music.126.net/yeFykTmJ4fJWMPZMxRtYgw==/109951170031341318.jpg,8406015094,16.0,
1992912147,So,Christian Kuria,http://p1.music.126.net/BwxNwzYnqcBpRbqBIRfXAg==/109951168004448456.jpg,8406015094,16.0,
426194896,Godspeed,Frank Ocean,http://p1.music.126.net/6-TgBhtH2gK2rA2G582Fpg==/109951167817024864.jpg,8406015094,16.0,
2021556256,Let Me Go,Daniel Caesar,http://p1.music.126.net/5JjRnn00VBU65wpEyEiisQ==/109951168301046165.jpg,8406015094,16.0,
2638288151,Moth To A Flame & After Hours,Eric_Enyou,http://p2.music.126.net/jKNySUn7g1oyIPvHirXEcA==/109951170059208698.jpg,13464922229,16.0,
2670863319,Baptized In Fear,The Weeknd,http://p2.music.126.net/kaaYVRK57guoDDqqZJHkiA==/109951170539518458.jpg,13464922229,16.0,
2670863152,Open Hearts,The Weeknd,http://p2.music.126.net/kaaYVRK57guoDDqqZJHkiA==/109951170539518458.jpg,13464922229,16.0,
1909926107,Best Friends,The Weeknd,http://p2.music.126.net/p8I7_-XVD1vOHYcuIvUjAQ==/109951166903111181.jpg,13464922229,16.0,
1909927738,Is There Someone Else?,The Weeknd,http://p2.music.126.net/p8I7_-XVD1vOHYcuIvUjAQ==/109951166903111181.jpg,13464922229,16.0,
28322473,Wanderlust,The Weeknd,http://p2.music.126.net/plq-a4rbnzamYlABtgrxwQ==/7716372604710412.jpg,13464922229,16.0,
1435477874,Nothing Compares (Bonus Track),The Weeknd,http://p2.music.126.net/dIvTuRX1fg2nA5O-WwUMKA==/109951164866561147.jpg,13464922229,16.0,
548785556,Hurt You,The Weeknd,http://p2.music.126.net/6hCUWPZUV7laHmWiFGCOjg==/109951169318030888.jpg,13464922229,16.0,
1338971842,Lost in the Fire,Gesaffelstein,http://p2.music.126.net/_Cdf1kYLhxXno4tGKkIdGw==/109951168967012861.jpg,13464922229,16.0,
34077712,Prisoner,The Weeknd,http://p2.music.126.net/0d17Xfvt1ZHAZLF6tWhTDg==/109951169482305561.jpg,13464922229,16.0,
2650845704,Cloud nine,JAY B,http://p1.music.126.net/4CPJO1-I88zjAu18hWjkXg==/109951170194111485.jpg,13221779647,16.0,
2036861017,Over Me,OVERDOSE,http://p1.music.126.net/MLx3KlnOxIl3cV0aSGKy5A==/109951169896744572.jpg,13221779647,16.0,
2052430180,충돌 (Collision),Stray Kids,http://p1.music.126.net/8EG41HjxVgVr87GJ_EVlOQ==/109951168652706363.jpg,13221779647,16.0,
1453973326,Lazy Lovers,河成云,http://p1.music.126.net/waDIVA1y3BdZRWl530eYTQ==/109951168796396406.jpg,13221779647,16.0,
1419449912,dOra maar,OnlyOneOf,http://p1.music.126.net/duw8PQxva4cFENC-MMWDvw==/109951164659707175.jpg,13221779647,16.0,
32752213,아침부터 아침까지 (ah-ah),Teen Top,http://p1.music.126.net/GcTB9Dm3wd60y78xO48jfg==/109951169724423044.jpg,13221779647,16.0,
1809754640,Understand,MELOH,http://p1.music.126.net/hTXhYWNYccLb90nDb0J4hw==/109951170142073205.jpg,13221779647,16.0,
27800099,희망고문,宋枝恩,http://p1.music.126.net/O3Qf1LiZyUe-4kTdeJXOBA==/2070380395136910.jpg,13221779647,16.0,
1438717654,카페인,Choco And Vanilla,http://p1.music.126.net/2UETKpuPz3hoDndSSxKvyw==/109951167845773685.jpg,13221779647,16.0,
1309814848,Something In Your Eyes (Love Theme),강혜인,http://p1.music.126.net/i4Dku5WpQZeStSSgS0rECQ==/109951170461838971.jpg,13221779647,16.0,
427416520,The Other Side Of Paradise,Glass Animals,http://p2.music.126.net/H2NXMKs6JryHDeZsIS7hnw==/109951168501983706.jpg,10042420999,16.0,
28878559,Edge Of My Life,Manafest,http://p2.music.126.net/lWIr62dWYI7BOB1Vd3rXnQ==/14422294021553473.jpg,10042420999,16.0,
1420745339,Lifestyle,MAGES,http://p2.music.126.net/UK8H6_DIXFye2KLW-j7ExA==/109951165230280769.jpg,10042420999,16.0,
477320018,Whatever It Takes,Imagine Dragons,http://p1.music.126.net/CdSkAnfQhO5rrPo54noCHA==/18990764835137467.jpg,10042420999,16.0,
2919998,Body Shots,Kaci Battaglia,http://p1.music.126.net/AdtHn8x92x_xJCcVdLCjWA==/109951163352829338.jpg,10042420999,16.0,
2724769985,超人的碎碎念（スーパーマン じゃない Not superman）,huhu胡胡,http://p2.music.126.net/-p07cXgbA3r7805r8GJTMQ==/109951170702472007.jpg,13564849574,16.0,
2047652597,森の小さなレストラン,手嶌葵,http://p2.music.126.net/JLrNeoEfZXhidRsZut-hTw==/109951170539424591.jpg,13564849574,16.0,
3321036843,安全距离,糖果CD,http://p2.music.126.net/eYVTS_YPchtq7kmxf10ndA==/109951172333408155.jpg,13564849574,16.0,
2645306904,小猫坏事做尽！,小鷹,http://p2.music.126.net/luqSxq0HUnzlIKiJSuBbOQ==/109951170141588592.jpg,13564849574,16.0,
1968035768,我们打着光脚在风车下跑，手上的狗尾巴草摇啊摇,科科爆,http://p2.music.126.net/YKNwmJ_URwqPNZHzrx-ViA==/109951167728072805.jpg,13564849574,16.0,
2723338530,ムリムリ進化論,七音阿卡莉,http://p2.music.126.net/9G67gnaL-cElk4lbDTm-yQ==/109951171415382941.jpg,13564849574,16.0,
1359858480,蝴蝶停在指挥棒上,smile丶轩,http://p2.music.126.net/BMZVY9349XxOi10oXqpEYQ==/109951164010092782.jpg,13564849574,16.0,
2009519848,你吻了我这件小事,孟慧圆,http://p2.music.126.net/lh_uFJ5z_SQfoESEdw8Jdw==/109951168178594747.jpg,13564849574,16.0,
1971726606,只唱给你听,小包Zerinn,http://p2.music.126.net/DowV0QXN6KKR5m7S58oOOQ==/109951168698657449.jpg,17450174816,16.0,
2053985442,光合作用,曾涵江Cup,http://p2.music.126.net/_5NGtaUbXtHqnSeg5VlG5g==/109951168832305525.jpg,17450174816,16.0,
1948805417,趁着夏天恋爱吧,鱼骨妹,http://p2.music.126.net/7rvWjfLcjU8rN73oxzGenw==/109951167443312295.jpg,17450174816,16.0,
1922296918,DO WHATEVER (想做就做),卡西恩Cacien,http://p2.music.126.net/_c3Sfwbz370yks5cnBOBDQ==/109951168817216421.jpg,17450174816,16.0,
2025966784,我的耳机分你一半,Jelly杰苏尔,http://p2.music.126.net/nTnnHouaDmptSz_0SPzooQ==/109951168429940101.jpg,17450174816,16.0,
1409949994,Kiss me Kiss me,蜷花（李子璇）,http://p2.music.126.net/LrO-zJOYmbbRseszUQFZJQ==/109951164552823124.jpg,17450174816,16.0,
2018740422,一半，一半,Milie,http://p2.music.126.net/7rN-Fip5Mg9wbbvte556zw==/109951168274639364.jpg,17450174816,16.0,
1470336073,44Love,YoungG张航,http://p2.music.126.net/S4wsPoYfM34MlN4TdT853Q==/109951165227140292.jpg,17450174816,16.0,
1828178366,nuits d'été,Oscar Anton,http://p2.music.126.net/IML-kC07ANocJ9gFphiGUA==/109951165838840124.jpg,6588835958,16.0,
2048497823,Bécane - A COLORS SHOW,Yamê,http://p2.music.126.net/Ra6yPRHQMOshlzJbeFFEVg==/109951170885009783.jpg,6588835958,16.0,
1315753879,La thune,Angèle,http://p2.music.126.net/MbnsIA8JgUyz0gm9nustFQ==/109951170613311338.jpg,6588835958,16.0,
1911628020,Traverser,Emma Peters,http://p2.music.126.net/SEUuY5dKLs9q1zIvLvMsVQ==/109951166927078783.jpg,6588835958,16.0,
1361101252,Hola Señorita,GIMS,http://p2.music.126.net/6WU-VVbbeY11GT6gZ3fCEQ==/109951165986502586.jpg,6588835958,16.0,
470793965,A la Folie,Juliette Armanet,http://p2.music.126.net/4bWRRiFtFOu91E7VEz5bgQ==/18322261765506335.jpg,6588835958,16.0,
555731807,Amour secret,Hélène Rolles,http://p1.music.126.net/HVNrJoPavqgNX0L97iGzPw==/109951168318563092.jpg,6588835958,16.0,
16802328,Mademoiselle,Berry,http://p1.music.126.net/iRq28XEzs3DqBcMcbj5S7g==/642114790628592.jpg,6588835958,16.0,
512648075,Si t'étais là,Louane,http://p1.music.126.net/-RE-PG6wvv5HhN9-BmS9gg==/109951170649122796.jpg,6588835958,16.0,
1842952863,Ani Kuni,Polo & Pan,http://p1.music.126.net/_-AdzDmC5J65PpAmu-BWaQ==/109951165956019733.jpg,6588835958,16.0,
1483374313,Fallin',Why Don't We,http://p2.music.126.net/RKC3kDg9_v-RumlkJGU3vQ==/109951165353280131.jpg,14167322362,16.0,
1294817453,you should see me in a crown,Billie Eilish,http://p1.music.126.net/k393DaxfxgKOT0aYWZZ6PQ==/109951163414141375.jpg,14167322362,16.0,
2000496360,Hanabi（烟火 空灵Reverb）,ILLBlAUER,http://p2.music.126.net/DMjTlI2kx6w617oQcyr34g==/109951168080171956.jpg,13704885587,16.0,
2151868241,花日巴林马 (治愈BGM),凉山太子爷,http://p2.music.126.net/MMp6ce0-gwI4KHoq3ee4AQ==/109951169553613986.jpg,13704885587,16.0,
2009974513,Dehors(纯音乐),从和文,http://p2.music.126.net/-zIfdLAYw67o1gu1hQqhCw==/109951168184303561.jpg,13704885587,16.0,
494858498,pure imagination,Rook1e,http://p2.music.126.net/dDM3Emm_CXHy4NZHSdU0iQ==/19127104277054005.jpg,13704885587,16.0,
1831704634,you not the same - slowed down version,tilekid,http://p2.music.126.net/naNkYy_-YSUFwHEQNHIYqw==/109951166445126632.jpg,13704885587,16.0,
571338636,WALLS,sapientdream,http://p2.music.126.net/gwQFjVt9ucCZKMYLAAc0Ug==/109951164499194287.jpg,13704885587,16.0,
2047583211,睡个好觉,想好了没,http://p2.music.126.net/DMzT-4GJZdAJ5zcsPivSBw==/109951168614624621.jpg,13704885587,16.0,
1363864061,natsu,DryJo,http://p2.music.126.net/5emcualhIPPq8Hyf0goRFw==/109951164058098268.jpg,13704885587,16.0,
2697834313,FIRST TIME,Matt Hansen,http://p1.music.126.net/7e9lrAPpFmf9tR_vhdbnew==/109951170798111937.jpg,7630565572,16.0,
2724855766,Wildfire,SAILR,http://p1.music.126.net/YD0b-JKic2rAw4gZdZvoNw==/109951171445795035.jpg,7630565572,16.0,
2754140041,"Palomino (From the Netflix Series ""Nobody Wants This"" Season 2)",FINNEAS,http://p1.music.126.net/9JGT0UoT9GBYN5UmzW2xLw==/109951172132352274.jpg,7630565572,16.0,
2739098138,Where I Want To Be,Tim Halperin,http://p1.music.126.net/BJZnw8h7FV5rLw2qYyVBOQ==/109951171917156935.jpg,7630565572,16.0,
2615703963,Rollin’ Right Along,Shawn Mendes,http://p1.music.126.net/-uCk0bgw7U2-wpmrkDS3nQ==/109951170179571586.jpg,7630565572,16.0,
2072703558,Sway,By The Coast,http://p1.music.126.net/VQzUnSMxMHh0HTlLC5Amwg==/109951168835956180.jpg,7630565572,16.0,
1347133516,Run,Harrison Storm,http://p1.music.126.net/anl9x_ZgJ0DZZAIxcaXO6A==/109951167004425747.jpg,7630565572,16.0,
3314630026,Am I Dreaming?,Harrison Storm,http://p1.music.126.net/ZdkkYu-obv4TnEkFOjAQWQ==/109951172239943688.jpg,7630565572,16.0,
2740859630,evergreen,Sød Ven,http://p1.music.126.net/w3SescrVVZQe23Ew6yhHJQ==/109951171942718923.jpg,7630565572,16.0,
1341556036,Follow You,Emily Coulston,http://p1.music.126.net/JxexF-SNSAgy1sPE8PUC8w==/109951168890697007.jpg,7630565572,16.0,
521416693,So Far Away,Martin Garrix,http://p2.music.126.net/bDdwz0zd-BGYpel1QEU2RA==/109951165983886039.jpg,14049111874,16.0,
534228257,Touch,3LAU,http://p2.music.126.net/fhGTMfI8oAcApCp-MVmmaw==/109951168437709430.jpg,14049111874,16.0,
1843319489,Power (In Your Soul),Interupt,http://p2.music.126.net/oNshL9M-JJDis6toIrfz6g==/109951165960217286.jpg,14049111874,16.0,
1376075781,Stay The Night,Just Kiddin,http://p2.music.126.net/NAnUfXkmhEa2AFewmrgKHA==/109951164193873399.jpg,14049111874,16.0,
1329938686,The Best Of Me,Dion Timmer,http://p2.music.126.net/MQ3gmAG-bv135HSC7BqeOw==/109951163705416566.jpg,14049111874,16.0,
34613621,Vagrant,Feint,http://p2.music.126.net/UqxTEN7NOxAZRg_ODo85tg==/7709775535220879.jpg,14049111874,16.0,
1306497271,Hands in the Fire,James Carter,http://p2.music.126.net/D-Zv36jm34PkRuoB0L_VeA==/109951165402252365.jpg,14049111874,16.0,
446154202,Tony Igy-Astronomia（Jiaye remix）,Jiaye,http://p2.music.126.net/m0q0Ukc1pdwfTjdYYgmCvg==/109951162821165944.jpg,14049111874,16.0,
2755971764,偉生人,Vaundy,http://p2.music.126.net/bQcZjVluZMLPI8CQDl6jDw==/109951172156659219.jpg,7411542646,16.0,
2743437001,I Need U Back,藤井風,http://p2.music.126.net/5ECr1UVUTdL42XgGBS4K1A==/109951171975648773.jpg,7411542646,16.0,
2026823532,そんなbitterな話,Vaundy,http://p2.music.126.net/u090q003BjkkX_Oo15EWwQ==/109951168916980685.jpg,7411542646,16.0,
3319490044,前前前世,Vaundy,http://p2.music.126.net/Q_1EdS3P6ezpmRCz1GUJWQ==/109951172310600172.jpg,7411542646,16.0,
3319490040,トレモロ,米津玄師,http://p2.music.126.net/Q_1EdS3P6ezpmRCz1GUJWQ==/109951172310600172.jpg,7411542646,16.0,
2749284145,忘れる前に,Vaundy,http://p2.music.126.net/19Sbj4-xeMdDBFwG0pSRAw==/109951172058479695.jpg,7411542646,16.0,
2745348537,鬼ごっこ (self cover),春野,http://p1.music.126.net/gK5Gtt1HRUOJ0j0SNrriOA==/109951172001723034.jpg,7411542646,16.0,
2118915276,あらいざらい,Anonymouz,http://p1.music.126.net/6pGWUuKmz_2IKouKLfaM1A==/109951169271810134.jpg,7411542646,16.0,
1381794108,好喜欢你,颜人中,http://p1.music.126.net/9ZCTtbguiCmW_FIr9B-jsA==/109951164269237713.jpg,17425178808,16.0,
32358362,女孩,韦礼安,http://p1.music.126.net/s0AgmipqlXTW-r6YmiwNQg==/109951168079643579.jpg,17425178808,16.0,
2663383048,1022-比尔的歌,Bomb比尔,http://p1.music.126.net/0L1cT6EVgITvNNTfRb4SDA==/109951170362911659.jpg,17425178808,16.0,
1959235131,恋爱告急,牛佳钰,http://p1.music.126.net/E_KcsZzX4XJae-3rAMHKzg==/109951167608646224.jpg,17425178808,16.0,
2047048974,我恋爱了·2023,火鸡,http://p1.music.126.net/s7_BOTRBRbz089tHa-M3RQ==/109951168609401118.jpg,17425178808,16.0,
2056206939,只想把你偷偷藏好,汪苏泷,http://p1.music.126.net/LdB-dVqEfqE74vJRgLRRaA==/109951168698548892.jpg,17425178808,16.0,
1965671755,爱立刻有,Bell玲惠,http://p1.music.126.net/NLIMaAbS4VAuyKK699_87A==/109951167705664282.jpg,17425178808,16.0,
3312557251,Black Veil Bride,Rosy赵露思,http://p1.music.126.net/NE2jTk56xQRk5tJwPQWx5Q==/109951172237795184.jpg,6767702966,16.0,
2923152,Telephone,Lady Gaga,http://p1.music.126.net/QDbhhX_JgyvUuSEYsknouA==/1772412743982482.jpg,6767702966,16.0,
2061689214,INVITATION,JUNNY,http://p1.music.126.net/YH4_JppQfgDkFWTk1p4INw==/109951169475002184.jpg,6767702966,16.0,
413812470,One More Time,Craig David,http://p1.music.126.net/yGOnOKbJYXd7O_h0Ns_W_w==/1390882218000288.jpg,6767702966,16.0,
28858362,Problem,Iggy Azalea,http://p1.music.126.net/OWQHzbm9udTAe2h9ppXPwA==/5969248627746438.jpg,6767702966,16.0,
2080265554,Bongos (feat. Megan Thee Stallion),Cardi B,http://p1.music.126.net/C9TO_Y5HLi61c6CvfhaSKg==/109951168899708427.jpg,6767702966,16.0,
16431727,1 Thing,Amerie,http://p1.music.126.net/68jZizsYawATrnln5_SGNQ==/109951165992435744.jpg,6767702966,16.0,
2758375869,Airborne,ROARY,http://p2.music.126.net/NmvNSbkZ9136PKTO44ARFQ==/109951172188077086.jpg,12646326771,16.0,
2724855767,For Forever,SAILR,http://p1.music.126.net/YD0b-JKic2rAw4gZdZvoNw==/109951171445795035.jpg,12646326771,16.0,
2680513703,For Us,Tim Halperin,http://p1.music.126.net/VJUY27MvkdkcCQGy8ACkkg==/109951170535941881.jpg,12646326771,16.0,
35956873,Anchor,Novo Amor,http://p1.music.126.net/MuEo5lBIoCJeEqUvJvjqBg==/18303570068140750.jpg,12646326771,16.0,
2122409170,Ohio Angel,Paul Moody,http://p1.music.126.net/ZcnmfYGvs7ZJ9uN_pjduWg==/109951169298540444.jpg,12646326771,16.0,
2135631123,When I Found You,Tyler Brown Williams,http://p1.music.126.net/Q5Xd0VuVOYC4Jtpp6byGdQ==/109951169411401459.jpg,12646326771,16.0,
1433934426,Venice,Canyon City,http://p1.music.126.net/9w9HgRVSqJkxnJRdbUxA2g==/109951167526300867.jpg,12646326771,16.0,
2089924588,Right For Me,Tim Halperin,http://p1.music.126.net/1cJWMbsoL3OIr7WCOBTZCQ==/109951168975166423.jpg,12646326771,16.0,
26167184,좋아 (JOAH),朴宰范,http://p2.music.126.net/w_2kbgfgJTKc4roYyRGoRw==/109951170151302588.jpg,13876640729,17.0,
2692914700,like JENNIE,JENNIE,http://p2.music.126.net/1qgQOrrrvSZdh2-o94VTJw==/109951170713386292.jpg,13876640729,17.0,
2160418336,Armageddon,aespa,http://p2.music.126.net/FTzl-oT9JIKFvQzkDibibw==/109951169721143692.jpg,13876640729,17.0,
1322228464,Tempo,EXO,http://p2.music.126.net/03WWoX7HtQ8XzOWjtngahQ==/109951168210783040.jpg,13876640729,17.0,
2114737220,Love 119,RIIZE,http://p2.music.126.net/_hffDfaPRsvBz4H_Vla5rw==/109951169288035151.jpg,13876640729,17.0,
491484157,기억을 걷는 밤 (Walk On Memories),EXO,http://p2.music.126.net/WtAq0t9gLu_rmFkmbuqq8w==/18917097556130293.jpg,13876640729,17.0,
2079391232,Get A Guitar,RIIZE,http://p2.music.126.net/p84751HXLpOs4kqL8wr05g==/109951168928241910.jpg,13876640729,17.0,
4399104,Woodland,The Paper Kites,http://p1.music.126.net/i5Tr1fdKazkgoKNCjF5e3g==/109951167028260793.jpg,17445044304,17.0,
32835377,Reality,Lost Frequencies,http://p2.music.126.net/QSK1HDTVJToJGD9ZLT90zA==/109951168660488322.jpg,17445044304,17.0,
512621132,Breathe,Kenzie,http://p2.music.126.net/rUZgyL6prcITVNKf_8IHDw==/109951169482506752.jpg,17445044304,17.0,
29498914,Love You Like the Movies,Anthem Lights,http://p2.music.126.net/wOyG_GDfUmSjU6O5YdKK1w==/109951164852639831.jpg,17445044304,17.0,
1432380882,Maniac,Conan Gray,http://p2.music.126.net/hydi5ghREh3PsHElkS4vTA==/109951165993720563.jpg,17445044304,17.0,
1467363772,Rise,Biscuits,http://p2.music.126.net/UP7t8sHknOBgHb_SgChzkQ==/109951163656999368.jpg,17445044304,17.0,
1302410469,Live or Die,Noah Cyrus,http://p2.music.126.net/509BqFNRVjtJyvDr6o6EqQ==/109951165984787255.jpg,17445044304,17.0,
1963597838,Lost Myself,SYML,http://p2.music.126.net/4ELNPXphlPKIS-0Gh9MYVw==/109951167664039989.jpg,17445044304,17.0,
512377276,Crystal Ball,Lenka,http://p2.music.126.net/3nUI-uD3WdJkviViFEJPxQ==/109951171148321294.jpg,17445044304,17.0,
28578763,Hanabi,Sharman Rock,http://p2.music.126.net/lYY6IxXlrUPYQb7og5oJzA==/109951169424849804.jpg,14229130109,17.0,
481859485,another perspective,idealism,http://p2.music.126.net/r37SvPCXd10kp0VIizKv1g==/19162288649043000.jpg,14229130109,17.0,
2136746060,Time（Jazz Beat）,Zy,http://p2.music.126.net/FSMMOD8vrMKTw_dxM_sp9g==/109951169421496060.jpg,14229130109,17.0,
1349913421,Slumber,TRA$H,http://p2.music.126.net/oN-sBqcFgkujUPEvRhmmcw==/109951163903555254.jpg,14229130109,17.0,
2683012118,病恋依存,雾江月,http://p2.music.126.net/piBfSLCUR7T96RQuXiyZzA==/109951170595889177.jpg,14229130109,17.0,
1311864778,In One Piece,Tennyson,http://p1.music.126.net/rX0zfhJfGXVLsUT6QdRfaA==/109951169166600876.jpg,14229130109,17.0,
2048734582,Yes To Heaven x Shootout,Saturn Digital,http://p1.music.126.net/eUhRioU25CYdXYDL2aQQlg==/109951168623618141.jpg,14229130109,17.0,
1376797714,Married Life (Music Box Version),Henry William,http://p1.music.126.net/iaYYUTtr5JQu8yj9ncIBBQ==/109951164797609798.jpg,14229130109,17.0,
458231932,she likes me but i dont like her back.,Halberd,http://p2.music.126.net/8MnjVsePL9pmTqmK-ztECg==/18694996208852335.jpg,8739823493,17.0,
2035226384,90s,Kamikoto,http://p2.music.126.net/VD5zBOWXpoUWOSQpv75O0w==/109951168510488141.jpg,8739823493,17.0,
1444332669,等,L1VET..,http://p2.music.126.net/1X8ORV1K7Dzzs3j23KxVww==/109951164947537965.jpg,8739823493,17.0,
1820144402,Yolo,水仙LONE,http://p2.music.126.net/8Fw-N6SW0loygLhx0vSNZQ==/109951165724141318.jpg,8739823493,17.0,
2738104568,Pale blue （淡蓝色）,凌晨一点的莱茵猫,http://p2.music.126.net/hA2wqFgbh7OQfj_EVT0yAQ==/109951171901395185.jpg,8739823493,17.0,
1403493770,without u,luvbird,http://p2.music.126.net/sPdO9MPnFuya_wuYoqWzZg==/109951170986489063.jpg,8739823493,17.0,
504686588,bai shui,crwsox,http://p2.music.126.net/YVrOwa_NnbFQbaGnUtTKIA==/109951163022972846.jpg,8739823493,17.0,
2138343953,红尘客栈,MonkeyDD,http://p2.music.126.net/jbWSiI9zqbCdCMUuymeAow==/109951169434662525.jpg,8824674277,17.0,
2152927490,花雨弄(粤语版),长情.,http://p2.music.126.net/nG6TvwH0poB_dVTVXzzedQ==/109951169558146146.jpg,8824674277,17.0,
259138,青花瓷,刘芳,http://p2.music.126.net/cLuoxPEM6RnJ41i1MyuQqQ==/555253372038862.jpg,8824674277,17.0,
306434,兰亭序,王丹,http://p2.music.126.net/ptzunfkbSziFgyEeYMaisA==/109951167917236592.jpg,8824674277,17.0,
2076408715,麦当劳汉堡,大师要早睡,http://p1.music.126.net/nETusV67sixubosQJf-Xtg==/109951168866856013.jpg,17410621823,17.0,
2688701111,Dumb,Van Siian梵西安,http://p1.music.126.net/B3hCJ9FG4OH4KXFQzVmMSA==/109951170652600026.jpg,17410621823,17.0,
2051890435,恋爱幻想中,Mikey-18,http://p1.music.126.net/VEjFNkxHCtlUieUDmgZyyA==/109951168649517948.jpg,17410621823,17.0,
2109685569,我想要住进你心里,CashMoon,http://p1.music.126.net/S8cdux6fAQGMSwtkOMpcMQ==/109951169172543817.jpg,17410621823,17.0,
2672794557,Kiss Kiss Shy Shy (1.2x),李要红RedLi,http://p2.music.126.net/JENnjQdq3Vq6X0KwFLuCrA==/109951170460815606.jpg,17410621823,17.0,
1949975568,恶作剧,Sasablue,http://p2.music.126.net/aMJSHXN6-rGKHOGuKd1JQA==/109951167471091671.jpg,17410621823,17.0,
1407215700,SWEETEST THING,SEVENTEEN,http://p1.music.126.net/CJsDx4IOpIWJUy8KjpzpOQ==/109951168607075404.jpg,14345718598,17.0,
445845780,Hush,Lasse Lindh,http://p1.music.126.net/7VqyKXN6960gL6Id-YYYvw==/109951170151346322.jpg,14345718598,17.0,
28059506,12월의 기적 (Miracles In December),EXO,http://p1.music.126.net/Glv3YRUt7wh2lc339Ykd-g==/18527870440277729.jpg,14345718598,17.0,
25726447,있다 없으니까,Sistar19,http://p1.music.126.net/OwiMNwVOIQ36xlmGlL09CQ==/2424423139247741.jpg,14345718598,17.0,
1954610420,Hold Me Tight,김예지,http://p1.music.126.net/BcyLTjM61jM8_Ljn2SichQ==/109951167530307401.jpg,14345718598,17.0,
1441365392,Farewell (I Miss You),Rustycore,http://p1.music.126.net/BbMfQStSfF7q0YYUDjTEcA==/109951166593246912.jpg,12443719472,17.0,
1901334512,Summer Will Come,PEEK,http://p1.music.126.net/BZUAexQ9LMZ5CPhnBdKhng==/109951172349633413.jpg,12443719472,17.0,
2159261441,Long Time / No See,Desert Vows,http://p1.music.126.net/2VLqcxdD8Ep5nUpRD3SaRA==/109951169620260538.jpg,12443719472,17.0,
1304771846,Chinchilla,This Town Needs Guns,http://p1.music.126.net/7JjEie2o5xDTk2lNeN07cQ==/109951170726004523.jpg,12443719472,17.0,
1901333502,Little Escape,PEEK,http://p1.music.126.net/BZUAexQ9LMZ5CPhnBdKhng==/109951172349633413.jpg,12443719472,17.0,
2126993320,under my control,ante,http://p1.music.126.net/g7OuTF5fDMvXhruBhM0CdA==/109951169341843431.jpg,12443719472,17.0,
1404915780,Egao Omoide,Cazamareas,http://p1.music.126.net/7BKxO76ys9yqfd49vxE4xA==/109951164499960849.jpg,12443719472,17.0,
29719576,news paper,How to count one to ten,http://p1.music.126.net/Uxzye1_v6XiyiJzj61nILw==/3240260767655376.jpg,12443719472,17.0,
1989001428,Open Closed Open,pennies,http://p1.music.126.net/G2nk25Z_tyP0ARXymQ8qxg==/109951167961046633.jpg,12443719472,17.0,
1300423391,woman on the hills,Isaac Dunbar,http://p2.music.126.net/7sKPL16_7yHYtPhLXAKeGQ==/109951163456478250.jpg,12721151392,17.0,
33916532,River of Gold,Daniela Andrade,http://p2.music.126.net/UchpnjfGcUkgwjHIsFaaiw==/3331520232351421.jpg,12721151392,17.0,
17691584,Mary Grows Old,Ooberman,http://p2.music.126.net/IKhS6klG1XQyaaAOqgm0WQ==/109951169398744849.jpg,12721151392,17.0,
1466823214,solitude,vietra,http://p2.music.126.net/qmX_2j4eVVXTToHZC0z8Rw==/109951165183885502.jpg,12721151392,17.0,
1919555797,牧歌,Haruka Nakamura,http://p2.music.126.net/FmxMZrXdheBjqa2BtD3VAg==/109951167039811985.jpg,12721151392,17.0,
1424979,The Obeisant Vine,Helios,http://p2.music.126.net/XBOJyas9EnfN9HWO1EIsEQ==/109951163439384217.jpg,12721151392,17.0,
2727426384,End of us,Intimate Vibes,http://p2.music.126.net/bGtV4TjSagXcO6KIs4NVig==/109951171485696604.jpg,12721151392,17.0,
1306497086,The Hard Way,Kim Taylor,http://p2.music.126.net/E9QDX3wzpV_l0DQvr8mfXA==/109951163531676728.jpg,12721151392,17.0,
32785010,Days And Moons,Elsa Kopf,http://p2.music.126.net/KKbApj0yXGbqBhYhRUUAJQ==/109951171990258921.jpg,12721151392,17.0,
3321164382,"แค่คนขี้เหงา (Me and you) [เพลงประกอบซีรีส์ ""มีสติหน่อยคุณธีร์ Me and Thee""]",Pond Naravit,http://p1.music.126.net/6J_PI5MhzQVlj0SBPDfqzQ==/109951172336171936.jpg,3178404406,17.0,
2759621059,ดาวของฉัน (You’re My Star),Pond Naravit,http://p1.music.126.net/ctoZ-cEXE1ch13ZKF6yILg==/109951172204597583.jpg,3178404406,17.0,
2015732603,"เพื่อเธอแค่หนึ่งเดียว (Living For You) [เพลงประกอบซีรีส์ ""เพื่อนายแค่หนึ่งเดียว Never Let Me Go""]",Phuwin Tangsakyuen,http://p1.music.126.net/njlfer00tJTf9mLiWFt8gg==/109951170625053399.jpg,3178404406,17.0,
2038371000,ร้อยฤดูหนาว (100 Seasons),Pond Naravit,http://p1.music.126.net/4BYT0deLgxhzMMjYoxxL1Q==/109951170528517372.jpg,3178404406,17.0,
2158458699,"แค่ในวันนั้น (Truth in the Eyes) [เพลงประกอบซีรีส์ ""We Are คือเรารักกัน""]",Pond Naravit,http://p1.music.126.net/i68qzvwg87ctmzDYuQ9jnQ==/109951170528518573.jpg,3178404406,17.0,
2146580831,"เรามีเรา (WE ARE) [เพลงประกอบซีรีส์ ""We Are คือเรารักกัน""]",Pond Naravit,http://p1.music.126.net/6Mc9a6aaiJ903gh1PukMbg==/109951171942441065.jpg,3178404406,17.0,
2020747840,"หนึ่งเดียว (Only One) [เพลงประกอบซีรีส์ ""เพื่อนายแค่หนึ่งเดียว Never Let Me Go""]",Pond Naravit,http://p1.music.126.net/hzEGs0DODfPcLTnvRTSIJQ==/109951171942119216.jpg,3178404406,17.0,
2745566102,เทหมดหน้าตัก (All In),Phuwin,http://p1.music.126.net/mTs0ACtPCbAdOF_XoXbp5A==/109951172005453666.jpg,3178404406,17.0,
2628527426,วันเกิดเธอ (TO YOU),Phuwin,http://p1.music.126.net/DFp-UnkTpg7Rr9eVMXI0zw==/109951171942481337.jpg,3178404406,17.0,
2615646086,"รักก็คือรัก (NO DOUBT) [From ""Summer Night ความลับในคืนฤดูร้อน""]",Phuwin,http://p1.music.126.net/nR1MrGAO7Zg4h75f_YzTlg==/109951171942489065.jpg,3178404406,17.0,
1376873330,吹梦到西洲,恋恋故人难,http://p2.music.126.net/XE1XFkkDYrEW_eXFFlsSYQ==/109951164202821890.jpg,14474645689,17.0,
1406803779,如斯,陈一心,http://p2.music.126.net/599X3Jku3aH_AL-IT8YnFQ==/109951164519043343.jpg,14474645689,17.0,
2621650652,空诺,水调歌头,http://p1.music.126.net/gDPJUjhavBRLqCUHYY-mUA==/109951169911315326.jpg,14474645689,17.0,
2128033101,人间应又雪,萧忆情Alex,http://p1.music.126.net/mtABL0_mma4SeAZYpS9jCQ==/109951169283332024.jpg,14474645689,17.0,
2072190875,风月剑舟,云锡er,http://p1.music.126.net/Bwz0otYS7wpv5S9QbtDRmQ==/109951168831719450.jpg,14474645689,17.0,
1964236604,Nonsense,Sabrina Carpenter,http://p2.music.126.net/UXzplkXmm-e-hX2cGqZx1w==/109951171960924275.jpg,6906893131,17.0,
1948620191,As It Was,Harry Styles,http://p2.music.126.net/-81PBEmpMXdGlx6SJoUDVg==/109951167437895857.jpg,6906893131,17.0,
17112299,Call Me Maybe,Carly Rae Jepsen,http://p2.music.126.net/CochMDnIrcWJWirx5OJjYw==/109951166150786745.jpg,6906893131,17.0,
1373168742,Señorita,Shawn Mendes,http://p2.music.126.net/eSrLKe5g3U8jX-lb629q6A==/109951164162885535.jpg,6906893131,17.0,
1835514122,Kiss Me More,Doja Cat,http://p2.music.126.net/YCjbwVecBzHQfNEuvGLUXQ==/109951168932419116.jpg,6906893131,17.0,
426881489,デート,RADWIMPS,http://p2.music.126.net/UoHin_i29CVJr4gKPEY1kQ==/109951171836647530.jpg,13284451623,17.0,
1436099140,Kamin,EMIN,http://p2.music.126.net/R7RImBcif9gmlWPoEiUidQ==/109951166949642469.jpg,13284451623,17.0,
1328146041,下坠Falling,Corki刘宗鑫,http://p2.music.126.net/TyQNalBMYwsCOl5sq_NBTA==/109951164573566845.jpg,13284451623,17.0,
1299889486,戒不掉（原声版）,欧阳耀莹,http://p2.music.126.net/h8fo0jMwdGOfAc54xvYJAg==/109951163446911351.jpg,13284451623,17.0,
1364799698,初见,张承煜（小魂）,http://p1.music.126.net/ro56Q43WgsirC1nq0oY9jw==/109951166781009994.jpg,13027792003,17.0,
2731002026,你那边天气好不好 你好不好,恋愛幸运星,http://p1.music.126.net/jLMKnvtoHBRzy_3WC_x-ew==/109951171535961949.jpg,13027792003,17.0,
3317124461,说散就散（热播版）,薄冰哥,http://p1.music.126.net/i1swnVzEe_LJZj18nt4HuQ==/109951172139578525.jpg,13027792003,17.0,
2683015536,落了白（氛围版）,蒋雪儿Snow.J,http://p1.music.126.net/l7xPzCJu2mwPvfTGfBOm5A==/109951170595884459.jpg,13027792003,17.0,
2726658017,寂寞寂寞不好,刘大拿,http://p1.music.126.net/qYH37RJLL8v_lH0GbYBXnA==/109951171479815082.jpg,13027792003,17.0,
2745424465,消失,藤竹京,http://p1.music.126.net/tONQilNRiIsh9avEYKPy-w==/109951172002528477.jpg,13027792003,17.0,
1377663942,暧昧,陆杰awr,http://p1.music.126.net/13hMfs7Na3xj2D57w440QQ==/109951164209140580.jpg,13027792003,17.0,
1442508316,丢了你,井胧,http://p1.music.126.net/zYIadX_Prawn3nMTRA9tOQ==/109951164928052888.jpg,13027792003,17.0,
1318880077,Flamingo,米津玄師,http://p2.music.126.net/RG8xwteP2En7d7jEm9ntnw==/109951166521850462.jpg,8700465692,17.0,
1960384346,夏霞 (Acoustic ver.),あたらよ,http://p2.music.126.net/HymDERNi6HQa0PHVxhvstQ==/109951167607871650.jpg,8700465692,17.0,
1916370539,逃避行,imase,http://p2.music.126.net/dJk7h3CbH7qU4SweXfwNyg==/109951166997652702.jpg,8700465692,17.0,
1877070976,クリームソーダとシャンデリア,Edo_Ame江户糖,http://p2.music.126.net/e-FuiMbRWAKh5X3OnjXgEA==/109951166372077112.jpg,8700465692,17.0,
1889339132,好きだから。,『ユイカ』,http://p2.music.126.net/IGwCtH1Ew4d9qBIoMrVLrg==/109951166550072667.jpg,8700465692,17.0,
496869422,打上花火,Daoko,http://p2.music.126.net/ZUCE_1Tl_hkbtamKmSNXEg==/109951163009282836.jpg,8700465692,17.0,
1342950406,カワキヲアメク,美波,http://p2.music.126.net/zqkBx9ON-d17-KSFMAARhg==/109951169290267782.jpg,8700465692,17.0,
431259256,カタオモイ,Aimer,http://p2.music.126.net/bIMB81VSDPpl1MiRs0E2Fg==/109951169065020621.jpg,8700465692,17.0,
1911377814,鸳鸯债,Uri,http://p1.music.126.net/ZrWgJqLD75XvALUIT7E9TQ==/109951166924195228.jpg,6880777536,17.0,
1297802566,盗墓笔记·十年人间,李常超 (Lao乾妈),http://p1.music.126.net/TdqG8yFWSZgQqH2K235MgA==/109951163434990771.jpg,6880777536,17.0,
2005252136,相思遥,魏玉慧,http://p1.music.126.net/e1Q5ANvBtL3jLgPyQjc-NA==/109951168129929242.jpg,6880777536,17.0,
1913206466,西厢寻他,伯爵Johnny,http://p1.music.126.net/0emB6yNDS1d-SyIPC8nWIw==/109951166953218034.jpg,6880777536,17.0,
2625746775,壁上观,龚琳娜,http://p1.music.126.net/eZEjSm4b1iLIRpIeC9-dBA==/109951169950184961.jpg,6880777536,17.0,
1451720450,一笑江湖,闻人听書_,http://p1.music.126.net/SAK07yVLa64lR7HBGKmw7w==/109951165024026423.jpg,6880777536,17.0,
30500857,青丝,时光胶囊,http://p1.music.126.net/szRyfZ3Dgq6OTe-b4VYtyg==/7775746231888644.jpg,6880777536,17.0,
18294494,No More Sweet Music (Album Version),Hooverphonic,http://p2.music.126.net/Kp1tgbBdsqbC_EqocokK-w==/109951165994449591.jpg,13637240037,17.0,
1818201305,Trigger Of Love,JAWNY,http://p2.music.126.net/Ouqvkf_o29_mqD5h4SrRXA==/109951168146184254.jpg,13637240037,17.0,
17662346,Evelyn Evelyn,Evelyn Evelyn,http://p2.music.126.net/4_IifhvuWJf0-Ed9gXAlfg==/109951164797778455.jpg,13637240037,17.0,
34690881,Salvatore,Lana Del Rey,http://p2.music.126.net/TYYMm9RRtNhlWFt41Upyig==/109951163168817550.jpg,13637240037,17.0,
554146664,Put It On Me,Matt Maeson,http://p2.music.126.net/iNNsPAbYsy2RSgijPvP7gg==/109951163920364164.jpg,13637240037,17.0,
2640363291,lovely,yeixs,http://p2.music.126.net/hApwuO-p3Cx4xR9fYShKIw==/109951170097355836.jpg,13637240037,17.0,
34045604,Way down We Go,KALEO,http://p2.music.126.net/zZUK99eB588KU363dSqhLw==/109951171938871900.jpg,13637240037,17.0,
1494941747,Therefore I Am,Billie Eilish,http://p2.music.126.net/g0hekI5j2amNI9vS44Wu1w==/109951165464881834.jpg,13637240037,17.0,
1378843777,Lose Myself,REYKO,http://p2.music.126.net/mRo9q0devUEwaymSr3O4vg==/109951169542845274.jpg,13637240037,17.0,
485964226,Stones,Emmit Fenn,http://p2.music.126.net/Qa16bJcQNHwGbkrJzLykag==/109951169006016555.jpg,13637240037,17.0,
3327521028,给未来的自己,余翊,http://p1.music.126.net/Ke8Pljuxyshpx55cMIuWNA==/109951172459509491.jpg,10085244000,17.0,
2651261357,相爱才能抵万难,鱼崽崽,http://p1.music.126.net/Xh9LK6keF_BUKjmvpXFrug==/109951170198439073.jpg,10085244000,17.0,
1423241987,7 %,XMASwu(吴骜),http://p1.music.126.net/YsXfYs7s2-d0lJwRtp_klQ==/109951164700110582.jpg,10085244000,17.0,
1398283847,我只能离开,颜人中,http://p1.music.126.net/5GPFbTQU-kW57PGv_7LeBw==/109951164440649436.jpg,10085244000,17.0,
2646898642,大眠（eom版）,寻梦,http://p1.music.126.net/yybwNL7uhMAvpyrj_YA55g==/109951170155026829.jpg,10085244000,17.0,
2600133082,Mint Manpo（薄荷曼波）,月亮,http://p2.music.126.net/Jvk12LnjGxY_caN32lb87A==/109951169849283950.jpg,8298915568,17.0,
381858,为你唱首歌,痛仰乐队,http://p2.music.126.net/la_yQfJiPmrDvVlaXbdhLA==/109951169200439396.jpg,8298915568,17.0,
347597,不再犹豫,Beyond,http://p2.music.126.net/wt16K8m7pRpHGr3a0L7oOg==/109951171350736613.jpg,8298915568,17.0,
432698064,如斯,丢火车,http://p2.music.126.net/f4Y4mtFoVG0SKYBrFByA4g==/109951165250066299.jpg,8298915568,17.0,
186513,私奔,郑钧,http://p2.music.126.net/5pOpnbQHkUnUESO1xsGsXQ==/18932490718960959.jpg,8298915568,17.0,
1805289414,山雀,万能青年旅店,http://p2.music.126.net/aEehIWg8Qk5DXLGf0XZHqw==/109951166554891221.jpg,8298915568,17.0,
30431377,绝对占有 相对自由,陈粒,http://p2.music.126.net/VuJFMbXzpAProbJPoXLv7g==/7721870161993398.jpg,8298915568,17.0,
36392025,融化,梁博,http://p2.music.126.net/8Xt93DOQF6X9ayqSaXjVtA==/109951169775153266.jpg,8298915568,17.0,
1989323136,Pretty Girls Walk,Big Boss Vette,http://p1.music.126.net/Hp5L45M2OVkBu93Nu0D3Dg==/109951167964366228.jpg,7680523787,17.0,
2045321003,You Need Jesus,Baby Gravy,http://p1.music.126.net/r1Cuys2rmraCYMpCOHAZ-w==/109951168594482784.jpg,7680523787,17.0,
1421372916,So Thick (feat. Baby Goth),WHIPPED CREAM,http://p1.music.126.net/4wKLtewLQoMGJNzzwjiqTg==/109951164682974311.jpg,7680523787,17.0,
1855286222,Get Into It (Yuh),Doja Cat,http://p1.music.126.net/RM3VItnXqwGtOhkNM3YxwA==/109951168932382196.jpg,7680523787,17.0,
1828910181,bad to the bone,bbno$,http://p1.music.126.net/9rNZ-xXMa_CdaIiTEX4MCA==/109951165806080176.jpg,7680523787,17.0,
1358388348,Goddamn,Tyga,http://p1.music.126.net/oAt3Aqb4Df1nL3DZHP0MJQ==/109951164242941159.jpg,7680523787,17.0,
1839812377,SMALL TALK,Russ,http://p1.music.126.net/dXq6swc2QRWL1-GCSDWS1A==/109951165919270061.jpg,7680523787,17.0,
1861126812,Edamame (ft. Rich Brian),bbno$,http://p1.music.126.net/Bs04WWcGHYYj13DhlBsBgQ==/109951166177469818.jpg,7680523787,17.0,
1394765388,Walk Man,Tiny Meat Gang,http://p1.music.126.net/wXkOP3Pf5L-uIeUuAyhorA==/109951164403844073.jpg,7680523787,17.0,
1458351692,Bassthoven,Kyle Exum,http://p1.music.126.net/hQEieK2ZkW3POtCtP1voYg==/109951165092117697.jpg,7680523787,17.0,
518686034,戒烟,李荣浩,http://p1.music.126.net/yoxDYFnoCq_gFmsdwyYkiQ==/109951168205342389.jpg,17510794387,17.0,
254132,会呼吸的痛,梁静茹,http://p1.music.126.net/8E9NHOTIf6V6Vv45_Taxdg==/109951168163299080.jpg,17510794387,17.0,
1887139866,指纹,杜宣达,http://p1.music.126.net/kT4AECoc13oVKLEg_-eFMA==/109951166578436098.jpg,17510794387,17.0,
2744112026,弥渡山歌 (PHONK),羊音乐,http://p1.music.126.net/rx34lv1MShx9NS_5rsYbDA==/109951172454211922.jpg,17510794387,17.0,
27965209,那时雨,徐良,http://p1.music.126.net/Eiq_XiRNqiXJEwmFzLTtow==/109951172050975516.jpg,17510794387,17.0,
565841054,Say My Name,NIKI,http://p2.music.126.net/KKYFfAT5MWnpUEuU2xLQOg==/109951170609836057.jpg,17564779091,17.0,
1442003784,juice A+,purplehazeee,http://p2.music.126.net/4uld8uDABfR5qgzBmQaEVQ==/109951164922386705.jpg,17564779091,17.0,
547967407,Honey,Running Blue,http://p2.music.126.net/Ngx5C_1gSnsqKrWXCjumOg==/109951163208453554.jpg,17564779091,17.0,
1823175189,M.I.A (feat. Jackson Wang),Afgan,http://p2.music.126.net/Muh4OzDel-ay3f_dZKpChg==/109951165867161028.jpg,17564779091,17.0,
2112299244,Lady,ABOY 安柏,http://p2.music.126.net/ozie5DdTtkip3Hpef3poSA==/109951169998335299.jpg,17564779091,17.0,
1394945305,Girls Need Love (Remix),Summer Walker,http://p1.music.126.net/8LEoxqEcjoTtZ4QTAWSB1g==/109951172248272735.jpg,12231899034,17.0,
1486940634,Blue,Nyah Grace,http://p1.music.126.net/K_YyhCIwJawIa-bI7_o46w==/109951165389263518.jpg,12231899034,17.0,
2120978359,Popular (Slowed),The Weeknd,http://p2.music.126.net/N45DjtYWhbbRGQWW951T5A==/109951169287199357.jpg,12231899034,17.0,
1838886738,Come Through,H.E.R.,http://p2.music.126.net/x61rS5YvJ6HXZUcoZic1lg==/109951165908831458.jpg,12231899034,17.0,
2098015455,Best Ever,Chris Brown,http://p2.music.126.net/8g4E9uPYG9Ds3S9n8TzTKA==/109951169042012888.jpg,12231899034,17.0,
1496189754,DIVA【R&B x Trap Soul】,CYCLE,http://p2.music.126.net/sR9ZQoofYuo_k_aXTteV3g==/109951165477538048.jpg,12231899034,17.0,
18589026,Take Care,Janet Jackson,http://p2.music.126.net/OY-TEmMmGeAtc9MnjendWw==/109951166195652347.jpg,12231899034,17.0,
2736452198,Useless (Without You),Elmiene,http://p2.music.126.net/dlUDGxmgVXUdBQPDOPssBg==/109951171871188128.jpg,12231899034,17.0,
1442186511,Frank,Alina Baraz,http://p2.music.126.net/rXcDtyfO3U1AETV8AAO4pw==/109951169464769376.jpg,12231899034,17.0,
528273705,Naked,MALIA,http://p2.music.126.net/AiSY5ucNgSZAePLMMryZWg==/109951163470046137.jpg,12231899034,17.0,
410654865,GQ,Lola Coca,http://p1.music.126.net/dMWLKIfPcX5xOkRPtts4iw==/109951163291357023.jpg,12853825311,17.0,
1518938,As Long As You Love Me,Justin Bieber,http://p1.music.126.net/1bYAE6KD6kDyAnh77dzAag==/770757651112633.jpg,12853825311,17.0,
1397248051,Just Friends,Hayden James,http://p1.music.126.net/zEB6cknIK9bUOZAePTxlKA==/109951168705317583.jpg,12853825311,17.0,
25648017,I Knew You Were Trouble.,Taylor Swift,http://p1.music.126.net/QtHTu9JysVWTat30lFrXTA==/109951163208497947.jpg,12853825311,17.0,
431855270,Take Me to Infinity (Radio Edit),Consoul Trainin,http://p1.music.126.net/VFbXE0bEL7HacLQsZxjy-g==/109951165154494866.jpg,12853825311,17.0,
500412390,Contact,Lulleaux,http://p1.music.126.net/TPck7lv3kqj9x_iXqx7mOQ==/109951163692316285.jpg,12853825311,17.0,
439076364,Solo Dance,Martin Jensen,http://p1.music.126.net/uwQ8F3guXXUdYdpADk-hZQ==/109951168111022131.jpg,12853825311,17.0,
441120471,That's What I Like,Bruno Mars,http://p2.music.126.net/O0rmDv7U7uhLpyPs7YPp-w==/109951166232338422.jpg,8669927690,17.0,
472045959,The Cure,Lady Gaga,http://p2.music.126.net/bARV4ZiYwNpoaZTyhtEwLg==/18679603046750668.jpg,8669927690,17.0,
1698448,You Are Not Alone,Michael Jackson,http://p2.music.126.net/GtZLLolNwCn07Ke-HZxX1Q==/109951165994661423.jpg,8669927690,17.0,
3405409,Just One Last Dance(College Radio Version),Sarah Connor,http://p1.music.126.net/BEtBjUwW1_gCmzio7UhnbA==/1741626418403134.jpg,12977829526,17.0,
2103899705,Beanie,Chezile,http://p1.music.126.net/TZdKUqYY63SPLk6LpxIJQQ==/109951169470229841.jpg,12977829526,17.0,
1969688591,Черная любовь,EL'MAN,http://p1.music.126.net/QnkIjqq3krHcpVAQNDwjcw==/109951169846865243.jpg,12977829526,17.0,
2051548110,Nothin' on Me,Leah Marie Perez,http://p1.music.126.net/qT1Smiu67dPuPfELwgXH8g==/109951168647276075.jpg,12977829526,17.0,
2095997688,Камин JONY x EMIN ~ Mix,jony.me,http://p1.music.126.net/U-RbMvo-2SUEOJ1gqMv0GA==/109951169025749448.jpg,12977829526,17.0,
1419923484,Green Tea & Honey,Dane Amar,http://p1.music.126.net/dz6WRVrPONY-trFyZ8SHLA==/109951164664966333.jpg,14427232520,17.0,
1480769848,Morning Coffee,Chevy,http://p1.music.126.net/IJv8FTkeMxAIzguJ_sP5dw==/109951165329879983.jpg,14427232520,17.0,
3404383,Like a Balloon,RENEE,http://p1.music.126.net/9PjxpuWDau6x9rZSPFI0Dw==/1700944488175540.jpg,14427232520,17.0,
543862577,your text,Sundial,http://p1.music.126.net/YBgRmrTL3ltHpSfR6bx6xw==/109951164987600047.jpg,14427232520,17.0,
1985237093,24 Hours,Anthony Russo,http://p1.music.126.net/Lk4RUfa3Az44PBls2LCqDQ==/109951169102878571.jpg,14427232520,17.0,
1323090317,Your sunday (sundaymorning)(maroon5 Cover),Sunny Shin,http://p1.music.126.net/8WF4ySTvXgWnoDkMp59UEg==/109951163648039084.jpg,14427232520,17.0,
2709046013,New Heart,Crash Adams,http://p1.music.126.net/4ziZzx2dJysaVpMrzMIcPw==/109951171032052430.jpg,14427232520,17.0,
1815832890,Wrong Direction,Mykyl,http://p1.music.126.net/fgebaQDiya41NnXIl2n7TA==/109951165673765396.jpg,14427232520,17.0,
1847876149,I Know a Place,Chevy,http://p1.music.126.net/YjHT8SWHhPR49X3_t4uRuQ==/109951167480896434.jpg,14427232520,17.0,
32358160,初恋,村下孝蔵,http://p2.music.126.net/3XLr378wrSXwZh34afrARQ==/109951167931792668.jpg,17515640682,17.0,
22654172,悲しい気持ち (Just A Man In Love),桑田佳祐,http://p2.music.126.net/Sqv_AnyuyUsTgg1DKnIX_g==/613527488321772.jpg,17515640682,17.0,
2130052897,空を見上げて,河合その子,http://p2.music.126.net/dalsr6nhQoxjgqPx_RFBaA==/109951169367946991.jpg,17515640682,17.0,
601548,夏色片想い,菊池桃子,http://p2.music.126.net/g04nKoMF8VMnXpmxbq8IgQ==/109951169447567046.jpg,17515640682,17.0,
616299,DOWNTOWN BOY,松任谷由実,http://p2.music.126.net/eaQZ4kx3O9qQJpwNiybhJQ==/109951165694365997.jpg,17515640682,17.0,
32358166,陽だまり,村下孝蔵,http://p2.music.126.net/3XLr378wrSXwZh34afrARQ==/109951167931792668.jpg,17515640682,17.0,
28828346,夕陽の一滴,藤谷美紀,http://p2.music.126.net/DoHseD82_KLQsooH6dSxUA==/109951171749012314.jpg,17515640682,17.0,
22824938,Communication (2012 Remastered),八神純子,http://p2.music.126.net/MPLU6aYuxsSLzCkEPY7QLA==/109951168102089055.jpg,17515640682,17.0,
22693786,Magic Ways,山下達郎,http://p2.music.126.net/ENFQHVyFTVOcYiUclz0W-g==/109951168242394901.jpg,17515640682,17.0,
2036863359,单恋这件小事,李幸倪,http://p1.music.126.net/laT6oA-3Jog40XSOUWcp_g==/109951168527364693.jpg,17505706780,18.0,
2107596195,冬天一个游,Gordon Flanders,http://p1.music.126.net/YtNK6h_S0KJ1QSPdo80QUA==/109951169154517425.jpg,17505706780,18.0,
2730321017,歌顿花园,Gordon Flanders,http://p1.music.126.net/SuMFBkxOpoZ665dhx7sSeA==/109951171526528418.jpg,17505706780,18.0,
2029564800,保持浪費,before the night ends,http://p1.music.126.net/rw9lX44ogSh-jz9KjfljXg==/109951168462824203.jpg,17505706780,18.0,
2107598752,INSECURE,Gordon Flanders,http://p1.music.126.net/YtNK6h_S0KJ1QSPdo80QUA==/109951169154517425.jpg,17505706780,18.0,
1990467006,Time to Let Go,周子涵,http://p1.music.126.net/rcZd_Cqgdk53nOjEJ2RIFQ==/109951167977782126.jpg,17505706780,18.0,
2729810172,Montagem Nada Tropic,"Little Mu, Music Producer",http://p2.music.126.net/YTA1HZJcLit_QoFfG81puQ==/109951171520378357.jpg,146852233,18.0,
1384450197,Remember Our Summer,FrogMonster 蛙蛙,http://p2.music.126.net/nRKx-2GTCaO4X_tcdE-_bQ==/109951164296813169.jpg,146852233,18.0,
2736452286,MONTAGEM XONADA (FUNK NA FAVELA),7YE,http://p2.music.126.net/1-F5JB_zLMmo8uwqJO_QSg==/109951171871195288.jpg,146852233,18.0,
32431987,Fatal Love,Jori King,http://p2.music.126.net/aphiUZDPekKimxI0ds9TBg==/109951167921752316.jpg,146852233,18.0,
1360740756,#тамада (Сингл),Wooshendoo,http://p2.music.126.net/gPSH5X9ko9trDttuG7J1zg==/109951164018885368.jpg,146852233,18.0,
2745752682,Cold Enjoy,WLLY,http://p1.music.126.net/I0aV8qegP11xonyMnBw6FA==/109951172007293345.jpg,146852233,18.0,
1868207326,Want U More (Radio Edit),Hi Noise,http://p1.music.126.net/CBvmjfTQuYvVKTdVAYUwxA==/109951166268069955.jpg,146852233,18.0,
1300646797,In Between Dances,Pam Tillis,http://p2.music.126.net/EBXF3jY_pxmxdwiRnY4Dvg==/109951165995877827.jpg,2393030002,18.0,
560614699,More Love,Doug Stone,http://p2.music.126.net/4ve8IWHF57clx03GFv_IPg==/109951163296358088.jpg,2393030002,18.0,
1401433192,That's How You Know (When You're in Love),Lari White,http://p2.music.126.net/rYDbZYgaSAXJ_fiftsVSLw==/109951164471714562.jpg,2393030002,18.0,
1300624613,I Never Knew Love,Doug Stone,http://p2.music.126.net/lcZAZME6IXpdNKHz3UMw9A==/109951165995422197.jpg,2393030002,18.0,
1433421145,Going Out Of My Mind,McBride And The Ride,http://p2.music.126.net/0ICK9FdYHn91Dwq8L_ln7A==/109951164832943012.jpg,2393030002,18.0,
2930553,Everything's Changed,Lonestar,http://p2.music.126.net/pBAzO8IP33EQDIJaeUQFsA==/109951167542022668.jpg,2393030002,18.0,
1909876575,I'd Rather Ride Around With You,Reba McEntire,http://p2.music.126.net/zyvp88CPkPOL_VX7GgIWkA==/109951168146865911.jpg,2393030002,18.0,
16582273,What Might Have Been,Little Texas,http://p2.music.126.net/YjmJ0xsTidxDg7K1aM0tWw==/109951167659073406.jpg,2393030002,18.0,
1374648,The Thunder Rolls,Garth Brooks,http://p2.music.126.net/i16OCd0tNadOnTe_PvNE1Q==/895002465060802.jpg,2393030002,18.0,
1874848818,Mending Fences,Restless Heart,http://p2.music.126.net/xJrNNBwYTle4XodahUyD9Q==/109951166349851873.jpg,2393030002,18.0,
344403,凑热闹,By2,http://p2.music.126.net/F4PaoO9YZTRv-WQqEXCryw==/109951169200438951.jpg,17509747286,18.0,
2734272059,克莱因之心 (Klein's Infinium),凌晨一点的莱茵猫,http://p1.music.126.net/axoBMQvGjHxu5vw8ywYw-w==/109951171812601364.jpg,13805926260,18.0,
2745986505,探幽,SkylarZou,http://p1.music.126.net/00Kkuk9RxNcnVU93T9Iv-g==/109951172011316611.jpg,13805926260,18.0,
2152694295,Limerence,水仙LONE,http://p2.music.126.net/W7xZTk01d09thbs0onOuhg==/109951169561975772.jpg,13805926260,18.0,
2730955569,溯光,二乘,http://p2.music.126.net/6FId70tT1JLRz5CK1w5qBw==/109951172388902213.jpg,13805926260,18.0,
2690617999,春隙,M3mo,http://p2.music.126.net/rDxxcdC7AeKmkdLjZF42SA==/109951170680790664.jpg,13805926260,18.0,
2134214614,Solitude（独居）,Yaecui^小冉,http://p2.music.126.net/UrctCp9jlU8ao4GKJQGthg==/109951170243470964.jpg,13805926260,18.0,
1855221458,☆═━┈,美 梦 领 取 屋,http://p2.music.126.net/gXMGL2FCflORNqlfwNxVeA==/109951166119182754.jpg,13805926260,18.0,
1835048360,小水鲸,Maple暖枫,http://p2.music.126.net/MRvZvVWSno5mrRfq3-hcng==/109951165864765377.jpg,13805926260,18.0,
863481092,叹云兮,鞠婧祎,http://p1.music.126.net/80ycl8oJz6UBRsGl7MNRUg==/109951170318437851.jpg,8182235152,18.0,
3322054568,探故知（清风上南枝）,萧默然,http://p1.music.126.net/LsHUmU3mQyDisDIsuYeBWg==/109951172346575411.jpg,8182235152,18.0,
1394167216,知我,国风堂,http://p1.music.126.net/_etyUh1ofScyTMFArsJXWg==/109951164415301539.jpg,8182235152,18.0,
503357071,恰听烟雨寒,涵昱,http://p1.music.126.net/lpgH-bQYxD7UMTMdPtNerQ==/109951163017128626.jpg,8182235152,18.0,
28854182,惊鸿一面,许嵩,http://p1.music.126.net/NBjIuSJ7LRugXdATt3j8AA==/109951172321467418.jpg,8182235152,18.0,
1335942780,九万字,黄诗扶,http://p1.music.126.net/oVCpfPtfAqNcAbRWMU7ffA==/109951163801547166.jpg,8182235152,18.0,
2007734279,You Look Lonely,sin,http://p1.music.126.net/qjdjSr0vRRMALtgTXO-AXw==/109951169356592748.jpg,8664213739,18.0,
2123103892,i was only temporary 2 u,my head is empty,http://p1.music.126.net/nNkmjoZXDClyoLfzzUKWdw==/109951169305097974.jpg,8664213739,18.0,
2621452335,Mindgame,flawed mangoes,http://p1.music.126.net/yeUr3DVlzRaH6VcLtq89VQ==/109951169951081470.jpg,8664213739,18.0,
2607359138,faraway,Aurenth,http://p1.music.126.net/FfJE-xGoLOOxfcXUt8mMtg==/109951169848280028.jpg,8664213739,18.0,
2608319272,stay safe,Aurenth,http://p1.music.126.net/BUk1H7qWP5EvsXUnGEnIeQ==/109951169840383080.jpg,8664213739,18.0,
1434065316,Nightviper,instupendo,http://p1.music.126.net/cQp4pvP_0Efwq1cTRebTAA==/109951170098247511.jpg,8664213739,18.0,
407007703,Geisha (Original Mix),Dino Sor,http://p2.music.126.net/S6wTGS9sN26GNaneP-vp5g==/109951163311221378.jpg,14356747108,18.0,
2050690965,杀死比尔,李文杰,http://p2.music.126.net/W51rsOVdqjQKTn4xxfleIg==/109951168639119824.jpg,14356747108,18.0,
2119841132,"Automotivo XM, Taka Taka Taka Tá",Dj Brunin XM,http://p2.music.126.net/wR5egy-il4M7EsTgXqvf5w==/109951169278564382.jpg,14356747108,18.0,
28577625,Hard Time,Seinabo Sey,http://p2.music.126.net/GQAwW3JbCBfhwqF9_3Ck0g==/5994537394884520.jpg,14356747108,18.0,
2078552401,Tale of The Shadow,Sail North,http://p2.music.126.net/N12duPIWhO6gLPY_UfXzjQ==/109951169003986906.jpg,14356747108,18.0,
1417673385,Boss Bitch,Doja Cat,http://p2.music.126.net/z8asnH3SZ-4neVO5EAd7bQ==/109951164638072444.jpg,14356747108,18.0,
2104604224,爱是,陆可儿Kirby,http://p2.music.126.net/qZL733ADn235wKd7lB1kdg==/109951169121834564.jpg,17480076787,18.0,
29822766,幸せになれる隠しコマンドがあるらしい,ちぃむdmp☆,http://p1.music.126.net/mE2y68jqXM2nUo4pp4S5Mg==/3222668583506708.jpg,759037438,18.0,
525241143,evergreen,鹿乃,http://p1.music.126.net/CqnbFqDFW3Z_05HGzzcPsQ==/109951163089167594.jpg,759037438,18.0,
2668056312,天天天国地獄国 (feat. ななひら & P丸様。),Aiobahn +81,http://p1.music.126.net/8d6xvUjjtTKmoiQhbyYDrw==/109951170410073756.jpg,759037438,18.0,
2143722705,ステレオフォニック,鹿乃,http://p1.music.126.net/3o8STzCp2McypNiuMdFCRg==/109951169480371298.jpg,759037438,18.0,
2110991398,ツインテール魔法少女,Hanon,http://p1.music.126.net/FU_nUPm5DymPMcJmn3BoKA==/109951169200148465.jpg,759037438,18.0,
1377837957,Honey (feat. Shion),Kirara Magic,http://p1.music.126.net/C6FUHKi6LzJuIJer3R40VA==/109951164212516212.jpg,759037438,18.0,
1442605467,Digital Life Hacker,をとは,http://p1.music.126.net/nwtQXu5he8J3BWgxlP5gZw==/109951164929256961.jpg,759037438,18.0,
1893585843,Daydream Cafe (feat. Shion Lee),Kirara Magic Radio,http://p1.music.126.net/oQRXzu5uJP-px5Ao4u0o1g==/109951166603446820.jpg,759037438,18.0,
457088985,真夏のフォトグラフ / 露蒂的玩具ED（翻自 azusa）,樹莓蛋奶酥,http://p1.music.126.net/wDJwR2hv3cK6UivQsJkK0A==/109951166555460247.jpg,759037438,18.0,
1497343203,我的悲伤是水做的 日语版,Hanser,http://p1.music.126.net/Mw7z4vn0EMrWlitsiYgzPQ==/109951163606870393.jpg,759037438,18.0,
31654001,Reset,Tiger JK,http://p1.music.126.net/bwopvEa_y5fvm5-VFrZ0Ng==/109951170242424991.jpg,9801675537,18.0,
1332662449,We all lie,하진 (HAJIN),http://p1.music.126.net/WUiF0sh0u6WOALTFJBjEKw==/109951163723083888.jpg,9801675537,18.0,
28836163,최고의 행운,CHEN,http://p2.music.126.net/A2-Y9rBtShutPTOd0Zlg5w==/109951170151462886.jpg,9801675537,18.0,
409931272,Everytime,CHEN,http://p2.music.126.net/VOzI8Ma3Fdlfk1CKOJeb2Q==/1390882216518292.jpg,9801675537,18.0,
26128877,HEAVEN,Ailee,http://p2.music.126.net/_yCpYedW1BwRF8y1NO_Vhw==/109951169708037255.jpg,9801675537,18.0,
32507132,Return,WENDY,http://p2.music.126.net/0rBlWvVjbNp_XnkYN0xCyw==/109951170151470967.jpg,9801675537,18.0,
3324858777,O What a Spacely Cystybeast,塞壬唱片-MSR,http://p1.music.126.net/2knc382u4bqAdMw_BXrrhQ==/109951172383386138.jpg,8251938484,18.0,
3313704878,雪山降临1101,塞壬唱片-MSR,http://p2.music.126.net/1wzCciYOG82MtLIO-glaQA==/109951172230385690.jpg,8251938484,18.0,
2731366994,与你在黄昏街角相遇,塞壬唱片-MSR,http://p2.music.126.net/xWHWPfL_4xkzLeC3lwUM7g==/109951171543275179.jpg,8251938484,18.0,
2070352211,Misty Memory (Acoustic Version),塞壬唱片-MSR,http://p2.music.126.net/KRWOKqfupLimKvqS6MA9WA==/109951168813447097.jpg,8251938484,18.0,
2712238895,Suspense,塞壬唱片-MSR,http://p2.music.126.net/Y2esA5rtS82iAdTQZfuYiQ==/109951171263804531.jpg,8251938484,18.0,
2693587201,诸王之息,塞壬唱片-MSR,http://p2.music.126.net/pRGcStPsoT5WYoFP9JIikQ==/109951170712311706.jpg,8251938484,18.0,
2693587198,离解复合,塞壬唱片-MSR,http://p2.music.126.net/pRGcStPsoT5WYoFP9JIikQ==/109951170712311706.jpg,8251938484,18.0,
2674457435,See you soon,塞壬唱片-MSR,http://p2.music.126.net/nc9JPwslLqAnCYhHIVV7bg==/109951170476723193.jpg,8251938484,18.0,
2683347690,此夜一息尚存,塞壬唱片-MSR,http://p1.music.126.net/XXrKL9R4hijUoWbVmtb9Fg==/109951170601002263.jpg,8251938484,18.0,
2668949546,相见欢,塞壬唱片-MSR,http://p1.music.126.net/EhAPL8JRSar3zsKs0nsS5Q==/109951170419323950.jpg,8251938484,18.0,
3312929673,Dynasty It all fell down Redio,阿吉野马,http://p1.music.126.net/8KjArjpFwfbrT2kgmobkIw==/109951172218839997.jpg,12580250830,18.0,
2734939313,Electronic ibuprofen,MerrinZephyr,http://p1.music.126.net/cNmbKnh4tmnL6K_h3WKjSQ==/109951171831606684.jpg,12580250830,18.0,
2755842690,盐津-她遇见我-Yanjin-She Met Me,sister gertha lemone,http://p1.music.126.net/lfe6V5ZbkV9jCizPz1KsDg==/109951172155473562.jpg,12580250830,18.0,
2729766169,PRESSURE(PHONK),GTR7,http://p1.music.126.net/tusuQcWkozFpO2DOCLiMdw==/109951171515933918.jpg,12580250830,18.0,
2743764746,Scar Face（PHONK）,KKK,http://p1.music.126.net/Rqj1PCXT9xUuW49ol5v1tA==/109951171980581251.jpg,12580250830,18.0,
2747584736,Black Soul,Smoke,http://p1.music.126.net/4CiUW-rbvxxs2Qc1X1cxQg==/109951172032637270.jpg,12580250830,18.0,
2746522670,VAI TOMA TOMA (MENTE MA),7YE,http://p1.music.126.net/o9kJ14f1CZEOftNWT_TEKw==/109951172020106092.jpg,12580250830,18.0,
2756528758,Walk My Walk,Breaking Rust,http://p2.music.126.net/PR7DxQSZpIsXQPsST5-0FQ==/109951172164233659.jpg,13730190872,18.0,
2666966672,惦念你,邹沛沛,http://p2.music.126.net/H9l8LCDKf_hPj4tjcHReZA==/109951170387335647.jpg,14274166480,18.0,
2647245166,Attitude,ZIV,http://p2.music.126.net/ezFDWo0PAfRt__lFe0iBpQ==/109951170519947173.jpg,14274166480,18.0,
2677428055,how can i choose,三棱镜,http://p2.music.126.net/q5IcwAJFoxH6cJgAAmXQTQ==/109951170505031142.jpg,14274166480,18.0,
1403272525,说不出来,罗婉丁EVANGELINE,http://p1.music.126.net/BX6uYwyly6NyLs4TeSEMlA==/109951164485701222.jpg,14274166480,18.0,
1876425095,complex,Ulena,http://p1.music.126.net/dolW4YJdMhq6HgEj24MbKQ==/109951167085025584.jpg,14274166480,18.0,
2693780595,Say it if u,KazChou,http://p1.music.126.net/x4OD13GT3TjM-sqj3C02CQ==/109951170713173633.jpg,14274166480,18.0,
2133207305,Past Future,嘉滢,http://p1.music.126.net/aZR04iioDOi91XYX45Mrfw==/109951169402590852.jpg,14274166480,18.0,
2631551204,咬痕(feat. Q.luv),ZIV,http://p1.music.126.net/ezFDWo0PAfRt__lFe0iBpQ==/109951170519947173.jpg,14274166480,18.0,
2692651523,四维爱,郑杰伦,http://p1.music.126.net/di0M-Iemr1JvIuhg-ETJlA==/109951170705366459.jpg,14274166480,18.0,
2725367853,分开旅行,MUSIKEY,http://p1.music.126.net/5t9icoKcJtJ4CNApdktSHg==/109951172439893563.jpg,2578556705,18.0,
1406083061,你,郑润泽,http://p1.music.126.net/OvnvQlFc8QSD7UnqtM9YYw==/109951164512103081.jpg,2578556705,18.0,
1925404868,等,TC,http://p1.music.126.net/GzOoQ3OCsc1P3PWlAZXp0w==/109951167114915195.jpg,2578556705,18.0,
1389090775,蓝,石白其,http://p1.music.126.net/zmv6D4uXh4hM7R0d3KLSxw==/109951169707180923.jpg,2578556705,18.0,
2611188997,afro jazz (slowed),Фрози,http://p1.music.126.net/vmTqRuvDw9nQM-UIqOaWlA==/109951169814734680.jpg,13168659839,18.0,
1847230931,Bobo,Aya Nakamura,http://p1.music.126.net/0rC7HTgtIlMktUOW-3Q79w==/109951166004238914.jpg,13168659839,18.0,
2099345659,七溜八溜 WAIYA,万妮达Vinida Weng,http://p1.music.126.net/bVVppOscqzieFHlY1UnmeA==/109951169052586969.jpg,13168659839,18.0,
3320110538,NON STOP,HANA,http://p1.music.126.net/r2R6zEyIKPbxl74N_lleMg==/109951172318067806.jpg,8208344192,18.0,
2144813587,ライラック,Mrs. GREEN APPLE,http://p1.music.126.net/7kR5VIqGIA3cm5iJkBkYHg==/109951169488365279.jpg,8208344192,18.0,
3322740505,街灯,BE:FIRST,http://p1.music.126.net/j-a95mKu_csCuHP-f6XbiQ==/109951172355351289.jpg,8208344192,18.0,
36871044,クリスマスソング,back number,http://p1.music.126.net/6CGl-YLVbvI7Rgi5dUTX_Q==/109951168029376814.jpg,8208344192,18.0,
2695576983,ROSE,HANA,http://p1.music.126.net/k3J7I0BsuJpC1eF85puFqw==/109951170728508440.jpg,8208344192,18.0,
2736671836,カリスマックス,Snow Man,http://p1.music.126.net/NAESKY2dFLWbzuP916Tpfg==/109951171874299157.jpg,8208344192,18.0,
2696315898,夢中,BE:FIRST,http://p1.music.126.net/7zWkPhc5t43GBPSbT3ijrw==/109951170735453296.jpg,8208344192,18.0,
2681425876,아무래도 (Feat. ZENE THE ZILLA) (feat. ZENE THE ZILLA (제네 더 질라)),TOIL,http://p1.music.126.net/bWVMwh6ysUq1zVIlNXQ1Ew==/109951170546580389.jpg,12629140019,18.0,
22700129,나니까,尹美莱,http://p1.music.126.net/W-7t5cltXmPR3MT_gLJjNg==/1364493975592617.jpg,12629140019,18.0,
1340165691,Love is You,Punch,http://p2.music.126.net/fkakw5FcEzMCbqyerQyZmw==/109951170675602869.jpg,12629140019,18.0,
5381308,여자이니까,Kiss,http://p2.music.126.net/JQp-4d13t4M36cvvXO8HgA==/109951168743971271.jpg,12629140019,18.0,
479422898,鱼仔,卢广仲,http://p2.music.126.net/OWnuOmJ7v-h5PMT5BsPGLQ==/18891808788668489.jpg,12656834354,18.0,
2065983373,雀圣,鲸鱼老师,http://p2.music.126.net/1O5TXUDYuTVRFDdrzwaDeA==/109951167090711255.jpg,12656834354,18.0,
22670174,時間を名乗る天使,Cymbals,http://p2.music.126.net/Nf7SJPoYcT6R_Mq8q5jIng==/109951167359870036.jpg,12656834354,18.0,
139707,复刻回忆,Pianoboy高至豪,http://p2.music.126.net/5iWOTqqBCdCI5u0j26BBiw==/32985348845744.jpg,12656834354,18.0,
2659662047,夜别,马頔,http://p1.music.126.net/rDexVEytgOmCrqvvZzAmLw==/109951170303541634.jpg,14428009437,18.0,
1415663223,寻常岁月诗,柏松,http://p1.music.126.net/DK1_4sP_339o5rowMdPXdw==/109951164071024476.jpg,14428009437,18.0,
25703023,恋恋风尘,老狼,http://p2.music.126.net/1C1hVHEsIhT0lumGtKySbA==/109951163067297063.jpg,14428009437,18.0,
2149792787,这条小鱼在乎,王OK,http://p2.music.126.net/4o1uzqEYkPog9EL4jh5kVA==/109951169613963993.jpg,14428009437,18.0,
569214250,借,毛不易,http://p2.music.126.net/vmCcDvD1H04e9gm97xsCqg==/109951163350929740.jpg,14428009437,18.0,
108103,想把我唱给你听,老狼,http://p2.music.126.net/qV9HqYTmdgPR0aaHPNMAzA==/109951167759905422.jpg,14428009437,18.0,
2060065587,山花烂漫,苏星婕,http://p2.music.126.net/Z0iB7hOKZa03OlkjCibCiA==/109951168707643331.jpg,14428009437,18.0,
1933605915,吉林的风吹过唐山吹到了河南,邵帅,http://p2.music.126.net/ZZCvCAeUXeqmcS7GRQYo-g==/109951167222590665.jpg,14428009437,18.0,
1989502542,天高地阔,安溥,http://p1.music.126.net/FATA8q3P9PfO5wDoWjTHUg==/109951167966156160.jpg,9654235407,18.0,
402070928,我好想你,徐佳莹,http://p1.music.126.net/SgcH09uTKc1Hb-ZHQbtyGg==/1364493981206667.jpg,9654235407,18.0,
407002483,浪费,徐佳莹,http://p2.music.126.net/6rRiJ_bBS-jOA-IwGUY9dw==/3422779700149849.jpg,9654235407,18.0,
210049,布拉格广场,蔡依林,http://p2.music.126.net/8D2Pd7EuvGboMyE2xWc47A==/109951172453712025.jpg,9654235407,18.0,
1957783310,在意这件事,徐佳莹,http://p2.music.126.net/LkwTIyU7Zo853W6LUfYpag==/109951167574776183.jpg,9654235407,18.0,
27747329,坠落,蔡健雅,http://p2.music.126.net/RLrFydREIra5P5rTzIpybQ==/109951166118886951.jpg,9654235407,18.0,
254498,昨天,梁静茹,http://p2.music.126.net/PavIMxZq16K7-0fSF5n-yg==/109951163240604120.jpg,9654235407,18.0,
297752,门,魏如萱,http://p2.music.126.net/_N5s7MEJWPLVFxt0RiQtnQ==/109951169889420553.jpg,9654235407,18.0,
454828889,人质,张惠妹,http://p2.music.126.net/KZ0VfIoFYsxpjz9sTQuLVQ==/17687843556430013.jpg,9654235407,18.0,
209429,坐火车到传说中的湘南海岸,陈绮贞,http://p2.music.126.net/Tsf2pd-FoyXMTLxlQsYpug==/109951170699996875.jpg,9654235407,18.0,
540596309,Psycho,Post Malone,http://p2.music.126.net/df8MhUmmxwNOTcuBX824jA==/109951163159695946.jpg,13257234968,18.0,
1297743363,Days,AQVOL,http://p2.music.126.net/bc4bpvzYYsSln91BcsMeMg==/109951167552481405.jpg,13257234968,18.0,
1406633327,Blinding Lights,The Weeknd,http://p2.music.126.net/N-bKreSjAKtuY7bHm5hwzw==/109951165370121751.jpg,13257234968,18.0,
16509628,Nothin' On You,B.o.B,http://p2.music.126.net/6QVLaPH20xD4PlUN3UwIBA==/655308930161621.jpg,13257234968,18.0,
2107008799,Chamomile,Jeff Bernat,http://p2.music.126.net/H3mZ2Um2vI4xBgQELRUWww==/109951169148393420.jpg,13257234968,18.0,
416388799,明月天涯,五音Jw,http://p2.music.126.net/oxfgddgLsqXFEiIEgpq1lA==/109951167785263636.jpg,7607441443,18.0,
2685583481,Radio (Dum-Dum),宋雨琦,http://p2.music.126.net/UxKFTTOO-GAWX5rx9EPnAw==/109951170726026022.jpg,7607441443,18.0,
33223250,听见幸福,林俊杰,http://p2.music.126.net/iCA3UXuxr-onI2gjnQevZg==/109951168113916765.jpg,7607441443,18.0,
417859225,해볼래,Sistar,http://p2.music.126.net/F50AlnI-CQ9C08qkVFJUsg==/2946691177457596.jpg,7607441443,18.0,
191134,着魔,张杰,http://p2.music.126.net/i1KFnIt284AdIocVKQsIvw==/849922488315442.jpg,7607441443,18.0,
25648033,放爱情一个假,萧亚轩,http://p2.music.126.net/8WysudpkjZUa2f-vKQWCAg==/109951168803753478.jpg,7607441443,18.0,
2006630435,告别前要跳舞,汪苏泷,http://p2.music.126.net/-0uzd-3roA8rZP7NPlLr5w==/109951168311222481.jpg,7607441443,18.0,
1472340705,娱乐世代,汪苏泷,http://p2.music.126.net/v1Xv3GAu50nwfej0UNKG1g==/109951165480643660.jpg,7607441443,18.0,
1472536514,好想大声说爱你 (Live),张杰,http://p2.music.126.net/Uc2nXib0ql8FOvW2UGgq3Q==/109951166524231115.jpg,7607441443,18.0,
3317996179,一滴泪的时间,KONI可妮,http://p1.music.126.net/6by7AW1qj2nsxhEJcguRHw==/109951172283686013.jpg,7509561038,18.0,
1978260557,雪地里相爱,超超（周永超）,http://p1.music.126.net/bc5W5LhrFYVR7NcFFmGPPA==/109951168306918706.jpg,7509561038,18.0,
26305535,原来,林俊杰,http://p1.music.126.net/Pz4sEpA7nsiyIdIrswTx9A==/109951167894836691.jpg,7509561038,18.0,
2161222939,沦陷,JuggShots,http://p1.music.126.net/ctib5R--oR68W2IrOk765w==/109951169635716223.jpg,7509561038,18.0,
108806,原来,林俊杰,http://p1.music.126.net/kSyujmjRn_9adgb4Wg5R-g==/109951171415593434.jpg,7509561038,18.0,
36867958,DADDY,PSY,http://p2.music.126.net/HmdjBw5_BztZREjrOwU-Fg==/3262251005987654.jpg,14060894610,18.0,
22842426,"헤어지지 못하는 여자, 떠나가지 못하는 남자 Can't Breakup Girl, Can't Breakaway Boy (feat. 정인 Jung In)",Leessang,http://p2.music.126.net/Ar2ABZffwmLnrsGQGB_ZBw==/109951168694177421.jpg,14060894610,18.0,
22845457,불꽃,高耀太,http://p2.music.126.net/9AESe5c-RG26gHldu-iYOQ==/109951168907801132.jpg,14060894610,18.0,
27676681,니가 뭔데 (Who You?),G-DRAGON,http://p2.music.126.net/_XK4IKy9KvJ1lvTVg5ZE2A==/109951167896046832.jpg,14060894610,18.0,
405372209,이 사랑,DAViCHi,http://p2.music.126.net/2NMopL8n-Y7wbwpjdxBWKA==/1388683187930650.jpg,14060894610,18.0,
31789317,LOSER,BIGBANG,http://p2.music.126.net/DQtoOpEAL8EJGpmLOIA0Mw==/109951167700548966.jpg,14060894610,18.0,
2150025189,Blanket of Lies,Príncipe Israel,http://p1.music.126.net/XAUnZ9rL1mneFLym29P1fQ==/109951169536330392.jpg,4920405293,18.0,
1820866552,Talk You Down (feat. SYML) [Acoustic],Charlotte Lawrence,http://p1.music.126.net/0hN6u6AeJx_BEUmgYtR9VA==/109951165733963240.jpg,4920405293,18.0,
1874321895,Love Is The Answer,Natalie Taylor,http://p1.music.126.net/iA2qrJZXMwGD2jgVu78Asw==/109951172054321697.jpg,4920405293,18.0,
1913698321,London Is Lonely,Holly Humberstone,http://p1.music.126.net/okTZG0t6R3tIET6u4bCLjw==/109951166960479637.jpg,4920405293,18.0,
1453372370,I Used To Hate My Body But Now I Just Hate You,Fenne Lily,http://p1.music.126.net/8b2Q9AFlw9DMrvDaOupCDQ==/109951165158610422.jpg,4920405293,18.0,
2132789169,Good Enough,Sasha Alex Sloan,http://p1.music.126.net/cNJTepxmQoq349gRJlKNFQ==/109951169389202329.jpg,4920405293,18.0,
2097367432,Sand,Dove Cameron,http://p1.music.126.net/JEaNrkrpTnj8p-EDgaaMwQ==/109951169037586028.jpg,4920405293,18.0,
2135385131,Kids,Sasha Alex Sloan,http://p1.music.126.net/karmGSjCOOwhn7JFDs0YHw==/109951169409617882.jpg,4920405293,18.0,
2622694813,Pain,DLSS,http://p1.music.126.net/jqNs6D4jy-WZUv5RWU538Q==/109951170032103833.jpg,4920405293,18.0,
28660009,Old Money,Lana Del Rey,http://p1.music.126.net/09q4e_zFRrfcxLAFYPDGfA==/109951167264500208.jpg,4920405293,18.0,
2042614283,leu,呆呆破,http://p2.music.126.net/NKhWqHKKr3HWUM-ro1pMLg==/109951168571724337.jpg,13213279381,18.0,
1941258301,spirited away,IRXD7,http://p2.music.126.net/IaKeLdBl6C8SZQV19UXDAg==/109951168679203045.jpg,13213279381,18.0,
757658,歩いても 歩いても,ゴンチチ,http://p2.music.126.net/kM_qcDW1GQ_5KHdQ7w_rdw==/657507953422379.jpg,13213279381,18.0,
1828063556,愛,Seto,http://p2.music.126.net/ngVZnNiQdZ8HggNeujNixg==/109951165799919987.jpg,13213279381,18.0,
3321762894,恋旧病,M!nH,http://p2.music.126.net/GI2hppua5gp94MznZMhKfw==/109951172343068473.jpg,13213279381,18.0,
2133652829,缓释胶囊,时空储蓄罐,http://p2.music.126.net/Eb1WDttMp-VYAENYEjIUPQ==/109951169395701266.jpg,13213279381,18.0,
1862764452,Phonky Trap,Suave Lee,http://p1.music.126.net/QM87XypyvDY2VbaTa1sNKQ==/109951166197450108.jpg,14049111723,18.0,
1943964204,Ahegao,BeMax,http://p1.music.126.net/uYuEvIdwZn2PvMthiYxBmw==/109951168870694979.jpg,14049111723,18.0,
1963132367,PLAY,Ricii Lompeurs,http://p1.music.126.net/neAqG2gsG1sOV0rsp2mNxA==/109951169396882863.jpg,14049111723,18.0,
2061508318,TIRED OF PROBLEMS (SLOWED),NUEKI,http://p1.music.126.net/ekU7ze2Ts13wvcS-s9kPUg==/109951168719024841.jpg,14049111723,18.0,
1976639990,Lucid Dreams,Cxvxlry,http://p1.music.126.net/7zd5lgi5uKfx6tcYbCKTNQ==/109951169159406592.jpg,14049111723,18.0,
1832336880,Blindspot,LXST CXNTURY,http://p1.music.126.net/l3iWT-vbykxhX91Lu9-WRg==/109951165832084607.jpg,14049111723,18.0,
1967493421,SHADOW,ONIMXRU,http://p1.music.126.net/Tw6LN3Nuwfd6sNy2a0Wy6Q==/109951168831324117.jpg,14049111723,18.0,
2063009019,Feel You,MAXPVNK,http://p1.music.126.net/-8XG9iturWnokQp5MT6NuQ==/109951169720157736.jpg,14049111723,18.0,
1967223401,This Feeling,NEKXSTXZIS,http://p1.music.126.net/0AUnTe4TnJBuXyweavWvHA==/109951168600380114.jpg,14049111723,18.0,
3313963076,痛苦跟着我,Young God,http://p2.music.126.net/wvlW6szcDXHzhbGMzjLVDA==/109951172232936067.jpg,13831726091,18.0,
3313961965,难过的小子,Young God,http://p2.music.126.net/wvlW6szcDXHzhbGMzjLVDA==/109951172232936067.jpg,13831726091,18.0,
2747142682,仅给你的歌,乔昊鹏,http://p2.music.126.net/W-sxk8qjk6n1LL7WaE0paA==/109951172027919425.jpg,13831726091,18.0,
2004693576,琳,BOBBYNOPEACE,http://p2.music.126.net/ZT24w0ptAI2sqpj3wxkQGQ==/109951168126592947.jpg,13831726091,18.0,
2013290415,1 AM,THOME,http://p2.music.126.net/IuyhHbgZVnFHLjknh3JriQ==/109951168223326749.jpg,13831726091,18.0,
3319817890,身无居所,Vansdaddy,http://p2.music.126.net/5an8DUwXGbDb0lWUdTl3ug==/109951172314748758.jpg,13831726091,18.0,
3319814367,晴天四季,Vansdaddy,http://p2.music.126.net/5an8DUwXGbDb0lWUdTl3ug==/109951172314748758.jpg,13831726091,18.0,
1953028963,The Lick on 91 Instruments,Luke Pickman,http://p1.music.126.net/XLuOlBO28tENEK5-FScO4g==/109951167506553604.jpg,2142740695,19.0,
29563503,Just For You,Uyama Hiroto,http://p1.music.126.net/x2MaMPPKTc_9EzKcqC7g2A==/109951168941870601.jpg,2142740695,19.0,
5193405,Innocence,Jo Manji,http://p1.music.126.net/2aavLwsewd83g-ZZTUjIEA==/1796601999798396.jpg,2142740695,19.0,
416529,Cape Light,和泉宏隆,http://p1.music.126.net/iMUNxerZ17ibR0Q5Snci3w==/838927371993152.jpg,2142740695,19.0,
28388384,Confessions,BADBADNOTGOOD,http://p1.music.126.net/klSkkYnry-61do_AkKwG_w==/109951171931722158.jpg,2142740695,19.0,
2016047462,"Love Humans (From ""Fire of Love""/Score)",Nicolas Godin,http://p1.music.126.net/2aS3Ej2ACq_TcEaXoCl8sg==/109951168248982535.jpg,2142740695,19.0,
2094183438,Beneath the Mask -Tactica-,アトラスサウンドチーム,http://p1.music.126.net/7m2csZeQCV0qyrrraX2NgA==/109951169010064974.jpg,2142740695,19.0,
18576568,My Romance,Joe Pass,http://p1.music.126.net/LhuDJJzYlnUSqnjnlP-9tA==/2539871860526902.jpg,2142740695,19.0,
22486343,I Hear A Rhapsody (Digitally Remastered),Bill Evans,http://p2.music.126.net/LgQtZsdUV9ds30D_aEtpdg==/885106860382168.jpg,2142740695,19.0,
537730969,The Shade of the Mango Tree,Luiz Bonfá,http://p2.music.126.net/iMS74Rr3eCeV_OelDSdSIQ==/109951163143800240.jpg,2142740695,19.0,
2657699391,我的爱没前奏,罗森涛,http://p1.music.126.net/TasRUoWHScYNPGxqI0ydiQ==/109951170277820903.jpg,12582843955,19.0,
27483167,唯一,王力宏,http://p1.music.126.net/59G6Y2NZlfqCHuTorgDNAw==/109951170708268079.jpg,12582843955,19.0,
1346251896,Lucky for You,Novo Amor,http://p1.music.126.net/CbUHlow-JomHBpJmhhEKCw==/109951164506185613.jpg,14402526638,19.0,
480769623,Anchor,Novo Amor,http://p1.music.126.net/lzcqSnAjluU4lkRT1_rJ0w==/109951164470082996.jpg,14402526638,19.0,
1397619768,The Shining Mountain,Hanging Valleys,http://p1.music.126.net/fuBTcHHxojJKcu1FQXLo9Q==/109951170608534409.jpg,14402526638,19.0,
2070268470,Casual Kisser,McKenna Grace,http://p1.music.126.net/Y4aT4m2p6KmdBgRbDOdvuQ==/109951170950418011.jpg,14402526638,19.0,
866045314,Repeat Until Death,Novo Amor,http://p1.music.126.net/ohzfQAxR65LUTePZ2mG2YQ==/109951164417025558.jpg,14402526638,19.0,
1813512924,Arrow Flies,Paper Planes,http://p1.music.126.net/dlz2NwqMuBLDAJZgK_kKQg==/109951165643867605.jpg,14402526638,19.0,
1465114515,illicit affairs,Taylor Swift,http://p2.music.126.net/b_6ZbpOz55g8oB4KR34aFw==/109951168971655174.jpg,14402526638,19.0,
866040890,Emigrate,Novo Amor,http://p2.music.126.net/ohzfQAxR65LUTePZ2mG2YQ==/109951164417025558.jpg,14402526638,19.0,
28993085,Faux,Novo Amor,http://p2.music.126.net/ZfT2Pb1hl-zKnCeITbG2Cg==/6646547789945541.jpg,14402526638,19.0,
2662577418,游京 (奋斗进行曲),DJ筱轩,http://p2.music.126.net/n0ynA_AHiNrF7Do52A9Ltw==/109951170344400412.jpg,13958738914,19.0,
2145065424,美丽的神话,小瑞,http://p2.music.126.net/-iGKwYIYHyD6xRvK_PWJHA==/109951169490173821.jpg,13958738914,19.0,
1479523848,虞兮叹 (DJ沈念),闻人听書_,http://p2.music.126.net/6gdwWjPXUkyTx4CuuSxkIg==/109951165319864977.jpg,13958738914,19.0,
1305365936,离人愁 (DJ咚鼓承利Remix),承利,http://p2.music.126.net/5YSEKzz3j0u2iewuwZvR2w==/109951163525651967.jpg,13958738914,19.0,
1984531722,彼岸花又开 (DJ阿卓版),杨联恩,http://p2.music.126.net/bv6SwMe46-1wDs-E1Fd_dA==/109951167909770023.jpg,13958738914,19.0,
1471064193,隔岸（DJ完整版）,姚六一,http://p2.music.126.net/5Dc4JMRNzyteRVsEGGZYiA==/109951165071456067.jpg,13958738914,19.0,
2632158467,清明上河图（DJ铁柱版）,DJ铁柱,http://p2.music.126.net/5--_fTBIRdwyW4t_UmYpcg==/109951170002557326.jpg,13958738914,19.0,
2646890679,春不晚 (DJ-Siqe版),低锥碎片,http://p2.music.126.net/f3pezy6ksvVgHZLvWb3J4Q==/109951170499651812.jpg,13958738914,19.0,
2052092037,天若有情（DJ铁柱版）,DJ铁柱,http://p2.music.126.net/0d_HadNunRecltLqNn0G3g==/109951168650715428.jpg,13958738914,19.0,
2619451659,壁上观,YinTianXiang,http://p2.music.126.net/scbYSWAWdhdoB7TNS6AGYQ==/109951169892264743.jpg,13958738914,19.0,
1824927085,Leave The Door Open,Bruno Mars,http://p2.music.126.net/Rhm3ri2G5IUnQdXJuPY7fw==/109951167091309142.jpg,13765525917,19.0,
17346999,Thank You,Dido,http://p2.music.126.net/wwKAfUTcgrjNVkGSijLgsQ==/18853325881506892.jpg,13765525917,19.0,
2144901835,Espresso,Sabrina Carpenter,http://p2.music.126.net/lN4s9SttesJ_NYS9lu0ZTw==/109951169490378888.jpg,13765525917,19.0,
1486963572,Is It Just Me?,Sasha Alex Sloan,http://p2.music.126.net/yUwUYD2ti_lLoej1YaEPHA==/109951165389380393.jpg,13765525917,19.0,
460043703,Perfect,Ed Sheeran,http://p2.music.126.net/99_i681E6ZE74t_xue6PUA==/109951166151204092.jpg,13765525917,19.0,
5171213,SexyBack,Justin Timberlake,http://p2.music.126.net/IZNqBgY9QEnXLy2Hf4X0ig==/109951168303768864.jpg,13765525917,19.0,
176403,我相信,杨培安,http://p2.music.126.net/eFkucc5ADDrFgO3qhXDEoA==/109951169273137120.jpg,17532923397,19.0,
3324023214,真心爱过,萱妹,http://p2.music.126.net/I3o3tvYPiRGXtfTwm34K4w==/109951172192610082.jpg,17532923397,19.0,
29738201,快乐环岛,TFBOYS,http://p2.music.126.net/BHhnv-mjaVRsCeJOvq3xBQ==/3228166140022488.jpg,17532923397,19.0,
29561077,Outside,Calvin Harris,http://p2.music.126.net/uHvxKkBblCaYlKtEBmYj2w==/109951169846631779.jpg,7501605748,19.0,
501266889,U Are the One,Mari Ferrari,http://p1.music.126.net/K9yTbIj8FrCa2ikK2owgbQ==/109951169044831535.jpg,7501605748,19.0,
3323028936,green to blue (ballad sped),fryly,http://p1.music.126.net/PkpK56lTN5kbTDVq9CdXUQ==/109951172359611474.jpg,7501605748,19.0,
1959324681,Death Lotto,ovg!,http://p1.music.126.net/EW2Lg5VlstrSbm7kS5ro-g==/109951167801471078.jpg,7501605748,19.0,
1964744004,KLEIN BLUE,Nine Band,http://p1.music.126.net/ehdGPE-9nc5zqoiMkGfMew==/109951167683502446.jpg,7501605748,19.0,
4922555,a fairy tale,MUSIRISCA,http://p2.music.126.net/9vinX4XYfdNgSu3pQcWMMg==/2542070884388514.jpg,7771306467,19.0,
516358286,Dead,削除,http://p2.music.126.net/x1XKif8rO_NCHmlX9qSDLQ==/109951163055386028.jpg,7771306467,19.0,
4278232,Nocturne,Secret Garden,http://p2.music.126.net/KkVPpxs8cw3hroVhfYuqug==/18502581673995848.jpg,7771306467,19.0,
1913748927,Artemis,AURORA,http://p2.music.126.net/6wxWbsS_RlK_NTDNdH0gFQ==/109951166960833105.jpg,7771306467,19.0,
2739853779,Luna(月神),Bethybai,http://p2.music.126.net/ciMH_TLHCKdZOwzm6RkWoA==/109951171928737256.jpg,7771306467,19.0,
440101663,SPICA −Last Resort−(Short ver.),MUSIRISCA,http://p2.music.126.net/LPLEmi4vZ2UZTJmwnTN6Ag==/3416182645968890.jpg,7771306467,19.0,
30039379,炎路夜行,みとせのりこ,http://p2.music.126.net/Z4YzPVYONfOT4MKKatRJMA==/109951172184945452.jpg,7771306467,19.0,
642618,白夢の繭 ~Ricordando il passato~,志方あきこ,http://p2.music.126.net/pHpWveeHFVNmLCyRcoC_bA==/816937139437779.jpg,7771306467,19.0,
29953279,Love Story,Indila,http://p2.music.126.net/3_VHL2FCsYRTYdSJZTjYOQ==/2881819976603764.jpg,7771306467,19.0,
28279677,Love Story,Indila,http://p2.music.126.net/TothBGhxV71-SoKjEYfkig==/109951169472120573.jpg,7771306467,19.0,
1304347114,Watch Me Work,Tinashe,http://p1.music.126.net/RuT7aui9AR__Dwe4lK5VsA==/109951165971287852.jpg,14029359152,19.0,
2070263789,Put A Little Umph In It (Single Version),Jagged Edge,http://p1.music.126.net/L2z2lH4C7eqcBGnmiCIjEQ==/109951168811639516.jpg,14029359152,19.0,
2637717158,DTM,Vinz-T,http://p1.music.126.net/1-FG2YMk_HDi8GUuw5vsMw==/109951170091483092.jpg,14029359152,19.0,
167595,向阳花,谢天笑,http://p2.music.126.net/MV4x1buHOJm3YF81BPaXVQ==/109951165434822554.jpg,5314739010,19.0,
27646786,活着,郝云,http://p1.music.126.net/9A9o8KnCftKoJLmfk7jE-A==/1252343744099790.jpg,5314739010,19.0,
168038,执着,许巍,http://p1.music.126.net/igakXipQkebuTR2f7CnvnQ==/109951170562445840.jpg,5314739010,19.0,
363319,一个西藏,六个国王,http://p1.music.126.net/k6f2q01iVKscBNAioJoejA==/64871186039838.jpg,5314739010,19.0,
518904119,No Fear In My Heart,朴树,http://p1.music.126.net/i-wfTKO8Y2bYHNxmohE9lw==/109951163063197602.jpg,5314739010,19.0,
2067808196,让我欢喜让我忧 (Live),薛之谦,http://p2.music.126.net/pcLw5yHiBNMBAby1WTt2wg==/109951168769529178.jpg,5243981301,19.0,
2757264227,你是我的风景 (2025),何洁,http://p1.music.126.net/MUradzQN_I_Ss9l1xRTjVw==/109951172313282363.jpg,12718909841,19.0,
423997333,小幸运,允儿,http://p1.music.126.net/UzZCkOx4HHwLYAnkVX8dIQ==/109951168271735305.jpg,12718909841,19.0,
85580,童话,光良,http://p1.music.126.net/n5vJ7BA7bdnlpI_0giRxHA==/109951165683825147.jpg,12718909841,19.0,
406475388,圆,AGA,http://p1.music.126.net/MogdvVlZi6DuMd0XfxScgg==/109951171525591378.jpg,12718909841,19.0,
435288399,空心,光泽,http://p1.music.126.net/D64eug6ElwN0IjdTY7EDFQ==/3443670431612942.jpg,12718909841,19.0,
288075,习惯失恋,容祖儿,http://p1.music.126.net/Mpy1m_7kwIsWmz3362G73g==/109951170708296615.jpg,12718909841,19.0,
1844385599,年轮说,杨丞琳,http://p1.music.126.net/Cv40cVVro_xjv8uOSol8lw==/109951166684189724.jpg,12718909841,19.0,
3325283539,破茧之华,鸣潮先约电台,http://p1.music.126.net/B4bKIcEzpVQ6PLYMgkNzrw==/109951172388589477.jpg,13509020443,19.0,
3322368886,不散的夏之灯,鸣潮先约电台,http://p1.music.126.net/kNPEUo3bONlxZsczS4yZZg==/109951172323559804.jpg,13509020443,19.0,
3320495592,那天所见的樱花雨,鸣潮先约电台,http://p2.music.126.net/kNPEUo3bONlxZsczS4yZZg==/109951172323559804.jpg,13509020443,19.0,
3320472465,无人之境的新花,鸣潮先约电台,http://p2.music.126.net/kNPEUo3bONlxZsczS4yZZg==/109951172323559804.jpg,13509020443,19.0,
3320495701,穿行于真相地带,鸣潮先约电台,http://p2.music.126.net/kNPEUo3bONlxZsczS4yZZg==/109951172323559804.jpg,13509020443,19.0,
3320496920,樱色的真实之物,鸣潮先约电台,http://p2.music.126.net/kNPEUo3bONlxZsczS4yZZg==/109951172323559804.jpg,13509020443,19.0,
3320496955,流星未逝之夜,鸣潮先约电台,http://p2.music.126.net/kNPEUo3bONlxZsczS4yZZg==/109951172323559804.jpg,13509020443,19.0,
3320497809,不散的夏之灯（feat. 朽叶千咲 [CN]）,鸣潮先约电台,http://p2.music.126.net/kNPEUo3bONlxZsczS4yZZg==/109951172323559804.jpg,13509020443,19.0,
3320479100,坍缩的黎明,鸣潮先约电台,http://p1.music.126.net/kNPEUo3bONlxZsczS4yZZg==/109951172323559804.jpg,13509020443,19.0,
3320495538,结线之花,鸣潮先约电台,http://p1.music.126.net/kNPEUo3bONlxZsczS4yZZg==/109951172323559804.jpg,13509020443,19.0,
419594404,아주 NICE,SEVENTEEN,http://p2.music.126.net/l55Oc-yt8h825FkisHXkAg==/109951169726049132.jpg,13372353954,19.0,
444524523,웃음꽃,SEVENTEEN,http://p2.music.126.net/H0HPgtvFyo_OjRUI-OpeTg==/109951169725885323.jpg,13372353954,19.0,
444548489,몰래 듣지 마요,SEVENTEEN,http://p2.music.126.net/H0HPgtvFyo_OjRUI-OpeTg==/109951169725885323.jpg,13372353954,19.0,
410802485,Say Yes,SEVENTEEN,http://p2.music.126.net/xLTgxy40jHpzEPq-CLD8sA==/109951169724612626.jpg,13372353954,19.0,
444548490,글쎄,SEVENTEEN,http://p2.music.126.net/H0HPgtvFyo_OjRUI-OpeTg==/109951169725885323.jpg,13372353954,19.0,
516358594,바람개비,SEVENTEEN,http://p2.music.126.net/2HpSuax-lMz12SJP2pLNgQ==/109951169727078927.jpg,13372353954,19.0,
516358598,캠프파이어,SEVENTEEN,http://p2.music.126.net/2HpSuax-lMz12SJP2pLNgQ==/109951169727078927.jpg,13372353954,19.0,
479938130,울고 싶지 않아,SEVENTEEN,http://p2.music.126.net/ZTPT6ppt1x3vsVdrWjKTVg==/109951169726742286.jpg,13372353954,19.0,
535793037,고맙다,SEVENTEEN,http://p2.music.126.net/AhRbD1NjCxHTepMO4fS_cQ==/109951169727266455.jpg,13372353954,19.0,
444548484,BEAUTIFUL(MIX UNIT),SEVENTEEN,http://p2.music.126.net/H0HPgtvFyo_OjRUI-OpeTg==/109951169725885323.jpg,13372353954,19.0,
1993137857,FIGHT,DJ VIOLENCE,http://p2.music.126.net/GKq9dBmBwmnhNkRz-GT60Q==/109951168006274101.jpg,8220310480,19.0,
2017138323,Stardust,LOSTMANE,http://p2.music.126.net/BqO5FwfuzRW6sr4G0Evjxw==/109951168990962386.jpg,8220310480,19.0,
2020970231,ENIGMA,UMBASA,http://p2.music.126.net/2dO8vewdJOYRzQboCMS6Ag==/109951168295650351.jpg,8220310480,19.0,
1904700622,This Feeling (Slowed & Reverb),my!lane,http://p2.music.126.net/V1CCwiS_r0xQgiiLGpM2Mw==/109951166746561315.jpg,8220310480,19.0,
1957681079,BXRSERK,Phontizzie,http://p2.music.126.net/wkbFClQ9R9LHHGcGKaNFXg==/109951168209953570.jpg,8220310480,19.0,
1984448150,DAMNATION,71,http://p2.music.126.net/rY2TDl_TlaYq32KMaVmkow==/109951167908995820.jpg,8220310480,19.0,
1957965744,Wraith,XVTS,http://p2.music.126.net/PmgiPKAPZQL9NMIgRp1_0A==/109951167576744131.jpg,8220310480,19.0,
1954637075,Fog Of War (feat. 509$ICARIO),SKETS,http://p2.music.126.net/MQJPfY1dMaX-t7CxFGtsdQ==/109951167530819835.jpg,8220310480,19.0,
1909559938,Fools 2,Jidanofu,http://p2.music.126.net/s66yxLk7d6CeXXMUeKVgmQ==/109951166901590356.jpg,8220310480,19.0,
2016870107,AMETHYST,HAPPE,http://p2.music.126.net/9fqUzwS4x20qcjHollz2gQ==/109951168257024111.jpg,8220310480,19.0,
2721664430,昨夜风今宵月,庄淇玟(29#),http://p1.music.126.net/ngsDeE9JviRUloNbS7x-WA==/109951171392010406.jpg,14409170785,19.0,
165361,不分手的恋爱,汪苏泷,http://p1.music.126.net/0WUciQeFa8l6LtNgfU-Mqg==/18537766044710327.jpg,14409170785,19.0,
167827,素颜,许嵩,http://p1.music.126.net/t3ogpTd1bIJpwokhkpBtwQ==/109951169829246225.jpg,14409170785,19.0,
1436117704,不说 (原来是不说),周公,http://p1.music.126.net/4mN_bQBA73s7i6uQxIFAbA==/109951169297707016.jpg,14409170785,19.0,
4872687,同花顺,林倛玉,http://p1.music.126.net/qiHFF-c4a4ULDyUjWjo4MQ==/109951164606137385.jpg,14409170785,19.0,
2083785152,唯一,G.E.M.邓紫棋,http://p2.music.126.net/aJWtwvdYRXvKUpAE2C6NoA==/109951168919708423.jpg,14068521653,19.0,
2645500113,跳楼机,LBI利比,http://p2.music.126.net/cmoE8PsdK_Yn9VJ8ZVCGrw==/109951170507596121.jpg,14068521653,19.0,
64093,孤独患者,陈奕迅,http://p2.music.126.net/Po0tJTtv4aBaYozWlnojHg==/18546562139313276.jpg,14068521653,19.0,
1890530891,如果可以,韦礼安,http://p2.music.126.net/znTzn19zZvZ4IdlKEOhWRg==/109951166564931690.jpg,14068521653,19.0,
2681680352,Perfect Celebrity,Lady Gaga,http://p2.music.126.net/UvlfGAT3Q3CdW9ElL1jByg==/109951171840884668.jpg,373584919,19.0,
2681680384,Vanish Into You,Lady Gaga,http://p2.music.126.net/UvlfGAT3Q3CdW9ElL1jByg==/109951171840884668.jpg,373584919,19.0,
2665348145,Effulgence (Zircon),Matryoshka,http://p2.music.126.net/zP3snA1RfGvfN1tmD6T6ag==/109951170371821731.jpg,373584919,19.0,
2627016863,You,Maiah Manser,http://p2.music.126.net/v7X2EbXLwcOpONSck00puA==/109951169966788150.jpg,373584919,19.0,
2164189759,Dreams,AURORA,http://p2.music.126.net/1qgNaqQAoOY3NatkGX1EDQ==/109951169663417311.jpg,373584919,19.0,
2600559787,Close To You,Gracie Abrams,http://p2.music.126.net/SJ2CnxqyKmX9OOJ9xwLbxQ==/109951169703985489.jpg,373584919,19.0,
2151343933,These Walls,Dua Lipa,http://p2.music.126.net/OMwSNgFHEOy067Cu8_0XeQ==/109951169548628184.jpg,373584919,19.0,
36102113,청춘,金必,http://p2.music.126.net/KpYmG4hXNZHUjDUIEsWJgA==/109951170151318263.jpg,7794997639,19.0,
37239171,혜화동 (혹은 쌍문동),朴宝蓝,http://p2.music.126.net/mp-wMr7bu-UISaKIEJcOXQ==/109951170151364234.jpg,7794997639,19.0,
36308719,걱정말아요 그대,李笛,http://p2.music.126.net/Zk1UIkkzk4rcZdRJ0Cb8pg==/109951170151298132.jpg,7794997639,19.0,
26485740,그대에게,申海哲,http://p2.music.126.net/DAu06gb9agDlBIHi3hPhVw==/2440915813721717.jpg,7794997639,19.0,
26496640,소녀,李文世,http://p2.music.126.net/NHlr3HaGHDr1lMCn0eq2jQ==/109951169594963049.jpg,7794997639,19.0,
38392313,아이스크림 사랑,任炳洙,http://p1.music.126.net/iQIFUVUrGrxEt0y0uGcCkQ==/109951167785501970.jpg,7794997639,19.0,
33497570,매일 그대와,野菊花,http://p1.music.126.net/lpl-h5NHUUFxGOIC5pF14Q==/109951169493782923.jpg,7794997639,19.0,
5392769,너의 의미,Sanulrim,http://p1.music.126.net/5pcdydA9aZaJWIOmDQMBlg==/109951170167343965.jpg,7794997639,19.0,
38391339,담다디 (대상),李尚恩,http://p1.music.126.net/wKlF7daLfmWhUnfAhQTs5Q==/3405187514685740.jpg,7794997639,19.0,
1471933520,Lluvia de Verano,Kira Brown,http://p2.music.126.net/BXGxk06GUm-xEsbyXwMp0w==/109951167629940844.jpg,8099807237,19.0,
1454848346,HMU!,Demxntia,http://p2.music.126.net/z36YJx5bkBhYE6NjbzGxCg==/109951167897710569.jpg,8099807237,19.0,
1978336732,These Days,Yo Trane,http://p2.music.126.net/geKdg6dYXtwm_ksKAW40fQ==/109951167844160099.jpg,8099807237,19.0,
2417211,Brown Eyes,Destiny's Child,http://p2.music.126.net/czwP71pQN2M_Dqc9THImlQ==/109951165992515137.jpg,8099807237,19.0,
200436,我的心太乱,周传雄,http://p2.music.126.net/J_DfEVyxMbq62QmSe61UJw==/109951169102758448.jpg,17387503847,19.0,
2749073885,听风,庄风云,http://p2.music.126.net/iJRcv8lsD1s0rtm7jmYREA==/109951172055774482.jpg,17387503847,19.0,
1895377452,同桌的你,老狼,http://p2.music.126.net/BlUFI90gZ2bAfzyb3ZCBQA==/109951166626440183.jpg,17387503847,19.0,
5279696,我的未来不是梦,张雨生,http://p2.music.126.net/qVUJ9aDeRop5pj3QDixIsQ==/109951163353510177.jpg,17387503847,19.0,
3318471197,星痕,张青如,http://p2.music.126.net/HDXmJcfYLVed9lTysvDaWQ==/109951172294438854.jpg,17387503847,19.0,
187169,爱如潮水,张信哲,http://p2.music.126.net/9GXOnYsTN7u7GPNpjyefNQ==/109951172136047484.jpg,17387503847,19.0,
150619,小镇姑娘,陶喆,http://p2.music.126.net/tMQXBMTy8pGjGggX1j0YNQ==/109951169389595068.jpg,17387503847,19.0,
2749074641,雾岛,庄风云,http://p2.music.126.net/iJRcv8lsD1s0rtm7jmYREA==/109951172055774482.jpg,17387503847,19.0,
155844,风中的遗憾,王力宏,http://p2.music.126.net/jGc_3Ze2Qgp-11bTucnsMw==/109951167343164616.jpg,17387503847,19.0,
108711,追梦人,凤飞飞,http://p2.music.126.net/ihm976G9kqbWGLMNYH86Ug==/109951169594517248.jpg,17387503847,19.0,
16232697,Because of You,Kelly Clarkson,http://p2.music.126.net/ZNE4W-o30KXU-LyceQ-vyg==/109951172132026646.jpg,13801022251,19.0,
2155442023,趁你旅行时搬走,moon tang,http://p1.music.126.net/FS6o44ld8m5nLw6CGJPd0Q==/109951169586531852.jpg,14472395235,19.0,
2162950892,有些话要用英文说,Kiri T,http://p1.music.126.net/Tc50npkj6K-msVD8O6jLfQ==/109951169652210574.jpg,14472395235,19.0,
2070666439,关我蛋治,Kiri T,http://p1.music.126.net/t4lwuS7eNH6d784SfX2eJQ==/109951168817095600.jpg,14472395235,19.0,
288086,心淡,容祖儿,http://p1.music.126.net/Mpy1m_7kwIsWmz3362G73g==/109951170708296615.jpg,14472395235,19.0,
2102596908,最初的记忆（粤语版）,林韵乔,http://p1.music.126.net/jvEkEWyL68_X18qLeCaajg==/109951169080694450.jpg,14472395235,19.0,
2679347487,踏雪归集,Soulloom苏洛牧,http://p2.music.126.net/Ov6lvd5irO4Ehn978FsCOQ==/109951170522349222.jpg,12488525787,19.0,
408277037,Stardew Valley Overture,ConcernedApe,http://p2.music.126.net/EHgfzkh0-cee5_7Dnk7n6g==/109951164856423757.jpg,12488525787,19.0,
520568264,高山流水 (古筝独奏),华夏民族乐团,http://p2.music.126.net/yVDDCWUjPzdzCU_IgF_cEQ==/109951163815933332.jpg,12488525787,19.0,
1811909303,Track in Time (Piano Version),Dennis Kuo,http://p2.music.126.net/12VWxDFzUv5oCmlXqasdcw==/109951165628105528.jpg,12488525787,19.0,
718167,december,euphoria,http://p2.music.126.net/v7Y7sOEFcdqzboIAmMwSgQ==/109951164019275336.jpg,12488525787,19.0,
1982285682,风驶过的声音是,Zy,http://p2.music.126.net/oJTcKdL8aNEpgJz2il3l1w==/109951167886008547.jpg,12488525787,19.0,
1357807399,Cordeiro De Nanã,Os Tincoãs,http://p2.music.126.net/Nz4bc1JPA56JA3UGG9QmkA==/109951168610237229.jpg,13159875656,19.0,
88926,想你的夜,关喆,http://p2.music.126.net/zu9MjBERozqTv_0NpM91Rg==/109951164094037727.jpg,13159875656,19.0,
108640,阴天,莫文蔚,http://p1.music.126.net/DjFHDgJxYgByciKsCH3Tlg==/109951169614579889.jpg,13159875656,19.0,
233882,下一个天亮,郭静,http://p1.music.126.net/-ccXZvLLbvLQc99YEbylUA==/109951171316025348.jpg,13159875656,19.0,
1818081804,折风渡夜（DJ抖音版),可爱冬,http://p1.music.126.net/WhBMTvxDT3Si4Uli3T1BJw==/109951165698879446.jpg,13181952657,19.0,
1824025988,衣带渐宽 (DJ沈念版),闻人听書_,http://p1.music.126.net/kS7BYuKLrgd6t-Ioy-uEsg==/109951165770612777.jpg,13181952657,19.0,
1455989418,我渡人来谁渡我 (DJHouse版),黄静美,http://p1.music.126.net/kWPLGG6VdQZGPlfVpi3lJw==/109951164482211707.jpg,13181952657,19.0,
1807538562,客子光阴 (DJ Yaha),七叔-叶泽浩,http://p1.music.126.net/eh3yVQwTtT_3PyzzNzxjSg==/109951165575294301.jpg,13181952657,19.0,
1994456132,未归雁（DJ沈念版）,景随风,http://p1.music.126.net/NLidvssKRHXhf_yQiqlpWw==/109951168020638913.jpg,13181952657,19.0,
1809966241,一曲琵琶 (DJ版),王梦奇,http://p1.music.126.net/GXYOtj666ewG2SUjf8wSBQ==/109951165610745840.jpg,13181952657,19.0,
1451464413,旧梦一场 (DJ版),钟意,http://p1.music.126.net/IZBZ5GpCJFTShxMcJrKTzw==/109951165008690592.jpg,13181952657,19.0,
1803631642,春三月 (DJheap九天版),司南,http://p1.music.126.net/t2IC7YUVM8hoDgFZ_qxCjA==/109951165533939727.jpg,13181952657,19.0,
1935906490,浮世纵歌 (DJ亚明版),漆柚,http://p1.music.126.net/QLHrKvlE24VFqO92jztfwg==/109951166583496805.jpg,13181952657,19.0,
554191365,Brooklyn Love,Lolo Zouaï,http://p1.music.126.net/CX7IkZiTIZpOBTtLl2s2qw==/109951170516694834.jpg,9807307755,20.0,
1873222937,Critical,Mina Okabe,http://p1.music.126.net/EPCdEwD65EuwctUENCZV4Q==/109951166326978674.jpg,9807307755,20.0,
1461530165,2725,GRAE,http://p1.music.126.net/N4K3Pg0jwsOxtJyOoXwKGA==/109951170365195683.jpg,9807307755,20.0,
479764257,Last Night in Los Feliz,Niia,http://p1.music.126.net/yWWrv8t7UCD8hqEbnnKSqA==/109951168673789513.jpg,9807307755,20.0,
1958638441,Waiting Is A Waste,Mina Okabe,http://p1.music.126.net/s0sQvp3TcBy5k7h2-_qRiw==/109951167584144637.jpg,9807307755,20.0,
1820850209,Scaredy Cat,DPR IAN,http://p1.music.126.net/lqXw-beaZoTfvsWy5t228A==/109951165796974448.jpg,9807307755,20.0,
2061073926,Sunset,Gus Dapperton,http://p1.music.126.net/x1oREl2wKygWsUrQXlqxdA==/109951168716170951.jpg,9807307755,20.0,
2097428915,My Depression,LexNour,http://p1.music.126.net/iQ1qfh07t9829KgSeeayHw==/109951169037882623.jpg,9807307755,20.0,
1837886470,Let Go (feat. JYDN),tatiana,http://p1.music.126.net/gKMmjc863YP6Hvf5wurs7A==/109951165896418137.jpg,9807307755,20.0,
2151956989,人上人,法老,http://p2.music.126.net/pOWF6kE6l2DliAYc-vrXIw==/109951169567752771.jpg,17394801081,20.0,
1965928052,小河淌水1952,法老,http://p2.music.126.net/cK3Rm-WaJwNw9pOWg7DX-A==/109951167750223899.jpg,17394801081,20.0,
2045943936,假面 (Ghost face),法老,http://p2.music.126.net/KlD5AJqFuvTYY9aoIpv9mg==/109951168768617162.jpg,17394801081,20.0,
1988302067,三十岁的无业游民,法老,http://p2.music.126.net/WEOaWIg8WAG_kBhmAx7zbA==/109951168688783089.jpg,17394801081,20.0,
465721397,亲密爱人2017（feat. 酷癌）,法老,http://p2.music.126.net/kkoKhghAtM3fF9zwFaO3xA==/109951162876963189.jpg,17394801081,20.0,
1988024508,Hold My Hand (studio version),Mc光光,http://p2.music.126.net/NpO4QGgZq_V_cCK5ewWgbQ==/109951167951173914.jpg,17394801081,20.0,
1975253870,As a cloud (feat. 法老),AThree,http://p2.music.126.net/OeiWItd-2mR7WA1aIpr8Kw==/109951167814907717.jpg,17394801081,20.0,
1869161136,我会想象有一个世界 (feat.法老),小安迪LilAndyKillThemAll,http://p2.music.126.net/NQ5i8B9wqsw29oDrFJgE5g==/109951166279073377.jpg,17394801081,20.0,
2155856695,봄눈,10cm,http://p2.music.126.net/cFEygAJjVHFiaIu0i_SiHA==/109951169829284370.jpg,12390396313,20.0,
2160803458,소나기,Eclipse,http://p2.music.126.net/-zMyQWgeFol7FZhrTV9arA==/109951169764551914.jpg,12390396313,20.0,
453463198,HEAVEN,Roy Kim,http://p2.music.126.net/ULxNGM5C3khfeMeW0z_-BA==/109951170151336284.jpg,12390396313,20.0,
456175640,And I'm here,김경희,http://p1.music.126.net/mlljC0SP69iPMQupzzFt5g==/18585045046057557.jpg,12390396313,20.0,
451703848,첫눈처럼 너에게 가겠다,Ailee,http://p1.music.126.net/2BrTa-zsW7E2dZBlCy8YfQ==/109951170151294740.jpg,12390396313,20.0,
441102541,We Are,ONE OK ROCK,http://p1.music.126.net/Q0jVUVzn_5r-9lJQGOH38Q==/109951166562835266.jpg,12607768094,20.0,
1434214255,The Best (feat. Alice Merton),AWOLNATION,http://p1.music.126.net/qDdDMIzVGZ-nC5VX_-aZcg==/109951168709015813.jpg,12607768094,20.0,
5041151,Place je passe,Mikelangelo Loconte,http://p1.music.126.net/gSqC7YwX97zvNWjByjG15w==/1816393209095837.jpg,12607768094,20.0,
2043140312,Rêver j'en ai l'habitude,Dove Attia,http://p1.music.126.net/V5b1lmz-id-e9A4n9NV_Sw==/109951168575390189.jpg,12607768094,20.0,
1323044258,Du bleibst bei mir!,Original Cast Vienna,http://p1.music.126.net/YId0U1yi9USjvlRPmuazdg==/109951163647669264.jpg,12607768094,20.0,
1366903036,Speechless (Part 2),Naomi Scott,http://p1.music.126.net/3xeg8l4uyduzhmuZq9LctA==/109951170129724135.jpg,12607768094,20.0,
2738320817,Everybody Scream,Florence + The Machine,http://p1.music.126.net/Aisnx6gAyuOEUBmZY30DeQ==/109951171904537474.jpg,12607768094,20.0,
1382838382,飛行艇,King Gnu,http://p1.music.126.net/2AXIYZc6R3uNuh8_iPq9vQ==/109951165048672640.jpg,12607768094,20.0,
419596241,insane dream,Aimer,http://p1.music.126.net/FrU5lIwXXUnpREpcLSMHbA==/109951166886196966.jpg,12607768094,20.0,
1851111576,Balloons,I'MIN,http://p1.music.126.net/wAPcZwX9-hPfkuecl6qHgA==/109951166066025777.jpg,8590814496,20.0,
1449320022,Irene,Jimmy Brown,http://p1.music.126.net/EirQc-vibDEDoHUsoZZ8Dw==/109951172062619481.jpg,8590814496,20.0,
1875539555,That Kind of Love,I'MIN,http://p1.music.126.net/WfXcwur1fkLdgGh3kvNw5g==/109951166356737523.jpg,8590814496,20.0,
525721542,instagram,DEAN,http://p1.music.126.net/YnY8cyBGgCl1BA4EK_89zQ==/109951163093211860.jpg,8590814496,20.0,
1927132209,하트 ♥,Chawoo,http://p1.music.126.net/XONx-aHa7IkJjYUG66BeSA==/109951168689176333.jpg,8590814496,20.0,
30512853,Angel 2 Me,McKay,http://p1.music.126.net/Lv0w63vOWU-g1q-6JEnj0Q==/109951170151629802.jpg,8590814496,20.0,
1815394164,Mine,Bumkey,http://p1.music.126.net/nAtO07i6C_9uxQX6uvdjpw==/109951169303185054.jpg,8590814496,20.0,
2111988369,사랑노래,dori,http://p1.music.126.net/EwpogXgWGWgdgARGT8f_Pw==/109951169212918662.jpg,8590814496,20.0,
2105763708,if you love me (demo),Colde,http://p1.music.126.net/-UZ8PFx8LVy9y7o25DVkGw==/109951169992257025.jpg,8590814496,20.0,
1930202620,something (Feat. Naive),정바스 (J.BASS),http://p1.music.126.net/y3QzdhwTd1_92VgqRGkd3A==/109951169932577820.jpg,8590814496,20.0,
1960642479,Shootout,Izzamuzzic,http://p1.music.126.net/fV_7RPL9r-OKq-bBlTN8DQ==/109951167612158062.jpg,13863463135,20.0,
1861175954,Stay - Justin Bieber&The Kid Laroi(Acoustic Cover),政学zedx,http://p1.music.126.net/_SNWmP70zGQNWu0s4r-TEA==/109951166178020412.jpg,13863463135,20.0,
2086638910,死后 要埋在一起,Seto,http://p1.music.126.net/SqoLi12CQ70hcVDZ1UR12A==/109951168951293807.jpg,13863463135,20.0,
1307192990,也许我也感冒了吧,三册柏,http://p1.music.126.net/j0ePDldzQ86-A5lKKVtZBg==/109951163531907803.jpg,13863463135,20.0,
1948300558,Amnesia,SNI,http://p1.music.126.net/JQItWdo1hFDih4RkCIZd9w==/109951167432851725.jpg,13863463135,20.0,
1993119056,Shootout X Yes to Heaven,Benatora,http://p1.music.126.net/RdT88eCaDpeOjvPFMkI_Uw==/109951168006090322.jpg,13863463135,20.0,
517566417,Memories,TRA$H,http://p1.music.126.net/QeglR9vdQtO2Kf7ITMi6GQ==/109951163059075873.jpg,13863463135,20.0,
3324558686,白骨精,MULA SAKEE,http://p1.music.126.net/al4K6nbMR_6w0y7_wFCtsQ==/109951172380277828.jpg,8279387277,20.0,
3312623223,LV,APMOZART,http://p1.music.126.net/ioC8htV309JEkJayxwANDA==/109951172214507494.jpg,8279387277,20.0,
2749525442,唤水剑,SASIOVERLXRD,http://p1.music.126.net/YbN2afAB9qu3BkzgKrnvnw==/109951172060884093.jpg,8279387277,20.0,
2749525428,紧身裤,SASIOVERLXRD,http://p1.music.126.net/YbN2afAB9qu3BkzgKrnvnw==/109951172060884093.jpg,8279387277,20.0,
2749524731,前奏,SASIOVERLXRD,http://p1.music.126.net/YbN2afAB9qu3BkzgKrnvnw==/109951172060884093.jpg,8279387277,20.0,
2749525443,修罗,SASIOVERLXRD,http://p1.music.126.net/YbN2afAB9qu3BkzgKrnvnw==/109951172060884093.jpg,8279387277,20.0,
2749524739,世界不等我,SASIOVERLXRD,http://p1.music.126.net/YbN2afAB9qu3BkzgKrnvnw==/109951172060884093.jpg,8279387277,20.0,
2749525429,天生痛苦,SASIOVERLXRD,http://p1.music.126.net/YbN2afAB9qu3BkzgKrnvnw==/109951172060884093.jpg,8279387277,20.0,
2131401467,声色犬马 (Prod.TrezboiGrout),SASIOVERLXRD,http://p1.music.126.net/0hQpsvT451csXzaD3zvWEQ==/109951169377914735.jpg,8279387277,20.0,
2025227742,Cupid,FIFTY FIFTY,http://p2.music.126.net/BIlNOa7QqYmHZVxTXKfZCw==/109951172240217804.jpg,14229130169,20.0,
30621273,난 니가 좋아,진호,http://p2.music.126.net/Ivghfu6XilLCjnz757xSjA==/109951170151465359.jpg,14229130169,20.0,
27506041,Falling U,T-ara,http://p2.music.126.net/SnQU6EdI49jPVM_GothhgA==/109951170675130608.jpg,14229130169,20.0,
5348862,Change,泫雅,http://p2.music.126.net/zfrOVQfXIC1D2dIptB2KBQ==/728976209219353.jpg,14229130169,20.0,
1404511131,Blueming,IU,http://p2.music.126.net/2pF-tKT79yQLWfOnm49-hA==/109951164496579083.jpg,14229130169,20.0,
5416561,Tik Tok,2PM,http://p2.music.126.net/I6rUQOZ5UQf6UWjKAicNng==/6661940952815326.jpg,14229130169,20.0,
28391219,봄 사랑 벚꽃 말고,High4,http://p2.music.126.net/CCzeyG7KKz2MH3I6l32Mcg==/109951169711554004.jpg,14229130169,20.0,
1842022715,Dun Dun Dance,OH MY GIRL,http://p2.music.126.net/giC0RuhB9PtgfK1_EYNR8g==/109951169738162425.jpg,14229130169,20.0,
1927421982,ESCAPE,i-dle,http://p2.music.126.net/J9t-hmMYJMVXpFdMgHMB6A==/109951167149343548.jpg,14229130169,20.0,
2740718705,注射爱,珑熹音上,http://p2.music.126.net/a_XqG4MLPKVQdJjAITIS4w==/109951171940971110.jpg,13936203834,20.0,
424264505,你，好不好？,周兴哲,http://p2.music.126.net/g-s49MkIbrY2tilBGHMqGg==/109951167056417996.jpg,13936203834,20.0,
1331819951,像鱼,王贰浪,http://p2.music.126.net/Y6WGcxPJG_GOa_slaWEnFA==/109951169297651430.jpg,13936203834,20.0,
3326405802,晴（prod by Red killer）,徐子钦,http://p2.music.126.net/4mHW12fOMtA2nIFyCfK-Rw==/109951172402780954.jpg,13936203834,20.0,
3324152879,鹤岗,王艺佳,http://p1.music.126.net/IPEumOIw5l2b7zdW3Cpz6w==/109951172375577544.jpg,13936203834,20.0,
2627907704,New World (PHONK),VERSACE,http://p2.music.126.net/tCty2vuT-kMk6vC7hrmYuw==/109951169716140976.jpg,9612585936,20.0,
2690590139,Hide Away（五一进行曲）,Lunak,http://p2.music.126.net/oke1eWezqQhuklIKJNQ86Q==/109951171485315879.jpg,9612585936,20.0,
2660052381,Insomnia,DJ Breezo,http://p2.music.126.net/uZB16fXxKIjccvmfMFGf-w==/109951171259589294.jpg,9612585936,20.0,
2152515167,Superstars,Azeri,http://p2.music.126.net/BoRfNGmoHvBxQgLQclzCMQ==/109951169560067035.jpg,9612585936,20.0,
2703688833,Feelings 2025,ROYA,http://p1.music.126.net/_qZtLZFm3Q6zqZi11g3prg==/109951170971526183.jpg,9612585936,20.0,
2703691676,DREAMS,VERSACE,http://p1.music.126.net/DIWfEm6o39ldRFf5dF004w==/109951170971538441.jpg,9612585936,20.0,
2162127178,Bad Luck,Azeri,http://p1.music.126.net/H4IMvGRAmKAzsh_cfH78mA==/109951169646798997.jpg,9612585936,20.0,
2163660064,2.4,秋乐椿,http://p2.music.126.net/dEpVvrPiIpWUCfNYGMm-EQ==/109951169657868672.jpg,8185383528,20.0,
3320491208,爱意随风起,LOVE H,http://p2.music.126.net/ErDyZb3KH5aYHzAfIViBuw==/109951172323388943.jpg,8185383528,20.0,
5154953,Fascination,MUJI BGM,http://p2.music.126.net/z4C64JnzranpmWgnh7kwkQ==/109951166090404641.jpg,8185383528,20.0,
3320492391,爱意随风起.voc,LOVE H,http://p2.music.126.net/ErDyZb3KH5aYHzAfIViBuw==/109951172323388943.jpg,8185383528,20.0,
1438640937,你是玫瑰,Bethybai,http://p2.music.126.net/NpmChFo2xLFVRbOkLd7Qaw==/109951164881940880.jpg,8185383528,20.0,
2660830128,西湖梦,Brillan,http://p2.music.126.net/ZVNnxCEtKsa9kHojUmLIMg==/109951170322982545.jpg,8185383528,20.0,
2750756146,未完待续,在虚无中永存,http://p2.music.126.net/JbVKrwyzqsw_ZDU9TH_i1w==/109951172078632635.jpg,8185383528,20.0,
22627396,Santa Lucia (Romance In Venice Album Version),Jack Jezzro,http://p2.music.126.net/ASLoNv8gJzcv4f1EWj85cQ==/109951170951351633.jpg,8185383528,20.0,
2623215876,Beauté,Jordan Critz,http://p2.music.126.net/gjqeajDpnh_sFct59Tmsyw==/109951169925272415.jpg,8185383528,20.0,
3318551440,ふわふわり,中須かすみ (CV.相良茉優),http://p2.music.126.net/nsLNv0mF4tppctl4dUnpUw==/109951172296678030.jpg,14363809859,20.0,
3318551441,Boooooom Boooooom Bee!!,虹ヶ咲学園スクールアイドル同好会,http://p2.music.126.net/nsLNv0mF4tppctl4dUnpUw==/109951172296678030.jpg,14363809859,20.0,
3318550649,VIVA！,天王寺璃奈 (CV.田中ちえ美),http://p2.music.126.net/nsLNv0mF4tppctl4dUnpUw==/109951172296678030.jpg,14363809859,20.0,
3318550650,SAVOTINA!!,優木せつ菜 (CV.林 鼓子),http://p2.music.126.net/nsLNv0mF4tppctl4dUnpUw==/109951172296678030.jpg,14363809859,20.0,
3318551438,DIZZY LILY VALLEY,上原歩夢 (CV.大西亜玖璃),http://p2.music.126.net/nsLNv0mF4tppctl4dUnpUw==/109951172296678030.jpg,14363809859,20.0,
3318550653,ワンダーメイツ,桜坂しずく (CV.前田佳織里),http://p2.music.126.net/nsLNv0mF4tppctl4dUnpUw==/109951172296678030.jpg,14363809859,20.0,
3318550651,SOL de ROSA,宮下 愛 (CV.村上奈津実),http://p2.music.126.net/nsLNv0mF4tppctl4dUnpUw==/109951172296678030.jpg,14363809859,20.0,
3324444495,雪花繚乱,鬼頭明里,http://p2.music.126.net/8XVSHpf8_JXAFzGjV_LoUQ==/109951172378935325.jpg,14363809859,20.0,
3320040919,リリィ (Another ver.),石川由依,http://p2.music.126.net/AwHCfQqlPpVjLsRifm0zPw==/109951172317304750.jpg,14363809859,20.0,
3318995127,アブナイキオク,鈴木雅之,http://p2.music.126.net/CgqOtGijSso2kMH17zwJuw==/109951172304338062.jpg,14363809859,20.0,
1373172794,Old Town Road,Lil Nas X,http://p1.music.126.net/mI38J4BZrEjLJWFW6euRQg==/109951168226339678.jpg,17551326394,20.0,
2918952,Your Love Is My Drug,Kesha,http://p1.music.126.net/RHv1VNQqb5Q7Y_ephBLqxA==/109951172325402148.jpg,17551326394,20.0,
423228325,Closer,The Chainsmokers,http://p1.music.126.net/NAT_u_xqHJDeZeiyDls1lQ==/109951167389372164.jpg,17551326394,20.0,
35847388,Hello,Adele,http://p1.music.126.net/7mQyb-YnNd6CqCjQq4ryjQ==/109951168981824640.jpg,17551326394,20.0,
31066520,Angel,MFBTY,http://p2.music.126.net/4-exkR4-9ZqSa3Yqa2WZ3w==/109951169711749508.jpg,17412466554,21.0,
431080974,내 마음 들리나요,Epik High,http://p2.music.126.net/xLJhvbMvOLCTsOfK_BxZuQ==/109951170151408781.jpg,17412466554,21.0,
2727103300,太陽が昇らない世界 - A World Where the Sun Never Rises,Aimer,http://p1.music.126.net/gGaYHT571-HXXwoQKNbs3g==/109951171480735948.jpg,17438630520,21.0,
2159166443,夢幻,MY FIRST STORY,http://p1.music.126.net/95NvwmwrUuvoCiJLfkTKLg==/109951169619552834.jpg,17438630520,21.0,
2156839785,永久 -トコシエ-,HYDE,http://p1.music.126.net/EXX1T8NaxNSFkvVUpoKxEQ==/109951169597550768.jpg,17438630520,21.0,
2057210099,竈門禰豆子のうた,椎名豪,http://p1.music.126.net/3Hi9H6G2IDUgrQXo_-dWQg==/109951168681338229.jpg,17438630520,21.0,
2036581672,コイコガレ,milet,http://p1.music.126.net/F2yqgBWUSRwjZAREGceRww==/109951168525075590.jpg,17438630520,21.0,
1902312104,朝が来る,Aimer,http://p1.music.126.net/bCQCvWXXufd7XVvtg5iHkw==/109951166714320898.jpg,17438630520,21.0,
28191681,피노키오,TAIBIAN,http://p2.music.126.net/FtFtQOXs1W_9ej1AZZAeNw==/18353048091578944.jpg,17412377044,21.0,
29600637,배영하는 물고기,TAIBIAN,http://p2.music.126.net/82_yBCkjhPrBYjaiOY9zLQ==/109951170643494380.jpg,17412377044,21.0,
424264010,그냥 집에 가자,Sugarhate,http://p2.music.126.net/eXAyxcTiCpXu326-9aHSdQ==/109951168702515209.jpg,17412377044,21.0,
22704470,Falling U,T-ara,http://p2.music.126.net/CsBuMJowkkR2F2ePsE48hw==/109951169159622553.jpg,17412377044,21.0,
28274058,Can't Stop,CNBLUE,http://p2.music.126.net/gd_uuyvjAwnKy_sBwrzM4w==/5984641790040719.jpg,17412377044,21.0,
481901744,Queen,TAIBIAN,http://p2.music.126.net/dBvm9jnJSYXp4R1C-_yBbg==/17991308765562583.jpg,17412377044,21.0,
18867753,I Like,Kut Klose,http://p1.music.126.net/bNExKq2s2nSwmPV3IYmtxQ==/109951163940117810.jpg,17502587514,,netease
19320105,Through Life Alone (Album Version),Tatyana Ali,http://p1.music.126.net/H99r7xibX1eWCaROyFs9AA==/109951167684214391.jpg,17502587514,,netease
2704552579,跳楼基,akulamatata,http://p2.music.126.net/RvMT4b2CidXPzjmxtdpgVA==/109951170969007319.jpg,14422066882,,netease
2708049380,舌尖上的基米,面点海,http://p2.music.126.net/fpCOKPnByM0jtnM6QFqqGA==/109951171020156119.jpg,14422066882,,netease
2643250369,Normal No More(哈基米),还给我神ID,http://p2.music.126.net/xeBSNi9X6ulMrCwZSwSqvw==/109951170119141954.jpg,14422066882,,netease
2745087438,哈基山的基米美如水啊,akulamatata,http://p2.music.126.net/ybjl9zCTpxJ3BKy5e30cGQ==/109951171971232203.jpg,14422066882,,netease
2733581267,许巍-蓝莲哈（mm / 猫猫怕痛惹 remix）,猫猫怕痛惹,http://p2.music.126.net/ETLrqYC2-aJHEMuMRYRfCw==/109951171537831350.jpg,14422066882,,netease
2746470688,伯虎说（基米说）,akulamatata,http://p2.music.126.net/mRidIL9vnCT-dhzn_4ZADA==/109951172020339808.jpg,14422066882,,netease
2746941328,Wake Up Hajimi - 哈基米起床,dollcatcher,http://p2.music.126.net/p5k3Z6MC7KnYQWUlUWY8UQ==/109951172025607674.jpg,14422066882,,netease
2750471328,打火机（哈基米）,Mercury Ghost,http://p2.music.126.net/H-35Obpm7ATi4DXC7hYlYA==/109951172074344982.jpg,14422066882,,netease
2668333359,太空曼波,akulamatata,http://p2.music.126.net/P-1VAUtOf95IYVNwf3u6pQ==/109951170303485974.jpg,14422066882,,netease
2730285649,哈基米：花田（1修）,面点海,http://p2.music.126.net/fpCOKPnByM0jtnM6QFqqGA==/109951171020156119.jpg,14422066882,,netease
1498547263,热血出征,中华,http://p2.music.126.net/xm8gSYa8azM73b94krTVOg==/109951165500550225.jpg,14363423871,,netease
1310850803,战斗宣言,张卫,http://p2.music.126.net/cQWJW5tAKogNgkUn1VwaRQ==/109951163556290346.jpg,14363423871,,netease
1337536102,中国军魂,白坤,http://p2.music.126.net/R-Vqvr4YeT-j51Xj1Z94cQ==/109951164316539353.jpg,14363423871,,netease
1396912039,我和我的蓝天（PLAAF.70）,MC坤仔,http://p2.music.126.net/nIGyXAK3Dwfu8FVzpiCe_A==/109951164427030141.jpg,14363423871,,netease
1865203962,寸土不让,JuggShots,http://p2.music.126.net/EWIYFTQVULCd-P5kc7lQjA==/109951166230619700.jpg,14363423871,,netease
1871803839,利刃,樊音悦动,http://p2.music.126.net/Muxs-gzYXqj8SH8iQCNuxA==/109951166309832681.jpg,14363423871,,netease
2612729185,山河,杭异凡,http://p2.music.126.net/7fynDlBdhph9_poH7on4hQ==/109951169832104782.jpg,14363423871,,netease
1843698802,强军之魂,吕行,http://p2.music.126.net/Xchw-Qg13X4E0mckoeqSkg==/109951165965338122.jpg,14363423871,,netease
2631965642,忠魂,词者lyrics,http://p2.music.126.net/Wx6G3Rx199s2t03GotTOkA==/109951170000671231.jpg,14363423871,,netease
1858098090,鹰击长空,奇然,http://p2.music.126.net/Z1cS057FcOdG3ojyUYFr8Q==/109951166141121471.jpg,14363423871,,netease
2604775817,look what you did,Avery Lynch,http://p1.music.126.net/d9HA7grpMi6iIzqiBxbWfA==/109951169748230143.jpg,17456222544,,netease
1486763983,Say You Would,Dayon,http://p1.music.126.net/pOc1o8-IWX90psJDz9ikXQ==/109951165761229154.jpg,17456222544,,netease
544056874,Double Down,Dave Thomas Junior,http://p1.music.126.net/YYgO8YNp4yXXQ959oGk18w==/109951163183054076.jpg,17456222544,,netease
1442486816,Never Give Up,Tyler Brown Williams,http://p1.music.126.net/7neSVXSSQj5N4Tfb89mtDg==/109951166669515895.jpg,17456222544,,netease
1446233272,I Will Fight For You,Voyageur,http://p1.music.126.net/ksuUjWqONxhHS_yaKYf_bA==/109951164967510644.jpg,17456222544,,netease
424474581,See Your Gold,Dustin Tebbutt,http://p1.music.126.net/sQX6klwcFJKxmg0rM7A73Q==/109951164854273860.jpg,17456222544,,netease
1452469903,Ordinary People,Blake Rose,http://p1.music.126.net/JcuyTchfy1mb7ReBVmp60Q==/109951165032009664.jpg,17456222544,,netease
1405421750,Ariana,Tony Anderson,http://p1.music.126.net/nV6kcJEfyxGOuVceGi1b1g==/109951165530692452.jpg,17456222544,,netease
2756138675,作者,河西街坊,http://p1.music.126.net/mdb0QR1D1DkfHmaNWZdt5g==/109951172158457126.jpg,17509391384,,netease
2666632898,崂山道士 (Live),马思唯,http://p1.music.126.net/EylJ4y3rI3TXvroPRon10Q==/109951170383108808.jpg,17509391384,,netease
28068785,첫 눈,EXO,http://p2.music.126.net/Glv3YRUt7wh2lc339Ykd-g==/18527870440277729.jpg,17464485722,,netease
1993476479,The Christmas Waltz,Laufey,http://p2.music.126.net/lFobT4zi6zmlAXUTlXauFg==/109951168009619647.jpg,17464485722,,netease
3026713,She Came Home for Christmas,Mew,http://p2.music.126.net/z5JJBi1zE5LmMcsp6as7uw==/109951168017884564.jpg,17464485722,,netease
1907680246,冬日呢喃（Winter whisper）,制造木屋,http://p2.music.126.net/ZP8NjX70iN8jM9uGwXj7VA==/109951166866807635.jpg,17464485722,,netease
41672434,フユノ,ヒトリエ,http://p2.music.126.net/IBXAEynR-2kCCz1or8xB-w==/109951169065028523.jpg,17464485722,,netease
440403588,Penthouse Floor,John Legend,http://p2.music.126.net/Kg9UESpE9JRZQOZPxnm7KQ==/109951165975931528.jpg,17464485722,,netease
1422198593,Spring Snow,THE BOYZ,http://p2.music.126.net/HFA6_cYIlggvJEVP5qEVww==/109951170956389483.jpg,17464485722,,netease
1437176263,猫じゃらし,RADWIMPS,http://p1.music.126.net/aoLeXYGQAjsV0nL-aBrC0w==/109951164866182862.jpg,17399268201,,netease
534065323,Sincerely,TRUE,http://p1.music.126.net/hG0w6oJIf-ybewGk3wcuOg==/109951168980496900.jpg,17399268201,,netease
4346248,summer vi,the tumbled sea,http://p1.music.126.net/PHUbxy53vtWvIApxVV1pWw==/2946691184922936.jpg,14418893983,,netease
4346205,summer v,the tumbled sea,http://p1.music.126.net/PHUbxy53vtWvIApxVV1pWw==/2946691184922936.jpg,14418893983,,netease
1407950330,Christmas Tree Farm,Taylor Swift,http://p2.music.126.net/_zxRMrIxfZalsCUb2ahWcQ==/109951168801308401.jpg,14412309222,,netease
2737525242,潮湿记忆,M3mo,http://p1.music.126.net/kk2nQEC94SC1KrTMWirDGQ==/109951171892059008.jpg,9577779763,,netease
2156004496,The Golden Years,Joshua Bassett,http://p1.music.126.net/sSjZYcX6iO5Jb-7MEV8Q9g==/109951169590863404.jpg,14413039748,,netease
2668322757,Let's Just Run,Tim Halperin,http://p1.music.126.net/MgPXLmwthzXokpr9RnPq3Q==/109951170412785292.jpg,14413039748,,netease
1809263523,All I Wanted,Voyageur,http://p1.music.126.net/09fwFrUG-_apkao_whEIUA==/109951169482505832.jpg,14413039748,,netease
2160371837,Lovers,Michael Kaneko,http://p1.music.126.net/FufYeo4Qg25f8keeZrUTOg==/109951169629713109.jpg,14413039748,,netease
1813713735,Until We Leave the Ground,Emmit Fenn,http://p1.music.126.net/eJMa_v3afp1xTaV2sQWxtQ==/109951168465877611.jpg,14413039748,,netease
2708936085,Story In The Making (feat. Jordan Critz),Tim Halperin,http://p1.music.126.net/Z7QNdBjswx7239E1VMc6WA==/109951171030915581.jpg,14413039748,,netease
2047527356,In My Heart,By The Coast,http://p1.music.126.net/UYSIOTxIfyylQuqADQsAnQ==/109951168613887140.jpg,14413039748,,netease
1868888580,Pyro,Ruby Haunt,http://p1.music.126.net/AbSRdrAo17Utwnr11KNpNQ==/109951166275570247.jpg,14413039748,,netease
205342,给我一个理由忘记,黄丽玲,http://p1.music.126.net/lxXGBPPqNS6iNYJjr_4CTA==/109951164087833607.jpg,17387189111,,netease
521749251,言不由衷,徐佳莹,http://p1.music.126.net/lb0uSEy4nd6eQMv7hCbN0Q==/109951171530550836.jpg,17387189111,,netease
483937795,撒野,凯瑟喵,http://p1.music.126.net/cTMQotCcZqabLkv7c1zntA==/109951166267066450.jpg,17387189111,,netease
864647494,爱，存在,魏奇奇,http://p1.music.126.net/LVGqgQDnzN5j-C18j_2Txw==/109951166343298951.jpg,17387189111,,netease
25657348,幸福了 然后呢,黄丽玲,http://p1.music.126.net/dFKOswXRwbHdqtEEppxE5A==/109951165641462282.jpg,17387189111,,netease
399341494,爱人呢,郭采洁,http://p1.music.126.net/x0tjJIZ_gKSfqKuDQyMILA==/109951168317242234.jpg,17387189111,,netease
507364094,无人知晓的我,黄丽玲,http://p1.music.126.net/GEL0ZMEsTEqzBRrsWw-cAQ==/109951166488485354.jpg,17387189111,,netease
18210647,Torch Song,Priscilla Ahn,http://p2.music.126.net/if16tsm2GgMvEoeorpjPcQ==/109951168703630010.jpg,14412992953,,netease
2643574407,Beanie,Chezile,http://p2.music.126.net/wpQCOXEcqJsULyiXBg7jKg==/109951170121882825.jpg,14412992953,,netease
2120774092,My Love Mine All Mine,Mitski,http://p2.music.126.net/T7d49llAEgtOuxFH3-_iOA==/109951169285148414.jpg,14412992953,,netease
19107212,Cold Night,Sarah MacDougall,http://p2.music.126.net/4ZUQFHZQKqAh7ek0EYzjrg==/109951165317462430.jpg,14412992953,,netease
1399112638,心似烟火,陈壹千,http://p2.music.126.net/pE_xbRjFKTza8i7CKfmDuQ==/109951164447654929.jpg,17510794385,,netease
2650815712,茶花开了,王睿卓,http://p1.music.126.net/deLBSAVOOSGaXZ8M7nuwhQ==/109951172451774861.jpg,17510794385,,netease
4346235,Ø,the tumbled sea,http://p1.music.126.net/PHUbxy53vtWvIApxVV1pWw==/2946691184922936.jpg,513217941,,netease
2591047,Flee,Flica,http://p1.music.126.net/1O6zFPKmgeRMeKD-cYt8sA==/109951168145922570.jpg,513217941,,netease
1206866,Rain,Circadian Eyes,http://p1.music.126.net/LKC1wdZFJQGgaf2G7pQSTw==/109951169040681480.jpg,513217941,,netease
4304382,Hills,Samsara,http://p1.music.126.net/tuUro47Eeri6yg6uz7Kuug==/1651466464931715.jpg,513217941,,netease
28987637,Volga,Maybeshewill,http://p1.music.126.net/Gv9mOlEaVLt4snFK0h9sRA==/109951167389979954.jpg,513217941,,netease
6560288,Bright,Stafrænn Hákon,http://p1.music.126.net/bkpulho_qmJBZW7ktAhTEQ==/2536573326124638.jpg,513217941,,netease
4232590,Jonah,"Overhead, The Albatross",http://p1.music.126.net/S8hukRjRK0DxViy8uFao3w==/109951168233593796.jpg,513217941,,netease
26471803,Lovers,Deadhorse,http://p1.music.126.net/u6PxHWLEYafxE7AGdleuNQ==/2515682604412045.jpg,513217941,,netease
28029664,kanata,MONO,http://p1.music.126.net/MHsGfKxo-YXsiEeGaE6XWA==/5709763883168549.jpg,513217941,,netease
22254227,Sá Marina,Wilson Simonal,http://p1.music.126.net/MeK_7KhMzRzhasEi72D4MQ==/109951169163864477.jpg,2879306923,,netease
1961271805,the perfect pair,beabadoobee,http://p1.music.126.net/yCVEwE57DGxHQTdZwR_gbQ==/109951167623700655.jpg,2879306923,,netease
5179669,Jardin D'hiver,Keren Ann,http://p1.music.126.net/zYTfSDyRp19S_ADrDi3ixw==/1702043999811000.jpg,2879306923,,netease
3313492,Kinky Love,Rita Calypso,http://p1.music.126.net/2ebH94p27C6FgsiMTxxNLg==/769658139485681.jpg,2879306923,,netease
22064606,"Quando, Quando, Quando (with Nelly Furtado)",Michael Bublé,http://p1.music.126.net/ZWfjb43hmYQR3v3BDTQCWQ==/109951168281598525.jpg,2879306923,,netease
29816434,Bossa Réal,Kenny G,http://p1.music.126.net/R0HAG04tdyLnSgEboVkx_g==/6646547791261125.jpg,2879306923,,netease
27088295,Cuando Me Enamoro,Andrea Bocelli,http://p1.music.126.net/HHp6i9Lcfb09rpQWko2HUA==/109951169587574454.jpg,2879306923,,netease
25699062,Tikiville,王若琳,http://p1.music.126.net/fpvDD6gIZsEW_aZ8_222Yw==/109951165958746180.jpg,2879306923,,netease
3328991980,Cards (底牌),时空储蓄罐,http://p1.music.126.net/wXbKUk2Fl8CgfVQrYIz4ng==/109951172441342939.jpg,5438576528,,netease
2756028139,Fuel (燃料),时空储蓄罐,http://p1.music.126.net/S8-wbkArIS5Tk_DdkJWL2w==/109951172157362341.jpg,5438576528,,netease
2752634887,Model Life,时空储蓄罐,http://p1.music.126.net/u6PgofLDkpzEZtHLu18Ltg==/109951172107788872.jpg,5438576528,,netease
2733184673,like a dream.,时空储蓄罐,http://p1.music.126.net/-wiRaASxw8PBrvjnVtUYeQ==/109951171727829431.jpg,5438576528,,netease
2731440232,Day 29,时空储蓄罐,http://p1.music.126.net/7giFIO8Z7Ctd9o8TzSODQA==/109951171556846107.jpg,5438576528,,netease
2725732310,Frame,时空储蓄罐,http://p1.music.126.net/3cBX54qXjllrg9RfoK8zXQ==/109951171459536637.jpg,5438576528,,netease
2715638614,搬家,时空储蓄罐,http://p1.music.126.net/PJbimgBISO9L5ZEGB1JBMw==/109951171317861206.jpg,5438576528,,netease
2703621578,一树一夏,时空储蓄罐,http://p1.music.126.net/3YCXx88HhWetsxEyEdUdcg==/109951170970540441.jpg,5438576528,,netease
34766709,Stolen Dance (N2N Tropical Remix),N2N,http://p1.music.126.net/l9jx2qFWRcuMW7Ic57C7ow==/3295236349218506.jpg,405849034,,netease
36019413,Around the Fire (Mokoa Remix),Mokoa,http://p1.music.126.net/pA7NFhuxShPhpleXVzyclA==/3398590442747624.jpg,405849034,,netease
422094214,I Can't Believe,Sander W.,http://p1.music.126.net/cFIbjzB2l9mQVqCqeoIf_Q==/3251255894757833.jpg,405849034,,netease
28374173,Jubel (Zero Set Remix),Klingande,http://p1.music.126.net/y2HLFeKZOpsr8sbWJr82oA==/5930765720383653.jpg,405849034,,netease
33312060,Something New,Faul,http://p1.music.126.net/JE8OBJRShbJOElSskbJlpg==/109951167486718860.jpg,405849034,,netease
28798439,Shine,Felix Jaehn,http://p2.music.126.net/OilpRvLua3HaABkdRJBntw==/5864795022841205.jpg,405849034,,netease
34690480,Sunny (Anaa Remix),Anaa,http://p2.music.126.net/35IpFv3SJoKiG6JYJN8OCQ==/7973658327043250.jpg,405849034,,netease
28421207,Error (Gamper & Dadoni Remix),Madeline Juno,http://p2.music.126.net/sr6FlhEDd33aprVSkA_BIg==/7883498372154322.jpg,405849034,,netease
29021785,Changes,Pnau,http://p2.music.126.net/6gC3u-CtaeHAHf8VK0AHRw==/6655343883051586.jpg,405849034,,netease
436147067,Champagne Ocean,Ehrling,http://p2.music.126.net/3OCOqJx8ABWtsZejHlfTew==/18784056649624787.jpg,405849034,,netease
767143,月杜,趣味工房にんじんわいん,http://p2.music.126.net/ZvBXIUKu4NadH_LIEAOR2g==/814738116182291.jpg,406761044,,netease
20989595,Danube Waves,Lawrence Welk,http://p2.music.126.net/mm0dht3uZdj3j4BcfZ8JBg==/725677674343232.jpg,406761044,,netease
20989601,Emperor Waltz,Lawrence Welk,http://p1.music.126.net/mm0dht3uZdj3j4BcfZ8JBg==/725677674343232.jpg,406761044,,netease
5137085,The last waltz,Claude Piaf,http://p1.music.126.net/WZw8j3UXCav5tpLuqpsL-w==/783951790649334.jpg,406761044,,netease
26090122,杜鹃圆舞曲,Various Artists,http://p1.music.126.net/f92Sv9E6o16-Sg11XH2tfw==/2388139255552105.jpg,406761044,,netease
19648871,Sista Tryckaren,Detektivbyrån,http://p1.music.126.net/ClvjqsRk_MIztBqdE6k5LA==/109951167789176675.jpg,406761044,,netease
18349173,The First Waltz,Ilan Eshkeri,http://p1.music.126.net/xWkQ5GN345RK1OAy0zHDag==/2586051348532457.jpg,406761044,,netease
26090102,G大调小步舞曲,Ludwig van Beethoven,http://p1.music.126.net/f92Sv9E6o16-Sg11XH2tfw==/2388139255552105.jpg,406761044,,netease
22506812,Anniversary Waltz (Instrumental),Hank Thompson,http://p1.music.126.net/LUnyDBCykPNENvuxcIriEA==/109951166280844991.jpg,406761044,,netease
4337309,In My Life (Remastered),The Beatles,http://p1.music.126.net/tox_mlsg502eBgpenLZkLQ==/109951163180940290.jpg,2903676321,,netease
16588431,Always See Your Face,Love,http://p1.music.126.net/N5rI2-k_Ihm7ess31OtB3w==/109951168691082711.jpg,2903676321,,netease
41645864,Death of a Clown,The Kinks,http://p1.music.126.net/gVIMRIYXO6x72yj20389zA==/109951167831071333.jpg,2903676321,,netease
3025239,Born to Die,Lana Del Rey,http://p1.music.126.net/OtQ5_iqEASnwrBooprUSpQ==/109951163520346143.jpg,2903676321,,netease
19089170,The Seventh Seal,Scott Walker,http://p1.music.126.net/s_z3FfiSaAzrVx45_9EaJQ==/6664139976501208.jpg,2903676321,,netease
1295571534,Yesterday,The Beatles,http://p1.music.126.net/QHdQgPwMoVrjpeqLap5mIA==/109951163418887144.jpg,2903676321,,netease
519338816,Long Summer Days,The Moody Blues,http://p1.music.126.net/ZJAFBOycXQWNCCXB5-neoA==/109951169578554033.jpg,2903676321,,netease
3559463,God Only Knows,The Beach Boys,http://p1.music.126.net/hx48XhFDp8oBVyFwNxqcqg==/109951170074923622.jpg,2903676321,,netease
5045234,Play With Fire,The Rolling Stones,http://p1.music.126.net/Or3rNszFHTkERdvPspyqUw==/109951171771194175.jpg,2903676321,,netease
17673505,Cicadas,Echoes of Nature,http://p1.music.126.net/0z-zITQAkhY4i7y2nWVifA==/6674035581226959.jpg,7005467,,netease
20546108,Le Crone,Chris Watson,http://p1.music.126.net/GdLF6n7m0D2gs3w5sV3h_A==/109951164797397760.jpg,7005467,,netease
1248472,Ocean Waves,Dr. Jeffrey Thompson,http://p1.music.126.net/IuaZcLG0YzktppqlPTF2_Q==/109951163802223268.jpg,7005467,,netease
1368591309,Drizzly Day Nature,Echoes of Nature,http://p1.music.126.net/H5O3PTPBxzVhL-HQMQNvGA==/109951164109802207.jpg,7005467,,netease
1322163111,Waves and Seagulls,Waves of the Sea,http://p1.music.126.net/2W-6-eXfbipqWqY95PV4uA==/109951163640245441.jpg,7005467,,netease
863967299,Kawaguchi Stream 1,The Nature Sounds Society Japan,http://p1.music.126.net/93ZgATI0OZxbRsDUoQTxRQ==/109951163387070571.jpg,7005467,,netease
853593,Sayama Rain 2?(?Demo),The Nature Sounds Society Japan,http://p1.music.126.net/x2RVSqDGmk2GK8XMnUhaDg==/919191720863702.jpg,7005467,,netease
32070215,10 Hz Alpha Thunderstorm (Extended Version),White Noise Meditation,http://p1.music.126.net/qubVOdYo2xfJJzNhSjwDLg==/7943971512042563.jpg,7005467,,netease
569657114,Calming Babbling Brook for Sweet Dreams,Deep Sleep Music,http://p2.music.126.net/bjC-uqWUO70-4XWggFv9Ug==/109951163322662317.jpg,7005467,,netease
32070480,10 Hz Alpha Waterfall (Extended Version),White Noise Meditation,http://p2.music.126.net/aQLhy5-5T58rJ-6aVX6tyg==/7788940372145707.jpg,7005467,,netease
28357886,"Concerto No. 4 in F minor, Op. 8, RV 297, ""L'inverno"" (Winter):II. Largo",Anne Akiko Meyers,http://p2.music.126.net/bWUGHKHYs9LrXmLONyHgBA==/109951169195109094.jpg,317803115,,netease
5105895,The Four Seasons (Spring):1. Allegro,Antonio Vivaldi,http://p2.music.126.net/IiMDCvc5XqXNacw1XNZxDA==/2539871860492877.jpg,317803115,,netease
5160803,维瓦尔第:《和谐的灵感》第八号-快板《一九七三年的弹子球》,Various Artists,http://p2.music.126.net/hguvoGACkoqr5wRZDmEbYQ==/109951165867965410.jpg,317803115,,netease
27256783,"Xerxes, HWV 40:Largo (''Ombra mai fu'')",Shigeo Genda,http://p2.music.126.net/ZKjubffYbTpONa26el99nQ==/7773547208458666.jpg,317803115,,netease
27256825,"The Messiah, HWV 56:Hallelujah Chorus",David Parry,http://p2.music.126.net/ZKjubffYbTpONa26el99nQ==/7773547208458666.jpg,317803115,,netease
5057458,"Air -Suite No. 3 In D Major, Bwv 1068",Johann Sebastian Bach,http://p2.music.126.net/V6A67qCoJrKDWAK1APYlxw==/2476100185797939.jpg,317803115,,netease
22517186,"Harpsichord Concerto No. 2 in E Major, BWV 1053:I. —",Bob van Asperen,http://p2.music.126.net/FA67wFqR4fLwbV1dwkn0Ig==/109951168423007515.jpg,317803115,,netease
27471609,"Cello Suite No. 1 in G Major, BWV 1007:I. Prelude",Alexander Rudin,http://p2.music.126.net/8RUVaMSzv9xcNBqp--j2FQ==/17696639649464132.jpg,317803115,,netease
26883017,"Air For The ""G"" String",Johann Sebastian Bach,http://p2.music.126.net/MHLiZaKwXRu86qBI4dClsw==/2120957929980956.jpg,317803115,,netease
29803725,"Keyboard Sonata in G Major, Hob. XVI:8: I. Allegro",Rudolf Buchbinder,http://p2.music.126.net/ygA0CeFgT6FF5Xwd9Jyajg==/109951170734328254.jpg,317803115,,netease
2033878965,花曇り,佐藤千亜妃,http://p2.music.126.net/yj_DnxNZIaFSAoxQoHHRRQ==/109951168500729936.jpg,12416814674,,netease
4340758,Falling Slowly,Glen Hansard,http://p2.music.126.net/GGAdhBf76SBPZzCVjRi_gg==/109951165964023079.jpg,112143747,,netease
4340760,If You Want Me,Glen Hansard,http://p2.music.126.net/GGAdhBf76SBPZzCVjRi_gg==/109951165964023079.jpg,112143747,,netease
28737747,Lost Stars,Adam Levine,http://p2.music.126.net/HfONoiydSxBFn2SMmyN3qg==/3235862724973369.jpg,112143747,,netease
28747434,A Step You Can’t Take Back,Keira Knightley,http://p2.music.126.net/HfONoiydSxBFn2SMmyN3qg==/3235862724973369.jpg,112143747,,netease
28747438,Tell Me If You Wanna Go Home (Rooftop Mix),Keira Knightley,http://p2.music.126.net/HfONoiydSxBFn2SMmyN3qg==/3235862724973369.jpg,112143747,,netease
34509603,"Like Sunday, Like Rain",Ed Harcourt,http://p2.music.126.net/bnUFueujb7EdF_VthoChjg==/7721870163112752.jpg,112143747,,netease
29491468,Home,Billy Crudup,http://p2.music.126.net/n3zXUOatnv1tn-aP9Ea-vw==/6654244372177311.jpg,112143747,,netease
29491481,Sing Along,Billy Crudup,http://p2.music.126.net/n3zXUOatnv1tn-aP9Ea-vw==/6654244372177311.jpg,112143747,,netease
27759608,Fare Thee Well (Dink's Song),Oscar Isaac,http://p2.music.126.net/4BTe96FPQ_kW1pmNnlNvHg==/2536573326765583.jpg,112143747,,netease
22778418,Get Inside Your Heart feat. Pismo,西原健一郎,http://p1.music.126.net/YsuVlolkDq0gG7lYMFtvjQ==/109951170067997046.jpg,437360812,,netease
22821100,Luv(sic.) Part 3 (feat. Shing02),Nujabes,http://p1.music.126.net/l3rg9NXB6l6IOKFwCTYCPw==/109951170165186772.jpg,437360812,,netease
26126394,DAY DREAMING,やけのはら,http://p1.music.126.net/0_TatcD4iW3944bR9Y810w==/109951168772901482.jpg,437360812,,netease
22756879,Love Note<Seoul City Remix>,GAGLE,http://p1.music.126.net/Rpk_uoPEQ8qKb6pdt5pIEg==/109951163598750548.jpg,437360812,,netease
22703963,Walk Out feat.NEED NOT WORRY,Cradle Orchestra,http://p1.music.126.net/PvktLNzXCDeie75-Fooz5Q==/109951166455907245.jpg,437360812,,netease
1212025,Deacon Blu,Blazo,http://p1.music.126.net/6F1bYVbi969QKnA_piksXA==/6635552673830454.jpg,437360812,,netease
1788006,Luv(sic) Part 4 (Original),Nujabes,http://p1.music.126.net/jU6IFvUj1KRnGR4XsWqeFQ==/6627856092438299.jpg,437360812,,netease
30841417,Away feat. Othello,re:plus,http://p1.music.126.net/JRljqNrK2kA5qK7EcGEjqA==/109951168475810590.jpg,437360812,,netease
1789158,Luv(sic.) Part 2 (Original Version),Nujabes,http://p1.music.126.net/Dq7BV9IHtz3nJVcIn1boFQ==/109951169237163464.jpg,437360812,,netease
30612617,Angel 2 Me (International ver.),McKay,http://p1.music.126.net/hM3P6CvT5C_nMbuf3gllwA==/109951170151695277.jpg,437360812,,netease
618325,絆,miu-clips,http://p2.music.126.net/qXN-ehvhohaHMMutBQUMpA==/109951169237165975.jpg,6964362443,,netease
2750093263,VISIONS （『仮面ライダーゼッツ』主題歌）,NAQT VANE,http://p2.music.126.net/Hk4KcnIVCva_dOuD2dSI7w==/109951172068556397.jpg,6964362443,,netease
1903990043,’ADINGO,珂拉琪 Collage,http://p2.music.126.net/g64Rwldt058ypEVFdjHVog==/109951171501353830.jpg,6964362443,,netease
2744390176,冰的痕迹,阿嘤,http://p2.music.126.net/Sr9HBr0VXbYud5ybS-mA4A==/109951171990487322.jpg,6964362443,,netease
1316563576,鯖鯖,山崎あおい,http://p2.music.126.net/bYoJAhfyTi8GRRPbEb3V4g==/109951168763469815.jpg,6964362443,,netease
488388942,願い～あの頃のキミへ～,當山みれい,http://p2.music.126.net/bfr3FRWXzPBIJSo2HCK2PA==/109951171924374807.jpg,6964362443,,netease
26114408,なきむし。,沢井美空,http://p2.music.126.net/mv2whWuyDtJHS2llzV9sQA==/109951168080742746.jpg,6964362443,,netease
30967154,愛唄~since 2007~,whiteeeen,http://p2.music.126.net/CZpJ9WsMHZ5A0duXuvcVhA==/7895592999546517.jpg,6964362443,,netease
26349198,何度も,RAM WIRE,http://p2.music.126.net/1xHEk3lzc5_27k6jDYtYsw==/109951166200821146.jpg,6964362443,,netease
22685914,CATHY (2021 Remaster),当山ひとみ,http://p1.music.126.net/Sq8G05kuNXEEXsEyve0u3A==/109951166414222387.jpg,3121189683,,netease
1317285056,真夜中のドア〜stay with me (シングルver.),松原みき,http://p1.music.126.net/rddYSzo2ZLxZ3HMerP_-0A==/109951172387752494.jpg,3121189683,,netease
22685934,"ANOTHER DAY, ANOTHER LOVE",当山ひとみ,http://p1.music.126.net/tTLV4-Y1xLSptCkMx3hsrA==/109951165071494597.jpg,3121189683,,netease
27703807,彼女,新島弥生,http://p1.music.126.net/apqBkW56Hl7CB7Nz7ya4wg==/109951167763537244.jpg,3121189683,,netease
509135109,夏色片想い,菊池桃子,http://p1.music.126.net/q6Tuj26x6dTksJCveVgp2g==/109951163031641549.jpg,3121189683,,netease
601630,ドリーム・ボートが出る夜に,菊池桃子,http://p1.music.126.net/zekXAGRAhV5qTqnD1W8tcA==/109951169447779962.jpg,3121189683,,netease
33419747,Burning Friday Night,Lucky Kilimanjaro,http://p1.music.126.net/3ffsH7-ZyjpTYsz5gbXA9Q==/7984653442401217.jpg,3121189683,,netease
542696,ポケット・ミュージック,山下達郎,http://p1.music.126.net/C4SChBSzNZM5Hn1aTu3zkg==/109951171752696391.jpg,3121189683,,netease
27615437,愛が止まらない,Wink,http://p1.music.126.net/NP8eWsbdxl-bZwo2C4WHig==/5746047766839383.jpg,3121189683,,netease
28798666,高層ビル,NONA REEVES,http://p1.music.126.net/_H6RoNT3dZCe6YpuAQ9EkA==/109951167138668871.jpg,3121189683,,netease
28692785,off the hook,Jeff Jarvis,http://p1.music.126.net/uKoKIcrfH1nEPY3304pWTg==/109951171574129543.jpg,14229130171,,netease
3929679,Bye Bye,AHMIR,http://p1.music.126.net/dgj_P1ubYJpl_4Wjaeo6eg==/1681153278876729.jpg,14229130171,,netease
2714340376,鼻塞,陈一豪Clear,http://p2.music.126.net/POtte5sgkL1WN6S9yap0kQ==/109951171367489486.jpg,14229130171,,netease
2632929495,sea,小好14,http://p1.music.126.net/aUPhKqH-2rfbatVZx6c0Iw==/109951170009623363.jpg,13378640708,,netease
2723783187,混乱的世界你要记得开心,痛宝,http://p1.music.126.net/yJ7Q9VASmtTgGbwF5Unmhw==/109951171463769520.jpg,13378640708,,netease
2632918786,银林,小好14,http://p1.music.126.net/aUPhKqH-2rfbatVZx6c0Iw==/109951170009623363.jpg,13378640708,,netease
551400874,April Encounter,很美味,http://p2.music.126.net/dHea1IM0_f0t23Woicehxw==/109951163243188849.jpg,13787020840,,netease
27955653,你还要我怎样,薛之谦,http://p2.music.126.net/ywVjRpbu9KpcBQh9KJz2HA==/109951164499974026.jpg,13787020840,,netease
108134,学不会,林俊杰,http://p2.music.126.net/Z5lg-iA7pGbquJvMoY8tbg==/109951168271379420.jpg,13787020840,,netease
27890306,意外,薛之谦,http://p2.music.126.net/ywVjRpbu9KpcBQh9KJz2HA==/109951164499974026.jpg,13787020840,,netease
353066,迷人的危险,Dance Flow,http://p1.music.126.net/Yx6lWCWmZYeI1Bu1G9qRSg==/109951172341273360.jpg,13812850575,,netease
3328010480,NO,齐瓦尔·艾拉,http://p2.music.126.net/A1jNdx_7UYk88EfxyZuNsA==/109951172420149367.jpg,13860042731,,netease
2748500384,"Free Romantic Chillhop Type Beat - ""Blessed"" pt.2",EVO MUSIC,http://p2.music.126.net/TDCIf5v2Bc-DVAU2jKk0pQ==/109951169499198230.jpg,12215291980,,netease
2690845197,观我往旧 同我仰春,落寞岛,http://p2.music.126.net/lEVc4W729tuEsNQNGEYv5Q==/109951170683095313.jpg,12215291980,,netease
523660700,夏Style,LIKPIA,http://p2.music.126.net/SdGC_vxddoQ2Ga3VTmtTZQ==/109951164006830864.jpg,12215291980,,netease
3325855330,我 们 终 将 重 逢,Youzee Music,http://p2.music.126.net/aELH2_CEyVZWr_yJTrlv1g==/109951172396367824.jpg,12215291980,,netease
3317183055,归春颂,路明熹,http://p2.music.126.net/JqqZ8FHNg4nBT2vd2O1hww==/109951170756501668.jpg,12215291980,,netease
2756664050,樱殇,二乘,http://p2.music.126.net/VJnAkb7zUTiZ314O-IuvPw==/109951172186846044.jpg,12215291980,,netease
2732863389,通往夏天的隧道,鹭起Herons,http://p2.music.126.net/KUx9kai3R35o87KekrEMZw==/109951171685024559.jpg,12215291980,,netease
2741616460,春日的旷野,Yaecui^小冉,http://p2.music.126.net/94q8VBF9HojFcXNLiZmR9A==/109951171953049212.jpg,12215291980,,netease
1929736807,莫奈的灰是云朵给的温柔,陈越龙,http://p2.music.126.net/5qM09A7EScfbR9Bgi5KWag==/109951164866834753.jpg,12215291980,,netease
2646969037,Came A Long Way,泰格西,http://p1.music.126.net/O_fyMkWoXlXIqy-hwPKTSw==/109951170155708821.jpg,7677203521,,netease
2705434726,加纳阿克拉（Accra）,尼成NICHENG,http://p1.music.126.net/_wa92O7k4Vlq_xQi3H590g==/109951170988613788.jpg,7677203521,,netease
2698652714,Gimme Dat,Ayra Starr,http://p1.music.126.net/M3O5BXXSJJVI3JPieYFqmQ==/109951170877595008.jpg,7677203521,,netease
1955961245,Méchante,Aya Nakamura,http://p1.music.126.net/dcVAc7UYGZfd2A14tAcxjA==/109951167551079878.jpg,7677203521,,netease
2748260545,Like I Do,Raine,http://p1.music.126.net/D4ADEYxcP7k3nMhnVWXCOw==/109951172043367998.jpg,14049111781,,netease
1943523171,FATALITY,Kordhell（Mick Kenny）,http://p1.music.126.net/yMhwxA7zw4Y5tlUM8EZKBA==/109951167365472397.jpg,14049111781,,netease
2061508316,TIRED OF PROBLEMS,NUEKI,http://p1.music.126.net/ekU7ze2Ts13wvcS-s9kPUg==/109951168719024841.jpg,14049111781,,netease
1915630561,AVOID ME,Kute,http://p2.music.126.net/Aw3xLeuzQ52u3_vpAKS2PQ==/109951166987912536.jpg,14049111781,,netease
519913462,做我的猫,满舒克,http://p1.music.126.net/m3223Pj4ZXrItuylsVL5hA==/18855524904843746.jpg,13990355752,,netease
2750708474,他们从未离去,Rapeter,http://p1.music.126.net/MyZa5ZlGr1eX48wvaTt0Vg==/109951172077595188.jpg,13990355752,,netease
3328899924,平成二十四年冬,雾江月,http://p2.music.126.net/X0iTegr5z49r-9DoX6EsiQ==/109951172440077910.jpg,14068521806,,netease
2747650518,"Do U See Me, Do U?",DLSS,http://p2.music.126.net/iMYlHXErvI7WWGiOjmEorw==/109951172033177070.jpg,14068521806,,netease
471565537,Something Just Like This(Megamix),AnDyWuMUSICLAND,http://p1.music.126.net/wyMwZZPaf2gOl8MKOFjGqA==/109951166171144362.jpg,14068521806,,netease
409647388,3 Strikes,Terror Jr,http://p1.music.126.net/iFZF7le6cQX_DpPY-udPoQ==/109951164000556824.jpg,14068521806,,netease
2162805360,My Man,Mnelia,http://p1.music.126.net/x_FRnPWu6_hSdzkd20Hg-Q==/109951169650881653.jpg,13088177797,,netease
1956432247,Call Me Every Day,Chris Brown,http://p1.music.126.net/ONhV2l1r32i2mvkjN3rVjw==/109951167559154332.jpg,13088177797,,netease
1969750570,All Of Us (Ashawo),Fireboy DML,http://p2.music.126.net/STyd1SI_9ls8HmJoS5cnpw==/109951167748793066.jpg,13088177797,,netease
2054153750,Princess Going Digital,Amaarae,http://p2.music.126.net/Fc6YCaRNavJ23QmriJJjvQ==/109951168666902050.jpg,13088177797,,netease
2652257620,Jhim Jhimaune Aankha,Ekdev Limbu,http://p2.music.126.net/xOk5IG1ldxw9buazs83KLw==/109951171899465519.jpg,13088177797,,netease
2702095651,与林共舞,镀Yesido,http://p2.music.126.net/cxA2XmK1W9SVQVupiiDQMA==/109951170953406743.jpg,13088177797,,netease
1974721048,you,CKay,http://p2.music.126.net/Pkdzr7RexYCRzf1bNgOPhw==/109951167813846210.jpg,13088177797,,netease
2160182931,战斗爽 I'll Do It,米兰Music,http://p2.music.126.net/ZdDriXOal1p8SkBs9jpVeQ==/109951169638380917.jpg,14049111773,,netease
2152519307,Fast Cars,Gentleman,http://p2.music.126.net/UpuxV1Aw1zWFMRvkTZP8ag==/109951169535023192.jpg,14049111773,,netease
2606727999,Shots (VIP),POLO,http://p2.music.126.net/JUeTL_1aWqBitFTAV9-baw==/109951169770314342.jpg,14049111773,,netease
2087857247,///,小心碎,http://p1.music.126.net/nd7-yjyWCeYw8RllX1xibA==/109951168962507581.jpg,13786158773,,netease
2685472561,谁会来拆穿,Steven,http://p1.music.126.net/NAt--Oz_gut-eSRf8EW3IA==/109951170620964138.jpg,13786158773,,netease
2705766536,21个缺点,伍六七,http://p1.music.126.net/KSBODCJgf_6Nt54nNp0OLw==/109951170993005165.jpg,13786158773,,netease
2011184810,碎心,猫头英,http://p1.music.126.net/uV8NowTt-NBcFTDpQxulIg==/109951170914702567.jpg,13786158773,,netease
1965781512,Closer,Nine Band,http://p1.music.126.net/piafsvlT20laMJY7IVvDmg==/109951167699198700.jpg,13786158773,,netease
2693396832,别哭了我爱你pt2,不要杀死我的爱,http://p1.music.126.net/xgbpmQCCiGYGYz3Qz6MuvQ==/109951170711924980.jpg,13786158773,,netease
2650385695,游牧之歌,Landon,http://p2.music.126.net/KSJ_Jza7Kkjm8X4sFrhAeA==/109951169878389795.jpg,2660127948,,netease
2688242045,清醒梦,在虚无中永存,http://p2.music.126.net/v0xL6mfGRLg-me7CKeKs5Q==/109951170648303448.jpg,2660127948,,netease
1839867568,风（ wind）（钢琴曲）,屯叔UncleTune,http://p2.music.126.net/2oXhd1V-NOi6zigPF14q4Q==/109951165919995103.jpg,2660127948,,netease
2710575522,雨中舞,Soulloom苏洛牧,http://p2.music.126.net/JDF-SdaZImbCLrfuXXBa1g==/109951171183305057.jpg,2660127948,,netease
1914893736,BABYDOLL,Ari Abdul,http://p1.music.126.net/DL0wQx0nvqtEDRk6UTR_Tw==/109951167195846340.jpg,13860558701,,netease
22090705,Blowin' in the Wind,Bob Dylan,http://p1.music.126.net/0ntq9XX9AvWVYA3j2KDU2g==/109951165379503651.jpg,2126200965,,netease
22090723,Like a Rolling Stone,Bob Dylan,http://p1.music.126.net/0ntq9XX9AvWVYA3j2KDU2g==/109951165379503651.jpg,2126200965,,netease
22090701,I Was Young When I Left Home,Bob Dylan,http://p1.music.126.net/0ntq9XX9AvWVYA3j2KDU2g==/109951165379503651.jpg,2126200965,,netease
5044951,Goin' to Acapulco,Jim James,http://p1.music.126.net/l85aAQsqG5pYw8yPlR4riA==/2529976255911942.jpg,2126200965,,netease
21177882,This Is It,Michael Jackson,http://p1.music.126.net/Ba84vYr4qFkbqhhxAQJOkA==/109951167732867214.jpg,2126200965,,netease
21177862,Human Nature,Michael Jackson,http://p1.music.126.net/Ba84vYr4qFkbqhhxAQJOkA==/109951167732867214.jpg,2126200965,,netease
21177886,She's Out of My Life (Demo),Michael Jackson,http://p1.music.126.net/Ba84vYr4qFkbqhhxAQJOkA==/109951167732867214.jpg,2126200965,,netease
26401570,Love Me Tender,Elvis Presley,http://p1.music.126.net/jzRuy6YGWbnQAjoX4dndzg==/1794402976567831.jpg,2126200965,,netease
16792464,Everyday,Buddy Holly,http://p1.music.126.net/DCGw92rg_SkcgVYBlUXNQg==/109951170481469872.jpg,2126200965,,netease
1476058,In My Life,John Lennon,http://p1.music.126.net/RqDTpIiAwTii26klKjv1XA==/109951165907025628.jpg,2126200965,,netease
2750375053,射程外的神祇,提糯Tino,http://p2.music.126.net/Hx0i-3Mok1Tn9HWLp_WmCw==/109951172072666399.jpg,13863353866,,netease
34144942,Gasoline,Halsey,http://p2.music.126.net/deUIzjFMYkFP3uVRx9OFdw==/3344714371962950.jpg,2949995936,,netease
34144937,Colors,Halsey,http://p2.music.126.net/deUIzjFMYkFP3uVRx9OFdw==/3344714371962950.jpg,2949995936,,netease
407002465,Be Alright,Ariana Grande,http://p2.music.126.net/J-F8mts0v8WAx4UdPjPPsg==/109951165321273895.jpg,2949995936,,netease
413812478,Touch It,Ariana Grande,http://p2.music.126.net/J-F8mts0v8WAx4UdPjPPsg==/109951165321273895.jpg,2949995936,,netease
2080218766,bad idea right?,Olivia Rodrigo,http://p2.music.126.net/QnOEdLUSTsrzs7janOTdIw==/109951168910224159.jpg,2949995936,,netease
2740962242,Sugar Talking,Sabrina Carpenter,http://p2.music.126.net/YeH7390tcj6VgHd1hz6PRA==/109951171960893246.jpg,2949995936,,netease
27984071,Last Christmas,Ariana Grande,http://p2.music.126.net/57rYNm6DSeJrf_rxiX_Hhw==/109951169948353634.jpg,2949995936,,netease
2133503223,bye,Ariana Grande,http://p2.music.126.net/Qe_30o-LrNv0EAQinrW7Uw==/109951169395277400.jpg,2949995936,,netease
2080218767,vampire,Olivia Rodrigo,http://p2.music.126.net/QnOEdLUSTsrzs7janOTdIw==/109951168910224159.jpg,2949995936,,netease
2666311291,虐恋幻想,UM,http://p2.music.126.net/CXnTCSvN1UagtqX6rEEimg==/109951170379937829.jpg,9709861752,,netease
191248,明天过后,张杰,http://p2.music.126.net/ixIs5kkukgNYMmeDsc35_g==/29686813955450.jpg,8055396278,,netease
306877,遗失的心跳,萧亚轩,http://p1.music.126.net/oCSjB-Px9kRk5Zv1ct-ktQ==/109951171361923475.jpg,8055396278,,netease
108493,我还想她,林俊杰,http://p1.music.126.net/q8RW-c9LY27XNVEaqAa3NA==/109951170565907820.jpg,8055396278,,netease
108914,江南,林俊杰,http://p1.music.126.net/Gk4t93WwafRZtt9nTS77Iw==/109951171891430447.jpg,8055396278,,netease
5261909,你要的爱,戴佩妮,http://p2.music.126.net/-BQfl5V2kWqp8Y3rYMQP5w==/101155069772671.jpg,12697572036,,netease
557583473,Alice in 冷凍庫,めありー,http://p2.music.126.net/VaBRPQTtkEjGMUta2-f5Ow==/109951170961702497.jpg,5469338662,,netease
1971042191,ただ、透明,ユノギ シロ,http://p2.music.126.net/vakMNt3vPcAdWuQimTLMYw==/109951167765607669.jpg,5469338662,,netease
2125269186,強く生きろ笑,z²,http://p2.music.126.net/YIEUUSyK0kiqlUSUjeQNdA==/109951169324453210.jpg,5469338662,,netease
511975952,わがままドルミール,U-ske,http://p2.music.126.net/sgQ4FnC3pGrADCXCUKUuLg==/109951163041209667.jpg,5469338662,,netease
2029632434,はーどもーどかのじょ,nyamura,http://p2.music.126.net/3rRwzZZ2ISjWx3S-4v-BMg==/109951168463551848.jpg,5469338662,,netease
2025499415,何も知らないわ (feat. どろしー),巡巡,http://p2.music.126.net/cKvORrumeBHLs-d4-dGjyw==/109951168423983028.jpg,5469338662,,netease
29418291,YUBIKIRI-GENMAN,Mili,http://p2.music.126.net/Wp58lTMHFn9Ab1Z8wJWbZQ==/109951169114416861.jpg,5469338662,,netease
2042915306,案山子,平葵,http://p2.music.126.net/yLg7omqZzjBZd61T2I1TZA==/109951168573745879.jpg,5469338662,,netease
2671834971,your princess (nyamura ver.),picco,http://p2.music.126.net/oGzTx67Zaq7Y_mOf9k6Bjw==/109951170450640308.jpg,5469338662,,netease
2158522240,Luv It Baby,はてなぷれいりすと,http://p2.music.126.net/V8KKKSdgA7ZS65HjlKmqOA==/109951169613812990.jpg,5469338662,,netease
2644290051,Desire Nev,米兰Music,http://p2.music.126.net/mHSBCrGu3LbjquV6vARJhg==/109951170128064445.jpg,14049112332,,netease
2622321629,Hennesy,AK,http://p2.music.126.net/lujkyXiBfrngg66t9R8jew==/109951169921735388.jpg,14049112332,,netease
2604053247,Booty,Mk,http://p2.music.126.net/hFKIkUNov1q7MxEJ4ocIMA==/109951169768473693.jpg,14049112332,,netease
2620649064,SONWW (PHONK),VERSACE,http://p2.music.126.net/gfzqp5uoD6MVyvzG4H-PEA==/109951169902798159.jpg,14049112332,,netease
2691040084,Wild Tiger,Gentleman,http://p2.music.126.net/9Tz0DUL3Eg0x0qeWRGnogw==/109951170464492633.jpg,14049112332,,netease
3320487876,就像一滴水 回到水里,神总是忧郁的,http://p2.music.126.net/Wld3s3ZfLafV5jCtosW7_A==/109951172323323784.jpg,14122484355,,netease
2758289151,冬与你,万乐体,http://p2.music.126.net/rG9igvb1dcbRoJCRiMM48A==/109951172186245774.jpg,14122484355,,netease
2745864868,黄昏进行曲（海阔天空）,Alex Lorry,http://p2.music.126.net/yVFLTzSfwKPlGaOyvCgDow==/109951172313540808.jpg,14122484355,,netease
438803222,лолита (Radio Edit),Nuzur Zeli,http://p2.music.126.net/GoAVaMoeJ4us2qTQ9tGr6w==/1408474411916514.jpg,14122484355,,netease
2693245296,泪失禁,神总是忧郁的,http://p2.music.126.net/m1kny7r-w5Q-oD1ubZkIwQ==/109951170710891376.jpg,14122484355,,netease
2655815491,偏偏要,庄东茹（豆芽鱼）,http://p2.music.126.net/apxWmmGDMnTU6_P5yRbLkw==/109951170248191301.jpg,14122484355,,netease
2736609861,麒麟 (混音dj),DJ阿黛,http://p2.music.126.net/0vFC-Fv7j16RF1tyTzGENA==/109951171872891133.jpg,14122484355,,netease
2745752541,瘾,神总是忧郁的,http://p2.music.126.net/gUP622ZjLVdrhk6bNIr15w==/109951172007283296.jpg,14122484355,,netease
2685879153,forsythia(连翘花）,Bethybai,http://p2.music.126.net/rSfloidDT8b8JZmKONGZmg==/109951170624127896.jpg,13202794872,,netease
2711879261,忘了 (Live版),黄子弘凡,http://p1.music.126.net/LHhB_nK6j1WG9dSQ51uK0w==/109951171259680660.jpg,10152755947,,netease
2695948439,转身即心痛 (Live版),谭维维,http://p1.music.126.net/Lyd2UmbNQzjMj9_auteh0A==/109951170731357001.jpg,10152755947,,netease
2704605037,一点 (Live版),黄子弘凡,http://p1.music.126.net/HZG_WgD1RtlhuS4vvQoDCg==/109951170980785449.jpg,10152755947,,netease
2706933038,月亮翻过小山坡 (Live版),黄子弘凡,http://p1.music.126.net/M7qi_93U1IfQxyNT0JKphw==/109951171007412378.jpg,10152755947,,netease
2702711932,人鱼的眼泪 (Live版),黄子弘凡,http://p1.music.126.net/9LemrBxdIe8IuRb3lKZbRA==/109951170958999419.jpg,10152755947,,netease
2699873733,只为你着迷 (Live版),张靓颖,http://p1.music.126.net/txc8QD12iZVQrcWkSkcN0w==/109951170922638214.jpg,10152755947,,netease
3317169375,无想,黄子弘凡,http://p1.music.126.net/C8QW7mXJKMmLiRCIfdgxRg==/109951172272279991.jpg,10152755947,,netease
1403884297,Love You More At Christmas Time,Kelly Rowland,http://p2.music.126.net/9C4AnWyNszfJ6KS85Vk-RQ==/109951164490643700.jpg,8835922262,,netease
1408884250,Santa x4 (feat. Next Town Down),Kamille,http://p2.music.126.net/BDkfh7Rx52S4QHPkQrqhvA==/109951164542164956.jpg,8835922262,,netease
2658640963,Kitchen,SZA,http://p2.music.126.net/eQsUiBeDvgljm7grNtUnkg==/109951170292746733.jpg,8835922262,,netease
1894539230,presents,Bryson Tiller,http://p2.music.126.net/46Av_V9jlLHTT3HJZ5eIJQ==/109951166615267193.jpg,8835922262,,netease
4443730,This Gift,98º,http://p2.music.126.net/EzeI3QkLuw8bK4OUC_ZEWQ==/1703143511435637.jpg,8835922262,,netease
511392883,Mistletoe,Justin Bieber,http://p2.music.126.net/3mdudbcGpTzIYAk1r1SCPQ==/109951169069104105.jpg,8835922262,,netease
1498047448,All I Want,Asiahn,http://p2.music.126.net/UNTWKcbAmmJcBxBtavS9-A==/109951165495615965.jpg,8835922262,,netease
2649159370,Christmas (Baby Please Come Home),ASTN,http://p2.music.126.net/j0eiqwTBJbJ_i87LndkwSQ==/109951170178153278.jpg,8835922262,,netease
1491174415,Sleigh Ride,Tori Kelly,http://p2.music.126.net/liG_HJtMC2aOcubAlm79sg==/109951171539307987.jpg,8835922262,,netease
2103543791,Let it Snow,Josh Levi,http://p2.music.126.net/CgOR3Zrb_UbGpoObbFeMeA==/109951169105778718.jpg,8835922262,,netease
1371476393,Difficult,Jay Bombay,http://p1.music.126.net/Y13-ZtA0_rJ-92uLL4ygXA==/109951164143221016.jpg,14068521678,,netease
1863509811,Die Right Here,david hugo,http://p1.music.126.net/AfWbhtJvX2VEXhbOqdp9Mw==/109951168606186382.jpg,14068521678,,netease
2750152394,再见,马頔,http://p2.music.126.net/PCnJIv9g6ZTGdj4ctvk7Iw==/109951172068952575.jpg,13459927641,,netease
3327845944,嘿，老舅,宝石Gem,http://p2.music.126.net/fS-VoycFyTi8Wr2HYwdc0Q==/109951172418443063.jpg,13459927641,,netease
1865902042,什么是逍遥,王同学Able,http://p2.music.126.net/oayzb1MKLrKXmrFbw6WB7A==/109951166239668143.jpg,13459927641,,netease
1465225544,天下,张杰,http://p2.music.126.net/Y_9l-ydJzV693ev8bGo-nA==/109951165164760011.jpg,13459927641,,netease
2159641385,轻舞（Moonlit paths heart follows）,陈抒妮,http://p2.music.126.net/PD_dhxWCEd-cpSUnwy0vFw==/109951169623106678.jpg,13459927641,,netease
1968779888,镜中花,任子墨,http://p2.music.126.net/OkdW78SwQZVccn_2BMES4A==/109951167737067656.jpg,13459927641,,netease
2615199065,水中月,任子墨,http://p2.music.126.net/fUwbf_atiTzfqxP2071XEg==/109951169852611019.jpg,13459927641,,netease
30431367,走马,陈粒,http://p1.music.126.net/VuJFMbXzpAProbJPoXLv7g==/7721870161993398.jpg,14049111689,,netease
1356350562,这一生关于你的风景,枯木逢春,http://p1.music.126.net/zFZ-zwCo231Luti9-VS5jQ==/109951170699878376.jpg,14049111689,,netease
38576323,春风十里,鹿先森乐队,http://p1.music.126.net/hYjA4Th6CAdkWI_sm32juw==/109951163669459549.jpg,14049111689,,netease
482796512,"무제(無題) (Untitled, 2014)",G-DRAGON,http://p2.music.126.net/g7SsZ9Wu5mfVj9plRIrWew==/109951167720819597.jpg,12619696129,,netease
2631254481,Always Been You,HENRY刘宪华,http://p1.music.126.net/lKrRARgNo2wJ6MbRkDrUkw==/109951169994950644.jpg,12619696129,,netease
1401899720,colorblind,Mokita,http://p1.music.126.net/FyHgx24EzC48gev6B72xVA==/109951166735547260.jpg,12619696129,,netease
1217530,Can't Stop Love,Darin,http://p1.music.126.net/GeY509sJHeObduU8kBWn9Q==/109951169233745528.jpg,12619696129,,netease
1466544976,ROSS AND RACHEL,Jake Miller,http://p1.music.126.net/arw_1g1XCyIO0GHig6uMzQ==/109951165273221872.jpg,12619696129,,netease
28256115,I Do,911,http://p1.music.126.net/ZNnDcq2-b_An3_ag3H5XhQ==/5980243743520718.jpg,12619696129,,netease
29719175,Night Changes,One Direction,http://p1.music.126.net/h97UzOq8a9YzuwjKxZxZOQ==/109951165969533755.jpg,12619696129,,netease
3320688620,白水鉴心 我心可鉴,冰心,http://p1.music.126.net/DKwRBA-K-51bZHG3m0rgzA==/109951171936500392.jpg,8590558861,,netease
435307995,"当安静的公园披上了夜网, 东方的夜莺徒然向玫瑰花歌唱",饭碗的彼岸,http://p1.music.126.net/jTnE2Sx1SaqXOKRUmDhKGw==/109951167065975676.jpg,8590558861,,netease
1988448776,POP!,Adanna Duru,http://p1.music.126.net/xVOrJvU4yOwTCzCyJTbq3w==/109951167955797882.jpg,8233172668,,netease
3325110391,Easiest Goodbye,Will Linley,http://p1.music.126.net/gROmnbZ76a8xJ31yoOUzgA==/109951172386920956.jpg,8233172668,,netease
2719538501,Been A Minute,Leigh-Anne,http://p1.music.126.net/Von8_WTGxOnN7WSQZ3vuJA==/109951171479069951.jpg,8233172668,,netease
2129113925,Paris,King Promise,http://p1.music.126.net/_2duwFTJha5wemqPCDUmSw==/109951169388174209.jpg,8233172668,,netease
2017290567,Sability,Ayra Starr,http://p2.music.126.net/tunIdqSt6Omh8YcjtDKOxA==/109951168260782979.jpg,8233172668,,netease
2717458796,GUILT TRIPPIN,Central Cee,http://p2.music.126.net/ORywHKd00trUhiHrvquSQw==/109951171335242685.jpg,8233172668,,netease
2654696848,强者进行曲(PHONK),BOY,http://p1.music.126.net/-7pCwPn11-dmu_zV2OzXaA==/109951170239165570.jpg,64945293,,netease
2615789862,Cute Pinch(PHONK),BOY,http://p1.music.126.net/xaH_ldQmiVOfpTX57FNfZA==/109951169858121775.jpg,64945293,,netease
2630918223,时代进行曲(PHONK),GTR7,http://p1.music.126.net/AnGND6e8tOl9anM_341z-w==/109951169991968216.jpg,64945293,,netease
2717690581,TRAP SIMPLE FVNKY,Dede Sabunge,http://p1.music.126.net/PcOUouUBnA-xtQV8PCdGfA==/109951171337656419.jpg,64945293,,netease
1430126255,Worst Of The Worst,Nicholas Jonathan Tyler,http://p1.music.126.net/WxobvNzHFZdt4jCTbiIXmw==/109951164793925246.jpg,64945293,,netease
2721053223,PASSO FUNK,Lunak,http://p2.music.126.net/DhS5-lhIis9jWqv5D2w18Q==/109951171485317274.jpg,64945293,,netease
2626728653,Pulsar Beats,Brawna,http://p2.music.126.net/GkUQaIyGK4XkyeX8AtEGlA==/109951169956881311.jpg,64945293,,netease
1369658060,Morze,GANG MUSIC,http://p2.music.126.net/TznHcQ_4bVopGR13i2_k-g==/109951166134171664.jpg,64945293,,netease
1416761424,Knight (Nurshat Asymov Remix),Nurshat Asymov,http://p2.music.126.net/iPiFGUzIhgu2kY8ubfaehQ==/109951164627049194.jpg,64945293,,netease
1870772996,flaws,Thomas Ng,http://p2.music.126.net/lSvd_9-FFPBdesH3IgekOg==/109951166298869613.jpg,17384230050,,netease
2707907152,ISFP’s Sunset (Soft Light),樊宇镈（Coulson Fan）,http://p2.music.126.net/QmuvZh3du0Tp-Mil30uNaw==/109951171018502098.jpg,17384230050,,netease
2059965336,passenger seat,southernwade,http://p2.music.126.net/ZXE4XIW61ejEF9T1-wNc2g==/109951168707162538.jpg,17384230050,,netease
2034781741,My Light,dori,http://p2.music.126.net/hiUdr5oqtwPPxNzblKqzzg==/109951168689274332.jpg,17384230050,,netease
1394952100,Good Day,Surfaces,http://p2.music.126.net/pP007MVDTiE_BIe4LvJ9nA==/109951168977113880.jpg,17384230050,,netease
1917076630,2 O' CLOCK,dori,http://p2.music.126.net/e7zlGmIavWMSCD11FJSKrg==/109951168689177569.jpg,17384230050,,netease
2076334053,Cruel (sped up),Jeff Bernat,http://p2.music.126.net/8BYQxzYCS5-cnl8o4mdQXA==/109951168879252133.jpg,17384230050,,netease
2125652576,lavender,JVKE,http://p2.music.126.net/fxLahccCOGRC37xqfyKHeg==/109951169349730017.jpg,17384230050,,netease
2119296052,In All Honesty,Jeremy Passion,http://p2.music.126.net/8Hnr1TSJrvXeniT3Bs8agA==/109951169274288568.jpg,17384230050,,netease
1979135725,Citrus Love,Bao The Whale,http://p2.music.126.net/uy2AvkAopBC8FwQtTy7n-w==/109951167851897117.jpg,17384230050,,netease
2120465975,Love wins all,IU,http://p2.music.126.net/URduGHa0HADj5oCXoXVfjQ==/109951169568906612.jpg,14229130169,,netease
556203085,LATATA,i-dle,http://p2.music.126.net/x3x3rctNe_cca843RGFdfA==/109951163279173797.jpg,14229130169,,netease
1316563427,삐삐,IU,http://p2.music.126.net/1MaaYiMymTXqWPY6Gh-Alw==/109951169727664941.jpg,14229130169,,netease
1973633315,Pink Venom,BLACKPINK,http://p2.music.126.net/wjCVh0ydbEoDq4mlhpA_wQ==/109951167881916281.jpg,14229130169,,netease
502238344,베베 (BABE),泫雅,http://p2.music.126.net/Kt62rvzySwU1SFGcgltc-A==/109951163304330822.jpg,14229130169,,netease
27676680,Black,G-DRAGON,http://p2.music.126.net/_XK4IKy9KvJ1lvTVg5ZE2A==/109951167896046832.jpg,14229130169,,netease
2040894381,I AM (Band LIVE),IVE,http://p2.music.126.net/xvNJyZ3P0GaZwgrHfcL6pQ==/109951168557051667.jpg,14229130169,,netease
1927417396,MY BAG,i-dle,http://p2.music.126.net/J9t-hmMYJMVXpFdMgHMB6A==/109951167149343548.jpg,14229130169,,netease
2075591804,Love Lee,AKMU,http://p2.music.126.net/IUPO_XsM_B5D6-Q2fl6rzA==/109951168908051396.jpg,14229130169,,netease
2681674865,Teach Me How To Love,Galdive,http://p2.music.126.net/x1Q5F8pKwVzsuUdAz9lvaA==/109951170561689793.jpg,12289970625,,netease
2077173998,stargirl,ADTurnUp,http://p2.music.126.net/OAJsiBx54A4mwRLklSNvLQ==/109951170433745120.jpg,12289970625,,netease
2021345168,S(EX),MAETA,http://p2.music.126.net/Hqq09OuZJf88WGW6Sq6fhw==/109951168298915197.jpg,12289970625,,netease
2073744324,want u,9Y.,http://p2.music.126.net/DyR93s1htqtbT51h9cLx_Q==/109951168829285565.jpg,12289970625,,netease
1378036032,Distant,articat,http://p2.music.126.net/xWO01zY5tm6W__N9vOMHng==/109951168432723789.jpg,12289970625,,netease
2008004486,Let U Go,SOTORY,http://p2.music.126.net/3MZIZlTflkbiW6HFjQwVCw==/109951171326423790.jpg,12289970625,,netease
2049728212,Here With Me,d4vd,http://p2.music.126.net/dybKDVXYPnS-Y-vEzpmQFg==/109951168632502894.jpg,17462921094,,netease
2104181970,Different Lives,Fly By Midnight,http://p2.music.126.net/hyIFQtJk4A7FgCDr7IZ7lw==/109951169115575194.jpg,17462921094,,netease
401723020,EVERYTHING,黑裙子,http://p2.music.126.net/r1elILlnZeJ6AGQSwgK1tA==/109951169916925948.jpg,17462921094,,netease
1905096353,манго нектар,Corn Wave,http://p2.music.126.net/8TA8FPE8ZTyfsfYiWwYTNg==/109951167235133818.jpg,17462921094,,netease
1373002687,Twilight Rush（暮色狂奔）,结冰水,http://p1.music.126.net/aIagt9_R5w41-0C_VP8jEQ==/109951164160922810.jpg,17462921094,,netease
2610483010,Become Beautiful,Cathartic Fall,http://p1.music.126.net/67z3sk8SZ6h8Kqb0wUM3zg==/109951169808001883.jpg,17462921094,,netease
109031,磁带版A面末的口白,李宗盛,http://p2.music.126.net/ztYLTveilp7mxzXxyJoWGw==/109951172448957984.jpg,896260777,,netease
108108,虎口脱险,老狼,http://p2.music.126.net/ePksoOdhBGmubcl3iduStg==/109951167759919004.jpg,896260777,,netease
175972,露天电影院(清新版),郁冬,http://p2.music.126.net/NS7n4INH_dt3rQtCEjf3Fw==/109951170118056117.jpg,896260777,,netease
276064,远远的远 远远,马格,http://p1.music.126.net/-OEMX5g3Mu0Nx9dgYt1FCQ==/109951170664649089.jpg,896260777,,netease
223775,女孩儿与四重奏,丁薇,http://p1.music.126.net/RycHAQE8s0baZtxUX-5L0A==/109951167884498863.jpg,896260777,,netease
111949,爱是什么,李泉,http://p1.music.126.net/VeOJ7iQeMmGXC8grrgeHSg==/103354093016213.jpg,896260777,,netease
30496894,夏末初秋的爱情,甄凌,http://p1.music.126.net/A7e_Mcn30o3_5NZrQ2x7FQ==/2540971374905134.jpg,896260777,,netease
25864552,不会说话的爱情,小河与寻谣计划,http://p1.music.126.net/a8DMt_ws1PHV1EQUo41J0Q==/2422224116047065.jpg,896260777,,netease
29802688,笛威辛亢 纽威辛亢 (藏语 天堂 地狱),朱哲琴,http://p1.music.126.net/kCNLLbm9789UEn-zSBpNxw==/109951168622409293.jpg,896260777,,netease
110367,绽放,李健,http://p1.music.126.net/Z4PD3xWHcSBOqabMWRc_Uw==/109951170376526221.jpg,896260777,,netease
1831321963,Closure,Hayd,http://p2.music.126.net/8-49UeSMUKh6gysAsqTDEw==/109951165851952484.jpg,8282413383,,netease
1838044718,Sokka,you,http://p2.music.126.net/3D3TLmnVtXd5ZwkAiIZChA==/109951165898355163.jpg,8282413383,,netease
2109226385,winter luv,downw4sdown,http://p2.music.126.net/XeVzqpXjGftvAt0_hzDmmw==/109951169167851353.jpg,8282413383,,netease
1367786494,No Idea,Don Toliver,http://p2.music.126.net/bVybeG4IJZH3FkXjeIoMgw==/109951164101294071.jpg,8282413383,,netease
1399140742,God Is,Kanye West,http://p2.music.126.net/VSM2IRXSF11zmn3w6nOd9Q==/109951164447873175.jpg,8282413383,,netease
2745292588,Open Arms x Water,5757,http://p2.music.126.net/aTGh20XBsVrw6bP6-wG8BQ==/109951172001983389.jpg,8282413383,,netease
2738620709,3 am things,Pimmie,http://p2.music.126.net/Hke65MqvoaRZc8jjbXmzyA==/109951171908883914.jpg,8282413383,,netease
2104563916,Never Lose Me,Flo Milli,http://p2.music.126.net/PGGHMLRmVPZ-spC4UBHaVA==/109951169121202213.jpg,8282413383,,netease
1973572217,Pray,EMO,http://p1.music.126.net/5qAzxR79yxQZZ3cQRrcXxg==/109951167795521962.jpg,7227827581,,netease
407002486,Give It All Up,SRNO,http://p1.music.126.net/wh54KcZ5gMYODNKADpWgRg==/3304032443948982.jpg,7227827581,,netease
2056089290,Worship,Ari Abdul,http://p1.music.126.net/JQheiEslM3OHDGQgYRZ00g==/109951168680606260.jpg,7227827581,,netease
1970779397,Living Hell,Bella Poarch,http://p1.music.126.net/wSHEYjdEmsMoRZ4LiVTI9A==/109951167762445741.jpg,7227827581,,netease
2668362493,Smoking Cherry,Carpetman,http://p1.music.126.net/EP9VD8XikjDsy0Gg8coDnQ==/109951170498702374.jpg,7227827581,,netease
1450123091,The River,Blues Saraceno,http://p1.music.126.net/iPlUDt-KCNPeb9PPNN3d7w==/109951169830821258.jpg,7227827581,,netease
1964119388,Problems,Jake Daniels,http://p1.music.126.net/-knoLr2joyHYkyZa-7xd2A==/109951167672931193.jpg,7227827581,,netease
2725796924,Devil in Disguise,Marino,http://p1.music.126.net/6__VSbRcBdLrVrE80ciaFA==/109951171460710259.jpg,7227827581,,netease
458496675,Resurrection,GANK,http://p1.music.126.net/aBAMtfU_ceS6LHZT0sxGrg==/109951169990368223.jpg,7227827581,,netease
32897777,年轮,汪苏泷,http://p2.music.126.net/5D4hfLdRezRlax4OWiPgnw==/2899412164997218.jpg,14103204149,,netease
1899705498,Star (反方向的钟),XMASwu(吴骜),http://p2.music.126.net/6-F8k6AuCnsvMjDNKYHriw==/109951166677305699.jpg,14103204149,,netease
2681393627,四点的海棠花未眠,渡,http://p2.music.126.net/n_JUJqFExrv0B-cKNSvnhg==/109951170958563213.jpg,14103204149,,netease
167799,怎么说我不爱你,萧敬腾,http://p2.music.126.net/0rAYErNfEn0CLdXZjHlRaQ==/109951171928047247.jpg,14103204149,,netease
1430287528,想见你想见你想见你,阿冗,http://p2.music.126.net/ZYqAJxqM42WgJjMsGHs5qw==/109951164795694083.jpg,14103204149,,netease
1400256289,你的答案,阿冗,http://p2.music.126.net/JBrPa3oAkMxG3CAQkRQ83w==/109951168973212235.jpg,14103204149,,netease
2648947831,搁浅(原唱：周杰伦),孙颖 (SunYing),http://p2.music.126.net/UG1DtLfNWjVViObJcTMWEg==/109951170175889549.jpg,14103204149,,netease
2652820720,晴天(深情版),Lucky小爱,http://p2.music.126.net/-79-XFhWolhMzGESC8ifkg==/109951170218252280.jpg,14103204149,,netease
26305547,背对背拥抱,林俊杰,http://p2.music.126.net/Pz4sEpA7nsiyIdIrswTx9A==/109951167894836691.jpg,14103204149,,netease
31654455,Victory,Two Steps From Hell,http://p2.music.126.net/M4dIigd024UmAUbOnDXJ4A==/109951170179380497.jpg,17530443478,,netease
31654478,Star Sky,Two Steps From Hell,http://p2.music.126.net/M4dIigd024UmAUbOnDXJ4A==/109951170179380497.jpg,17530443478,,netease
29460377,Empire of Angels,Thomas Bergersen,http://p2.music.126.net/x8hXeeEH21la-JU5byoY2A==/109951170131823419.jpg,17530443478,,netease
17538867,The Mass,Era,http://p2.music.126.net/Jqlh75auQyrKdKeDT5y5sw==/732274744107448.jpg,17530443478,,netease
3935139,Breath and Life,Audiomachine,http://p2.music.126.net/dRBpkU9RDUtEu513XtG7Fw==/109951163818565831.jpg,17530443478,,netease
29717271,Go Time,Mark Petrie,http://p2.music.126.net/TJe468hZr_0ndQRfTAKdqA==/3233663697760186.jpg,17530443478,,netease
28283137,Rise - Epic Music,John Dreamer,http://p2.music.126.net/so1OnmjmA50Y-Tm7g4THWQ==/109951165091749637.jpg,17530443478,,netease
4377969,Heart of Courage,Two Steps From Hell,http://p2.music.126.net/PhZyZbJUdYXE9qKH_9oj7g==/109951170067992086.jpg,17530443478,,netease
4377220,Strength Of A Thousand Men,Two Steps From Hell,http://p2.music.126.net/ECd6GYNJOTCrpVFqXeTj2g==/1792203953282154.jpg,17530443478,,netease
19554985,Archangel,Two Steps From Hell,http://p2.music.126.net/91pGSeh1q7bjOZ0QxDvIJg==/109951170131833940.jpg,17530443478,,netease
1987550202,拆穿 (Live),周菲戈,http://p2.music.126.net/yd1Uk9Qbmv6Vezb7WAxF7w==/109951167945724555.jpg,13872949043,,netease
1880403118,D.U.I.,Daniel Di Angelo,http://p1.music.126.net/Vse9XiBZLjLYqw1aNIRrPw==/109951166446457778.jpg,9989958868,,netease
2695848944,All for Now (Original Mix - Mixed),Segue (IN),http://p1.music.126.net/0oBSTbUnjIxYtAVJvRTPNw==/109951170731006593.jpg,12747978808,,netease
2102441546,To The Light,Traintalks,http://p1.music.126.net/_XQ0dG8Mavr64JYI2a9ydg==/109951169788783911.jpg,12747978808,,netease
2130257111,My Time,Sultan + Shepard,http://p1.music.126.net/BwSgDyKV30FAaqfY1iYXXA==/109951169369481369.jpg,12747978808,,netease
1939878025,I Took A Pill In ibza（0.8x）,Kings,http://p1.music.126.net/Zyo7sLa1QMGV__mlu64s9A==/109951167450580552.jpg,13886701814,,netease
65536,爱情转移,陈奕迅,http://p1.music.126.net/o_OjL_NZNoeog9fIjBXAyw==/18782957139233959.jpg,17533902373,,netease
409060879,突然好想你 (Live),徐佳莹,http://p1.music.126.net/25PUTtJ6xgPlC5RlNfJPCQ==/1387583679453717.jpg,17533902373,,netease
1433786440,一步之遥,任然,http://p1.music.126.net/uf1yixAOHljTRNHvE7xllw==/109951164837357732.jpg,17533902373,,netease
3323360569,终于等到你 A Feeling Like This,武言圣,http://p2.music.126.net/7qag_pE4BUg1IvFi9RjtXQ==/109951172365696090.jpg,14068521651,,netease
1987550301,SoygumO`zgarmas不变的爱Beat,AlimjanAbdurezak阿力木江,http://p2.music.126.net/X6XucbP_QnB49avYE_GiJw==/109951167945457192.jpg,9603367715,,netease
3328908424,板井巷的夕阳,安沐凡,http://p1.music.126.net/UYn1haJwmw8fQFYPnmn6ug==/109951172439949265.jpg,17510688391,,netease
556030908,Neo-Aspect,Roselia,http://p2.music.126.net/swngmsSdHN_Vb-BZ7Q-ePg==/109951170539751849.jpg,2105681544,,netease
1857465170,"Link Up (from the Netflix Series ""We The People"")",KYLE,http://p2.music.126.net/Csr08Ir2N5fElHPXCxXMZg==/109951166134156145.jpg,8704926137,,netease
2511812,Blue Girl,Delegation,http://p2.music.126.net/7wPa8oJulMX1U9ibgG0cjg==/1739427395146726.jpg,8704926137,,netease
430208512,Congratulations (feat. Bilal),Mac Miller,http://p2.music.126.net/z3etTcCIpL7lx6Tq_pyDWw==/109951165928224354.jpg,8704926137,,netease
3314342666,Out The Window,Kehlani,http://p1.music.126.net/Wc2rlJsYiiKm1Ex2FdIZmQ==/109951172236687015.jpg,7599174336,,netease
3324079723,RENT FREE,SAILORR,http://p1.music.126.net/P0K9FI0ZE26H4YoQERiPtQ==/109951172377808636.jpg,7599174336,,netease
3327820451,Recently Deleted,FLO,http://p1.music.126.net/j_ugCc-WacbRwciYUyudHw==/109951172418232436.jpg,7599174336,,netease
2756279615,Delulu,Muni Long,http://p1.music.126.net/G4kkTlXulT3k_nhHSbmOWQ==/109951172160718730.jpg,7599174336,,netease
2646853252,On & On,FLO,http://p1.music.126.net/HPTuc3-sOx2Jq00-ZbZHWQ==/109951170154724078.jpg,7599174336,,netease
2745368711,Cry about it!,Kali Uchis,http://p1.music.126.net/4oV0Pu8yqRJDpTX-f659mw==/109951172001943770.jpg,7599174336,,netease
2748945430,Alright,Jaz Karis,http://p1.music.126.net/1187BYsdBMi0Cjv8scN8kw==/109951172054383934.jpg,7599174336,,netease
1844640040,9 Times Outta 10,Angelic Montero,http://p1.music.126.net/m9CQKduj8CDlZIcCDbjQNw==/109951165975052768.jpg,7599174336,,netease
22353476,The Model (2009 Remastered Version),Kraftwerk,http://p2.music.126.net/GO9W8v_fXVsSBgBhwo5qWg==/109951165417829439.jpg,7468647447,,netease
4208227,Bizarre Love Triangle,New Order,http://p2.music.126.net/yCUNWt1PCpCZ6ll90CEhww==/2538772348709196.jpg,7468647447,,netease
19460184,Omen,The Prodigy,http://p2.music.126.net/GDdXNhVdB-Yz9aQdSyQ03w==/109951170136202341.jpg,7468647447,,netease
27363405,Psycho Killer,Talking Heads,http://p2.music.126.net/Ni62XVZk-hgAkrjeaD2Smg==/2050589185836018.jpg,7468647447,,netease
1995348020,We Are All Insane,AWOLNATION,http://p2.music.126.net/Uq8ipRdI0GFXbsQ-s4SzjQ==/109951168028924823.jpg,7468647447,,netease
27357135,Never Let Me Down Again,Depeche Mode,http://p2.music.126.net/qMYHy4DZaLOHkmrtwUfPcA==/2039594069555591.jpg,7468647447,,netease
4257628,Slow,Pompeya,http://p2.music.126.net/yKLgD8Z0os6foqlys3RVQA==/109951167309038260.jpg,7468647447,,netease
21965691,Lust,The Raveonettes,http://p2.music.126.net/0mt4qLlGi-fQH6waB1-8LQ==/6655343883587023.jpg,7468647447,,netease
4237734,The Way It Used To Be,Pet Shop Boys,http://p2.music.126.net/J8hblufg1CdJ5FM4dqc8Dw==/1724034232366297.jpg,7468647447,,netease
1323404671,we fell in love in october,girl in red,http://p1.music.126.net/huGPszX9ENMnBsBQt-9Mjg==/109951167964983056.jpg,14405268718,,netease
1813701040,Serotonin,girl in red,http://p1.music.126.net/AX8vakL2IFGLUjpDR5ri7w==/109951168617709776.jpg,14405268718,,netease
2032990284,Did you know that there's a tunnel under Ocean Blvd,Lana Del Rey,http://p1.music.126.net/qzvnfTZYBDmyvSmIlWV5Bw==/109951168805906911.jpg,14405268718,,netease
1997738179,Pistol,Cigarettes After Sex,http://p1.music.126.net/objuyPD6yPbtCknO6VUsRg==/109951170219418086.jpg,14405268718,,netease
19576417,Back To The Old House (2011 Remastered Version),The Smiths,http://p1.music.126.net/mSWd__yOEst-knQtFGppRQ==/6637751697818308.jpg,14405268718,,netease
480769653,Sweet,Cigarettes After Sex,http://p1.music.126.net/9dpCWsj3DNR-3AzRRhcQcg==/109951167302437735.jpg,14405268718,,netease
2039744487,Slow,王嘉尔,http://p1.music.126.net/pC6aJUZMTRe_rD_6t_EbYw==/109951168548837659.jpg,14405268718,,netease
21970767,Linger,The Cranberries,http://p1.music.126.net/_l9UnWCCuzdLp5WjsiWDoQ==/109951169857310296.jpg,14405268718,,netease
467805965,Wanna Love You,Paul Kim,http://p1.music.126.net/LBdzTq1xnrRxlCzeetm37A==/109951169700767814.jpg,12885962914,,netease
2022948249,On You,郭泰勋,http://p1.music.126.net/HzCAuZxZaMqMCQPX19j9Yg==/109951168314066103.jpg,12885962914,,netease
2705368329,No Problem,BAEKHYUN,http://p1.music.126.net/U90NX0KBDsCQAGBdl7bNkA==/109951170987987873.jpg,12885962914,,netease
2705368327,Elevator,BAEKHYUN,http://p1.music.126.net/U90NX0KBDsCQAGBdl7bNkA==/109951170987987873.jpg,12885962914,,netease
574925991,무슨 생각해,TERRY,http://p1.music.126.net/ji0bWd2bsOhlFHtD4plPTw==/109951169617511166.jpg,12885962914,,netease
1429449256,All I Know,VICTON,http://p1.music.126.net/EwEi36jksP4wT3fNAUuRAA==/109951164785281666.jpg,12885962914,,netease
480426215,지나쳐,Loco,http://p1.music.126.net/GCgaLW3eb6TuQYUkLeSj3A==/18923694625801297.jpg,12885962914,,netease
30854743,짠해,FIESTAR,http://p1.music.126.net/QQqxk_aoXh15dmN5lenLyQ==/109951169724704034.jpg,12885962914,,netease
1936095074,再次爱上你,金润吉,http://p1.music.126.net/CpFGqvJQILqbN44t6cfF3g==/109951167287280308.jpg,17510794387,,netease
2062623445,想你时风起,单依纯,http://p1.music.126.net/jdtkAVxASgsZtN243m19NA==/109951168728196721.jpg,17510794387,,netease
543798652,少一点天分,孙盛希,http://p1.music.126.net/1QT6pMrufe1LjwVOgDJ81w==/109951163176818589.jpg,17510794387,,netease
1463330827,Rock Around the Clock,Bill Haley & His Comets,http://p2.music.126.net/BYyB_XkVZu9vTmrDYoJTFg==/109951169688616104.jpg,14109239184,,netease
20997999,Tutti Frutti,Little Richard,http://p2.music.126.net/zXA7TI_LoK3sAqilfc68Rw==/18404725137832571.jpg,14109239184,,netease
22078171,Johnny B. Goode,Chuck Berry,http://p2.music.126.net/spzAvdqnb9fmtyJMea44gg==/109951170066236453.jpg,14109239184,,netease
24062039,The House Of The Rising Sun,The Animals,http://p2.music.126.net/hjyrmwbb5WKHi0dpXeeopA==/870813209228033.jpg,14109239184,,netease
3561707,You Really Got Me,The Kinks,http://p2.music.126.net/SQwhLwSj6dVaqKVLh-9_nw==/109951172313583325.jpg,14109239184,,netease
4336298,Come Together (Remastered),The Beatles,http://p2.music.126.net/A_V9_72alwfoLwEKftkRsg==/109951163180920481.jpg,14109239184,,netease
4335592,"Paint It, Black",The Rolling Stones,http://p2.music.126.net/FX1qPMxRpcD3V3OoFalbag==/690493302287329.jpg,14109239184,,netease
4333931,Riders on the Storm,The Doors,http://p2.music.126.net/KI9pgrYiNNmTBm6j5tNOKw==/109951169372552071.jpg,14109239184,,netease
22088550,Like a Rolling Stone,Bob Dylan,http://p2.music.126.net/vGW-G1o8bFgWibjEM0hIDg==/109951166472323694.jpg,14109239184,,netease
27215122,Fortunate Son,Creedence Clearwater Revival,http://p2.music.126.net/075If4Jai3b0kCp_ddEt3A==/1245746674326213.jpg,14109239184,,netease
306664,身骑白马,徐佳莹,http://p1.music.126.net/b1hZLgWA9ihXkivZeqo81g==/109951168296446353.jpg,13810420865,,netease
40147554,关键词,林俊杰,http://p2.music.126.net/JRxqmFNVw9tc6kCGsyvVbA==/109951169682587779.jpg,13810420865,,netease
27671269,心墙,郭静,http://p2.music.126.net/twmbtfq2KVsIwmpJ8aTfRQ==/109951168105390425.jpg,13810420865,,netease
526081111,到此为止,徐佳莹,http://p2.music.126.net/lb0uSEy4nd6eQMv7hCbN0Q==/109951171530550836.jpg,13810420865,,netease
2114614108,晴る,ヨルシカ,http://p2.music.126.net/A2uvcfwP0zBfOfiR36Qiww==/109951169237033693.jpg,8668842712,,netease
473740829,雨天,汪苏泷,http://p1.music.126.net/Sg7HVkIzLcuGOjbcmCyPKA==/18564154325265589.jpg,14229129984,,netease
233846,又是艳阳天,郭静,http://p1.music.126.net/TDmpu8EMlt4UHaJuCFgTfQ==/109951167430325186.jpg,14229129984,,netease
65528,淘汰,陈奕迅,http://p1.music.126.net/o_OjL_NZNoeog9fIjBXAyw==/18782957139233959.jpg,14229129984,,netease
139808,快乐崇拜,潘玮柏,http://p2.music.126.net/xnU4hzOFNtOGk4pbMRCYIw==/109951169280793265.jpg,17532923397,,netease
1908287251,梦从,MeLo_绿萝组,http://p1.music.126.net/K0T_k6aYhO6pVUT2zUL6Ag==/109951166876070639.jpg,5436635820,,netease
1996268497,序曲,音阙诗听,http://p1.music.126.net/gL8iNdQovZHr_cn1ybgxZA==/109951168086843750.jpg,5436635820,,netease
1948669917,回眸,胡波涛,http://p1.music.126.net/incG9jQTcffl5sH6488v1A==/109951167438320971.jpg,5436635820,,netease
1428063839,初见,张渠,http://p1.music.126.net/8-0ACfxrHHPcPhOUT7b_tg==/109951164766301856.jpg,5436635820,,netease
1449117950,镜花,柳不贰,http://p1.music.126.net/j6JXSV9M3mAPpaRbEutsQg==/109951164998416035.jpg,5436635820,,netease
1389477355,听雨（纯音乐）,长风,http://p1.music.126.net/oicjfh4XoQu16ihCJARunw==/109951164349782809.jpg,5436635820,,netease
562699217,鸿影,变奏的梦想,http://p1.music.126.net/C1oo6kZ3S5IawnvjdybCWA==/109951167697773080.jpg,5436635820,,netease
29401808,故梦(琵琶版),千年破晓,http://p1.music.126.net/Ji-MyQ8ansfBgOgFcL_aow==/2548667953219862.jpg,5436635820,,netease
1300726769,旧事,忘乡,http://p1.music.126.net/cY5AAY3V86ZxvsqnFfg5pw==/109951163871018738.jpg,5436635820,,netease
1295009639,Again,王极,http://p2.music.126.net/-gqv2SAG4MMD2ZE-hj53yg==/109951163415566764.jpg,13883641530,,netease
229271,如果的事,范玮琪,http://p1.music.126.net/R5bLjz1STQRXdu6XWsIBtg==/109951170702629646.jpg,13883641530,,netease
2702969402,Sugar! Honey! Love!,Kali Uchis,http://p2.music.126.net/GetSLPmM4N_74lIPbOdELQ==/109951170962089557.jpg,7627757853,,netease
1345693245,The Day I Wanted To Die,Michael Seyer,http://p2.music.126.net/qsEg6mYbCRRbhZABDwVoAQ==/109951163889982857.jpg,7627757853,,netease
2726588095,蓝色地毯日记,野贝贝,http://p2.music.126.net/2P_rKRmXcsY5SDg8_qaRrQ==/109951171496596541.jpg,7627757853,,netease
2745298754,Cure for Emptiness (with Bello),Matt Maltese,http://p2.music.126.net/BuT7lBDtkgPUmu09-H-R-w==/109951172028951929.jpg,7627757853,,netease
1068925,Glass in the park,Alex Turner,http://p2.music.126.net/I8GKXnm_jvq3rzWtbQVY3Q==/109951163392101384.jpg,7627757853,,netease
1990110101,Pasilyo,SunKissed Lola,http://p2.music.126.net/USDJKfkG4OfWZhd4N1koNw==/109951168592480498.jpg,7627757853,,netease
2666051442,BLUE,Gabriela Bee,http://p2.music.126.net/OiGZqTOlwol0IRqDoOAEew==/109951170377851526.jpg,7627757853,,netease
2741147129,Sin Un Corazón,Cuco,http://p2.music.126.net/2CJ8u2EF8wEWHp8fc0scEA==/109951171947397235.jpg,7627757853,,netease
1969171290,Let it Happen,Louis Cole,http://p2.music.126.net/X_K47SmZF6P6gX3UYmTdJg==/109951167741752616.jpg,7627757853,,netease
2655897679,当一个人 To Be,地磁卡,http://p2.music.126.net/xnWKhD-hHW2kTNKBCrolBw==/109951170248969535.jpg,7627757853,,netease
518895765,crystal dolphin,engelwood,http://p1.music.126.net/YU3TTlG9UIv9Fj0cEx6MMg==/109951163064537425.jpg,4980157066,,netease
417953208,romance,Baq5,http://p1.music.126.net/cJk7AOhpdVVUtE_4H8WtoA==/3418381655358490.jpg,4980157066,,netease
472485718,2 2：3 0  ,Lopu$,http://p1.music.126.net/sC2FDNwgfhWGnL5nDXabuQ==/109951162904665861.jpg,4980157066,,netease
1372762813,Keiko,Night Tempo,http://p1.music.126.net/LDgwmHvRmUHlsLFWqG-3Rw==/109951164158392956.jpg,4980157066,,netease
447279694,Heeled Shoes,Samashi,http://p1.music.126.net/yzU2DjXnwm4XzUxY3_TiqA==/18495984604093778.jpg,4980157066,,netease
439139112,D a n c e   D a n c e,Lopu$,http://p1.music.126.net/SNRqNDs8Ga5JjvW66hTU-Q==/109951162805312551.jpg,4980157066,,netease
1900230056,Midnight Dew,ぷにぷに電機,http://p1.music.126.net/m6UraXb4EMJ2_2tE_ArG7Q==/109951166685249446.jpg,4980157066,,netease
501467872,Her Name Is 初恋Lady,ミカヅキ BIGWAVE,http://p1.music.126.net/M7f-x8Hco9eKFe0G_Y3RVA==/109951163013701894.jpg,4980157066,,netease
28916651,YEBISU - Yung Bae Edit,YUNG BAE,http://p1.music.126.net/sS3PSQN9tZE-YWMw22ApPg==/109951169640681795.jpg,4980157066,,netease
1840969475,蜃・気・楼,RYUSENKEI,http://p1.music.126.net/JirYz_OdDKHXB9GJnQldnA==/109951165931197725.jpg,4980157066,,netease
28312036,Rodeo,Robbie Nova,http://p1.music.126.net/ZU9BupPSr_7IldYNlJyrOg==/3275445145903123.jpg,14029359152,,netease
4250011,Calling,Part Six,http://p1.music.126.net/DwNd5xH3fBTNFEcTtIiLOQ==/6626756581257680.jpg,14029359152,,netease
37820813,This Could Be You,Cannon Mapp,http://p1.music.126.net/vg951at8w8DsG138lgkfNw==/109951169377802508.jpg,14029359152,,netease
2006229678,下水道蚂蚁,连麻Swimming,http://p2.music.126.net/ZNxEPHvOXusFZeFQhQ8DPg==/109951168141966141.jpg,13485721036,,netease
2743505559,3977,ljz329,http://p2.music.126.net/lFrcF94EQjVvKKNfmmEWsA==/109951172055010347.jpg,13485721036,,netease
2735951115,NIGHTKIDZ夜之子,侃迪kandi,http://p2.music.126.net/fYVhrYtDixC2ODPLpNVJZg==/109951171890991405.jpg,13485721036,,netease
2734350553,We Not Playing (Live),李佳隆,http://p2.music.126.net/lY1qAYUVra9SomZuFNKXhA==/109951171749100261.jpg,13485721036,,netease
2732266031,到手 (Live),TizzyT,http://p2.music.126.net/dbe-cyMK85e7A_-REwNIuA==/109951171529684824.jpg,13485721036,,netease
546279760,目不转睛,王以太,http://p2.music.126.net/YnKCNRiq4ajK2cwfuIu4KQ==/109951169800297050.jpg,13485721036,,netease
2729440021,你可以慢点走 (Live),SHarK,http://p2.music.126.net/_ugjkz5_kkbRiQayGsL2dg==/109951171490469489.jpg,13485721036,,netease
210287,遺憾,陈洁仪,http://p1.music.126.net/A3pPeY-0kQhugTmG87LVgg==/109951167910663420.jpg,17543315112,,netease
1417849873,一程山路,毛不易,http://p1.music.126.net/XPPeIZu7wgcGXZ0666mfFg==/109951164640697307.jpg,17543315112,,netease
1888915574,路过人间,郁可唯,http://p1.music.126.net/b_lFQUHgdaOvuBgf8wMO0w==/109951166557050112.jpg,17543315112,,netease
1306923998,我用什么把你留住,福禄寿FloruitShow,http://p1.music.126.net/RMYmJlVF2Fuvg2hmJNlmHA==/109951167343222893.jpg,17543315112,,netease
294052,雪落下的声音,谭维维,http://p1.music.126.net/TduTLLgo8gp61mEyWcRdFw==/587139209244496.jpg,17543315112,,netease
28196001,克卜勒,孙燕姿,http://p1.music.126.net/IpXZzvX4xgseWGfZhXHCyQ==/109951163115291601.jpg,17543315112,,netease
2063282922,晚风 (完整版),椿乐队,http://p1.music.126.net/nci0pr4geaXwYaKRryl9gQ==/109951169413563905.jpg,17543315112,,netease
1951084010,Drive Forever - Slowed,T3nzu,http://p1.music.126.net/vtlWtDW98JMWV-ggUn8LHg==/109951167893582416.jpg,7501605748,,netease
1955571906,Italia e voi（Reset）,Pnan,http://p1.music.126.net/Jy6rdQ0FhL_Cl1u2rGzzFw==/109951167545978672.jpg,7501605748,,netease
441566368,부드러운,J_ust,http://p2.music.126.net/UsirPlK4l5OFRsC9Z1O69A==/109951165179767947.jpg,14060894610,,netease
22843672,Trouble Maker,Trouble Maker,http://p2.music.126.net/26u_5Z4HsDUStH5lUygoHg==/5706465348277942.jpg,14060894610,,netease
1300885831,한 (一),i-dle,http://p2.music.126.net/BiY_tJsMRQjxVVMQxrUG7w==/109951163458672143.jpg,14060894610,,netease
2026250304,I Know (伴奏),UltraV,http://p2.music.126.net/NdDapze0_DaaaVBB4l-jDw==/109951168431895449.jpg,17511435405,,netease
2650426550,Monster (Live),AHYEON,http://p2.music.126.net/Hx6uvQEiNFeNXDsQctrcLQ==/109951170191115859.jpg,17511435405,,netease
2649177374,LIKE THAT (Live),AHYEON,http://p2.music.126.net/Bjol7ifABow_c44EK2gTNg==/109951170178260988.jpg,17511435405,,netease
2028638661,海边,cherrymint,http://p2.music.126.net/lbLPAs-jXmrD5oqwy8hEpg==/109951168324109920.jpg,17511435405,,netease
2648107971,vampire (Live),AHYEON,http://p2.music.126.net/JGPckxn9jKZU0sGNMEM1zA==/109951170168423153.jpg,17511435405,,netease
2648105716,"Love,Maybe (Live)",AHYEON,http://p2.music.126.net/qbaSIuU14hQ8XgMP61wwmA==/109951170168357706.jpg,17511435405,,netease
2652746611,Lonely (Live) ,AHYEON,http://p2.music.126.net/8hmYHaABBygxovn7lOiqqg==/109951170217607810.jpg,17511435405,,netease
2648113155,꽃 길 (Live),AHYEON,http://p2.music.126.net/u372BW5lEXhHVWe_EFL_Bw==/109951170168441651.jpg,17511435405,,netease
2648109003,HATELOVE (Live),AHYEON,http://p2.music.126.net/gfMf9o-Ng9ujlUzaswjx_g==/109951170168436514.jpg,17511435405,,netease
3315971093,诀别,郁忧,http://p2.music.126.net/h2HQ_xywIVlPRv6nmlA9qw==/109951172254435913.jpg,13886699120,,netease
3327962734,地震,Manga,http://p2.music.126.net/kVptPsfpTFqxAMSZtzf6xA==/109951172419383124.jpg,13886699120,,netease
3328414234,逃离这座岛,芋圆小狗Puppy,http://p2.music.126.net/Az2KgrBDW1HvRAVniEa6gA==/109951172430421813.jpg,13886699120,,netease
2758577032,端,RICHRAN,http://p2.music.126.net/1paV9shUkqxaNwG9vFfSEw==/109951172189848083.jpg,13886699120,,netease
2707729275,笼中鸟,空屿7hz,http://p2.music.126.net/o10QRDtPJhNSpSfeK8V7og==/109951171015086899.jpg,13886699120,,netease
3316256156,雨后情人,NOTTIBO1,http://p2.music.126.net/pUlhtths1Fg20Y8v4uOI9A==/109951172258934684.jpg,13886699120,,netease
2707429740,伪劣之爱,Sleeppuppy,http://p2.music.126.net/lSTC1lGV3EaWwc0Br2wSHg==/109951171012382573.jpg,13886699120,,netease
2706032934,破碎的镜,芋圆小狗Puppy,http://p2.music.126.net/MZN_7D8ej7zCb5avSqV3Mw==/109951170996650863.jpg,13886699120,,netease
524003572,是你,TFBOYS,http://p1.music.126.net/DVPFXNoWPtBocoBa7V-u-w==/109951167550834580.jpg,17427351269,,netease
168039,海芋恋,萧敬腾,http://p1.music.126.net/r81B_6Ypp60EPTgSQ_7gvw==/109951171951073583.jpg,17427351269,,netease
514765154,世界上的另一个我,阿肆,http://p1.music.126.net/0Nt48fegVYo7SYo1-wi8tQ==/109951166589063810.jpg,17427351269,,netease
2042008908,Monday,窦靖童,http://p1.music.126.net/vz-D0jlBJw1dC-nOCQnPag==/109951168567298535.jpg,17427351269,,netease
234064,Where Did U Go,G.E.M.邓紫棋,http://p1.music.126.net/SRSzJNkVegFlCJVc49VvxQ==/109951163069324876.jpg,17427351269,,netease
1324880066,霓虹甜心,马赛克,http://p1.music.126.net/oxIICTh5pviLWVhHtn0_-Q==/109951163661956091.jpg,17427351269,,netease
568207328,Mr.“Broken Heart” (Instrumental),松下優也,http://p1.music.126.net/uMeyhNZisXIsFT9HheVFwQ==/109951169435688334.jpg,13081590571,,netease
429348598,沦陷,李嘉格,http://p1.music.126.net/svLJT1S1O0DXHRIghiuJyg==/18599338695655987.jpg,13081590571,,netease
2057152616,Alive,Blue,http://p1.music.126.net/jeoftgzGrKCuAoqmC6uuWQ==/109951168688747017.jpg,13081590571,,netease
2019562367,恨幸福来过,林俊杰,http://p1.music.126.net/lsWNSpeiH1LqtieJMWXYKQ==/109951169493486594.jpg,13081590571,,netease
440208470,你啊你啊,魏如萱,http://p1.music.126.net/pUVA3A7XBN2WwGNXSPz4Og==/109951165958860830.jpg,13081590571,,netease
1480380028,黄昏晓,王心凌,http://p1.music.126.net/Ab50uJzhEKY--PT6iZs38Q==/109951165325705447.jpg,13081590571,,netease
18304515,Disco 2000,Pulp,http://p1.music.126.net/LVQABvwrJwE6hhXkFaVEjQ==/109951172326067594.jpg,7347724912,,netease
21941983,I Wanna Be Adored,The Stone Roses,http://p1.music.126.net/uVWzssOaFTG_LkZIEh_Sqg==/109951165995498739.jpg,7347724912,,netease
34586048,Sunny,Stereophonics,http://p1.music.126.net/GdQ9aQ3f3pscKhOpmIV4eA==/18345351510219723.jpg,7347724912,,netease
3951467,Song 2,Blur,http://p1.music.126.net/K985Yv5zh08UVF5JuYS6pQ==/109951167226981725.jpg,7347724912,,netease
19053176,Bianca,Kent,http://p1.music.126.net/nbn0QgCm0vPcZ85hmZGnpw==/109951165993486706.jpg,7347724912,,netease
591160,No Reply,Seatbelts,http://p1.music.126.net/rLH2l-yuOLfrTUQNrvcNxw==/109951169749751238.jpg,7347724912,,netease
2193507,Stay,Bernard Butler,http://p1.music.126.net/ZN95X6jPxHOJ8D3OxdL5fA==/1738327883515485.jpg,7347724912,,netease
3772051,Monday Morning,The Candyskins,http://p1.music.126.net/8m4IyOGouHFs-jynwjgrRw==/6671836557547655.jpg,7347724912,,netease
29129991,Sit Down,James,http://p1.music.126.net/uzQB1RfBwjX9BdE-gcn5_g==/6668538022751955.jpg,7347724912,,netease
28188038,The Golden Throne,Temples,http://p1.music.126.net/hHIXXkCcwSvpb9gO2JKmPg==/109951163409463422.jpg,7347724912,,netease
2144209098,如果可以,杜宣达,http://p2.music.126.net/y1h40wgnEzAJKGN0IksUsg==/109951169484028770.jpg,10163453439,,netease
2151849447,命运 (Live版),汪苏泷,http://p2.music.126.net/6YvvqrDQ8OuTn7jwWJ0F2w==/109951169553177208.jpg,10163453439,,netease
2149816926,最后一页 (Live版),王赫野,http://p2.music.126.net/9AP_AJLaACliGYpclAlz2g==/109951169534405328.jpg,10163453439,,netease
2119795491,若月亮没来 (若是月亮还没来),王宇宙Leto,http://p2.music.126.net/Bb50pyrAJzR3ZsjxILnO6A==/109951169278248355.jpg,10163453439,,netease
2153825358,工厂,河南说唱之神,http://p2.music.126.net/KL6XDDlv9cKIRT10hg5uRA==/109951171937601163.jpg,10163453439,,netease
2061978961,离别开出花,就是南方凯,http://p2.music.126.net/MgrERz_auwIi5Km64TxwjQ==/109951169154658797.jpg,10163453439,,netease
2005492039,Late Night Drive,ADTurnUp,http://p1.music.126.net/sCJ78I4-ccKEXvMWyCPxdQ==/109951168132492346.jpg,8413001593,,netease
1991850121,Differences（Instrumental x Slowed）,难重原,http://p1.music.126.net/Be2CHCuNtBT2NV4vR_62jw==/109951167994162728.jpg,8413001593,,netease
1944027826,IOU,Sabrina Claudio,http://p1.music.126.net/L3fzsg3fqpX7opcg_fVMgQ==/109951167371796794.jpg,8413001593,,netease
1979294996,9am in Calabasas (Slowed + Reverb),Adrián,http://p1.music.126.net/7Od6StZFJw2Q38JVaYAbrw==/109951170245599544.jpg,8413001593,,netease
2020936494,Sunset in Calabasas,Adrian,http://p1.music.126.net/wrDx8sshh_-8i9Mg3a-HTQ==/109951168295317403.jpg,8413001593,,netease
2060387027,4ever,Elhé,http://p1.music.126.net/cw5kSQus1OPvchYKWek0UQ==/109951170471697524.jpg,8413001593,,netease
1924454277,Heat Waves (Slowed),Glass Animals,http://p1.music.126.net/oo4Y_j3ee3Nkzi9Z6lYziA==/109951167895346277.jpg,8413001593,,netease
2743481017,ALL THE WAY,Justin Bieber,http://p1.music.126.net/mwPwZnsXPLjaHn_vzSg-ag==/109951171976648244.jpg,8413001593,,netease
2754119414,Too Much,Amber Mark,http://p1.music.126.net/gQFeobyojJNHwJzdNoGWPg==/109951172132157176.jpg,7261689443,,netease
2717863902,Takedown,HUNTR/X,http://p1.music.126.net/KZKf5FqyfLQ3i5qyuJSHzw==/109951171339994538.jpg,7261689443,,netease
2695438262,See U Tonight (feat. YUNAH & MINJU of ILLIT),Kylie Cantrall,http://p1.music.126.net/2SBUcl6-x-XcUR5rfKdnHQ==/109951170889453726.jpg,7261689443,,netease
1928053051,Twice,Charli xcx,http://p1.music.126.net/87QBDfbgNnJxzz57uX0v4w==/109951171954878134.jpg,7261689443,,netease
2740959470,Tears,Sabrina Carpenter,http://p1.music.126.net/YeH7390tcj6VgHd1hz6PRA==/109951171960893246.jpg,7261689443,,netease
1373444138,Chin Chin,Noga Erez,http://p1.music.126.net/yJwdqDb9eJ3XK_nTkHfP4Q==/109951169630977019.jpg,7261689443,,netease
2737731643,Jealous Type,Doja Cat,http://p1.music.126.net/G8mgCr_GAUB7gcO6QRV7_Q==/109951171895697073.jpg,7261689443,,netease
2728773331,Nasty,SAPEPEKA,http://p1.music.126.net/B11o1tZffMR_l1MUAZ4Zgw==/109951171504208612.jpg,7261689443,,netease
1859838763,Syrup,Tkay Maidza,http://p1.music.126.net/_qo8-DXA7x9XYISYIMMtFQ==/109951166161665565.jpg,7261689443,,netease
3324453397,妈妈的话,渡川,http://p1.music.126.net/jXyYNLBE72Mhj_DMFMH6vg==/109951172379030009.jpg,12802904341,,netease
475479888,在你的身边,盛哲,http://p1.music.126.net/AYNBdRxJ8EdZo4xFjp7b4Q==/109951163191178425.jpg,12802904341,,netease
407450223,爸爸妈妈,李荣浩,http://p1.music.126.net/e-Uc6W3Kug-HFHJ5nvCUPg==/109951166562828988.jpg,12802904341,,netease
2124331051,白月光与朱砂痣,大仔,http://p1.music.126.net/gwYPmPxfH1KEx5H14QOKBg==/109951169315489557.jpg,12802904341,,netease
485607485,死在江南烟雨中,魏小然,http://p1.music.126.net/OP_bkUnAKlSvQVIKxw-sMQ==/109951163413338781.jpg,12802904341,,netease
28267530,再飞行,逃跑计划,http://p1.music.126.net/17CL6GKlSJHbjf7P3nmS2w==/109951169082891614.jpg,12802904341,,netease
2121749062,梦的光点（《神兵小将》主题曲）,鹤决,http://p1.music.126.net/eDDeqtwT9XmOvkQyV_DtJg==/109951168882754128.jpg,12802904341,,netease
1806728702,碧波摇篮曲 (动画片《小鲤鱼历险记》插曲),陈红,http://p1.music.126.net/hwFvSjv_CIRKn8LvXt-L9g==/109951170372716090.jpg,12802904341,,netease
3324074365,"Oops, My Bad",FIFTY FIFTY,http://p2.music.126.net/ibbfpcdPMQ5HTQZ05PbU1w==/109951172374820055.jpg,17495905834,,netease
403012582,ALWAYS,尹美莱,http://p2.music.126.net/oG4DG82ALXGaTaBjV7JW8A==/109951168652284160.jpg,5124663922,,netease
406086382,You Are My Everything,Gummy,http://p2.music.126.net/mFvSs1Y-MnDXb40iFe6r3Q==/3395291912558244.jpg,5124663922,,netease
408277397,사랑하자,SG Wannabe,http://p2.music.126.net/xnueZZHDClY8rqRZ-607MQ==/109951168652286585.jpg,5124663922,,netease
28152930,My Destiny,LYn,http://p2.music.126.net/7Wf0X9Qps4kX69_NNwPDgA==/109951169493793719.jpg,5124663922,,netease
28240028,I Love You,Sanha,http://p2.music.126.net/rMKVj6eUfzdYlbDtHKlTVA==/109951169493806666.jpg,5124663922,,netease
28190474,별처럼,K.Will,http://p2.music.126.net/ZYTbFD0hvv9hn-FHDkZHiQ==/109951169493797355.jpg,5124663922,,netease
