song_id,title,artist,image_url,source,real_id
TRIOREW128F424EAF0,Mr. Brightside,The Killers,,spotify,09ZQ5TmUG8TSL56n0knqrj
TRRIVDJ128F429B0E8,Wonderwall,Oasis,,spotify,06UfBBDISthj1ZJAtX4xjj
TROUVHL128F426C441,Come as You Are,Nirvana,,spotify,0keNu0t0tqsWtExGM3nT1D
TRUEIND128F93038C4,Take Me Out,Franz Ferdinand,,spotify,0ancVQ9wEcHVd0RrGICTE4
TRLNZBD128F935E4D8,Creep,Radiohead,,spotify,01QoK9DA7VTeTSE3MNzp4I
TRUMISQ128F9340BEE,Somebody Told Me,The Killers,,spotify,0FNmIQ7u45Lhdn6RHhSLix
TRVCCWR128F9304A30,Viva la Vida,Coldplay,,spotify,08A1lZeyLMWH58DT6aYjnC
TRXOGZT128F424AD74,Karma Police,Radiohead,,spotify,01puceOqImrzSfKDAcd1Ia
TRMZXEW128F9341FD5,The Scientist,Coldplay,,spotify,0GSSsT9szp0rJkBrYkzy6s
TRUJIIV12903CA8848,Clocks,Coldplay,,spotify,0BCPKOYdS2jbQ8iyB56Zns
TRIODZU128E078F3E2,Under the Bridge,Red Hot Chili Peppers,,spotify,06zh28PcYIFvNOAz5Wq2Xb
TRURKLR12903CEBD47,Seven Nation Army,The White Stripes,,spotify,025zyxycElQVXwZSzrvJQr
TRYEZGE128F92D04C8,Feel Good Inc.,Gorillaz,,spotify,09xrHi86kLkEIzDLZiHNnv
TRUENYK128F4274057,Chop Suey!,System of a Down,,spotify,0EIIqshB4doby2sMQpeqGN
TRXNTMB12903CA884A,Fix You,Coldplay,,spotify,0Kk4dfh9Kq7Okg4T58IBVR
TRREXPI128E078EE14,Lithium,Nirvana,,spotify,07hCnHx9DhqZg5eN6RvCbd
TRAJBOD128F9303DCD,Song 2,Blur,,spotify,0g0VHJLFYFN3yHZImyQhPA
TRFNTDZ128F426B34D,In the End,Linkin Park,,spotify,138JuTi1U3WIROalXod9FB
TRCSXPV128F425E2F7,Chasing Cars,Snow Patrol,,spotify,01Jvw9zNg5LM2RF8WNfnLy
TRDKPRZ128F92F37EA,Otherside,Red Hot Chili Peppers,,spotify,0lfH1VLbnBywPOmIMit60M
TRIQRZJ128F14898B4,When You Were Young,The Killers,,spotify,028sncWcELBmNBE6RYSRxh
TRRPNNQ12903CB411A,Supermassive Black Hole,Muse,,spotify,0v6Mi3f552jMW6dhYoKAbC
TRRSVFJ128F426FB31,Bohemian Rhapsody,Queen,,spotify,0LiLzOhHCyGnCX1znFrtul
TRWEHTV12903D086FC,Use Somebody,Kings of Leon,,spotify,03BednbxXIA23kUtR5HMQ9
TRLSLNY128F93265C9,Starlight,Muse,,spotify,0hlK03xCSPtLSFJdlZM2kZ
TRIQWYH128F1486062,Paranoid Android,Radiohead,,spotify,0bomiLGPTUNyk3mV19pbwN
TRXZBFS128F92F24D2,Everlong,Foo Fighters,,spotify,07q6QTQXyPRCf7GbLakRPr
TRAGABG12903CEC68B,No Surprises,Radiohead,,spotify,0ijMYjXk5iRZp2VsiC8MC8
TRBBHPO128F930F55D,Iris,Goo Goo Dolls,,spotify,0Ik6qKLeS741z2Xl2oy0YS
TRXCXKA128F92E6258,Numb,Linkin Park,,spotify,0kO3njY9N1Rxgv27Ha1lLh
TRLQLBZ128F42A70F4,Zombie,The Cranberries,,spotify,01vQXuDFQPIizZb7XE3BqN
TRJLKMS128F1494A77,Dani California,Red Hot Chili Peppers,,spotify,0BWx4WKgUXKHj8npThsbcH
TRUOEWJ128F9345A85,Stairway to Heaven,Led Zeppelin,,spotify,03hLW9osM6UuNqlpwL8XPo
TRJVKZX128F4236A44,Welcome to the Jungle,Guns N' Roses,,spotify,0Aau2Ju1RoLAhL90zRcDx4
TRUTNPC128F9300385,Clint Eastwood,Gorillaz,,spotify,04ucB3K9gVnynVBkDMdd0T
TRCPUIV128E079280D,Paint It Black,The Rolling Stones,,spotify,0hBZCHzVNvboVLWS7aNKRO
TROIDPM12903CBDB4D,Reptilia,The Strokes,,spotify,2hmibAtdObO8F4tnhLENuQ
TRIPMMN12903CF4B8A,The Pretender,Foo Fighters,,spotify,0FTZhIxKaX6HqJA0MvGR16
TRIWYMW128F145E0F9,All These Things That I've Done,The Killers,,spotify,07ygRsnqBqNFfdpmH3BeOV
TRAOMFT128F42A7684,Losing My Religion,R.E.M.,,spotify,04pRvt8HcPmmP6EeZoYMxa
TRFOPON12903CDF30E,Paranoid,Black Sabbath,,spotify,01dw6mDc9xJMoEPasHaV7Y
TRXENSY128F4286505,Time Is Running Out,Muse,,spotify,0bAng0CKxaDaXiLDNca9cc
TRSXCET128F92EB269,I Kissed a Girl,Katy Perry,,spotify,005lwxGU1tms6HGELIcUv9
TRNNGMK128F423F034,Where Is My Mind?,Pixies,,spotify,0DJU6KGwdkxEPCy3BZ3UZY
TRAALAH128E078234A,Bitter Sweet Symphony,The Verve,,spotify,0jLnevC3Vn34qVWrAa4X6x
TRQFICK128F92F5190,Toxicity,System of a Down,,spotify,0snQkGI5qnAmohLE7jTsTn
TRVRWFY128F4286EF9,Basket Case,Green Day,,spotify,2WtF8X3W7iHPF2KaJGUCuO
TRADPIA128E078EE1B,Heart-Shaped Box,Nirvana,,spotify,0FMu3Z1yvTJKLWgxG6ZLS5
TRFKBXC128F4243FFD,By the Way,Red Hot Chili Peppers,,spotify,1f2V8U1BiWaC9aJWmpOARe
TRCYMBL128F4289BC1,I Will Follow You Into The Dark,Death Cab for Cutie,,spotify,05LxlxqXeHh8Chl0ro8KHQ
TRIMWJA128F9309A68,Smile Like You Mean It,The Killers,,spotify,03xdrZszrWGIMqyxByAiH5
TRRISDV128F42A72DA,Hysteria,Muse,,spotify,01gGZKbc2EXSZCrk3g9nHJ
TRSFPEE128F429B0EE,In Bloom,Nirvana,,spotify,2qdRHMosT8YO3zfEJQXHsW
TRXDGZZ128F92F9696,Love Will Tear Us Apart,Joy Division,,spotify,01Y6Ruj8IP2zvXfXjvlcTs
TRRSZKD128F933D41E,Don't Stop Believin',Journey,,spotify,0A9NRug5YgRpwKBbcaovYH
TRFNNSW12903CDCD85,Someday,The Strokes,,spotify,13hsNLxj4Q6E8b5Yg1IquK
TRCYFSS128F934406C,Don't Panic,Coldplay,,spotify,0MbCcvzLYu3xq6OgEkSbhC
TREFXDG128F421F525,Boulevard of Broken Dreams,Green Day,,spotify,1hwJKpe0BPUsq6UUrwBWTw
TRAIOMW12903CB235C,Back in Black,AC/DC,,spotify,08mG3Y1vljYA6bvDt4Wqkj
TRPFYYL128F92F7144,Float On,Modest Mouse,,spotify,1Urf1M52P3R6NYdAOJizoW
TRAAZQM128F93042E6,Bring Me to Life,Evanescence,,spotify,00zmBA9YVd5z3ptHFIMGlL
TRLPNCR128F4262D8E,Can't Stop,Red Hot Chili Peppers,,spotify,3ZOEytgrvLwQaqXreDs2Jx
TRXZXTP12903CB667B,She Will Be Loved,Maroon 5,,spotify,03YDy08NY89fQZzhobPz0x
TRFROHP128F9309571,Nothing Else Matters,Metallica,,spotify,0nLiqZ6A27jJri2VCalIUs
TRDOMPC128F4236A4D,Paradise City,Guns N' Roses,,spotify,0LobJmDKU8e8oOJVwIOl55
TRUGANP12903CB2C46,Naïve,The Kooks,,spotify,0itk18Y362KvHpXVwcF6yG
TRFNTRW128F422C28C,Trouble,Coldplay,,spotify,09LoXTH3aa72YWMMYkPtKT
TRFWGOJ128E0780C8B,In My Place,Coldplay,,spotify,0M1MFIuPCxRitJ4lF7q3tx
TRRSJTI128F423D1C1,No One Knows,Queens of the Stone Age,,spotify,063ZwzDTRdyhMa4mKqpfnv
TRHMVGF128E078ED9B,Rape Me,Nirvana,,spotify,11Tm0hw3DDF1gqU0kSEwiC
TRUIVAV128F424A428,Polly,Nirvana,,spotify,0xHch89AN9RlN8Nm4kJzs3
TRUFXWT128F147928F,Hurt,Johnny Cash,,spotify,1jHhOrH4kIhjLFvagzvw1s
TRCUKNC12903CA03A6,High and Dry,Radiohead,,spotify,0LNkoLBBuDYHc5OKY2bOvx
TRCRCBT128F4260DD1,Such Great Heights,The Postal Service,,spotify,0cs7BfenkAuxTVJv96KMme
TRSCMBY128F9311188,Mardy Bum,Arctic Monkeys,,spotify,0gNQKJ5uTPeuxF2iVJAUAc
TRYFDIV128F42BAF81,Fake Plastic Trees,Radiohead,,spotify,045sp2JToyTaaKyXkGejPy
TRCSKKO128EF33DD14,Sweet Home Alabama,Lynyrd Skynyrd,,spotify,00I3Ty0pd83FWrPufrF03P
TRYJPIH128F4262602,This Love,Maroon 5,,spotify,0mIllpvSLn6pEgBNTkCmKX
TREIGEZ12903CD2F22,Don't Look Back in Anger,Oasis,,spotify,0dgwXPvMBoEtA4iljLy0zY
TRAAHSY128F147BB5C,Speed of Sound,Coldplay,,spotify,1CAPtD2FgB23xGewa3nqkg
TRQEQMC128F4251B04,Break on Through (to the Other Side),The Doors,,spotify,1OdO2milIwmQTkIkLZyPo0
TRJQVPN128F932BE9C,Here Without You,3 Doors Down,,spotify,0AG5b5RfnsTUmKWni1WrVT
TRJCDDQ128F429B0E4,Black Hole Sun,Soundgarden,,spotify,00akIMQYqZtMOq20xIOQId
TRPSVTL128F936017F,Sultans of Swing,Dire Straits,,spotify,00C4IJWpY3k2cmo7dHuSs1
TRDYCXM128F424421F,Another One Bites the Dust,Queen,,spotify,0ibKC39pfwJSXY6ZNSbmJN
TRDKODA128F92FAF36,Learn to Fly,Foo Fighters,,spotify,0mWiuXuLAJ3Brin3Or2x6v
TRDILER128F425B313,Kryptonite,3 Doors Down,,spotify,0cb0Ks7AHEG2WojvmxBf1x
TRXCSBC128E07943A1,Radioactive,Imagine Dragons,,spotify,07k45oBi6TbbwB2fxCcGl5
TRIQAMB128F4248D92,Are You Gonna Be My Girl,Jet,,spotify,0bCdJzPO8jzme0oCAtIZxr
TRPITSC128F92E27C0,Wake Me Up When September Ends,Green Day,,spotify,0rWZLMLDOFn7xAtwJrGDuj
TRXNSKZ128F427F1FB,Last Nite,The Strokes,,spotify,1zfcJIw2XkBoBSOzLDbiM5
TRCSOOX128F423EDE7,All Apologies,Nirvana,,spotify,0Bb6Ew55idKQ8IYTiQNnKy
TRASRXK128F9311176,Fake Tales of San Francisco,Arctic Monkeys,,spotify,1RqqEU82PZFxy9AOntKosx
TRRVVTK128F422BB5D,Don't Stop Me Now,Queen,,spotify,0ch4H0B6RvfOvpI47YXyre
TROCLWN128F92EB284,Fluorescent Adolescent,Arctic Monkeys,,spotify,02Y78WneC8bUaKWouKl00v
TRWQINA128F9339E57,Buddy Holly,Weezer,,spotify,0gOyllwzM7IvfuYZ903zNv
TRXPXGP128F9319B6D,Island in the Sun,Weezer,,spotify,07n8herweO0s6AmVvWGg38
TRRKQMW128F9312597,Banquet,Bloc Party,,spotify,10DvIvSGKXCbAQtWsmJ5TF
TRFOVTO128F4228CC3,Fortunate Son,Creedence Clearwater Revival,,spotify,02W3Xt0zd4cXTQ923Cx9Q3
TRINBYX128E0788920,1979,The Smashing Pumpkins,,spotify,0x2RFa998GW2SJ0taSn9W6
TRXCCHH128F429C0A9,Lonely Day,System of a Down,,spotify,0EJHR4yvxC4TdLdbmQ9Ktq
TRUFSZX128F9325AAB,Every Breath You Take,The Police,,spotify,04BZpl14RpYqAtSb5ec5kz
TRYFESD128F424095C,How You Remind Me,Nickelback,,spotify,0F2nGhgFNlkVHm81zNEvW6
TRGAIDZ128F92EF7A1,Don't Speak,No Doubt,,spotify,0usJ6ywAqqeJx1nQl5SWlP
TRRGJNU128F92F42BF,Light My Fire,The Doors,,spotify,04Z8wWkZ9jUFXIbjs1sgUt
TRCBZKH128F4277109,We Will Rock You,Queen,,spotify,03jhnLcIT8C4DhXnNecOZv
TRCPPBY128F92F4290,Dream On,Aerosmith,,spotify,07KHJvlYBeQVqrmifTEqEp
TRXIBFG128F42A4CFF,The Kids Aren't Alright,The Offspring,,spotify,1kYq9r2xSLCPbCpb6jvr4V
TRVKVCD128F42803D8,Everything in Its Right Place,Radiohead,,spotify,0EbbQxW5KqDo2lS4Uxtoz5
TRXTJPE128F424981D,Boys Don't Cry,The Cure,,spotify,0a3cUjyu8R1UC3MyIawZlA
TROPNWM128F1488325,Just Like Heaven,The Cure,,spotify,00JSPaZtV49IMMtmMDqrcX
TRBRRRZ128F930AB47,One Step Closer,Linkin Park,,spotify,0jLPZfxVzioMLFVx4dcIy1
TRGDQFS128F933AD5C,Violet Hill,Coldplay,,spotify,0aeknkZO0MWCdgwlNMypib
TRCQJSC12903D00F96,Beautiful Day,U2,,spotify,0A5PumFRR67jUbWuzRQOKX
TRXZHUK128F424B8BF,With or Without You,U2,,spotify,07F7HYI1I8i5JWDhEVWCmm
TRRGTOV128F425B9D1,I Hate Everything About You,Three Days Grace,,spotify,0iWMnHtF1EFfRIWTYfx7Wi
TRRIGXH12903CB17E1,The Reason,Hoobastank,,spotify,0f9Ux3Lv1GWGHMyyOgGhbC
TRCRWSN128F4236A4B,November Rain,Guns N' Roses,,spotify,11C3oTzP4WJ2UlU3TzHtCK
TRCTRMZ128F92FD9E4,People Are Strange,The Doors,,spotify,02RLmWWvhxyvQN93obEr24
TRRXNZP128F422157F,The Middle,Jimmy Eat World,,spotify,0a31rjLfRD2SG0J0aB7CuG
TRCTKZT128F421F258,Gimme Shelter,The Rolling Stones,,spotify,0t7ttzoe3dV0mah4lBI2kx
TROTLJX128F92FECBB,My Hero,Foo Fighters,,spotify,0BkxuWDGOf8d0m6HG9XmeM
TRQBGQI128F4267F9B,All Along the Watchtower,Jimi Hendrix,,spotify,0GuQcX8wTe8bUZ72ZncR7m
TRBNYBX128F422EC61,Hey There Delilah,Plain White T's,,spotify,03U2Ypm7VifnymUMQC0CUh
TRAAXZC128F9360095,When the Sun Goes Down,Arctic Monkeys,,spotify,0bgpvcmfscIdN41ZPwHy5H
TRLGOOE128F42530B0,Like a Rolling Stone,Bob Dylan,,spotify,00mvg9j0RqyqqwrugBTVPr
TRKVHUM128F4241E3E,The House of the Rising Sun,The Animals,,spotify,042wAFeo5OJweqkEom50sN
TRBBVGN128F931CBE4,Come Together,The Beatles,,spotify,2Cy21RP95WjKPXjS343LoK
TRSJJWD128F930EAD7,What I've Done,Linkin Park,,spotify,18lR4BzEs7e3qzc0KVkTpU
TRDMUWU128E078EDDB,Dumb,Nirvana,,spotify,13noTim30TG19L0rg9fa9k
TRGTHCA128E0782187,Airbag,Radiohead,,spotify,11GmOZfxH6ENa1Q2pFVno8
TRDBEXV128F42A4ABC,B.Y.O.B.,System of a Down,,spotify,0EYOdF5FCkgOJJla8DI2Md
TRFOWKL12903CB3227,Sympathy for the Devil,The Rolling Stones,,spotify,01EiSKCrmQvNWWn0bt13eR
TRILDGP128F42668BC,Alive,Pearl Jam,,spotify,00b8rIJGgj2V9L0iGMwPvY
TRXHJXZ128F423A18E,Immigrant Song,Led Zeppelin,,spotify,0PHVHKVy87eLKx3UJ6KwC0
TRARTEH128F423DBC1,15 Step,Radiohead,,spotify,6dsq7Nt5mIFzvm5kIYNORy
TRUDYJT12903CCCC61,Money,Pink Floyd,,spotify,0vFOzaXqZHahrZp6enQwQb
TRLKCAU128F934E9D9,Loser,Beck,,spotify,2egIbgsH3SU7O52AmT0sAn
TRLMSAQ128F92E2532,Let It Be,The Beatles,,spotify,28YZkdihqt3e37t1IcqJIu
TRCRNBX128F9308D20,Dancing Shoes,Arctic Monkeys,,spotify,0e9kNyQTDcmkGEQ0bT3t8W
TROLXYT12903D0708D,Eye of the Tiger,Survivor,,spotify,02RYVyQZ0V1iA5PWvsyTYE
TRRGBWT128F4274A56,Drive,Incubus,,spotify,01OTQZCspr2Y2HRpq9mr7N
TRYALRP128F92F521E,Aerials,System of a Down,,spotify,0m9h2rgCymn7kreQoNKwD8
TRUGBPO128F92ECC3A,All I Need,Radiohead,,spotify,51ygW389BW4Dut3B69pSwc
TRJDZYA128F4264734,Ace of Spades,Motörhead,,spotify,03oqHD54qPifkz9g1ttyAH
TRCVXOW12903CE3516,Ruby,Kaiser Chiefs,,spotify,04vDgEsrtJPjUiUT9bbOV5
TRCUFYM12903CC389B,1901,Phoenix,,spotify,0cbj0DM7lfCr4uH4dULU4u
TRUDPNV12903CB0572,Sunshine of Your Love,Cream,,spotify,03Z8RmEoNzAbmxTM59m336
TRDDCSY128F92EA721,Beat It,Michael Jackson,,spotify,1jSTY53KABmpgTYewdAcqo
TRXGEOD128F9310F1B,(I Can't Get No) Satisfaction,The Rolling Stones,,spotify,07UAWg4NoxMomSTPcg1BGC
TRUTLBV128F4263993,Better Together,Jack Johnson,,spotify,0ObiMSbGfNfR2AoZ0Bgap2
TRADJEA128F9322AA5,Crawling,Linkin Park,,spotify,0EorNL6AhJkrR2h4IltoaQ
TRTVBCS128F92FC322,More Than a Feeling,Boston,,spotify,02Xy4ARa1RGnE2E0QOKrfa
TRWVOJJ12903CCC654,My Immortal,Evanescence,,spotify,0ftNFLfm5CaVQtJCK0w2L5
TRFNMWD128F930CD13,Closer,Kings of Leon,,spotify,0CSjOhfM2AGKuLlMx1SQ69
TRGAYVX128F42690AD,Let Down,Radiohead,,spotify,1hBVxV5SOoZsci42lFOOss
TRIMAIK128F14AFBE5,All My Life,Foo Fighters,,spotify,2HbVINmehEbPmjlcueXEJJ
TRFNBSB128F932AC25,Paradise,Coldplay,,spotify,0ACgaYAsSVUSQHJtMcRWRl
TRIPQLR128F93094C4,Human,The Killers,,spotify,06CKy0TlZP1gjcXZK8VhvZ
TRALASU128F9319112,Yesterday,The Beatles,,spotify,0ngCazpXcGnEVmfM28TiIU
TRRJXQO128F42581B4,Maps,Yeah Yeah Yeahs,,spotify,1B5KN9mubQY65Xad38J4oI
TRRUOJE128F931C966,Reckoner,Radiohead,,spotify,0rvRs0ggyGWRp7ygw7Zi0S
TRCTFWI128F930FE9A,What You Know,Two Door Cinema Club,,spotify,0ywRTFowHoc8gQxafF6uRt
TRFOWYR12903CA46E4,Smoke on the Water,Deep Purple,,spotify,01tFpbYAKvX1x1msvTstC7
TRCRDWS128F92D1A2F,Talk,Coldplay,,spotify,0X1dFlfmp3FbC4Co29gtP2
TRYNFDF12903CBCCF6,Whole Lotta Love,Led Zeppelin,,spotify,0hCB0YR03f6AmQaHbwWDe8
TRRNKKU128EF3435E1,What's My Age Again?,blink-182,,spotify,0vQXXGyeaxDLJmcnbBI4TO
TRIMBSF128F92FDD26,Last Resort,Papa Roach,,spotify,0SjhCnjTT2bXD9RtU8bFT9
TROHAZZ128F4267B10,Hallelujah,Jeff Buckley,,spotify,02nMdFiUg3FKEjJCVs8MsL
TRHHSUX128F932E546,Bodysnatchers,Radiohead,,spotify,1frWqD5oqa1mukQJKYyzqn
TRFSAXM128F931B0C4,Iron Man,Black Sabbath,,spotify,02c7EvN1M0smnya7mg8bVo
TRKLWVQ128F933AE91,Riders on the Storm,The Doors,,spotify,0Kn2aCU4x80ErgP1yS8w5V
TRIVUID128F4265622,Sweet Disposition,The Temper Trap,,spotify,05oMYwC1Y8FtAZHH4qZpVL
TRXJQYQ128F92DB510,Baba O'Riley,The Who,,spotify,0iXmgTEQgmx7r6Udy0jjAo
TRMANRN128F9333924,You Only Live Once,The Strokes,,spotify,04g720cSffwPtCoYmo09i5
TRXBTXG128F9305E78,Lisztomania,Phoenix,,spotify,2tlV0DuPxMnJntkrmzjZEq
TRGBCJL128F4258637,Help!,The Beatles,,spotify,1Jq182XQ6wDZ90GlN8cBSN
TRUDJQA128F930F7B9,Lucky,Radiohead,,spotify,0aJanktxAN8A1n09lglSUg
TRPORLF128F426A718,Even Flow,Pearl Jam,,spotify,0fG05JGcqIoOl314BelRb1
TRITVFR128E078EE0B,Drain You,Nirvana,,spotify,0bTLGlCqwZXwJGWGE2Dywg
TRFXBVX128F4265DC7,Bulls on Parade,Rage Against the Machine,,spotify,0tZ3mElWcr74OOhKEiNz1x
TRXFHME128F92DFB12,Black Dog,Led Zeppelin,,spotify,0D58ERdLBDRgT86BPnH8ps
TRUWYFM128F424933F,Master of Puppets,Metallica,,spotify,0C6qVPYZifl9owgPzbuUdJ
TRDEWAJ12903CDC8EE,House of Cards,Radiohead,,spotify,3Jc6X15OZCCyhGSHBF4hwB
TRRVSYR128E0798025,Good Riddance (Time of Your Life),Green Day,,spotify,028mxAauDksobrL61eJaBW
TRBXUJJ128F421929B,Killer Queen,Queen,,spotify,0gQRiR0sfUQe9bZ57CgGin
TRAVBMS128F1458D8C,Give It Away,Red Hot Chili Peppers,,spotify,0IRA91bYKETRPMmR7ElJ4X
TRMJVCV128F4230135,Idioteque,Radiohead,,spotify,0S1wc5gjZth8fMtCCb2tZx
TROKJKV128F42803DE,Subterranean Homesick Alien,Radiohead,,spotify,0DBkJikjxC5nnImj5X6cX1
TRRJWUB128F9312A92,Breed,Nirvana,,spotify,26Pwc6QYw9eGCpjdRZhOq4
TRULNMQ128F92E1FDA,Plug In Baby,Muse,,spotify,0wJ9toDPSurZw7IGZVk566
TRJOQLY128F425E529,Here Comes the Sun,The Beatles,,spotify,05GQoBTez2vG0FuRR7YBIp
TRILWTF12903CE22FA,Nude,Radiohead,,spotify,5k7VKj1Xwy5DjO4B0PdAOb
TRIVFNE128F92F5951,You're Beautiful,James Blunt,,spotify,0vg4WnUWvze6pBOJDTq99k
TRFYALP128F4281930,Rebellion (Lies),Arcade Fire,,spotify,0XpcgpD48q7mtdHheRqvpa
TRFPXKB128F425A4F1,Helicopter,Bloc Party,,spotify,0EJ2RozZyb91asNWtKpYO2
TRYGLSM128F425966C,London Calling,The Clash,,spotify,0bUERtRnnajeyW8yY1SvKG
TRXDBRF128F930DC7D,Bad Moon Rising,Creedence Clearwater Revival,,spotify,0afPNa4NIZHEEHt4q6TzDs
TRLKCDH128F429020E,One,Metallica,,spotify,0jY5klyNsolORmHHbPZQk3
TRUGQEP12903CD3CA2,Shiver,Coldplay,,spotify,0qksx8mV28lztYIZ1om8ml
TRVMWAV128F42435A0,You Shook Me All Night Long,AC/DC,,spotify,0leqOXgFI7Klsd1d82sAqr
TRCWGFY128F92CBA0B,Hey Jude,The Beatles,,spotify,1eT2CjXwFXNx6oY5ydvzKU
TRUDOXW128F92F2773,Wake Up,Arcade Fire,,spotify,13XVMNImgSJXJhZGZ2DVWb
TRNKLCC128F4219282,We Are the Champions,Queen,,spotify,0BtR4Per0HkJnzyFgcf65E
TROIVMX128F4275985,Say It Ain't So,Weezer,,spotify,0dvQf1327ZYM8QAqxqdSYF
TRDDQVR128F424B197,The Kill,30 Seconds to Mars,,spotify,0lP4HYLmvowOKdsQ7CVkuq
TRBENMR12903CE9B16,Dirty Harry,Gorillaz,,spotify,1KO4G0SKmiycFlv7Ate0Xn
TRACVBT128F92F8BE2,Seaside,The Kooks,,spotify,0QCuMBeqdWkwFUTO1WlAjH
TRRZOHT128F423AB57,The Funeral,Band of Horses,,spotify,173wd2gfNMJJJ8l1EqCEBH
TRGJTIY128F4296A0E,All You Need Is Love,The Beatles,,spotify,0BWoyGLDhDwvFtTOntc6ko
TRPAFCY128F931119B,A Certain Romance,Arctic Monkeys,,spotify,0eDQj41kzBhMKQIkTt6OJR
TRRHHOO12903CBCACC,Times Like These,Foo Fighters,,spotify,06s6aloy62vytl3MnT6gfl
TRILAJY12903D1353D,Imagine,John Lennon,,spotify,0DlxUXYmGLFKf1Fx8mu1aO
TRFQCHJ12903CFB21A,"Tonight, Tonight",The Smashing Pumpkins,,spotify,1ulWieXWAXHtK0qtMwN4DG
TRXCBKZ128F932D6E3,Lullaby,The Cure,,spotify,09OpntwPHuNICsyEt1ETpE
TRJGACD128F9347658,Roxanne,The Police,,spotify,02JnoHSIDbpVW40uipjKcL
TRREXTV128F14A3A72,Eleanor Rigby,The Beatles,,spotify,0B49TX6lePZ1adrX56FSLR
TRUGZRR128F427E2AC,Jeremy,Pearl Jam,,spotify,108lyj5gobzMHWoA2x78B1
TRFVODL128F92E2A79,Torn,Natalie Imbruglia,,spotify,00OWAtzQPKm9gJc6zPt1pi
TRJZDTU128F4248A37,Yellow Submarine,The Beatles,,spotify,3EG9bmVkuWy9zvaNG7ICom
TRXIIFL128F9327395,When I Come Around,Green Day,,spotify,0mhFWJ1HkT8pTeqdlNRxvA
TRUDLLR128F42A961D,Lonely Boy,The Black Keys,,spotify,03EjPxNKoVwBTVswiMQGBF
TROHBTQ128F427ECF2,Holiday,Green Day,,spotify,4VgEM12OeaN3GyBV487Me7
TRUDLKK12903CBFFC1,Lovesong,The Cure,,spotify,0GIblQfuDHoP52JQlrjkrW
TRCQKEZ128F933F180,Behind Blue Eyes,Limp Bizkit,,spotify,0ApGb6NH1TQP7klarPq2VW
TRZODCU128F933923E,Chelsea Dagger,The Fratellis,,spotify,084kYAuQJmG0WoFGwwhyHK
TRFOBPI128F42734B9,The Unforgiven,Metallica,,spotify,0BAjUM6V9P9g8rK83hVUTJ
TRJTMGB128F93114F0,Hollaback Girl,Gwen Stefani,,spotify,0eqH0ALoDQevq59YcQ53KE
TRPNHQL128F4292D76,Go With the Flow,Queens of the Stone Age,,spotify,0AGgUnniaBt9Y7jTPz39EU
TRFQXDQ128F42602A5,Just,Radiohead,,spotify,0ipkZxV5sDXwD8h8KC5a73
TRVFEEC128E0780E80,Brown Eyed Girl,Van Morrison,,spotify,01q5WmN5aYsQiKOLYjP1nT
TRNULHY128F92F8F1B,Teddy Picker,Arctic Monkeys,,spotify,26ocLzyIX0dkfDgAerzFzs
TRDUOHB128F92F24DC,Monkey Wrench,Foo Fighters,,spotify,0Y6LOyCGL6AgWDc0zGcLKt
TRAOYIG12903D01EE4,Tears in Heaven,Eric Clapton,,spotify,07LEcHlBHJQ3cAJjXpUKyV
TROIJLZ128F92F820B,Something,The Beatles,,spotify,7qxpXV2nymnKbMzBb9YbWx
TROIISO128F93184B7,Everybody's Changing,Keane,,spotify,05S0MaQOMQKj3is716qkSl
TRRFYYS12903CF59B7,Black,Pearl Jam,,spotify,0lcEdt6j1FsJM8ofTLSJJH
TRDBIXL128E0782FCA,The Passenger,Iggy Pop,,spotify,07kRL6U0zXUWqcNjv1ETgl
TROVIUK128F145A17F,Ooh La,The Kooks,,spotify,0QiQwayYRa0WC6u4mQJtDI
TRHJOFO12903CBFDE9,There Is a Light That Never Goes Out,The Smiths,,spotify,0AF5UIZeHvvnXI1phyhyZ9
TRDPDKZ128F4255F1F,Street Spirit (Fade Out),Radiohead,,spotify,000A243HMT63QEeKbCDxEb
TRADYQK128F42A762A,Stockholm Syndrome,Muse,,spotify,0G3EZgjMJEVkwspqTnnziV
TRJQQQZ128F427F2DB,The Great Gig in the Sky,Pink Floyd,,spotify,0pa1qPQkefm7LzsLEjG00L
TRBHVDQ128E0788919,Bullet With Butterfly Wings,The Smashing Pumpkins,,spotify,0JFCVHHcCsmZhMYz1oBUsT
TRFVBOA128F42433F8,Free Bird,Lynyrd Skynyrd,,spotify,04EtuMUrKvwH9mUFSP5HdA
TRXEZGH128F14ABAAA,Feeling Good,Muse,,spotify,01Ly8nUe2nnwywTpBCcKTk
TRCSSLJ128F9338D98,Tighten Up,The Black Keys,,spotify,0MhwaBVJghoZsEzHbr0qjl
TRWYIOX128F9311181,Riot Van,Arctic Monkeys,,spotify,0RN9h0ojhQWtAD6O8X7Zzp
TRPNDZB128F9306724,Self Esteem,The Offspring,,spotify,1FkoVC85Ds3mFoK0fVqEqP
TRAMGPM128F9311196,From the Ritz to the Rubble,Arctic Monkeys,,spotify,1quwqNTrkIETU55QYjVO2v
TROOCFY12903CDEC56,Banana Pancakes,Jack Johnson,,spotify,0BgbobvykXxEvxo2HhCuvM
TRUNBLO12903CFFE23,Mr. Jones,Counting Crows,,spotify,01dD2dQvRGW3BNG2sjcxSH
TRAZEOK128F429E934,Demons,Imagine Dragons,,spotify,0hGn9atxEyq7HRYTTk9r0R
TRIWTRV128F9318F31,Mrs. Robinson,Simon & Garfunkel,,spotify,00SypkLfhIK5v9dq3hKBcf
TRIAXAU128F92CCF2F,Teenagers,My Chemical Romance,,spotify,0FsDAsYbpEOqJWq69oDTGH
TRUHVYP128F9339242,Golden Skans,Klaxons,,spotify,06HJBTeDEUiYzfiRPREsQH
TRDBTTU128F931E20E,All Star,Smash Mouth,,spotify,0DtHpSWynP5QBx8EPPSG3c
TRGISXE128F9364BC2,Knockin' on Heaven's Door,Guns N' Roses,,spotify,05th1ZYiDsEMDDSNb8sIYk
TRXKCJB128F92E1C1E,Parallel Universe,Red Hot Chili Peppers,,spotify,05z1Xk2FfmCumKEPCS1rye
TRYGEGZ128F421E815,Somebody to Love,Jefferson Airplane,,spotify,08mgPn9jcA1yAEs5OKZv35
TRIDPWO128F423DBC6,Faust Arp,Radiohead,,spotify,5SdmtFbNOD7Qej6jFCHkOM
TRILDNT128F1451F15,Adam's Song,blink-182,,spotify,0LQwVfQUBrWuTX19hzSJwC
TRXEFBD128F4245101,Green Eyes,Coldplay,,spotify,3ou9rSNUQnE7XYmJkUUIOc
TRLTQRM128F149F120,Sail,Awolnation,,spotify,0CTmEsiSeYlmj31wOLSTGG
TRILXAW12903CC5EA6,Fat Lip,Sum 41,,spotify,0qnQPtXCqevC9jxVEx0qEe
TRRUIKN128E078218F,Climbing Up the Walls,Radiohead,,spotify,040qcdVdtU2ruOwmG5z0lA
TRVDRFB128F9316C92,Do You Want To,Franz Ferdinand,,spotify,09TpJe9jnom4mB2DDhZKkB
TRINNAW12903CC4BF7,Linger,The Cranberries,,spotify,0ARU34DERnZwqsnWL20uYt
TRQONHF128F932F091,Videotape,Radiohead,,spotify,3uxhyRdWVXp7GQvERQl6fA
TRGKAHN128F4253C0E,Still Take You Home,Arctic Monkeys,,spotify,28J7s6ylqLYzBUTBSUyEjm
TROIESH128F422EEA3,Go Your Own Way,Fleetwood Mac,,spotify,0FeCO85RKW8fDRytwXof2x
TRADPQN128F932D33E,Heads Will Roll,Yeah Yeah Yeahs,,spotify,0eJ6LE2jOwGdO6QWVraNLi
TRAYQTI128F92EE02C,The Final Countdown,Europe,,spotify,00RyjNIA7Bp672PsH2kMJJ
TRIROYA12903CE1794,Something Good Can Work,Two Door Cinema Club,,spotify,0IvfFrZGN0xgUwvm79bzc9
TRDQBTS128F4234DF9,The Youth,MGMT,,spotify,1N1l6k7aetYc20yBUTV8GQ
TRGDQXO128F428EE14,Electioneering,Radiohead,,spotify,0c01OEq96BwjoyH8Tn67Ff
TRAOMYU12903CF2C83,God Put a Smile Upon Your Face,Coldplay,,spotify,0I3LCXV0uXcu4lundsjCM8
TRNUMRY12903CB6530,On Melancholy Hill,Gorillaz,,spotify,0Gn4JEW3u7Hu2EpuRmQETL
TRQUFVD128F4236831,Walk on the Wild Side,Lou Reed,,spotify,03c6s6VTKDsCU1R5bclNii
TRFUGVB128F4265DD9,Guerrilla Radio,Rage Against the Machine,,spotify,0bWwbBxphUfSwPI6YqhSyf
TRBOIGV12903D0C3CC,On Top,The Killers,,spotify,06dl1UTikur0Mcunp2hNZb
TRGAQBF128F426B35A,Going Under,Evanescence,,spotify,02CpTZfwje8XMYvtO08i25
TRRFGDS128F9314F02,Run,Snow Patrol,,spotify,0QzkZ77qf4Wo1G6xFqobDG
TRUFOIK128F148CF12,Smooth Criminal,Alien Ant Farm,,spotify,02KKk78nReOV6RX9r6bHO0
TRKLATD128F9338236,Map of the Problematique,Muse,,spotify,0aEwNKobIkuzgN3FwjCxOc
TRCIVWB128F92FDBB3,Strawberry Swing,Coldplay,,spotify,06inBM2SUiyg3nGDC2KvUG
TRLWTAG128E0789037,Kids With Guns,Gorillaz,,spotify,0eEgMbSzOHmkOeVuNC3E0k
TRUHZUX128F92F8F16,Brianstorm,Arctic Monkeys,,spotify,0o3v9K11uvV9YQHfiuerB6
TRTDZXN128F4252EA3,How to Disappear Completely,Radiohead,,spotify,03KRkF62P0whzOVY8v3KGj
TRFNFGI128F930A920,Today,The Smashing Pumpkins,,spotify,0GRxGPPrL61m6sl14h9a7Z
TRRLZAX12903CC4850,Us and Them,Pink Floyd,,spotify,1CBW8dKTINURxcDspspvQg
TRAAZPA128F9358504,Crazy Little Thing Called Love,Queen,,spotify,0V6RKAb63jRtSGEBljIWdX
TRPFLRB128F14A895D,No Cars Go,Arcade Fire,,spotify,0nev4XL4Y6hrDsRpK4ERcU
TRURUYF128F92FF35A,Pompeii,Bastille,,spotify,06N8bsQCl8uFzNcECsIIkD
TROJJKH128F425C8D8,Hey You,Pink Floyd,,spotify,1gWy26Xb0oxHd3RSktPaFh
TRUQEKG128F9310309,Is This It,The Strokes,,spotify,0jBE7Fn78EAvmIs3dCd6GO
TRGVSMR128F42B58E7,New Born,Muse,,spotify,2lJBnmPHVwPUuvKlZxAp6T
TRXDJMR12903CCE950,My Generation,The Who,,spotify,0I7AD60haNKlmxGISDQCGI
TRXCPUA128F1463AB6,Sunday Morning,Maroon 5,,spotify,0k5rQakn2zkFXlpIqvRMIg
TRXLBVH128F931C673,Hypnotize,System of a Down,,spotify,01byVowKTekrZBXYvSU4Wx
TRUJOUH128F426D454,Complicated,Avril Lavigne,,spotify,04x1ZAX9UqAK5i2olWgiP7
TRCTLGT128F930B2E2,Be Yourself,Audioslave,,spotify,0BvuFqObUaguGXUu3bzPTV
TRCXJKV128F930C006,Love Me Two Times,The Doors,,spotify,0rRH6YT3FK8qKQ9eOveP3S
TRBAASE128F4245574,Everybody Wants to Rule the World,Tears for Fears,,spotify,03qV49MrycXSsf3aMjzUv5
TRUIFZF128F4230132,The National Anthem,Radiohead,,spotify,01UstUPbzPgq2MNp6h0tVo
TRNOOYD128F42819D0,Fell in Love With a Girl,The White Stripes,,spotify,33ytgjBqchYHhhRfKWMCvH
TRYJJIA128F4267301,Icky Thump,The White Stripes,,spotify,09QZAEmdbq28OaNyqTOEvY
TRLMDTR128F4248B03,Bombtrack,Rage Against the Machine,,spotify,1K5OplZlDOIxT9rxCR9nwJ
TRUYVGJ128F92F929B,Here Comes Your Man,Pixies,,spotify,0cs671lxX2eoDzr2KMuo3N
TRGEGBJ12903CDEC5A,"Sitting, Waiting, Wishing",Jack Johnson,,spotify,0bkTofqyPZwrwPMCy6j4WA
TRHQYEV128E078129D,Pyramid Song,Radiohead,,spotify,059cWuSx8fgneEhtGnS8uQ
TRXECNJ128F423012E,My Iron Lung,Radiohead,,spotify,0f5B2p63SHBNHxuBzIr9qQ
TRADJBK128F1453605,In Too Deep,Sum 41,,spotify,0GH52eIynfyKDPDGWHvRan
TRJFHKI128EF3539D1,Foxy Lady,Jimi Hendrix,,spotify,01JzDfEbf7VYn5g9M20PkU
TRININI128F427E5A0,Your Song,Elton John,,spotify,04Gr5FeYGea5hNSiW3wFBx
TRUPZPL128F145C25C,(Don't Fear) The Reaper,Blue Öyster Cult,,spotify,00HgfXiUGVbUJzOMUIRlD8
TRIZIGR128E0794B13,From Yesterday,30 Seconds to Mars,,spotify,0Dx3pLp5cHb5RKvCNHKdlK
TRCWQGZ128F93217B8,Thnks fr th Mmrs,Fall Out Boy,,spotify,0263Q0WRYFVGUEWZ03LNAr
TROHUPM128F427D68F,Sabotage,Beastie Boys,,spotify,0Puj4YlTm6xNzDDADXHMI9
TRJMQKN12903CD5CBE,I Want to Break Free,Queen,,spotify,09jZZLarDD6MI3eT3ujsEL
TRCTVYO128F427220D,Kashmir,Led Zeppelin,,spotify,1MmxrJ35NzNxHjPdyKDhut
TRYBTLA128F92D5422,Du hast,Rammstein,,spotify,0GxBOlVdIl8HVSubPfblUl
TRILDZF128F4281CBB,12:51,The Strokes,,spotify,0nkLI0pdyTRpq7BsTFBufZ
TRONYHY128F92C9D11,Revelry,Kings of Leon,,spotify,039Q3UlFQ6kavVIZHpO4mL
TRLPQAF128F4248AD8,I Still Haven't Found What I'm Looking For,U2,,spotify,09w4eJxHvorpCVPLMP5CS0
TRAHMCL12903CFCF76,Personal Jesus,Depeche Mode,,spotify,1B5XlIpCCrYIyeVJm5n6ix
TRWCAAR128F4275C66,Road Trippin',Red Hot Chili Peppers,,spotify,15tlh04BncIjh8dxsiOOgf
TRXILJS128F9317C96,Rock and Roll,Led Zeppelin,,spotify,3dxvTMAC8qGoedZHGS3m1Y
TRILLUX128F92EF7EE,Save Tonight,Eagle-Eye Cherry,,spotify,0BGwhkrfJg0HtwXEudcu87
TRUVFGH128EF3546D3,Message in a Bottle,The Police,,spotify,0KVOm1byHaICu2THx96xzj
TRLMYPK128F92E9E9A,For What It's Worth,Buffalo Springfield,,spotify,06GIlWUoIvdyK9vn2ytJ7f
TRUIMWD128F425141D,This Fire,Franz Ferdinand,,spotify,0H9P0dEUCtzAfdW1FUUvvU
TRLLMLM128F4246BB7,Rockstar,Nickelback,,spotify,05SytBXvvjbGOEztS72hRA
TRADNVM12903CE790C,Bodies,Drowning Pool,,spotify,0gaP2rTeFB5onIi70rolNU
TRLNFJJ128F9322DB1,So What,P!nk,,spotify,07ESnVPEKKCmr71we9NS1i
TRXFYCU128F4258741,Ziggy Stardust,David Bowie,,spotify,0NwGSYFvpiQ0ydLY3jRWSA
TRKKBJS128F92EF7D2,Tears Don't Fall,Bullet for My Valentine,,spotify,0mJIGr6BPu9bFYT1ZVI2NV
TRFOLQA128EF352584,Evil,Interpol,,spotify,13cTAgbJy269LsY9zMDxPL
TRDWWGK128F4243516,Cape Cod Kwassa Kwassa,Vampire Weekend,,spotify,1MVWDP5ycK3n3ZRdyGrf31
TRLMTRJ128F933BAD0,Warning Sign,Coldplay,,spotify,4bPkBHKLKd9WHizsvM2zV3
TRGFQXC128F92F3C37,ATWA,System of a Down,,spotify,1tFCPpKhLU97qRnEYLaR62
TRJPARF128F428EE13,Fitter Happier,Radiohead,,spotify,53aFGAl0Vebwp2bo8wtdWR
TRUMKKJ128F9327335,Crazy Train,Ozzy Osbourne,,spotify,09nx3UW8Mufo0Nq0iTKt5x
TRONAWX128F93351E3,Cocaine,Eric Clapton,,spotify,0lGnvmjCJjqUrZG53fN8c9
TRCYGSB128E0799718,Everybody Hurts,R.E.M.,,spotify,08NQhSWggTFTGK3tCpWbGD
TRXLYYH128F1488486,Disarm,The Smashing Pumpkins,,spotify,03u2Y4Nc6cefOc6U58ITNa
TRLKLFX128F1456ED6,Open Your Eyes,Snow Patrol,,spotify,0PiFqoXA2vCrowth039F1H
TRGOUNV128F4281928,Neighborhood #1 (Tunnels),Arcade Fire,,spotify,1juKLNmTdLlhlIDd3lr2p3
TRXFZSF128E0785D52,This Charming Man,The Smiths,,spotify,0TcbsirlFw81kQUAdhdXPw
TRGIVJC128F42A7913,What I Got,Sublime,,spotify,108F8IbGxyVDoKFfxDhwpp
TRDGJPM128F92FBA30,Sparks,Coldplay,,spotify,5priGGklHVnnJX1kKJOEsb
TRASERJ128F424556E,Don't You (Forget About Me),Simple Minds,,spotify,02pK8BFKMJymITJLCRrjjG
TRQWUBJ128F92FD9E3,Sad but True,Metallica,,spotify,037Q3LMK7nqfCsTsD0E0JP
TROLARL128F428EE18,The Tourist,Radiohead,,spotify,1VL7EjBCJByEZeBVXJnUg6
TRFMYIG128F424BC5C,While My Guitar Gently Weeps,The Beatles,,spotify,0FzGKD3N0jK6nNOyOJBvNG
TRITXTL128F932215F,The Bitter End,Placebo,,spotify,0Zr5wbLji9IPupJ2wu80KY
TRIMVXU128F4275E4A,Girls & Boys,Blur,,spotify,0cRVy5HCrvByvYMyeNW76k
TRFODRF128E0781B18,The Bends,Radiohead,,spotify,0Cw9sf8YUpI4pAxVHfRLcj
TRXESGJ12903CC04D2,California Dreamin',The Mamas & the Papas,,spotify,00RNV4yiUmdZL54rQ6Xf2M
TRJSEXD128F423DBC4,Weird Fishes/Arpeggi,Radiohead,,spotify,0yV2fk1ZgO45ayns6AWsm0
TRCZKJP128F93296E7,Kiss Me,Sixpence None the Richer,,spotify,01Io04BKh0PjO66OoPbvuU
TRVKRLK128F425325C,Walk of Life,Dire Straits,,spotify,052joGnhG5N7geQDrMBcuR
TRUSCDW128F423A18B,Dazed and Confused,Led Zeppelin,,spotify,0dF6YJZPOUCo0xwsNXfxbu
TRBDLHH128F14AAC55,Good Times Bad Times,Led Zeppelin,,spotify,0FGhq1atMRDXBydpC4MlK2
TRUWCUD12903CD4501,Show Me How To Live,Audioslave,,spotify,1Qdnvn4XlmZANCVy3XjrQo
TRIZULQ128F932E773,Kid A,Radiohead,,spotify,1qFfsUxth2V4yXg8YcRblp
TRJVGDO128E078EDC5,Territorial Pissings,Nirvana,,spotify,07ZfejEqcklq4tMQqsQXia
TRGRGQX128F9313DF4,Notion,Kings of Leon,,spotify,0sy2eLJB1o7Fa8kAc7gVzW
TRXGMLB128F42765BA,On the Run,Pink Floyd,,spotify,73OIUNKRi2y24Cu9cOLrzM
TRXDEAT12903D0E6CB,Helena,My Chemical Romance,,spotify,0zPJGnaQkL0xmiANRIQNtP
TRCPJTR128F4259E53,Bones,The Killers,,spotify,15yTaT0c9Y9aPiKEwHeftf
TRXHXPE128F421CA4E,Lovefool,The Cardigans,,spotify,0IJUKNbnxD7ODsF7hh1AAV
TRFNDGG12903CE785E,Roadhouse Blues,The Doors,,spotify,0j1p16d1WkdnKCD0v18h3J
TRCSIUJ128F42A4977,Optimistic,Radiohead,,spotify,0Vl7qwKGWX5WLhznpC4hRu
TROHVWM128F9331992,Scars,Papa Roach,,spotify,0cortYbAESnFAy5pludfru
TRYPJKP128F92FC348,Brain Damage,Pink Floyd,,spotify,05uGBKRCuePsf43Hfm0JwX
TRYHOYW128F9312AA8,Lounge Act,Nirvana,,spotify,02UGlYzodYMeucgYo5DSHs
TRADAXA128F427E50F,Manhattan,Kings of Leon,,spotify,2d5vz9uU5Jan1rX8mkxw2w
TRDDXCH128F426B4C3,Ramble On,Led Zeppelin,,spotify,1nmBb6ceO16RRCnCfab9DT
TRVYVTO128F92E3C15,You Can't Always Get What You Want,The Rolling Stones,,spotify,0nxyc0y1r1IGQG6gULeUZ2
TRJYDNV128F425263F,Ironic,Alanis Morissette,,spotify,0k8eAVizD7Zn5dFVEhepYo
TRDIBZH128F4292AE0,That's What You Get,Paramore,,spotify,0uduuxbg8bLKuBIBmn4mFU
TRRZGWJ128F9336D97,Wind of Change,Scorpions,,spotify,02xs4Tqt8wchIFfDFzsBW3
TRJDYRE128F92F58C2,The Modern Age,The Strokes,,spotify,0iBnbLWSxf27T9vWM9sH9D
TRFNJVR128F93384DB,Woman,Wolfmother,,spotify,0crUmFbCZMNe1iDAabdAKF
TRRLMCB128E0798516,Live Forever,Oasis,,spotify,00G1iCPpfVSkYig49j9mOD
TRJKPGP128F424871B,Space Oddity,David Bowie,,spotify,0F27gFojXBIPJED3ma4N0e
TRYAXQG128F425DA7C,Tiny Dancer,Elton John,,spotify,0a93gOQyRFfc2tVtup7JVP
TRZDIFQ128E078EA8E,Tell Me Baby,Red Hot Chili Peppers,,spotify,03qoFZom1iAWT5VdWFRYF6
TROZHJE128F1486F55,White Room,Cream,,spotify,0eKuq940NWVCQrF297Mt00
TRAUTUL128F1476D92,Love Me Do,The Beatles,,spotify,07pW7i8csf0g5oV95XJV1B
TRFNABE128F425437C,Get Back,The Beatles,,spotify,0hjb1UnZ8eTmfe0x4ps81z
TRWBSOX128F92D2DCD,Mr. Blue Sky,Electric Light Orchestra,,spotify,02KyAft40Cnid923l8t3ki
TRUYAJY128F92E38A4,Layla,Eric Clapton,,spotify,01zdD7epF5uS0gGb0jNjhN
TROHBQS128F9333338,Bliss,Muse,,spotify,09oOhscdjOI4JzxgP9t0x3
TRXETOU128F42A37DC,Sunday Bloody Sunday,U2,,spotify,0pf3iWz1tdRvlLH6AJH1wi
TRJRDNP128F14708B0,Gold Lion,Yeah Yeah Yeahs,,spotify,04JlbJQ3GVTUKbmm9X3ozp
TRRHGPA12903CFFC07,Spaceman,The Killers,,spotify,04ugoYgXGvnpOCHP9pZHTl
TRUXCMZ128F14850B2,Wouldn't It Be Nice,The Beach Boys,,spotify,0cXEF6wFhoes0FUNuql66X
TRMJSPX128F9325570,Counting Stars,OneRepublic,,spotify,074cMMOKjFLwdaTjKW1wBs
TRLYATC128F9311186,Red Light Indicates Doors Are Secured,Arctic Monkeys,,spotify,0x5Ql77PzlojCaiiOhW9mh
TRSEHKD128E0782311,Coffee & TV,Blur,,spotify,0HFBn4Grwd2AHZk3H1ntNo
TRIKZSX128F425E174,It's My Life,Bon Jovi,,spotify,0AWwHIri3oSSCJNum4ZXEJ
TRAKORH128F4296676,You Really Got Me,The Kinks,,spotify,053geWI5hBhIRipNlZRKPe
TRILYBE128F428923B,Perfect Day,Lou Reed,,spotify,003n4ftz70WFRbPyuBd9a3
TRYPIZJ128F4289C05,I Want to Hold Your Hand,The Beatles,,spotify,0cKT7AUmZI0ygOi0LGMHTF
TRRHDAQ12903CAE809,It's Time,Imagine Dragons,,spotify,034tFGRsa8zNOV0Ph2WT9G
TRAVQRL128F93037FF,Brown Sugar,The Rolling Stones,,spotify,0aiKpBOehoRyiJZ7Ejdmh0
TRFPFHS128F42A6139,Can't Buy Me Love,The Beatles,,spotify,0p4aowgiHxYp7BxeGfKjgL
TRRPFWC12903CBB1DD,The Hardest Part,Coldplay,,spotify,1uEdGGGX3uFpBEttP27vkY
TRXOQTK128F9302821,Run to the Hills,Iron Maiden,,spotify,09FIz5nRxpQnOeqGgALZGF
TRXTXEW128F92FDBAC,42,Coldplay,,spotify,0l2pZLrUsBUoTXJmgyFZac
TRGWPVO12903CDD698,Penny Lane,The Beatles,,spotify,6pluJ7AJDYnKbyLLBU4fia
TRCPZQJ128F4241974,Shelter,The xx,,spotify,4FfdmvdBN0LnLENhgJrpdQ
TRXDMTD12903CB5D7A,Stay Away,Nirvana,,spotify,0w7k0ZhHzkfEBsDmwp49xA
TRLJPBE128F932FB99,Gives You Hell,The All-American Rejects,,spotify,0cIKMxxRa50WnDgSQVb0SG
TRBHLDQ128F423EF10,Blue Orchid,The White Stripes,,spotify,1ENdtW2odmA39CxxVqJOCG
TRIQPZA128F9343C9E,No Rain,Blind Melon,,spotify,08EyMPk8jS2wcx3QeMxW9W
TRLDLUT128F1460499,A Day in the Life,The Beatles,,spotify,10Qr2Dh7lz7Y5nK7K8yl9x
TRMYECS128F92DE4B4,Rabbit Heart (Raise It Up),Florence + the Machine,,spotify,0AXtUwPpFDkNLcOzNZH4ir
TRCTKDA128F92E4E87,Black or White,Michael Jackson,,spotify,0229zFG3POLdFH3dlUhcfM
TRIUTRA128F425A42A,"Hello, I Love You",The Doors,,spotify,023no5gfYuFWXJYz2pW1De
TRXDARF128F149E642,Tribute,Tenacious D,,spotify,0fAQY3fI0nyMLcaOK39rsH
TRPQLBK12903D01267,Politik,Coldplay,,spotify,0u35Dpz37TY2M2j20RUdMf
TRVNFJO128F42BC5A0,Dashboard,Modest Mouse,,spotify,0dxj1d6FdNZKEDfsvLK4ya
TRBOCQJ128F425DEF4,"Of Moons, Birds & Monsters",MGMT,,spotify,0FpnCmQMQLRm9jT6LsGIc8
TRLPMDH12903CD0A68,Dust in the Wind,Kansas,,spotify,01J8LR1XwUbciHEzHOMT3m
TRLNBNI128E07822C0,Planet Telex,Radiohead,,spotify,05evePUsIT1cmIURp1hgu6
TRGJOAW128F93336E2,Mykonos,Fleet Foxes,,spotify,0n6IsOQLZVcBguysAwgEvm
TRFWWKE128F92EA078,Since U Been Gone,Kelly Clarkson,,spotify,010dSW6Yh507fygatid0Z3
TRGOCVT128F428BC83,Heart of Glass,Blondie,,spotify,02qzJErC77iXlOpjwHMRmp
TRXFDOK128F92DE1B1,Old Yellow Bricks,Arctic Monkeys,,spotify,2j1HCXRG8UEmSNV7YuZ8nt
TRCTVFN128F148D0FD,The Bad Touch,Bloodhound Gang,,spotify,0AQ2H93v1aUNHsP7HWXgLk
TRNDFLV128F9359DCB,Blowin' in the Wind,Bob Dylan,,spotify,00ykGDz0MNLrci8pePvIrO
TRPVKXA128F92EC512,Love Her Madly,The Doors,,spotify,0pcVslWDdIicMpMRC9lpoz
TRXOQDK128F424EFAD,Little Sister,Queens of the Stone Age,,spotify,0bHQPWfCRRBADCNXsBG5w8
TRRPRXH128F423F02F,Debaser,Pixies,,spotify,01LS3ND17pTJAGXsZRYOxI
TRXFYTA128F429364C,Wild Horses,The Rolling Stones,,spotify,1hsrmBpddP05q7XvJA8ehw
TRIQFBL128F147A01A,Dirty Little Secret,The All-American Rejects,,spotify,0fFw45BCgyZ35MqVhpa82u
TRFDEDH128F93121A9,Crooked Teeth,Death Cab for Cutie,,spotify,0GAnOoDRCTXlvWJ1wyqmCv
TRAHHMT128F1459939,The Show Must Go On,Queen,,spotify,0Hd2cpMBkheFLfXHdShjGF
TROJTIW128F934526E,Invincible,Muse,,spotify,0oFduRlcK6BxwtCCT9iTUg
TRPFBSQ12903D13E3C,Drops of Jupiter,Train,,spotify,05JmjvqKeKxSoSUuDgtSLc
TRLLWMM12903CFB26B,Because of You,Kelly Clarkson,,spotify,03FO3MglZEDatosohtMWQZ
TRPCYWH128F421936B,Treefingers,Radiohead,,spotify,1j7Aja1PyrcuczY36JmzBv
TRAHEWV128F92EEA21,A Hard Day's Night,The Beatles,,spotify,1E4FcSqQs7U2RTebCNaYRH
TRILIDM128F9364C90,Wherever You Will Go,The Calling,,spotify,0b8MJgORUk1o4L0d0gG8ZS
TRRGJMS128F4296C4A,Fly Away,Lenny Kravitz,,spotify,0lcAUmvBJheiHFbqSrYLgf
TRNXEPE128F9339E47,My Name Is Jonas,Weezer,,spotify,0YU04WSkTVomRgeDOWlEzX
TRALPIM128F934CF67,Prison Song,System of a Down,,spotify,04UwypsUfNpMmwQHd3Uv6T
TRORAUP128F428192A,Une année sans lumière,Arcade Fire,,spotify,1Y2UQ2EL9oBYpZI3hMBOYn
TRLNTYF128F9322B4D,Under My Thumb,The Rolling Stones,,spotify,0fDvPdmVWjHFBLUrwFOrqf
TRYAWVI128F42A01AE,Crawl,Kings of Leon,,spotify,0sEbyUe6SwhvNunQ28OU9S
TRFNCUI12903CDCCD0,Crazy,Aerosmith,,spotify,05GKX2VUf9tQVlxjGNg93D
TRNJGXP128F428F408,The Hardest Button to Button,The White Stripes,,spotify,0tHeScWiI9EuF9IuH36Beu
TRIQASN128F9326990,Heart of Gold,Neil Young,,spotify,1Q1b8eVkUPGlpSArl8JAVw
TRQOGKL12903C9A5A4,Dammit,blink-182,,spotify,0qsznAHr78GBCTajlYdRE7
TRLJOJJ128F42469A0,The End,The Doors,,spotify,0UT7UC5XNg6gepLWNkPDIb
TRZFVUY12903CF6789,Under Pressure,Queen,,spotify,0b7w8KuzMLHBNrQD6j4ofZ
TRFQXDT128F930CA11,Move Along,The All-American Rejects,,spotify,0arLFAuyd6a3Ppyc9cVZ0G
TRYMITA12903CDB011,Know Your Enemy,Rage Against the Machine,,spotify,1IDAJagxB9AQjjYXaiDK1j
TRXKRZI128F932C312,Blitzkrieg Bop,Ramones,,spotify,0kQ8Dfxzc4C0qm0WHpJkLV
TRLKZZG128F9301E85,Hey,Pixies,,spotify,09E3S9dlVCSvaiVdpVhfea
TRZEJSA128F92DE1B3,505,Arctic Monkeys,,spotify,0BxE4FqsDD1Ot4YuBXwAPp
TRLJJYU12903CB927D,Fire,Kasabian,,spotify,01PRwrFpJBXeuntVPuthvt
TRBBFTR128F14ADC8E,From the Inside,Linkin Park,,spotify,1h4qhOmbd7eQLeMNOg8nWQ
TRCTEDP12903CBA4AB,Piano Man,Billy Joel,,spotify,00VBJqZ9M1Fq41KW5x5fr2
TROODKW128F425B7F9,Duality,Slipknot,,spotify,0lxbfibuo5eog6uC2cos43
TRZKOZM128F92F59AA,You're My Best Friend,Queen,,spotify,0WMmdTiZrDkObaABU7mylW
TRZCIWG128F4248B25,Lost!,Coldplay,,spotify,060glLDdEdP52BrE74HNu3
TRXQIGG128F933717C,Jump,Van Halen,,spotify,1k9z63EiLnKCgmaANQECLX
TRMSBUE128F4294649,Strawberry Fields Forever,The Beatles,,spotify,0je32DnbaZ3DzrT6pVia8x
TRUFKNH128EF345707,In the Air Tonight,Phil Collins,,spotify,09qhVtjPyVMe9XAbLplEqC
TRUDQBY128F1487A71,Dreams,Fleetwood Mac,,spotify,1lbXEepatjRVjoG8pZMtdp
TRASGVG128F92E8E0F,Breakeven,The Script,,spotify,0Hlawc6NfOUThBzTJ74E2F
TRMJCII12903CEBF6C,Stricken,Disturbed,,spotify,4QowH1GPh9yk8kOhd30Gfr
TRCUQUT128F145D08B,Angie,The Rolling Stones,,spotify,0Bj15uTA1d1itAneIuIo0n
TRLMQXT12903CA2A04,Cochise,Audioslave,,spotify,1TDk2Jmi4dVZhm2dum3Jim
TRXQSQR128F1456502,Two Princes,Spin Doctors,,spotify,00l1imIjCo1jAOVZbI2SNn
TRCUNJQ128F428E876,Be Somebody,Kings of Leon,,spotify,09EZeW9XGWQm9ajYv9oyvY
TRUJLTF128F92F2D4B,Pictures of You,The Cure,,spotify,1tuwC1Ob5vnYZhvg3zyzJg
TRUEOAH128F42A8AAB,Runaway,Linkin Park,,spotify,2PdR0gXW4NcdihszpkZ1wt
TRXEFLS128F428840A,Down Under,Men at Work,,spotify,02SBvOgzTBdFXjQEmvfcOt
TRYTGAX128F4260FC6,Hells Bells,AC/DC,,spotify,0IAEUgc2jVCDjJx0TwIWNa
TRXEXOI128F933E997,Australia,The Shins,,spotify,1JQiZTI59vPKwXHaU0md7I
TRCWYXO12903CE29C0,A Message,Coldplay,,spotify,2w3eXFL86RgxGtDr8bzwgK
TRHRFIN128F425DEF1,4th Dimensional Transition,MGMT,,spotify,14Hlfk7LY4TOw450LaVteS
TRAUNEK128F4270B12,Neighborhood #3 (Power Out),Arcade Fire,,spotify,0A3FDgOyia2cRLeK7oe9Ws
TRXNVAQ128F93176BA,The Beautiful People,Marilyn Manson,,spotify,0DbPcbiSwuFgC01h1gdxDJ
TRCVUEM12903CB61A2,Ticket to Ride,The Beatles,,spotify,2gf83374sa2JqtrYxGYdPU
TRLMMMH128F930B6B9,Houdini,Foster the People,,spotify,1izCycxk4xx1Bsy2JDrCIS
TRBWVWW128F93455B0,The Wind Cries Mary,Jimi Hendrix,,spotify,05aAXFtxMmmrUdyd1pdTRo
TRISVLT128F933F489,Hate To Say I Told You So,The Hives,,spotify,0dcJ1SsbTmAvC3ZVvUYMIy
TROIAGW12903C9ED54,Heartbreaker,Led Zeppelin,,spotify,1Rdf1DO8NvgdkTAxBYKPSM
TRAACCD128F422CDA8,Just a Girl,No Doubt,,spotify,1aEbJ4p90J7LIHzLqC0rRW
TRXVNDR128F145E0FE,Midnight Show,The Killers,,spotify,03ka8w3Z7H0JbE6BPYRjKD
TRYSPOW128F4280A46,Caring Is Creepy,The Shins,,spotify,0EKT63mcvEXuB5rxCW9pzP
TRKGXSG128F422BD84,Parachutes,Coldplay,,spotify,4qzoHxgp42ylb18ga1SWTL
TROHJBH128F422984F,Jacqueline,Franz Ferdinand,,spotify,0Y9ruZ8TTc2mR5lcxhS8uU
TRXTLPT128F42881BD,Communication Breakdown,Led Zeppelin,,spotify,0HlZYX1qZOwHrQKvaTvUiL
TRBNAIH12903CD9E41,On Top of the World,Imagine Dragons,,spotify,00reVcwpg6Z9ERNHlaJ0XI
TRFOGNV12903CB4126,Assassin,Muse,,spotify,0D2zrhoGGyqeBgc7JftRiK
TRXCRDE12903D16723,War Pigs,Black Sabbath,,spotify,0Id8xIqaBWGzx8h9VeQ5ij
TRNXBAE128F148D0BB,Falling Away From Me,Korn,,spotify,0gCdf1PaV8XTffHhLVhRFW
TRYAEUK128F425DEF7,The Handshake,MGMT,,spotify,0kmnnk3chw9y2vRFAuk12A
TRPCAOD128E0788980,Cherub Rock,The Smashing Pumpkins,,spotify,0F2LiyHp9E0pAanpfnzHNp
TRWJYOT128F935572B,In the Aeroplane Over the Sea,Neutral Milk Hotel,,spotify,3xEbrpJTTcsaWMX4gHKd4O
TRIRJMS128F427FC24,Question!,System of a Down,,spotify,2VYxwPamO1jcCN8ODLfNwx
TRMBODZ128F4281CD0,Juicebox,The Strokes,,spotify,08Jg7obBFAye6bCRPcEJMJ
TRNSYJG128F4293974,Obstacle 1,Interpol,,spotify,0kMyyT4LRqCdHkGet6wm1l
TRAOZFO128F4298435,Everyday I Love You Less and Less,Kaiser Chiefs,,spotify,0obv9ng3ulbtAFFBiYrxJe
TRAFMVN128F147CBCE,Fade to Black,Metallica,,spotify,12oSzrBIyirNs0aCwk6elL
TRLUTYC12903CD0919,Hello Goodbye,The Beatles,,spotify,0unSYFZSh1DrSO3B7Z0OFc
TRRFPOM128F931728C,No You Girls,Franz Ferdinand,,spotify,0Ipp0BX91kah2L8ftoS6uk
TRLLDKZ128E0795636,Far Away,Nickelback,,spotify,01PdrvTsUApwypDNDLWteJ
TRUGJUA128F931117C,You Probably Couldn't See for the Lights but You Were Staring Straight at Me,Arctic Monkeys,,spotify,0EPdkrblc00FCjBVPB3kgo
TROIBHC128F14958FC,Poison,Alice Cooper,,spotify,00zSwKv31z21axKYH7xxkT
TRBHKLA128F930E217,Young Blood,The Naked and Famous,,spotify,0iO7aN2o6zTwelqx8EpCxD
TRKWMNJ128F92E729B,Come on Eileen,Dexys Midnight Runners,,spotify,08OaCSVfedtHC9NkEIEsKy
TROJKSF128F9329ECB,Attack,30 Seconds to Mars,,spotify,0lHSJ0ZP8uUPnJXhMdGjOK
TRHUVYY128F4267AEB,You Can Call Me Al,Paul Simon,,spotify,01pmD5xPci9YjMMV9fX25O
TRYMEGT128F424D997,"Sugar, We're Goin Down",Fall Out Boy,,spotify,01xEscpfD8ldnbBYqNIWuN
TRUOJJS128F145C256,A Rush of Blood to the Head,Coldplay,,spotify,04ZAwhY76rVwALw4Xyhmkl
TRUFXQS128F92E68AB,Square One,Coldplay,,spotify,2zQIITgo6sc5ppOfPcH205
TRXCVCR128F42A2428,Underdog,Kasabian,,spotify,09SaLWOLnGYxDPl6NT7akj
TRZXSLB12903CEED32,She's Lost Control,Joy Division,,spotify,07F0DPtG2vy2uaoISZeUsF
TRNIQYK12903CCD224,Everlasting Light,The Black Keys,,spotify,1owojdFFHXWvbAe3QtGwEG
TRRFCPA12903CC010F,Resistance,Muse,,spotify,1C2QJNTmsTxCDBuIgai8QV
TROTFXA128F9348398,With a Little Help from My Friends,The Beatles,,spotify,1ub9sWktOY37BArPD9trKF
TRUEXOZ128F42B05E8,Zero,The Smashing Pumpkins,,spotify,0FA6Zjvywyws6ad2i31rah
TRLPOFP128F92E22AD,Walk This Way,Aerosmith,,spotify,015feGDbOAPnOIQ2xJYBHU
TRHODCF128E0789036,Last Living Souls,Gorillaz,,spotify,0hQi5BNLOLNJUwc9JKGhBL
TRCKGPG128E078ED38,Break Stuff,Limp Bizkit,,spotify,0qEYSzh9lMRVe7av2h4Ko4
TRGXTPW128E0798B75,Knives Out,Radiohead,,spotify,05CzdIzarvq02o3AkA1O0J
TRFPLZK128F930DBE0,What If,Coldplay,,spotify,39qRdHcl2tizWbzlM9kUlN
TRIPSRK128F421A76D,Daylight,Coldplay,,spotify,4fP4xTSBli3tKck172LEZ4
TRJFMNK128E07840C2,19-2000,Gorillaz,,spotify,1kSWrMDt439cT64WpjJigW
TRISYYV128F932E74E,I Might Be Wrong,Radiohead,,spotify,02h102h96xTsf330YRx1Vc
TRLPSZJ128F932474C,Believe Me Natalie,The Killers,,spotify,0hMrM3FskLsEO8mRK5fq7s
TRJRDCZ128F427FC25,Radio/Video,System of a Down,,spotify,05ClDIpXqiXCkyO4UvL0A8
TRABLRZ128F146BDC1,Since I've Been Loving You,Led Zeppelin,,spotify,00UtfSSoynMjzbbSbkIUPQ
TRPQWHE128F930D3AE,Bullet in the Head,Rage Against the Machine,,spotify,0GCF9Pj54FcBvAMkohJdv4
TRHBABG128F4281C8E,Soma,The Strokes,,spotify,2Lf2pJqFbGhBro7ccOz597
TRCQUOI128F932FB2A,Amsterdam,Coldplay,,spotify,2uQ4px5SPONsgcUpulywIQ
TRXLGBU128E0782FDA,Morning Bell,Radiohead,,spotify,0CXSfKw5Hf3JqKVRdRJD4G
TRRGQSG128F42435BF,Prayer of the Refugee,Rise Against,,spotify,0nRauaGzlpH62t9bAnfv12
TRBMELE128F1468029,Walk,Pantera,,spotify,18VO9cif3fGKJPqCXnkPgX
TRPBOBO12903CF8361,Do Me a Favour,Arctic Monkeys,,spotify,13NCxLOlvQ4Tnexgfp03Gs
TROKVKW12903CA866E,Patience,Guns N' Roses,,spotify,1FJu4hXTvoeKsbOxA85IuZ
TRAWTDG128F93320BD,The Killing Moon,Echo & the Bunnymen,,spotify,0cOf4csnt4DeXSkFmBjULw
TRZJGCC128F427A496,For Emma,Bon Iver,,spotify,0mP897I93DZwdgtjkSriwj
TRRFOMS128F9353E44,Testify,Rage Against the Machine,,spotify,1potYra4bdODWMDOf7k8Li
TRVQIQO128F426FB42,Brothers in Arms,Dire Straits,,spotify,01xjZAM821IyGYjgjGi8Kb
TRPRQXU128E0789D38,White Shadows,Coldplay,,spotify,0WWz2AaqxLoO0fa9ou6Fqc
TRYJJNA128F9341029,Tainted Love,Marilyn Manson,,spotify,0Bdo4Q2TDE8IIL1l6rgMXy
TRABOCI128F4263891,Bad Day,Daniel Powter,,spotify,0kQWWCULY40muOxwT6J5hT
TROJPLY128F148A581,"You're Gonna Go Far, Kid",The Offspring,,spotify,1FMm3wG5WOhi7js35KR7Ea
TRVENTI128F92DE1A3,D Is for Dangerous,Arctic Monkeys,,spotify,27EwsFfoJK04homk7N4Vbs
TRMHZDA128F42950E1,Wonderful Tonight,Eric Clapton,,spotify,03UckhTfewAWImsRUpPjyF
TRAMMEJ12903D0A516,I Want You,Kings of Leon,,spotify,0HDWhbFlU3QPPFjTCGWk2m
TRWIKBF128F92DD506,Goodbye My Lover,James Blunt,,spotify,0Iit3mwdeG3aIcK4kOviUo
TRILLIR128F429E5D7,Battery,Metallica,,spotify,06aiqCgLiZm5CXcttPz1oU
TRIDUTO128F92DE1A5,Balaclava,Arctic Monkeys,,spotify,0ftMOhVfFm5Wbs5sZdEtsC
TRRFIVH128F429E3A7,With You,Linkin Park,,spotify,00vZwAWE5nZZWUxAOqdDle
TRHSVNJ128E0780D7B,Pure Morning,Placebo,,spotify,0Vexs3SutFnDeCtypL2zit
TREYGGR128F42AB917,The Number of the Beast,Iron Maiden,,spotify,0ccCf9v2MfiGHlh0m8wxWd
TRYIMLE128F4293284,Shut Up and Drive,Rihanna,,spotify,0FaWXspV2ESYQEshZm8dbr
TRFEZVU12903CE3CE0,All Day and All of the Night,The Kinks,,spotify,098yQQDdwPZBKNXhPoflz3
TROIODT128F92C9D13,17,Kings of Leon,,spotify,1EjwzxokjRsFcLOhIHH558
TRVJZLY128F4251B12,Going to California,Led Zeppelin,,spotify,0fxYJx2oPA7M9WuGrAO5jV
TRXEYQA128C71968F6,Bad,Michael Jackson,,spotify,0agXgGD30n0JGrwjbZ7LTF
TRUDMVC128F92DDE65,Photograph,Nickelback,,spotify,0EaL2e4Dlk8f2XTpcsw1Uz
TRAWNNL128F92F6D75,Summer Skin,Death Cab for Cutie,,spotify,07Zr1MQ1iZ4sUBcNzN6aY6
TRRHUQP128F429496D,Forest,System of a Down,,spotify,1B5Y9I5wPfvD3C2A81A36C
TRFXNPT12903CB26D3,Spies,Coldplay,,spotify,2mLgOcRkEgq89j8WstUpui
TRCPNJP12903CCFAA9,Jailhouse Rock,Elvis Presley,,spotify,01kJQovla3Bq4eLsmJV2Bn
TRRHJVH128F4238AB6,Call Me,Blondie,,spotify,000iSoC2f28zZJH4i12pSQ
TRUPZXN128F92D12C3,For Reasons Unknown,The Killers,,spotify,1326p11hiIX9QxDgc0yyvt
TRRIHXA128F92F107C,Tell Her Tonight,Franz Ferdinand,,spotify,0GGpF4rmKK9oyThKuDd30a
TRQFLSV128F427EC6B,The World at Large,Modest Mouse,,spotify,0uO1ejCv4Spok2NQ0oUHUm
TRDBHKC128F42A3A97,You Found Me,The Fray,,spotify,0JBBvihPCdRiq1YPds4VYI
TRACEQI128F42782EA,Intervention,Arcade Fire,,spotify,0Mhtt9WqNWZEMR6uiXe96z
TRFUOQM128F9329CEC,The Man Who Can't Be Moved,The Script,,spotify,0EQMv9eFHPx7X1tRX6QWxa
TRAHLIM128F931437E,T.N.T.,AC/DC,,spotify,0ln5UXwsOxauyBWsTnOtg3
TRDKKBF128F930C25D,Lust For Life,Iggy Pop,,spotify,0BrtERDla9dpIp7Dg7vxJN
TRGIZLK128F9326C84,The Boxer,Simon & Garfunkel,,spotify,01cY7Cc7t5zPB64uj8NGxz
TRUESLO128F4265962,In Limbo,Radiohead,,spotify,1NgvIjkEjkhcIR1pp5Qsir
TRAYLKH128F427BCCC,When the Levee Breaks,Led Zeppelin,,spotify,05f8Hg3RSfiPSCBQOtxl3i
TROWFWI128F427FC30,Cigaro,System of a Down,,spotify,0WNBRe3yAtVFTGXG0MkB5X
TRHAQBG128F42809D2,Dancing in the Dark,Bruce Springsteen,,spotify,0C9c5IQPRaM1uWzXIIUZsZ
TRUFWRV128F4289BCB,Sugar,System of a Down,,spotify,0kHXwmkGd6IlCNJH6cGmWw
TRRIHBF128F428192D,Crown of Love,Arcade Fire,,spotify,1VmKmRUxKSyNMF2x3ndgst
TRLVLJQ128E0794805,Fat Bottomed Girls,Queen,,spotify,02dLhFAFRG5vkRsCGvIdx0
TRZGFWW128F147CBD3,For Whom the Bell Tolls,Metallica,,spotify,0bp3MablDhBWiBZbIcp3AY
TRUHVPV12903CDCF15,God Save the Queen,Sex Pistols,,spotify,01T7tV8HcaBQhrFS56zMU0
TRYNPNU128F4281CA8,Automatic Stop,The Strokes,,spotify,3dJAKrILAnNJwKFAzNmJvZ
TRFPXXU128F933D7EB,Suddenly I See,KT Tunstall,,spotify,0aZSMDFqofphzRFYGztbLT
TRQTSAO128F4255A33,O Green World,Gorillaz,,spotify,4hNPMfFHauPIbOKvdYqFt7
TRINFWN128F9320971,Ulysses,Franz Ferdinand,,spotify,0HAIVo4TWdIDd6EepBIHK4
TRPHKDF12903CB2369,Shoot to Thrill,AC/DC,,spotify,0C80GCp0mMuBzLf3EAXqxv
TRAGPWP128F92E2858,Pieces,Sum 41,,spotify,01KqmkcGIzlmets5m3MRXM
TRYBPTK128F4251384,Good People,Jack Johnson,,spotify,0aC48311YnCzupPDwY0xKy
TROMNMZ128F9333C06,Over My Head (Cable Car),The Fray,,spotify,01NkXrLmfpUCnVEmslCKjn
TRVPSZF128F147DF97,We Never Change,Coldplay,,spotify,5TB6QgrF0RPIxSCGfRDLoe
TROHYBD128F42283E0,A Forest,The Cure,,spotify,00Amd2EiGo17YoZyOjk3VV
TRIFLWF128E078903C,Every Planet We Reach Is Dead,Gorillaz,,spotify,1ciO7AcAkMAlva1K7uoyzq
TRHRJKC128F426726D,Back in the U.S.S.R.,The Beatles,,spotify,05zWoNTO4vaCLdnQJvpdiA
TRXRKOH128F42485FC,Octopus's Garden,The Beatles,,spotify,4tf8AQP0RUd5Bs3KxUT5ly
TRXKWTI128F93452C0,This Is the Life,Amy Macdonald,,spotify,00Ztp2Nju9pxPyuaDt5kFk
TROQTGT128E078F4E6,Still Waiting,Sum 41,,spotify,0Cm4BBCjbe0f2KIpNAwZgV
TRSJKLY128E079849E,Here It Goes Again,OK Go,,spotify,0OpEsGqcmU1yGAfWO5sPRW
TRIMQQK128F42454A4,Psycho,System of a Down,,spotify,0ih4reZkhryXbtkyczHaGi
TRKPWGR128E078EE06,Where Did You Sleep Last Night,Nirvana,,spotify,0bx2T62sxyvuHqgg5ZsgAc
TRDFDBR128E07989B8,Good Vibrations,The Beach Boys,,spotify,0eWuqjxrz4V6UzMVOMNMjh
TRLONIY128F934ABE8,Highway Star,Deep Purple,,spotify,00pS9MLpG8IvAFC9mXiQcC
TRBHRPL128F9306B99,Proud Mary,Creedence Clearwater Revival,,spotify,031rVKYjBhsaVM8o1i1vK0
TRMYOTO128F92FD66C,Getting Away With Murder,Papa Roach,,spotify,02MjAy2BTPTdqO19O5VtHO
TRXNQHR12903CFB2E4,Sonne,Rammstein,,spotify,2xldR7qVr1Mc8qODnSFlav
TROLTRT128E07923EC,High Speed,Coldplay,,spotify,2DHgvPQD1jApRnT1DBZdrS
TRXQPQN128F92F246A,Munich,Editors,,spotify,0barPLY0I29zklrpVAQTL8
TRRHHOH128F4220A55,Slide,Goo Goo Dolls,,spotify,01QEcFi5KWcljmbmUcHk0q
TRUIZIC128F935006B,Black Star,Radiohead,,spotify,4Av6wixYwxLop6Lr5iEF3p
TRGCBMU128F425BAE9,One Way or Another,Blondie,,spotify,02qRwTrbrWA5hJowqjezgi
TRNOPJB128F428B75D,The High Road,Broken Bells,,spotify,0pa57fbFJWCckXiyQfW4dl
TROHSWG128F92D44B9,A Thousand Miles,Vanessa Carlton,,spotify,01pgcBsH9pgFeWFI3FobfB
TRMZEXY128F93104A6,Trying Your Luck,The Strokes,,spotify,2IKgM8fKIKUXVsARYL4FFW
TRJCLDN128F92DB318,Pinball Wizard,The Who,,spotify,02h4zFHSdQHGVX5uygOKAS
TRBSOCU128F147CD97,Howl,Florence + the Machine,,spotify,0O8rwnPniPEUX71uLpSIE6
TRZKVMX128F933D7F9,Stop Crying Your Heart Out,Oasis,,spotify,0JbVh3zDHYgVb1QxoNG0hu
TRAXPDB128F14A8954,Black Mirror,Arcade Fire,,spotify,0IgnwEF4fuidaugeMEKUl4
TRGAOLV128E0789D40,Swallowed in the Sea,Coldplay,,spotify,2u2WL5N3KnQnykOZi3fxL6
TRUCHHA128EF3435EA,Feeling This,blink-182,,spotify,00ZsT6WcQHTKBc4atXPvXh
TRZIBWC128F146049C,Fast Car,Tracy Chapman,,spotify,2M9ro2krNb7nr7HSprkEgo
TRXCBZS128F92FA4CA,Butterfly,Crazy Town,,spotify,07OYtgq6wXgC5CzI9HbZ1w
TROMIIH128F145C1F2,Heroin,The Velvet Underground,,spotify,0dHZJUm7nhc74qXo9tQu0a
TRHGHWT128F425DEFA,Future Reflections,MGMT,,spotify,09ejRvctY0z8dv14bTEfqm
TROSORZ128EF343746,Needles,System of a Down,,spotify,11ZLG0T7TrI6x3bDclWncX
TRDTWRO128F427B6B0,Sofa Song,The Kooks,,spotify,0Vfgpl5VpDBQexEPYUqaQK
TRWQBUW128F422BC38,Slow Hands,Interpol,,spotify,0LVgW4kmt8wunI3sdlShJk
TRYHKHL128F92E31DB,My Favourite Game,The Cardigans,,spotify,0BttMAsEh7jyuTHzufrqV5
TRANKKU12903CB30DC,When I'm Gone,3 Doors Down,,spotify,0mus4E5fI0UY0mCS4GRDTh
TRXDJQT12903CC29FF,Man on the Moon,R.E.M.,,spotify,0BG5hM4NzI8sG6U1w6rr4r
TRLQBGF128E0793F60,Little Wing,Jimi Hendrix,,spotify,0Lv8tGOt6fUx1Iur3m4DKh
TRVUELD128F933B42A,I Can Talk,Two Door Cinema Club,,spotify,0jkdpM3WaCu5U5ANU9Djs2
TRDADYI128F14A8956,Neon Bible,Arcade Fire,,spotify,0bweN7BKqTYU0tq2IEpvlr
TRFUPFJ128F92D3B7C,Madness,Muse,,spotify,0c4IEciLCDdXEhhKxj4ThA
TRYLQYC128F92EEC13,Savin' Me,Nickelback,,spotify,0gvjHnrhilbUKnhdSl0NZc
TRHHYQQ128F42BB341,Rock & Roll Queen,The Subways,,spotify,0e3qvNUMTCBs7TX73P9qXu
TRLJHUR128F4288397,Secrets,OneRepublic,,spotify,0dRBg8DvKSUTJ7eqeTMVdT
TRADQWZ128F424D8C4,Breath,Breaking Benjamin,,spotify,0Xss0S5FhzXLDsbMn6SM90
TRXLGKJ128F4264E3E,Given Up,Linkin Park,,spotify,0WrZxwjIBUL0VNN0AAblBQ
TRILZMB128F1469CA1,Girlfriend,Avril Lavigne,,spotify,07UEuly4C6XCuGLvavgYaG
TRRFXMD128F933925E,Makes Me Wonder,Maroon 5,,spotify,03jSuUKP2Vl8uhqEcf4Nn6
TRXEJXX128F92F1880,Michael,Franz Ferdinand,,spotify,1f0Nq7k7u1YBzHf5eh1vSm
TROPTRL12903CD181F,Big Me,Foo Fighters,,spotify,04Jk0uP8SbDHLyAKfRctNQ
TRYLDDB128F1474B86,Miss Murder,AFI,,spotify,0Ti2dlF2xLjXblvdU5fCxM
TRIPUDO12903CFF055,Blackout,Muse,,spotify,2nTgdpxwpXTk5x1c9yaO3W
TRIMAVN128F9327A51,Are You Gonna Go My Way,Lenny Kravitz,,spotify,00tKvmHHfNvXJjuwBm3kDI
TRDAIRS128F92DA1C8,My Sweet Lord,George Harrison,,spotify,1chu8wc9zbNqTQ2ahROys1
TRYUBWR128E07840BA,Tomorrow Comes Today,Gorillaz,,spotify,0qXdCJeemw8eaE3BL9kHks
TRMDZKF128F9322A51,Start Me Up,The Rolling Stones,,spotify,04AEbsZ3URx5oxxNaX9doH
TRKQBSE128F932850B,Eight Days a Week,The Beatles,,spotify,36ZIX4gdUCtTitma8mstHJ
TROHRPK128F930281F,Breaking the Law,Judas Priest,,spotify,0CW5hlD2HhjfCvVVTm6mSu
TRADCIF128F9338278,City of Delusion,Muse,,spotify,01UDZvyiTClLHj5328OJSu
TRGNBSL128F93369C8,I Am the Walrus,The Beatles,,spotify,0c45kYxeLSEv9kyTwlIYwi
TRBUOYZ128E079506B,Your Heart Is an Empty Room,Death Cab for Cutie,,spotify,0PN43Frqfz6MgUJwAmTVK9
TRFSXGA128F93048D8,Closing Time,Semisonic,,spotify,087OBLtoeS3Q6j0k6tMNAI
TRYSZCP128F4256930,Because,The Beatles,,spotify,2VRNkdYbYUAOAcw71IqPBx
TRNFMCL128F92D90B4,Hold the Line,Toto,,spotify,04x9zzHeH357etP6NKkO6l
TRCRFMN128F42435B4,Welcome to Paradise,Green Day,,spotify,0GberfaviYSn4fuGtVpGG2
TRLQUYW128F92E4766,Rooster,Alice in Chains,,spotify,0HY4qXIQLJ4E95I1LuPnU8
TRFPAGS128F92EDC08,God Only Knows,The Beach Boys,,spotify,06zExZP6RifZYNPhz6qZeF
TRILZMH128F932141A,The Fallen,Franz Ferdinand,,spotify,09X6DjOJw1cJmaS3l5P0AO
TRXJSDH12903CDF878,By Myself,Linkin Park,,spotify,0YvLVwdVZlnSjqfetfZcEi
TRALCIS128E07818F5,Bounce,System of a Down,,spotify,0oGVZDPXSEXZemd7AkaZ3P
TRMJSCJ12903D067FF,Across the Universe,The Beatles,,spotify,1YK0ZfjJkiBPRH3NBWNFBE
TRRFJIW128F92EEFBC,Youth of the Nation,P.O.D.,,spotify,0cDkGvz9ArvAiLjGDgWWGQ
TRUDWVJ128F9309300,Nothing Compares 2 U,Sinéad O'Connor,,spotify,03M5tgZGWCBslAQdK4oRgG
TRCSTDZ12903CE965A,Savior,Rise Against,,spotify,0M5YQrXwslnrJETjpghqt6
TRCURNW128F9338171,L.A. Woman,The Doors,,spotify,07EPzOf2sGLJ1BIpFY2hMx
TRDOMSF128F42A4ABF,Revenga,System of a Down,,spotify,1nqScNCPT8m2Y6oS7sfNNs
TRUEGSI128F42809F1,Wish You Were Here,Incubus,,spotify,01DWgCrzH3wQqiyrs7y9KX
TRLUFYA128E078ECE3,Cryin',Aerosmith,,spotify,0J2ljoKm0gllXLxID0uERk
TRABLTP128F930DC6D,Have You Ever Seen the Rain,Creedence Clearwater Revival,,spotify,03iKqESZyxBRs2CXIPDgbZ
TRSQCKB128F427D991,Black Swan,Thom Yorke,,spotify,2OCAQqa4KKu6KDtxcwziBX
TROLUGG128F425A38C,I Was Made for Lovin' You,Kiss,,spotify,01Wv0GQwyQrcmcr8Syo8Fv
TRLRIAM128F9311D3D,Sweet Emotion,Aerosmith,,spotify,016nesZFzqy4xwNYoORK0q
TRUKPHI12903CC1814,Sgt. Pepper's Lonely Hearts Club Band,The Beatles,,spotify,1ehnhzWgNzra9xJDMLXDT5
TRADXCF128EF357134,Shut Your Eyes,Snow Patrol,,spotify,0EnDexnc49fe3qEasa9YqD
TRVDEAB128F4272739,Motion Picture Soundtrack,Radiohead,,spotify,0COiZ7ncho2yi4HotbzgPv
TRXIJMU128F4226A0F,No One's Gonna Love You,Band of Horses,,spotify,0MRuDaaklRKJYERVgnVWtf
TRMPLQW128F93465FA,Easily,Red Hot Chili Peppers,,spotify,3DmOWG8OD9eR12180fmJqf
TRTBQSF128F148EF1F,Some Might Say,Oasis,,spotify,06EnS9hJ7zmAbL3YTfMW4g
TRZGABY128F1462E00,Ocean Avenue,Yellowcard,,spotify,0ZnOEMxU9fSQffqZG5Eqcd
TRRKODA128F146DE22,Robot Rock,Daft Punk,,spotify,0mqH3csuodko0zRL8WCuce
TRXXBND128F9303F4E,Always,blink-182,,spotify,0B4LNQeUzxm6M4DWxINVpt
TRRNOZY128F92F518F,Shimmy,System of a Down,,spotify,0Huc9Tt5BETWbovn38jENw
TRHFGIO128F92DF6F9,Hash Pipe,Weezer,,spotify,0MmHNqM5p6VaaR1Kgg0qpp
TRQNVSC128E0781AF9,Parklife,Blur,,spotify,0Bkl9g6bpdimjUoFjI9eSO
TRDXXXL128F930304F,Rollin' (Air Raid Vehicle),Limp Bizkit,,spotify,0MMqsIZnpNr4ZL84Z0IGph
TRMYWYQ128F92E9575,Want You Bad,The Offspring,,spotify,09ZEB3X2oswrIBBuzuVLEt
TRPTTCR128F425F518,Bridge over Troubled Water,Simon & Garfunkel,,spotify,01eMadsr3kOA0yq8KLgNqY
TRVFHPK12903CA720C,Bigmouth Strikes Again,The Smiths,,spotify,3oebt3tEE76ulYJEY4x0dQ
TRMAJOR128F92F990D,Drumming Song,Florence + the Machine,,spotify,0idoUYxPn2oQFjk85p3KQk
TRFOYUO128F42990B9,Walk Away,Franz Ferdinand,,spotify,07Rbm8AmnULxJVc2pZmk0I
TRPUOXV128E0789501,The Trooper,Iron Maiden,,spotify,0OmMXR6c9vAcEGxkoZLnXZ
TRIMJAQ128F92EC50D,The Crystal Ship,The Doors,,spotify,0gWvVB4bGvADocoPMEDy3K
TRPGVLY128F1486981,Lake Of Fire,Nirvana,,spotify,3aKJVWH2QOsaMtiCLxYHZX
TRXRKCX12903CB894A,Chicago,Sufjan Stevens,,spotify,3jDqBweIfE9ell8fgWDAZR
TRXMKJZ128F4282770,Suffragette City,David Bowie,,spotify,1aAVrscsMmDPYun8kJnOh2
TRAAJJO128F426B6AE,American Pie,Don McLean,,spotify,07vjPAHyaXzVuyxbBXnwfC
TROKELP128E0792EB0,Face Down,The Red Jumpsuit Apparatus,,spotify,0HoCmTJroXdtFmUScAMeRs
TRXCHSG128F42788C9,Sing,Travis,,spotify,01p5NB0mgtrEFM7hXlcLDd
TRYQPUC12903CA6FF1,Oh! Darling,The Beatles,,spotify,19P6TWe3hiOJ6y3Og8ssHQ
TRQDYLN128F92EF084,Down on the Corner,Creedence Clearwater Revival,,spotify,03SIeKznr92V0L1uyGESxr
TRLKUND12903CF4541,Sweetness,Jimmy Eat World,,spotify,0FDrjA0WPzNlyYpsbTdH2r
TRAVORG128F9302C75,Cool,Gwen Stefani,,spotify,01oLnA5lYzSR52MM2dN0fG
TRYETAZ128F426EA8E,My Way,Limp Bizkit,,spotify,1cTIkQUcWtwooj2rDcNB5n
TROLLVN128F930022F,Mr. Tambourine Man,Bob Dylan,,spotify,0703Xd7Z3EHAddRthFYi6v
TRLNGUY128F9333AC8,My Happy Ending,Avril Lavigne,,spotify,0temSFWqQ1RaTDdSeHmxur
TRPCXPS128F930C312,Rock You Like a Hurricane,Scorpions,,spotify,0XIvZ82aDF7JiSi3ZE320u
TRJWCOA128F149B5C3,Live and Let Die,Guns N' Roses,,spotify,04MNKrAnzrHDUzuXAtNoLr
TRFOAHB12903CFB3EC,All Alone,Gorillaz,,spotify,3Ef0JkrvZfvG9n5evvkQS8
TRLLYSZ128F931912C,In My Life,The Beatles,,spotify,3hgPYoOB2daCrbjyn1kQFW
TRVDAWN128F149BCE1,Phantom Limb,The Shins,,spotify,0T5Xmj7m5UzGuuTlpi0FjW
TRIUOOJ128F934A868,Famous Last Words,My Chemical Romance,,spotify,1BmY3l1iCqEgQ6vTlzKYgK
TRPDIJL128F145C25D,Transatlanticism,Death Cab for Cutie,,spotify,0Q3W3sL8H56NLDOiwLAhO5
TRBWFEN128F42873E9,Kiss from a Rose,Seal,,spotify,009bwCyQuSPkmoHRRbfuV1
TRFPRES128F4220302,Endlessly,Muse,,spotify,131F3d3InZE2fqzTHptIgQ
TRULJCH12903D080FD,Whiskey in the Jar,Metallica,,spotify,2nLj38A7KPJ3GhiVO6zCsJ
TRJEWIK128F92E4749,Them Bones,Alice in Chains,,spotify,0FqQfY1Gc0WdaQ7C1SqFYj
TRIOTUN128F4284EA0,The Ghost of You,My Chemical Romance,,spotify,0f2eysn6fAeh9DpUQY3ekG
TROQFYY128F429DBA0,Sam's Town,The Killers,,spotify,0MA3pnqbO0SA95iyb7TNBl
TRUFYEG12903CCC653,Everybody's Fool,Evanescence,,spotify,0EFFkyw688n3KKW8AmV2lk
TRILLQO12903CA55EA,"Ob-La-Di, Ob-La-Da",The Beatles,,spotify,7xZYkwsvddFcgQouUiWrmI
TRXUVBK128E0782BC5,Breakdown,Jack Johnson,,spotify,01cbb52SrkVOB8VuFaPoGP
TRUFDRH12903CE1694,Cecilia,Simon & Garfunkel,,spotify,0AP9iVHdHiSnFUe4HsTfdE
TROXHEA128F146EC58,You Could Be Happy,Snow Patrol,,spotify,1Ow3WmxZDYdPpOFIhJ4pID
TRABEMC128F148EF2D,Morning Glory,Oasis,,spotify,00nUdClaI1z8zyt2hSiLkS
TRUHSVN12903CE8104,Just Like You,Three Days Grace,,spotify,03TiFipU1sjbIvqk9MCOPM
TRMFSFU128E0783E3D,Where the Streets Have No Name,U2,,spotify,08VathPRD6nlITJ2uBDVG4
TRILXCN128F92F41C6,Cold Desert,Kings of Leon,,spotify,0sZhyunHLZYm6DWoUSKu9G
TRIVHEM128F931DBBE,So Here We Are,Bloc Party,,spotify,1IlloBPE1WSEwAMyvDjIzA
TRHJVMO128E079506C,Someday You Will Be Loved,Death Cab for Cutie,,spotify,2Wc6WJFIh86EDnlMxIKhv8
TRAFROH128F42506BD,America,Razorlight,,spotify,0ANTBnHldl8Oh1fixDBw7L
TRIHPAD128F931109D,Blister In The Sun,Violent Femmes,,spotify,04EowRiMvnTrv5YgFdBhw9
TRWKDXQ128F931E230,Crying Lightning,Arctic Monkeys,,spotify,06XGmFJhM2mn4JCOcN9L9e
TROJWZI128F42371A6,You Don't Love Me,The Kooks,,spotify,17AVdBSI2y0v95OC9t6Zxo
TRFPCHA12903CFDBA5,Simple Man,Lynyrd Skynyrd,,spotify,0enUrxoR7ZFizaHvR3YFLd
TRXFBUA128F428BE6C,Science,System of a Down,,spotify,1jIBRWZZiq645913m176RS
TRRIHAK128F42A0ED9,Low,Coldplay,,spotify,1BBtng1KOF0JuC6bSNgGmp
TRMCPVR128F9309A62,Everything Will Be Alright,The Killers,,spotify,0KdByXrzwwPfLecU1gzU7x
TRXFJAC128F92C1D44,Shout,Tears for Fears,,spotify,03WwznLjs5YOHV8BCvGTGq
TRCVVYK128F425AE08,Call Me When You're Sober,Evanescence,,spotify,0NFt67rRYuE6pIQA5g8bFW
TRYFWMO12903CDBC8B,On Call,Kings of Leon,,spotify,08sXcShZ13OOQNS32NhIiY
TRINQRE128F42BBAA2,Supersonic,Oasis,,spotify,09g8lRXLimnCtSnjw340R7
TRLAHEF128F4255BE5,Rest My Chemistry,Interpol,,spotify,00X2yTYv92I6duQLVnXPZk
TRDNQQW128F14A65F9,Lips Of An Angel,Hinder,,spotify,0aeIqas0qED67WpsuuNtkQ
TRFCHEY128E079219C,Dragula,Rob Zombie,,spotify,05xOchVv7Tfb5JO0JUL02v
TRXTGOV128E0780C92,A Whisper,Coldplay,,spotify,7KolrFGhfDi1JTSgQBT5sI
TRBYROG128F149BCDE,Sleeping Lessons,The Shins,,spotify,1QZkFFdJ44sfQlzhzqDx9b
TRABXNM128F92F8F7F,Forgotten,Linkin Park,,spotify,3BVl0knVN3QEVidja2mbU6
TRMCTNM128F429358E,Running Up That Hill,Placebo,,spotify,1urStWFnQtraRpbgBSBeJF
TRRNJKP128F428099F,Pain,Three Days Grace,,spotify,0ZHIBGsscVYTjk5PxWoszH
TREVGQV128F92F39D6,Beverly Hills,Weezer,,spotify,0146oZaXE8u8KkUgFe5PaK
TRAQGWM12903CE5E67,Romeo and Juliet,Dire Straits,,spotify,0K36enXreG0GzG5hh9Hj57
TRTPSWV128F4219285,Bicycle Race,Queen,,spotify,1tufnIgZWpJp4aKODITMn1
TRBWFRB128F42BC0DD,Anna Molly,Incubus,,spotify,08yUwffm9bqS1J6XGPYfNf
TRUFMFC12903CBEFB7,Who Are You,The Who,,spotify,02DurCgOvDdX0uKEjqcl3W
TRGVCRL128F92DE1AC,This House Is a Circus,Arctic Monkeys,,spotify,0DKvcH4SCRdhVYTxStKx9h
TRLSNDQ128F4266BD7,Pardon Me,Incubus,,spotify,0cITyvBobNOEFWXWmNhCkU
TRUSGVA128F4272AC9,Blue Light,Bloc Party,,spotify,43yuI6JECmXMAq26YI4iaX
TRFFVRJ128E07824CA,Golden Brown,The Stranglers,,spotify,063vhzC6FakDCQUkyEOjmm
TRIOTVC128F14A8A10,Take It or Leave It,The Strokes,,spotify,0J2OnBNKwt0KICDyDFPUvl
TRPYKIX128F92F2D07,A Horse With No Name,America,,spotify,03Pq3LiOaiqtF4HsNrRpkB
TRJPOBO128F4262230,Wanted Dead or Alive,Bon Jovi,,spotify,0ha1fzYsPWkhMCMKLAW0ai
TRLJKDA128F429D42B,Mother,Pink Floyd,,spotify,1GEOSS415bZVHNuXWlCT6b
TRIOHVJ128F425B570,I Don't Love You,My Chemical Romance,,spotify,0Jli6hojT6aSBcFg4L2P5f
TRSBMBU128F9353E7C,Call It What You Want,Foster the People,,spotify,02VAPqaK4Q9Za6Syx2WhYP
TRTPFDS128F9335F19,Wave of Mutilation,Pixies,,spotify,1yJiE307EBIzOB9kqH1deb
TRVHJXR12903D0792C,The Boys Are Back in Town,Thin Lizzy,,spotify,00tQB3c6lhSAsFwRw1cVVX
TRADAUB128F425AD69,Let's Dance,David Bowie,,spotify,0Iqs40MpZMiqMRsaMlZc7a
TRXCEXY128F42865BD,Alright,Supergrass,,spotify,00Crfvu3dp6IBtAE6CzSVT
TRIUXMA128F9305E73,Lasso,Phoenix,,spotify,0OnFZpKESj3mGPKXRcyUCa
TROISAW128F9306564,Lady Madonna,The Beatles,,spotify,0IRW1oS1Zftw3xW2jIWACS
TRLKRFI12903CFB7AF,Uptown Girl,Billy Joel,,spotify,01B5YNycHeeopdyQjgAI24
TRIPQBR12903CA71F1,Red Flag,Billy Talent,,spotify,0cJFobGkaiupCsOfE2eBZ1
TRCBQSZ128F1463E26,Breakout,Foo Fighters,,spotify,0v3JASGaVLDi57SvXHUEEf
TRUDXPU128F4278B5C,Change Your Mind,The Killers,,spotify,083cgOBzPBFBrqYFJDWPis
TRKWTNW128E0793B0B,Spoonman,Soundgarden,,spotify,00bqhLBC5Ck9B2yjQWkEJV
TRUFCEU128F9339E54,Hit the Floor,Linkin Park,,spotify,1HTvvuOB9UiGXnbMBjMoCz
TRORLVL128F92FD745,Lotus Flower,Radiohead,,spotify,1amSa5xo79zINsgrpNlNge
TRCGFBK128F92EC89D,Elephant,Tame Impala,,spotify,0IodtAPnRtZW8B6PhVe0Tk
TRIOYSB128F429218A,You Get What You Give,New Radicals,,spotify,0720L64j46ihtJBIz7YOK8
TRAECHJ12903CC36DA,Next Girl,The Black Keys,,spotify,0LMbqdeLFpQXhjC5mMVfdr
TRUKULA128F92FC83C,Breakaway,Kelly Clarkson,,spotify,0jsNUYxv84GM9wKVEisSNj
TRDLMWP128F426BF6C,Ragged Wood,Fleet Foxes,,spotify,0CCnBol2JNuwYxdMvhamcA
TRMBKVI128F145C513,Happy Together,The Turtles,,spotify,04w0YG92ttfZ3d0eBPdKvZ
TRAWRKT128E0788857,Swing Life Away,Rise Against,,spotify,04Yk2qiaOPi2ZZ3UYNSq21
TRXFPBH128F148C861,Who Knew,P!nk,,spotify,02zcl1vuTU0w7A1fK5yDIB
TRNDBKB128F42435B9,Jesus of Suburbia,Green Day,,spotify,10lT3pp9QERGOWiIzLx4We
TRGDOKE128E079506F,Brothers on a Hotel Bed,Death Cab for Cutie,,spotify,1aVDEX174Us2c2NtdOD2jO
TRLIJSY128F4241902,Goodbye Blue Sky,Pink Floyd,,spotify,0ESdtt9cjGZUkUbaubSrv2
TRYDJAJ128F146A889,Fields of Gold,Sting,,spotify,0kgiJ3qjWPa9Oibbz3N0XB
TRCQEAR128F42634EA,The Distance,Cake,,spotify,0fsz7tJ7UKXT9hliLfO7aE
TRLZWHI128F4227136,Dakota,Stereophonics,,spotify,0IOgCgSDoRBHK9uNTpJnbx
TRXTLFK12903CE5AB7,Owner of a Lonely Heart,Yes,,spotify,01uU072RRL5LymVhxUjlfv
TRUENQI128E0783B2C,When You're Gone,Avril Lavigne,,spotify,0rUFQ5qvBfXh8MrMRzV4WU
TRJMIUI128E078129C,Packt Like Sardines in a Crushd Tin Box,Radiohead,,spotify,1lv2cq78vX9q9Sz8uqkTSu
TRJNPSI128F14AE7CC,Fade Into You,Mazzy Star,,spotify,0EcZzhsixu0vWEybKepZNJ
TRJZVFC128F9339266,I'm Gonna Be (500 Miles),The Proclaimers,,spotify,0B74znD8y3uqytbUDIWfBc
TRRWTFF128F932B707,Unintended,Muse,,spotify,02PVg0tJEMTs5BRynJaivj
TRGDLXQ128F4260C69,Sk8er Boi,Avril Lavigne,,spotify,00Mb3DuaIH1kjrwOku9CGU
TRIQQMP12903CFEADE,Ignorance,Paramore,,spotify,05fMr0mkMzSHI8gfSuii56
TRFZYYH128E07927A3,Every Little Thing She Does Is Magic,The Police,,spotify,0KMrY1Rc3vGfXiRYPr0WBu
TRDFMBA128E078B02A,Stupify,Disturbed,,spotify,06rluR1Ea9f0iqCR5DNJ0k
TRABCQH128F931525A,Intro,Gorillaz,,spotify,2zavoMfVVPJMikH57fd8yK
TRJZHJK128F148D149,Blurry,Puddle of Mudd,,spotify,0jrXfRf5rKKcaiBjl9aTC9
TROHIBS128F4281FFB,You,Radiohead,,spotify,0ZtIi09eMMZ0PpYPe94Jru
TRFSKDR128F42437EF,Hound Dog,Elvis Presley,,spotify,00HhUdUkI8ZEclqCOsYLZB
TRTGUWJ128F146EC54,Hands Open,Snow Patrol,,spotify,0MBS2kSgIyisxYQSgC8BlO
TRUFMCI128EF364D00,Shadowplay,Joy Division,,spotify,0SxZAh11X8PuA0t38Ofekp
TRYNOSN128F42A2B82,The Anthem,Good Charlotte,,spotify,0BRHnOFm6sjxN1i9LJrUDu
TRFOGVF128F4232C45,Soul Kitchen,The Doors,,spotify,0zeAJtY8KsCDAxA9MUf6lq
TRGCCDP128E0781B21,Sulk,Radiohead,,spotify,0CiXMksKTW5Bkg7qaUf2eM
TRUEYDD128F92DEDF4,Love Hurts,Incubus,,spotify,04hL3OB4yS8xYhVAu3Db2M
TRFLRXQ128F4280CCC,No I in Threesome,Interpol,,spotify,03jKcLMhSDlgn5lKQDLzNG
TRFTRHM128F93032DB,White Light,Gorillaz,,spotify,0Bbl0cQBAW8w7QIkF5mXlX
TRLYLUZ128F9326AE2,Plush,Stone Temple Pilots,,spotify,0cN53qPuDrppUJ73Rcw4nN
TRJVUYV12903CBC98F,Hoodoo,Muse,,spotify,0EkE0ripJ9OFNzvZANzo5C
TRLJIVO128F933844E,You Oughta Know,Alanis Morissette,,spotify,0cOir4YagV83mTZo6CitD6
TRUKCCC12903CD184C,The Joker,Steve Miller Band,,spotify,00GAkgtvO2TnUhK8HEJYdf
TRPMEHJ128F428C4D0,Between the Bars,Elliott Smith,,spotify,0qmYmqAioCIDekQjQTYzCA
TRGRFYV12903CB484B,Pale Blue Eyes,The Velvet Underground,,spotify,07dPe68mNalM0HxgKpFbDv
TRYOXTV128F4284176,Haiti,Arcade Fire,,spotify,08PeIwt9eE734buEToJ4rk
TRCQWDP128F4282158,Fuel,Metallica,,spotify,0lfrNnlVksTGfX6PHnuL0T
TRCUWYQ128F92D0563,Jet Pilot,System of a Down,,spotify,0a2kVvbCbk52gmeFQFHNaG
TRIOKQB12903CD7358,Femme Fatale,The Velvet Underground,,spotify,0BNscHkZXSbFVGCxwpio48
TRCTFEM12903CE53CF,Sunburn,Muse,,spotify,1JOv4eSar8qhmOtXxntWeH
TRCGGXV128F428D866,Me and Bobby McGee,Janis Joplin,,spotify,02GhMeJwjfQ08yeXrN4xRz
TRZIOZV128F92FD03B,Free Fallin',Tom Petty,,spotify,0I8wWFVI0SBYIrSOtSJfEL
TRXOLEQ128F422F67A,Get on Top,Red Hot Chili Peppers,,spotify,0GcWf1Cc4ixN35D3O9VdcP
TRUKZDD128F4281931,In the Backseat,Arcade Fire,,spotify,1iC9x6brahv6MqMTs5rRTi
TRCPKYS128F4243A79,Magic,Coldplay,,spotify,04xZ4Cvb7KPBw5DQIgcB5z
TROHNMG128E0788E8E,The Hand That Feeds,Nine Inch Nails,,spotify,0ZdSkQaMBJJ70ASbyu3tqz
TRENITX12903CD19B0,But It's Better If You Do,Panic! at the Disco,,spotify,1qlDVNC9UXDUXHcFGrrOLC
TRUGVRX128F4229CE6,Wicked Game,Chris Isaak,,spotify,06UEr13TMygZYh8dKGpVVD
TRQLPHT128F427A495,Team,Bon Iver,,spotify,2P44ghy6DBkttap6YzBBZQ
TRFXRLE128F9335A9E,Decode,Paramore,,spotify,0Nv8P6aa0SjH1ABaAlc1OJ
TRCUOOL128F9333592,Epic,Faith No More,,spotify,0VlyGO38VGjVKn3VuXT04A
TRLJHSR128EF357027,The Bad Thing,Arctic Monkeys,,spotify,0sngOJuXovi0aF5Iccmxkl
TRFNHOW128F42BCB64,Hurricane,Bob Dylan,,spotify,03JoLIk3AJn36BN6Vq6fmN
TRRRMKC128E0792990,Civil War,Guns N' Roses,,spotify,0EHzXpyi1swR8sMpbVHcLJ
TRCQRXL128E0784640,Angels,Robbie Williams,,spotify,01NmGuFthXAYr53GwpB8FR
TRJQAWT128F4285816,Can't Help Falling in Love,Elvis Presley,,spotify,01qURs17gc5inQURN2ntWs
TRAAPYK12903CFBC16,Fences,Phoenix,,spotify,1p2qlpIUG8Yd1cCvpZIzQe
TRCSGTL128F4293F1C,Rebel Rebel,David Bowie,,spotify,0QxGKgdgNBAPZnoPf3wUoP
TRCRSFO128F930F01D,Norwegian Wood (This Bird Has Flown),The Beatles,,spotify,5POHm1ys77gmLht213wqq8
TRNPIHL128F9311511,Auf Achse,Franz Ferdinand,,spotify,1Ooy4oIr14426F2rHrGTyI
TRFUXTF12903CB0EBE,You and Me,Lifehouse,,spotify,0cXzNvyBsivZmJ2ME9Dmwj
TRGEIDA128F933B4B8,Tiger Mountain Peasant Song,Fleet Foxes,,spotify,0GJnTFZJql2Dqb4uhckURe
TRILILD128F92D3812,Interlude,Muse,,spotify,2SEbdM9ape4Ylmw9U9x9KD
TRLMNDU128F426D2CD,Sliver,Nirvana,,spotify,4va96Hxb9XDuJFS4XP80ma
TRIDQPM128F932BEB1,Headstrong,Trapt,,spotify,1AEYT6VxrxXPMoQUxsY0E4
TRTAFRC128F932B6F9,Citizen Erased,Muse,,spotify,0PEogXgSTxYjiL9oltS2Oc
TRFOPDK128F931D05B,You're All I Have,Snow Patrol,,spotify,04SWTp4lhIRoy8RTEUNQwV
TRQKUOM128F42432A1,Have a Cigar,Pink Floyd,,spotify,2PckqJRF0ITX8bd9rwbS3i
TRKXTQE128F92FBB14,I Just Wanna Live,Good Charlotte,,spotify,0OdGqzwVUmRQqB35Lms36M
TRLYSOR128F4281B48,Ocean Breathes Salty,Modest Mouse,,spotify,07i2enVx7IGccDiPLA4R3t
TRRNQNR128F42583D4,Coming Undone,Korn,,spotify,261QAU5PAmYYv0KPr0vc49
TRFNANS128F427F8E6,Gravity,John Mayer,,spotify,0Khtt6vmkFdD52gHS0gV02
TRJMBYN128F93043D9,Positive Tension,Bloc Party,,spotify,03h4TbEghDuv08z0z0KJyt
TRZJZHR128F4255BE1,The Heinrich Maneuver,Interpol,,spotify,1TZLEjgy1NMNJ05nPhc3AZ
TRSDZBC128F426941E,Englishman in New York,Sting,,spotify,0k9un4VZY52tvtxNhg6XLo
TRCRGEP128F9330CD0,Do You Remember,Jack Johnson,,spotify,10CKKSNt6TXe44NmsD5P6Y
TRONUGZ12903CDA9F8,Precious,Depeche Mode,,spotify,0R8bSFSjlu0SZBqcYSQGq4
TRFZBPV12903CE1A1C,My Number,Foals,,spotify,1e3ZxMMbgvMaLrOn6e2H7e
TRDBBVV128F4281CB6,The End Has No End,The Strokes,,spotify,0dy6iXYIF0piirySAzCBwF
TRXFTDO128F429884C,Pioneer to the Falls,Interpol,,spotify,0yqMzP4oc8umclo66SwfWD
TRGLFSX128F422C071,Vicarious,Tool,,spotify,65ShmiE5aLBdcIGr7tHX35
TROOOEJ128F429D59C,Never Know,Jack Johnson,,spotify,2BnTUxzWAcv0qerzESIunY
TRRJVIO128F4251B17,The Battle of Evermore,Led Zeppelin,,spotify,2hsETHY9kitz6EiPeD31Pw
TRQTXHB128F92E3855,Hyper Music,Muse,,spotify,1v7UAkzxuOWFFK6rrdwu4W
TRYCKKJ128F1456EBD,Misty Mountain Hop,Led Zeppelin,,spotify,04H7NZOI94F71pP2WIsZc1
TRYOAIW12903CB6BD7,Amerika,Rammstein,,spotify,0HpMvhmhBnRBJ9iocNl16t
TRIWZQB12903D042BF,X,System of a Down,,spotify,1CszvtLq7rPr6TJSBcy8MP
TRZBMMA128F42872D2,Tongue Tied,Grouplove,,spotify,060CTIdsvB1FCDrYSougHk
TRXERRS128F42969E4,Girl,Beck,,spotify,0RCBZCVH7nUJWu7wZmwPLw
TRCXDHJ128F931DB51,Drive My Car,The Beatles,,spotify,2VgXEhCOeTE6jLDeFKKk9I
TRCZYKJ128E079299B,You Could Be Mine,Guns N' Roses,,spotify,09PTdECef2Uxix7ma0HCxs
TRSOGLG128F9329506,Still Loving You,Scorpions,,spotify,0HKOiphhmmShycugrccUoz
TREDVVL128EF36363C,La Grange,ZZ Top,,spotify,060SIy6PC30dMWw6wI6292
TRDCWMK12903CE5175,Tom Sawyer,Rush,,spotify,06TY7FCbeT7Lu39oZ0IEsN
TRCPNCL128EF34DE2A,One More Night,Maroon 5,,spotify,06PKoKOaj4wKUzizKodrPJ
TRLJTLH12903CE9B5E,Under Control,The Strokes,,spotify,17LwUd3dAvqL3ZUIjI6ksA
TRCQCEG12903CA8E5D,Suspicious Minds,Elvis Presley,,spotify,00ly66zg0pAazbeDpKz3dq
TRUFQKQ128F933D4FE,Michelle,The Beatles,,spotify,0TSgiLUS4VgFrM2JA8S8AI
TRPWBRV128F148D659,This Is the New Shit,Marilyn Manson,,spotify,0ia2ZseiT8knOEFD7r8IHa
TRJAVSK128E0786E8C,I Stand Alone,Godsmack,,spotify,0zkeldXjpt1at56SVnbChF
TRXFCAA12903CBC755,Engel,Rammstein,,spotify,0baFwsZAtCzfHB3LKDdH4L
TRILCYK128F4264877,Never Too Late,Three Days Grace,,spotify,011AJfqlK7dQXrosjjG14T
TRDAGCD128EF3531CD,Higher Ground,Red Hot Chili Peppers,,spotify,1cj1DA3aqO5U2kODxaQ7V1
TRIOZZT128F429F956,Here I Go Again,Whitesnake,,spotify,05ZJOGEW7yJ8O3R41eIuUS
TRUGUGU128F42947CC,Session,Linkin Park,,spotify,00VKR5XH5jid1AgUdFz4bs
TRZFRWI128F92EF0AB,Up Around the Bend,Creedence Clearwater Revival,,spotify,08txZdx4SKvAnV1ib3k41y
TRFOYXW128F92EF9FE,All My Friends,LCD Soundsystem,,spotify,2Ud3deeqLAG988pfW0Kwcl
TRFYDUQ128F42816B7,Run Like Hell,Pink Floyd,,spotify,0EaLRxrtnq7Mqhdf8q9txr
TRQKFDU128E079983F,My Doorbell,The White Stripes,,spotify,09LZyeQw1B7c4s9UfUHvAc
TRYFQWF12903CD63BC,Blue Ridge Mountains,Fleet Foxes,,spotify,1cS55zsot8hr2nLcD0q1In
TRBMNAU128F42B58E9,Space Dementia,Muse,,spotify,00jXDm9BLNZdf2QC3Br0r7
TRRKIUA128F427FC26,Sad Statue,System of a Down,,spotify,1ei03Z526knNOEwmQk1le3
TRBTXNE12903CB6528,Rhinestone Eyes,Gorillaz,,spotify,1DodPaZK0N8rEGK4LacgV0
TRLSJPW128E0789CDB,Holy Diver,Dio,,spotify,0C1D9YRWh975UriWgiRrTA
TRCCDNB128F149520C,Yes,Coldplay,,spotify,04zfFfRMXegKi4mMkGMeze
TRDJPJK128F149E59D,Machu Picchu,The Strokes,,spotify,0O43MZg60Qe8eIA8FFctjO
TRLLHJK128F149D9AB,Blind,Korn,,spotify,0BLuf0eB1dWQtuqgbhoCuG
TRYJTIY128F426FA1C,This Is War,30 Seconds to Mars,,spotify,01v7kv0RTVaX4Vs8GcOGOP
TROONPV128F426D602,Day Tripper,The Beatles,,spotify,1UZJdlpJs0Lc8vCBN1pFJb
TRURAJQ128F1454932,Modern Way,Kaiser Chiefs,,spotify,037MX2T2yMS0aZKWkhcAv6
TRJZLEJ128F425A76A,Reason Is Treason,Kasabian,,spotify,020ixB2MGxH46wjdT5fRYQ
TRAFPDD128F92FBBA6,More Than Words,Extreme,,spotify,06udcdc729yctkGfZesfJ8
TRPMYYT128F42733FC,Street Fighting Man,The Rolling Stones,,spotify,095WtNlSHE8TMB2gQ1fdTx
TRGBIVV128F427FCE9,Hit That,The Offspring,,spotify,1C2CPvmL5R6nODesaZF4df
TRIJIAU128E0789D41,Twisted Logic,Coldplay,,spotify,6kevl5fnM7GRJ2K2rBBnxq
TRTGPXG128E078ED82,First It Giveth,Queens of the Stone Age,,spotify,0UEMTz9APWfoJHdlXDeIzm
TRFIXAC12903C9B62E,I'm Waiting for the Man,The Velvet Underground,,spotify,0dtbPDlc0Cc4Cm6waSdM8f
TRRQBZY128F4254958,Tubthumping,Chumbawamba,,spotify,002RqQRLGlzgQHgCh3OJub
TRMBLZX128F4285A15,You Make My Dreams,Hall & Oates,,spotify,0293bTPojlkLvyr8ojc74y
TRCAMDD128F422112E,Charlie,Red Hot Chili Peppers,,spotify,0pIpdN4HlPabzk7raBy0zd
TRRFWBF128F14ABEE6,The Long and Winding Road,The Beatles,,spotify,1cDfP9QnYXCIcECWD4k1G2
TREOWIX128F422C295,"Holland, 1945",Neutral Milk Hotel,,spotify,0NbFY505MI4MwTkiiM81I9
TRLLMIO128F92EB394,She,Green Day,,spotify,4wsQGsdf8D0Bj26cGdvreB
TRLQLXC128F424661E,Empire,Kasabian,,spotify,00UxT9B46crbuMkPoIzQKk
TRARDLL128E07837F7,I Just Don't Know What to Do With Myself,The White Stripes,,spotify,25MAm8IhdRsZfw2UWagOA8
TRCYGIZ12903D00E4F,Who'll Stop the Rain,Creedence Clearwater Revival,,spotify,01ju55XegJZri63UrrJGid
TRBPBYN12903CC78B0,Roll With It,Oasis,,spotify,0aPgqSoGTKqTb54PWr1GBO
TROZUTS128F934CD0E,Enterlude,The Killers,,spotify,0CjZXKumgGJ2026Tt1tK6q
TRMFVZD128F42BC1E1,Look After You,The Fray,,spotify,2OtrMjE6Li8mcDG3bjbjJq
TRRISKY128EF3434F1,E-Pro,Beck,,spotify,01MBhRpvFkbeRwAp7gcF2W
TRPXLZS128F92ECF00,Judith,A Perfect Circle,,spotify,16Vxt9gZQRgvltlmkRQOtL
TRXDXVD128E0789269,Landslide,Fleetwood Mac,,spotify,5ihS6UUlyQAfmp48eSkxuQ
TRRWJLU128F92F9912,My Boy Builds Coffins,Florence + the Machine,,spotify,1KxcbEY0asYVMR043MjZWq
TRMCRIS128F427A578,Fuck Her Gently,Tenacious D,,spotify,2tK43UklOunyL7MyvIDZ0d
TRGRCDR128F931118C,Perhaps Vampires Is a Bit Strong But...,Arctic Monkeys,,spotify,0CrsAXzverdamkvnkzDu6q
TRQHBGV128F9322129,Demon Days,Gorillaz,,spotify,2k6hpKTyubRVOmQR11ViY3
TRCRJAJ128F9331B20,Come On Home,Franz Ferdinand,,spotify,0CQ7UiAbZJF2pSyUJXMA95
TRCIKUG128F934CCF5,Any Way You Want It,Journey,,spotify,01fcOkVzIPpHTpErZZxR7V
TRFOWUX128F4261FE3,Shake It,Metro Station,,spotify,0BEtNPxr9ne8Hgnj9YF64i
TRIPIPD128F42AD130,The Chain,Fleetwood Mac,,spotify,0PZkQ85xPVJe9QOdWkRCz0
TRARGJO128F9305B05,Planet Caravan,Black Sabbath,,spotify,1VdtGkrtYMfWKu4x120oWz
TRAIYVB128F92F82E1,The Guns of Brixton,The Clash,,spotify,00H6EBsvwgxmP3qyn21woG
TRIMFJB128F4255E0E,Suzanne,Leonard Cohen,,spotify,05cUGlTgxa6lrOdGgkd22u
TRIYPKL128F4267C2D,Subterranean Homesick Blues,Bob Dylan,,spotify,04Ag1sFN2l4KpDqzgkms4h
TROCUCO128F14A69EA,Glass Onion,The Beatles,,spotify,44LRsRDTfwLzFWh8t4Xc9D
TRUERNF128F930452D,Last Goodbye,Jeff Buckley,,spotify,02eNgwoSG3sjWMnVCvHmtK
TRGHWTM128E0795069,Different Names for the Same Thing,Death Cab for Cutie,,spotify,1LpYgSYSSWh7Sb751TXkK9
TRZWICC128F423012C,You and Whose Army?,Radiohead,,spotify,1bRMIo2mmi3MPF4gPdRIvG
TRMATIZ12903CA7203,Heaven Knows I'm Miserable Now,The Smiths,,spotify,2asAdWXGD7cCPm9Zw1yFrP
TRAFSYO128E078B2B4,Modern Man,Arcade Fire,,spotify,0epnpRd8d5HwINrggIaG9d
TRXGMWP128E078253B,Thinking About You,Radiohead,,spotify,2biaMcdfPuixiVTlDkMEZe
TRUQOYO128F425B7D5,Let It Die,Foo Fighters,,spotify,0HPLdTaGPUotJMLR9Atqzb
TRRFAHL12903CA8B51,Stressed Out,Twenty One Pilots,,spotify,0lAB2lC6h4YhBIdkYYbpQH
TRLKOGJ128F932D230,Barracuda,Heart,,spotify,04Y6YJcM038kPjimmiqvx5
TRFRCUR12903CE7C0A,Lookin' Out My Back Door,Creedence Clearwater Revival,,spotify,01qjObSUgCHKkDizzuRZfP
TRLUGLY128F4274758,New Shoes,Paolo Nutini,,spotify,04a7TQAQPkXBosRi7IovlM
TRAHHMV12903CD0B0D,PDA,Interpol,,spotify,0roLAFZLmrtCYGSxmKM2WL
TRFYCGQ128F9309091,New Year's Day,U2,,spotify,0nNSe20usqaijlOpIhmwzt
TRYADNZ12903CA1660,Charlie Brown,Coldplay,,spotify,0nn7xBV5bl9iLqxIls9uTG
TRFLZRT128F428B737,I'm Shipping Up to Boston,Dropkick Murphys,,spotify,0qkrQciWfn48FPI5rSto7G
TRXYUPK128F92FC0A0,Stand By Me,Oasis,,spotify,07oQOTzEEb5y7u0DFb8BO1
TROIMMR128F93210DC,Fighter,Christina Aguilera,,spotify,0qbNSBQ0oKt55pUsO6Mw7A
TRQHKNI128F92FD969,Who Wants to Live Forever,Queen,,spotify,0SEv1sur3oNrWm9nQykYPV
TRZGAMQ12903CD2123,I Can See for Miles,The Who,,spotify,06rVdxUUHIclYO4EdS2pmw
TRSAHAZ128F1451F0C,You Know You're Right,Nirvana,,spotify,5I7xFIXk1mrvKBpA9N5NXj
TRLKAOE128F93185EC,The Boy With The Thorn In His Side,The Smiths,,spotify,0KFe3rA9rLpIcqakXy4Vuz
TRFVKNJ128F425D347,Won't Go Home Without You,Maroon 5,,spotify,02zkHfCJWpJyhmoKWKAL28
TRLLSNE12903CF243B,Symphony of Destruction,Megadeth,,spotify,00RyuFheuvsyEUwa9HA7hx
TROHLGB128E0789D32,The Lovecats,The Cure,,spotify,12fOoJtkXwULuaGfpYIzGb
TRUXHOQ128F426E3A9,Sunny Afternoon,The Kinks,,spotify,08aDYxmE1ebo4MfxWMplRB
TRFSMYY128F425DAD6,Fight for Your Right,Beastie Boys,,spotify,1JdRlbZaZPXEoktI03IWQC
TRRMKPQ128F42B2E1F,So Cold,Breaking Benjamin,,spotify,0hoqnIOZtBzaqzACn8UXZg
TRBXGHM128E0791287,One Headlight,The Wallflowers,,spotify,04zllSy1QxiamFFwB4KET8
TRINUCL128F428C8C2,Atmosphere,Joy Division,,spotify,0NBgmP6Yg5xZYsnIZ0pGdo
TRUXYSH128F42579E6,Fake Empire,The National,,spotify,3Zw7IDikRhDxRQlRRFZgb8
TRESMVD128F9310D57,(Nice Dream),Radiohead,,spotify,2GV81HGNVd5lrtCXzJZyUT
TRCOBGC128F425B41A,One Week,Barenaked Ladies,,spotify,0SEGiHvYl4AaxVgoaSliPF
TRADKLA128F93101FC,Home,Three Days Grace,,spotify,0KPsct7ziSAqyp05LNodzc
TROOXQV128F932B6EF,The Small Print,Muse,,spotify,1ohKVAYLeiv8y385aOrETO
TRCVQGV128F42A0366,I Wanna Be Your Dog,The Stooges,,spotify,1cXHW4njcY7nWK9hllnI3D
TRXGAUO128F425F12F,Oh My God,Kaiser Chiefs,,spotify,09aDS7LulSJjaBZXlnkMZA
TRGMIKV128F424C8C2,Maggie May,Rod Stewart,,spotify,01WyrSl0qTmntPNK6VemTg
TRFREUR128F92FB062,Young Lust,Pink Floyd,,spotify,3xGJuHvSxFJxxYlHj5BIoT
TRGPBTB128F92F76E3,Down in a Hole,Alice in Chains,,spotify,03ztfr2a1o0M9vv0217BUg
TRIUHEG128EF362B82,Colorblind,Counting Crows,,spotify,1AO5ic8rAnQ5tM37AqLDUC
TROICMF128F426FB1D,Wait,M83,,spotify,0bM5JsBjWU4RyYlMbp0voY
TRJFJEQ128F14667DB,Lay Lady Lay,Bob Dylan,,spotify,0idqaq5UbYMOENWK6CNsrY
TRUEZTC128F421B117,Wake Up Call,Maroon 5,,spotify,05djIgdTeNTlW8iE8XkOzb
TRAUONA128F4255A38,November Has Come,Gorillaz,,spotify,6lrDckuosGpwEHtm1hHBcf
TRUMPBP12903CD05B5,I Want It All,Queen,,spotify,0fJSalNubb6wOOwEoQ5GVB
TRRJEFF128F4255318,Psycho Killer,Talking Heads,,spotify,1fVddDKUxeAQOMt2inPK09
TRLOYOF12903CAC6A2,Lucky Man,The Verve,,spotify,23BxmD2e5HGuXmOoRuUNzO
TRDXRLL12903CDB709,One for the Road,Arctic Monkeys,,spotify,0OTvJXmQPv7SKavoV6td75
TRMMQFP128F92F0413,This Cocaine Makes Me Feel Like I'm On This Song,System of a Down,,spotify,0DVHR5FQ0Gp2dsZJz7hfdy
TRXOSGL128F42BBB25,The Way We Get By,Spoon,,spotify,0NLMuPnTqbPXQSM1KXZ4fu
TRIUGLQ128F92F9E38,Behind These Hazel Eyes,Kelly Clarkson,,spotify,0AKAxdNkwq9ZxRdW1DN9zW
TRDVSCH128F931B5E0,Hand in Glove,The Smiths,,spotify,0Cx5fuPXGdfhCv5cCBwlMo
TROHBFJ128E0798CDD,Down,blink-182,,spotify,0foZr5PLbICBq7IK6RYGqg
TRUERBT128F4266974,My Friends,Red Hot Chili Peppers,,spotify,14yW7v7nepI3sK8njLPdT8
TRVJPIJ128F931FCA2,Of Wolf and Man,Metallica,,spotify,0b0Beb4ZREnoLfgG8m8nMH
TRBVBRF12903CBF16F,We Can Work It Out,The Beatles,,spotify,3lTlqFbPpidYql4ExhzXTj
TRILWRM128F92F224B,Porcelain,Red Hot Chili Peppers,,spotify,07byQBp2E1Bdz77ZHJVemW
TRRFAKS128F4278616,Don't Stop,Fleetwood Mac,,spotify,08mzfNqiY7AJrT482avPmh
TRYCTYB128F1482B4E,Lola,The Kinks,,spotify,03t1VWDzXGwYgvapc4QPqk
TRLYGCZ128F1469DA6,Over the Hills and Far Away,Led Zeppelin,,spotify,16HDpEcioqbJBdI0bzvhrS
TROIXIC128F427B6F6,The Outsider,A Perfect Circle,,spotify,0Rur100Kf0lvj1kBYr8x6H
TRKZCVA128F42AC2D3,Soldier Side,System of a Down,,spotify,0uQqTWWHPCUlGkVM4jHhrE
TRFPZIR128F92E6793,Freedom,Rage Against the Machine,,spotify,0fNXBc9NyqA3qekSaMfkq6
TRORHPF128F9354202,It's Been Awhile,Staind,,spotify,05AOD2H38zl6Esi4TzSfIi
TRLKLMG12903CBBCEE,Voodoo Child (Slight Return),Jimi Hendrix,,spotify,07F94eMTNKrgYF4xXnnWI9
TRLRHQX128E07964F6,Just Like Honey,The Jesus and Mary Chain,,spotify,0MgnvhLKppdt6ajBWSXEGR
TRTMZAT128F932E754,Like Spinning Plates,Radiohead,,spotify,1GiaARTMZf2c7IQNa3oleM
TRIQOKX128F1464E18,Piece of My Heart,Janis Joplin,,spotify,19JPG7q6GIN8qtZAVqWcou
TRBNGSV128E078EE1A,Scentless Apprentice,Nirvana,,spotify,0HNPABEOt9aw4mj5ocaj3G
TRFQORZ128F93062A7,I Wanna Be Yours,Arctic Monkeys,,spotify,0ryEyJ994SqdJwGJXyS1SF
TRCRVQO12903C9F7F6,Last Kiss,Pearl Jam,,spotify,0m2SHDayflM5ntMdzKLaxH
TRLWDVU128F932B093,"Whenever, Wherever",Shakira,,spotify,07PHBDuUmOeZ7jeKSbAbKi
TREBJJA128EF35E1FE,Happiness Is a Warm Gun,The Beatles,,spotify,2VTE2KS7rggBzjWUYCAfWB
TRAJZCR12903CC8D33,A Dustland Fairytale,The Killers,,spotify,0G6x00ShFVMpIsI3g4nofh
TRYCMZK128F4243282,Welcome to the Machine,Pink Floyd,,spotify,5VWC7v2dC2K0SIIjT9WTLN
TROUKLP12903CB6364,White Sky,Vampire Weekend,,spotify,0dAp6Ptz8UlHxZ9uaydqMR
TRROPIJ128F42AF236,I Feel Free,Cream,,spotify,0qB7OWu6p2vn7ENfKRHr3S
TRLLDIW12903CF13E3,Chained,The xx,,spotify,087uyb1xZHXp9My0DA9IOl
TRUNVDP128F93085B1,The Thin Ice,Pink Floyd,,spotify,62zuXt6X5B6YQOBNFV2eXG
TRBXCVA12903CFF644,Old Man,Neil Young,,spotify,0WE10XsqIHde875om5NGyn
TRFTXKN128F1475A5A,Henrietta,The Fratellis,,spotify,142qcQz5FUdXnpKan6bIx0
TRUENMN128F1478668,Upside Down,Jack Johnson,,spotify,3YOigAKOgFTQuLjF9MBmd3
TRPEGMA128F42826CC,Eddie's Gun,The Kooks,,spotify,0JOYp9K7qa8kN52rvEGGa1
TRBVNWT128F93173BA,Help I'm Alive,Metric,,spotify,0VERkYcvGRi1PJwrroc1OB
TRUQERG128F147CBEA,Welcome Home (Sanitarium),Metallica,,spotify,0qGkuH9Ad7ttDIjgr3atv5
TRRKGRC128F932D8F0,Word Up!,Korn,,spotify,0axpBLJm96XtMOVWt12kAa
TRJLJHU128F4281C36,Can't Stand Me Now,The Libertines,,spotify,0ux9yRm4H8wouXioraZaef
TRGIRUK128F14658ED,Pioneers,Bloc Party,,spotify,101DAR4Er0fTefLah4jwWS
TRTNFRQ12903CB6360,Horchata,Vampire Weekend,,spotify,22d5vvCijMTue7PvUrGiz9
TRGCVOF128F93438A2,Streets of Philadelphia,Bruce Springsteen,,spotify,0114OOq2YTGcfD8XxhrY4T
TRIOUFW128F422EF6E,Good Life,OneRepublic,,spotify,0CbSzqsDqb4n9UjVspiNmr
TRUGWBY128F146B056,Spiders,System of a Down,,spotify,0igvMtYrP9f7jUKX7fjUO8
TRKGBKF12903CE63B8,Rock the House,Gorillaz,,spotify,0UQNHlrHiz19Htk7YTLVe5
TRUNYCG128F423A553,Inside the Fire,Disturbed,,spotify,0vyCqNINi2EGdDzpvewBiX
TRNPCOO128F92E7E3A,Stinkfist,Tool,,spotify,0pwObEOHolQZSldJ2q1wpy
TRINLAF128E0781F9D,Jumpin' Jack Flash,The Rolling Stones,,spotify,00hKh3kUrEgNSwPdfCmu2X
TRFMVQJ128F9353E70,Untitled,Interpol,,spotify,1hEOebOfDDORx6otmMjQAw
TRRHQVO128F92F6AEB,Don't Forget Me,Red Hot Chili Peppers,,spotify,0LGNCDBI88WlGMuo1w6zgS
TRAGGLU128F92E2B60,School's Out,Alice Cooper,,spotify,0DQdD4C4vt8qgvDkddNdmm
TRYNJVS128F423EBCC,This Picture,Placebo,,spotify,0LPCpE9wIttOa1esxIbh6T
TRXUXZL128F42661AB,Just Like a Woman,Bob Dylan,,spotify,0DcPaBRSkR4GsCoIy15JMe
TRCEOKT12903CF168C,Once,Pearl Jam,,spotify,3smoaQNfLJ9q09c5VZCUcd
TRAZCHK128F92D0500,Rococo,Arcade Fire,,spotify,0EuhALckmlG8flUY0rJgvQ
TRUFTBK12903CC1504,Need You Tonight,INXS,,spotify,09vRQy2DOSMEtfbJmNcEbB
TRFOQVY128F425A1D1,I Feel Fine,The Beatles,,spotify,6NXwtDay4GUal7MOmTGdte
TRXRGIU128F426FE76,I Wanna Be Sedated,Ramones,,spotify,0Uiew2w18RExZHvZXsgB0U
TRDIHRC128F930FDD4,All the Young Dudes,Mott the Hoople,,spotify,00z8sh4Zd9EHNNGQsvGE5E
TRZASYS128F92F9C7A,The Boys Of Summer,Don Henley,,spotify,0p7T2DoRUeLX47sa3Ar2Ny
TRPVKQM128F932BE00,Hurricane Drunk,Florence + the Machine,,spotify,0dj6mtoqOvAtBtfXsy2BG0
TRUMION12903CB6373,Cousins,Vampire Weekend,,spotify,1p5fFes80K9IPnZFqNca53
TROQFSN12903CA1863,Make It Wit Chu,Queens of the Stone Age,,spotify,0Cgd3CK6D2hhbwmLRvtscH
TRSNXVM128E07953C3,Foxtrot Uniform Charlie Kilo,Bloodhound Gang,,spotify,015hs9GPCGBnx0g2X1mMeo
TREXRBN128F42676B8,So Says I,The Shins,,spotify,0q8t8shbXliPiLDmp2rjtv
TRTLEMR12903CA5BC6,I Would Do Anything for You,Foster the People,,spotify,2C8nRg6b94MD5APavlDP6L
TRQTJLP128F92FAC5F,Ten Thousand Fists,Disturbed,,spotify,4T5R5ao25CQlZoc8DHyHyz
TRBOBLA12903D05E60,Roulette,System of a Down,,spotify,1Ip1XhR9OPvA9rPfm8uFZU
TRABNEX128F92C9DEA,Knocked Up,Kings of Leon,,spotify,01pxvC4QWx4mwArpt4cYYL
TROTZGK12903CA1A28,No More Sorrow,Linkin Park,,spotify,0tsFiS73rGU4TqrhLNg4cl
TRRQXOZ128E07860F8,Na Na Na Na Naa,Kaiser Chiefs,,spotify,1gUczu3jODVlsmgDBmUUeO
TRMKKFV12903CB7EA4,Flake,Jack Johnson,,spotify,09dOpua4kGcHzH9Jt6KTzm
TRNBBSY12903CBB070,Learning to Fly,Pink Floyd,,spotify,0HGrEeERo5SnH9QN7YIe9e
TREHAJJ128F42BB6C4,The Metal,Tenacious D,,spotify,0QXErGJmzprgbepPj9QrRp
TRKVODI128F931DD3B,When It Rains,Paramore,,spotify,2owXQZEmYfwbUXzaliVSpj
TRBGQHZ128F424EA56,Bedshaped,Keane,,spotify,0fjIlNUoGeFJ3eEHxpldKB
TRJAVOR128F9332C49,High Hopes,Pink Floyd,,spotify,1OzoYsOoSUJUgyHXHCRdd7
TRYETYL128F93457F4,She's Electric,Oasis,,spotify,0KHzN2os1HpqrGJstkemtx
TRRTELE128F427EC7E,Bukowski,Modest Mouse,,spotify,27QCaXOhT6qY0NT6tv5IZ6
TRXCOQG128F4279284,Panic,The Smiths,,spotify,19jbvpFrSLWAg00sPs6rei
TRXBWCN128F92F6083,Lemon Tree,Fool's Garden,,spotify,0oh61ZeBfXUJOqWzGWlVqu
TRMKDRB12903CF7703,NYC,Interpol,,spotify,0aCWIyoDl3nnl57ZAAn0ym
TRFRSYD12903CEC144,I Fought the Law,The Clash,,spotify,0B4iN0iHMK5ywTZS6ijqfq
TRKBRHF128F425A225,Give It All,Rise Against,,spotify,11P8PMjut7t75FPzHTgd0L
TRBBUHB128F4282729,Gobbledigook,Sigur Rós,,spotify,1jTrwEaqbTY0c5rNjLvPPy
TRLLQAJ128F932BE08,Everywhere,Fleetwood Mac,,spotify,03TpXVz6TwPMkZVCOcVkRo
TRJNLJS128F9338463,Purple Rain,Prince,,spotify,18uaPdWy3PCflEwOzNuAi9
TRNPSTU128F92FC6B7,You Never Give Me Your Money,The Beatles,,spotify,1jOLTO379yIu9aMnCkpMQl
TRLKPMD128F930FB22,Stellar,Incubus,,spotify,0TDgLuOqZsLYibl6JxzvLw
TRLVRWW128F4293DDD,The Bucket,Kings of Leon,,spotify,0hpE9ebmDck3MzARkvPvZr
TRAGDSY128F9339015,The Logical Song,Supertramp,,spotify,02O86f7JYOWO9bVMM4Pkdi
TRIOVMJ128F426590D,Vagabond,Wolfmother,,spotify,0V5b2pTxulwbWygiF1NjDL
TRINCXB128F931378F,Runaway Train,Soul Asylum,,spotify,07HvwBqYdVtFY99x0BK0k8
TRLXWMF128F14A381D,Dreaming of You,The Coral,,spotify,1C4KrpBOHP1eXfNt4wmGTd
TRCYWOY12903CB4F48,Nowhere Man,The Beatles,,spotify,3TtEqeLmCIj1Ep5zCZEDLC
TRKEGGM128F42900F9,Hear You Me,Jimmy Eat World,,spotify,0b69qdhSOt0DTdposp88Lu
TROJFQN128F4281CB4,The Way It Is,The Strokes,,spotify,0TbHxmBBtcLprseP3dJOY6
TRFZAPR12903CA90DE,Taxman,The Beatles,,spotify,0d0lwaOFpkJNDrmJzhTOAP
TRUOBDQ12903CB0610,Gasoline,Audioslave,,spotify,33AxY0QUitvte6JV6B6uLE
TRXCUAD128F92F68E2,Take It Easy,Eagles,,spotify,0BhDGNRmAONlzcxLZSBJ7W
TRGCODZ12903CCEE8E,From Me to You,The Beatles,,spotify,0pm4GhomcmWndM7mln2d6A
TROJVUV128F4284E02,Cold,Crossfade,,spotify,0Xxn7uwOQzgunyYnPU4UT5
TRIVXTN128F42824B8,L.E.S. Artistes,Santigold,,spotify,0oldl6j9937bfTlN48f380
TRJUJPA128F930225D,The View,Modest Mouse,,spotify,0bmfadM9TbjF8RgLSBU9fx
TRSHTER12903CE5606,Teenage Dirtbag,Wheatus,,spotify,01A95iL1uQNKyBMa864kjz
TRSROUC128F4265B73,I Want You (She's So Heavy),The Beatles,,spotify,5h0yfg2KLqjVOKpCUTkBKo
TRFRITI12903CB5001,There She Goes,The La's,,spotify,0CZjoK6bvi68GV1VcqE7HR
TRVRIBZ128F426BF71,Your Protector,Fleet Foxes,,spotify,0JSQRScYW3m4OnMsTSK2uA
TROTDAW128F9338CD6,Pyro,Kings of Leon,,spotify,0umDVf77ygI5RiVp9OvNDj
TRFSYOH128F42759C1,Don't Dream It's Over,Crowded House,,spotify,09lCzUyijpupWHB07HDpRd
TRVCXEX128F424A4B7,D'yer Mak'er,Led Zeppelin,,spotify,2ZEfg24tRFmXombR2cLqsJ
TROLSBW128E0792A43,Celebrity Skin,Hole,,spotify,09bWtJk9BMkQt1J4QtDp0a
TRMECYL128F92E2434,Fiction,The xx,,spotify,1b7cTK54Mky33ctfeSUqF2
TRFOIIO128F1490EEC,Prayer,Disturbed,,spotify,3HGctlDltHdllOSTogGKhJ
TRIWGNC128F425A2A3,Empty Spaces,Pink Floyd,,spotify,5yMyLZu4wPvWcbLFiRhYVM
TRLPCKY128F42ACFB8,DOA,Foo Fighters,,spotify,03AIRTc1MIGDa4Lpnp0pqP
TRABZOP128F9316E24,Eleanor Put Your Boots On,Franz Ferdinand,,spotify,1cC3uP4HyA6LgnHdmTz1Hr
TRLJIRD12903D01ACE,Tick Tick Boom,The Hives,,spotify,11NbY6pumU3yzLyo7P5oNQ
TRJAMPA128F92D307F,Blood Brothers,Papa Roach,,spotify,0R0Od004mm1yRHEVnpygoj
TRASHPV128F4281CB1,Meet Me In The Bathroom,The Strokes,,spotify,08l9WKDuRyGeStQ9ojTlFh
TROYKWP128F9336656,Breakfast at Tiffany's,Deep Blue Something,,spotify,062xuQQJvV3OTrpTLjFRQ9
TROBUUZ128F4263002,Paralyzer,Finger Eleven,,spotify,06oFkihdWaUvtEnzpEIaM6
TRCRMIC128F426442D,No Other Way,Jack Johnson,,spotify,0uoI6LzLNgljbXK10YvzdK
TRIMPFQ128F42B3024,Dig,Incubus,,spotify,09NB1Vm4DFTMg8RezfcTxB
TRLKYEB128F932A8C1,All Right Now,Free,,spotify,04hIFherzNrbAt0oqmHvp1
TRWXYVM128F4268D29,Get the Party Started,P!nk,,spotify,02jcEwywffn3Tsb48fXmlW
TROQBZM128F932ACCD,Come Out and Play,The Offspring,,spotify,0S6WWRZ7MpVnkeZrSiQpmY
TRRJMRG128F9331FA1,Death,White Lies,,spotify,0bvKPdQV5Ay59PrYBRDKqo
TRJCYFL128F9312EB2,Fallen Leaves,Billy Talent,,spotify,0FVvn5gsmYLkHPgJfuuuEd
TRDDISU128F933D434,No Quarter,Led Zeppelin,,spotify,0DbQzvQHFXEMNOOZn2w8i7
TRJADMU128F427F693,The Song Remains the Same,Led Zeppelin,,spotify,2e61kmae4HhbuS9hYONQ0A
TRLSDIU128F42693EE,Shape Of My Heart,Sting,,spotify,0VybiniKvHpdWXqQJs7NU0
TRLMHXN128F42311CF,It's Not Over Yet,Klaxons,,spotify,01vpR4LWvmW2DHj0UY2UhC
TRAPFHA12903CF8527,Ordinary World,Duran Duran,,spotify,01CyjXGWrVqo9P2nyP5qUP
TRUFOZX128F92FDB8B,The New Year,Death Cab for Cutie,,spotify,3uQ9tq0eQKvfJOARl0UB4q
TRLUUBM128F427057A,1985,Bowling for Soup,,spotify,0eVFOryA0xWDHO6h2SGuJX
TRIMFGK128F42BAC92,Hello,Evanescence,,spotify,0a5IY60a8Ejwjdi1RIqpbh
TRWDDGN128F4268958,Lazy Eye,Silversun Pickups,,spotify,1aDLUzCyYpRXgrjwUWzV2X
TRPATHZ128F4242033,Another Day in Paradise,Phil Collins,,spotify,1Jxaj5IRABaRwBeeBnMDsZ
TRXEYSY128F930DC4F,Green River,Creedence Clearwater Revival,,spotify,0Cw4icqLedVj8GFvQvEqUN
TRLJJUH128F4280A99,Grace,Jeff Buckley,,spotify,05E7w3Y4o5A72c9HqP1nec
TRJETPW128F9337C0E,Paperback Writer,The Beatles,,spotify,0Ao7mLAmx0Jwwd5SZIsdcc
TRPCUON12903CCC98B,Burn It Down,Linkin Park,,spotify,1kiNvLalEPD4w8V6WUl6sC
TRPEDVE128F931113D,This Boy,Franz Ferdinand,,spotify,5vAxH4qCK9W6Zg38IhiBvu
TRUWOAH128F92F9914,Blinding,Florence + the Machine,,spotify,0yqyGx47rQuY4OGTCv990p
TRCPQTP128F92F22B2,The Weight,The Band,,spotify,0a0SQBSVpDQcDf2Fep8jQK
TRCSABN128F4282231,Daughters,John Mayer,,spotify,294DpgHLbYJBL8jFUUBvWZ
TRBFORG128F92EB847,I Will Survive,Cake,,spotify,0qgiFuYhYuwtFXEwYakddE
TRRIQJW128F9333046,Rome,Phoenix,,spotify,00R9IVeKV18b9cf07wZkv0
TRUPDNU128F147CBE9,The Thing That Should Not Be,Metallica,,spotify,0Zo0GJhGcT2qKFb5NxY3Vf
TRYQUGO128F92ECCA0,Back Door Man,The Doors,,spotify,03By6gD02qhtvIQiK8KidK
TRKDXAT128F92FF1B2,Children of the Grave,Black Sabbath,,spotify,00iV838pAEznn1qLoG8Rxy
TRCYBXU128F932F832,Magic Carpet Ride,Steppenwolf,,spotify,05B7Kc8fvBlX0OWbE6piPZ
TRUGLJC128E0798B7B,She's Leaving Home,The Beatles,,spotify,1FpTmbr5ec8VCoGvlhNHVW
TRJJTTH12903CBF78C,Aces High,Iron Maiden,,spotify,2Ip3159qMTmWJjNGZLVxyy
TRYTLNM12903CF13C0,Remedy,Seether,,spotify,06rVtp2mc7lI5qsn6wUPHb
TRPUGUW128F426BF6F,He Doesn't Know Why,Fleet Foxes,,spotify,10lOVrdkSTb9zkmb5D7aR8
TRYSMUR12903CEB2D6,Kiss,Prince,,spotify,08owco5M7quoQAo7oFCZLz
TRCPRMO128F932A14C,Razorblade,The Strokes,,spotify,1fMRDkExIEdcfo7hylOP5P
TRRJLZB128F4294061,Moondance,Van Morrison,,spotify,08SAY4QNKaYwf0JixJIRDj
TRRGPSF128F92D92AA,Mein Herz brennt,Rammstein,,spotify,1GFrE4xHp1j1BvXN7SoH4R
TRIPZDO128F92FE016,Mysterious Ways,U2,,spotify,0rF2hdWiVpnFsZMUfxDK0T
TRIYEBY12903CD444C,Gigantic,Pixies,,spotify,2bjamW62zri0xyZYZIwZPF
TRLJHOY128F42AB662,Society,Eddie Vedder,,spotify,0QjEbXW2CRsXIB96iRiqg1
TRYWBFM128F92FB0BE,Dead Leaves and the Dirty Ground,The White Stripes,,spotify,1MUI7NFmVpEA7n3iKfE6Ow
TRRRRCH128F9342C72,A Well Respected Man,The Kinks,,spotify,0bqEyA4bNCrjbQqBMt6hvA
TRFYVIE128F148C86E,Criminal,Fiona Apple,,spotify,0Z7e5MKWGWNxduc9QYEKly
TRMJKTS128E078EDDD,Milk It,Nirvana,,spotify,2NdhFHnT3bFsYdBH7KYx10
TRXEATX128F93112DD,My Life Would Suck Without You,Kelly Clarkson,,spotify,00tCXgXURh3I6HzmJkaUUY
TRLMTDJ128F92FE77E,Better Man,Pearl Jam,,spotify,1L2tPnJYQQO2wTHlsZRdtA
TRLJSZJ128F9352184,I Don't Care,Fall Out Boy,,spotify,0FOcxitpW0jVVjIo8b71qC
TRFMWZD12903CD1972,Animal,Neon Trees,,spotify,0l4DTppOxy7NUaEcwXuOb6
TRILDLY128F42541C4,Heaven,Bryan Adams,,spotify,0dhfQMAZIa94ZsXGG3hfrZ
TRAJDHN128F92C2EEF,Dirty Diana,Michael Jackson,,spotify,04LQzEnPUIzDCC8TR27Jhc
TRFXHKE12903D002DA,The Prayer,Bloc Party,,spotify,0TRMfz6PF3yIlYOnEPkRdZ
TRKKFQD128F1482B82,All the Things She Said,t.A.T.u.,,spotify,0EvDtcBNLAw6M2GVzfBymt
TRRHTOS12903CBBAE4,Shine On,The Kooks,,spotify,0mFGD4jGQcjB5XNzOqSyau
TRGSVZA128F92CF92E,Losing Touch,The Killers,,spotify,0ORrEWcI3Da6iV6pplqQWa
TROHFJS128F930A145,Voices,Disturbed,,spotify,1jPgyViNE7djYSr1xEPlPJ
TRMKGQL128F425A995,Country House,Blur,,spotify,1IZNmbbRMnvmxoSMbkiqG7
TRTGNTC128F92CA9C7,Walking After You,Foo Fighters,,spotify,0gzrErMqfoQhuc8FCIzSwP
TRANEIV128F92E3AA6,It's Not Over,Daughtry,,spotify,07OoWlCjjt6wqfRMCQmgC9
TRNCEUK12903CCC629,One Last Breath,Creed,,spotify,10941s6U9guB7kMnTSrxqu
TRXBYVL12903CEA99B,All I Want,The Offspring,,spotify,05gqS78oJVqZIvIARimXjD
TRFXGEW128F428655F,Waste,Foster the People,,spotify,09zwxjwc1f9J3aWMUJuXHF
TRCPREX128F92EC68B,Sunset,The xx,,spotify,0SM9im0tFDq5z3CnlkG3A9
TROKFHQ12903C980A3,Look What You've Done,Jet,,spotify,0BKAIog8hZ6CoSDTwIJzaP
TRIJNHE128F426A385,Electric Funeral,Black Sabbath,,spotify,0GoyVMmzOB53lT8qRJYC4b
TRDQHWD128F425982E,Only Shallow,My Bloody Valentine,,spotify,4O1j2o3XaZQ1H8xwibgc4q
TRAOKTB128F930612A,I'm a Believer,The Monkees,,spotify,0CRMr2DJ4p8x5qPXrK6goS
TRZXBZU128F93426F4,Land of Confusion,Disturbed,,spotify,2ICoBiUwl9gqo1UCtaNWKo
TRCQABD12903CE53CF,Come Back Home,Two Door Cinema Club,,spotify,0MZpuIB02kpr1LYSENCxe6
TRRQMXP12903CD444F,Gouge Away,Pixies,,spotify,1YZDkJOFT8xlAXDi8lneb3
TRRNZBN128F147CC7A,The Unforgiven II,Metallica,,spotify,0IGXkVRn0uCsgn4FvIfpgB
TRUITHI128F425CF2B,Sober,P!nk,,spotify,0ASoEHTXSORb6u2nLXLHUp
TRMEPEU128F9338979,My Propeller,Arctic Monkeys,,spotify,0AlVmkmBw6ZtMdh2bnLrmL
TRZVTUG128F1486A86,Uncle Jonny,The Killers,,spotify,27MzEYxJbym7RBK5G0MWLg
TRQEMRN128F933B4B2,Sun It Rises,Fleet Foxes,,spotify,0BatdOxGWlJdi3WuooZySi
TRUEFWH128F4214A09,In My Head,Queens of the Stone Age,,spotify,0jGTmdloNXK6OKOtxCkT3p
TRPFPEX128F4281C41,Arbeit Macht Frei,The Libertines,,spotify,50CHbUO07UeOinXKXSk0UV
TRLNSPQ128F1469E40,Haunted,Evanescence,,spotify,0jqzm9ZI2ZoGbXxmX0uy4u
TRUSGVT12903CF2B04,When Doves Cry,Prince,,spotify,0IzJ11BMPGG9AQ09wybJw7
TRIMJQY128F9322A5A,Ruby Tuesday,The Rolling Stones,,spotify,144S2OoUubFZNcQwIjpi6C
TRXUSKH128F92E3985,Rebel Yell,Billy Idol,,spotify,00WQZhpNH2yG2i4GMN4bRR
TRXGTQS128F93400BF,I Can't Win,The Strokes,,spotify,1FDBLZg4L8snDxv3kXczlo
TRCUKAI128F1484D85,It Ends Tonight,The All-American Rejects,,spotify,04KO88myVv5s8zo9qYsTZq
TROHQNG128F932D96D,Goodbye Cruel World,Pink Floyd,,spotify,0ZXkKRO789QKBR6ME7pIDF
TRVQBRZ128F423EEDC,Hotel Yorba,The White Stripes,,spotify,0FhrVQDIomjSy7pNXPEDlN
TRXSAPP128F424A2B1,Megalomania,Muse,,spotify,2Ql35D6jSAcDyLnQGsD6ie
TRCGNAX128F9304092,Moby Dick,Led Zeppelin,,spotify,0h2gzJQBt6duqZD6kWiz4s
TRLQBOZ128F93226B1,Angeles,Elliott Smith,,spotify,06OCtke0rGFFyDhJb92qEp
TRCQIXK128F148D15C,The Only One,The Black Keys,,spotify,1g33ZjcmNA5wC2jW1TNlMi
TRGQYVO128EF34A8A6,Jambi,Tool,,spotify,2gbPu2QNqhnnqtfK3yyeZ0
TRFWVIK128F934AA68,Cornerstone,Arctic Monkeys,,spotify,04a4noDJkAxCdYAs9FUFpT
TRLUNCP128F42BA510,Tumbling Dice,The Rolling Stones,,spotify,0arXqeZBgoHle09Vji0mq3
TRHWQQY128F427B6EB,Weak And Powerless,A Perfect Circle,,spotify,06cK5xod5muGmXJwzA1luy
TREQRAC128F42900F0,Bleed American,Jimmy Eat World,,spotify,0yyXpGQSpnHnBU5dC4J0bq
TRERORE128F1469FFB,Amber,311,,spotify,2gy6wl3zoJiNE2KtYy5Mb1
TRYBKAT128F932BE60,Sonnet,The Verve,,spotify,4816eEkOoYPd3ViW7PkLbI
TRCRGYP128F9336DD7,Outside,Staind,,spotify,0Ztjq2CAp3LRw0n4Nw96WE
TRLQSLM12903CA9475,Crying Shame,Jack Johnson,,spotify,0Io38jwkfDae1Amzc0d8b6
TREJAXB128F42BC34A,Fans,Kings of Leon,,spotify,0x65X77rUCE7bvQ2UTAe8f
TRCQIXQ128F42516FD,Tangerine,Led Zeppelin,,spotify,3NH2FJUSV3HGXZRtOc3Uwj
TRAAKCH128F42609D0,Footloose,Kenny Loggins,,spotify,03yLjcA2uI5afH2KmPPLR6
TROXBMX128F92EEC6D,Astronomy Domine,Pink Floyd,,spotify,0FNbuitlZYJTQ0U2B5PnLt
TROLLAB128F4248731,Chocolate,Snow Patrol,,spotify,1hr7xMWsAo96jVmOeV1diX
TROQLRQ128EF35F612,Staring at the Sun,The Offspring,,spotify,4hKp4qzh34g6rgfa2cy0kt
TRIQOTB128F92CEF64,The Wizard,Black Sabbath,,spotify,0CHJMgNilqjPPFXtUuc9gQ
TRMPYGB128E0789F79,Rhiannon,Fleetwood Mac,,spotify,05oETzWbd4SI33qK2gbJfR
TRCVTGV128F4279C82,I-E-A-I-A-I-O,System of a Down,,spotify,17cKTJIWIHTeTmdgNs77DL
TRRMHEU12903CAC640,Hallowed Be Thy Name,Iron Maiden,,spotify,03yt6I1AcWTo4OSuB0YReL
TRZJZPW128F92DCD99,When I'm Sixty-Four,The Beatles,,spotify,5UOd4rjE1TYeEQrQRTQHKv
TRSBJRN128F93366EE,I Wanna Be Adored,The Stone Roses,,spotify,068kgGBGF4hMy6HiCltAXI
TRJPBGX12903CA5C70,Time to Dance,Panic! at the Disco,,spotify,00YJtlBOcRuSXQixdAJtoI
TRILXNZ12903CA1A0D,High,James Blunt,,spotify,01TFgK0wpvcntM9HgPWmOG
TRRFDCH12903CE49BA,Superstar,Sonic Youth,,spotify,09FvuEFKmkwqTO05HFEfEq
TRFTEGX128F4287C70,Armistice,Phoenix,,spotify,005XIuUrpM3zKTevhQsT6n
TRIVEDY128F42A279B,Elevation,U2,,spotify,0RHPoliIwT6ddbPugZNitX
TRMFCNV128F92E8B76,Nice To Know You,Incubus,,spotify,1JGvhr3FxgBzV36UPZfjnR
TROIRSR128F1451EE9,Doesn't Remind Me,Audioslave,,spotify,0o995gJCGebaza0LWybToU
TRIURCX128F4274B3A,Cancer,My Chemical Romance,,spotify,0GgN4MhR5GKn5IcKN0e0rG
TRZAYJC128E0789041,Fire Coming Out of the Monkey's Head,Gorillaz,,spotify,1S9tfxdFr4TqoqA14gnKj3
TRUJFBF128F9323DA9,Afterlife,Avenged Sevenfold,,spotify,0u8JzRt0TAwSyCl2lPTQmE
TRJPPZX128F93359BB,Tame,Pixies,,spotify,0jAr9A17yhReqbNLCrM0LO
TRIPOSW128F9307667,Nookie,Limp Bizkit,,spotify,0LMKLFAoXfRyv5y3qTsK5x
TRXJGNV128F9332B83,Imitation of Life,R.E.M.,,spotify,0EpOmWnbZJAtHHu9eqPXi1
TRRJVPC128F4294954,Black Sabbath,Black Sabbath,,spotify,0mpZ9TorKKr4wlIrm8DLFx
TRZPVLJ128F148D2F7,Rock And Roll All Nite,Kiss,,spotify,03PtniQc7l5ew6PD6Ydejh
TRGDPHZ12903D07C6A,I Still Remember,Bloc Party,,spotify,0bIu2265492ltllbDnXe7h
TRUZRGU128F933A023,Empty Room,Arcade Fire,,spotify,0Kjn6XSrgf8g1ARG22Nv59
TRIZDTN128F429EB1D,NARC,Interpol,,spotify,1yLSBbPcfWJluFO7X3D7YZ
TRYWSSS128E0794EEA,Detroit Rock City,Kiss,,spotify,0bre62q33uLD2fxrcOPyKs
TRABBAJ12903CA736F,No Excuses,Alice in Chains,,spotify,0tHJqtKyFkLhh6lrMFycpq
TRAEQFU128F426241C,Revolution,The Beatles,,spotify,1VsVyttTl3QAu1zWoGUWLW
TRILALV128F92FD0A3,Sway,The Kooks,,spotify,0Zp4ug4hxrI798Ub5gy2qx
TRUEGCS128F4251358,Dreaming,System of a Down,,spotify,3uq4af01zFImBquygXGmzW
TRFSGSD128F92E4740,Nutshell,Alice in Chains,,spotify,0Dix6kuBkYvNR5nkr9ozw4
TRPDGXR128F9318614,All These Things I Hate (Revolve Around Me),Bullet for My Valentine,,spotify,0BzoPFgREMUzz3Btp5hoUu
TRDKOIK128F145BFC2,In the Flesh,Pink Floyd,,spotify,24YmWQgunJGAU8El3ndkyn
TRDKUGR12903CB59FB,I Won't Give Up,Jason Mraz,,spotify,05pKAafT85jeeNhZ6kq7HT
TRRAUNF128F425E8C9,The Fantasy,30 Seconds to Mars,,spotify,1v08ycR6e5UAsT4Ki4LT4U
TRXFTLM128F423092D,MK Ultra,Muse,,spotify,0b3e19laPXuaikzGWGJGV8
TRBKXOJ128F429008D,1973,James Blunt,,spotify,0bXgHANh87ATv5ReOdxVCX
TRCQKMP12903CE4288,The Game,Disturbed,,spotify,0yt7u0iMd1DFCyZ7agXm1q
TRDLDFO128F9300D57,The Memory Remains,Metallica,,spotify,08EzeuJjf3jRQLIklielZo
TRJVTTP12903D0F63F,Keine Lust,Rammstein,,spotify,02QK4jRTE81kESXUaG6j0j
TRXHSSO128F425E6A4,Charmer,Kings of Leon,,spotify,0zBZEazw6UEWMqWXa87lvm
TRXKNWS128F92E6495,We're Not Gonna Take It,Twisted Sister,,spotify,00wRtWnAEYR8E99we1KLML
TRDJRES128F933B4BA,Quiet Houses,Fleet Foxes,,spotify,0UQoAzdRK4HvJ3uoD6N7Nq
TRFRRND12903CE211B,Rope,Foo Fighters,,spotify,0iYXPfnVgrK155NXTgntxo
TRKOHVA128F426BF70,Heard Them Stirring,Fleet Foxes,,spotify,0q4WM7FgPUcrXpJBdTNtOP
TRCPPUL128F4294CEB,I Can't Quit You Baby,Led Zeppelin,,spotify,2idijP1bI3eqkU0gbVMdjU
TRXXVYY12903CCC656,Tourniquet,Evanescence,,spotify,0wOiqlEo7HKKcANTxFUpUe
TRCQKTD12903CDEB55,Walking On Sunshine,Katrina and the Waves,,spotify,01jnzwtKn8UV49q31OHdVz
TRCSMIN128F9335655,What You Waiting For?,Gwen Stefani,,spotify,0ny5zITdmyNwyTPVzRGscU
TRUMRSZ128F92F0709,Mutter,Rammstein,,spotify,0PxJKqtHVEeSaqnb7mPaRM
TRVHLCA128F42AC2CE,Holy Mountains,System of a Down,,spotify,01tto4a5t1ZGlW1hdHIhZ8
TRUSEOK128F9310389,4 Words (To Choke Upon),Bullet for My Valentine,,spotify,03bquTd9q8qBnaXkofOF7r
TRAZJEN128F4298784,Burning Down The House,Talking Heads,,spotify,0dXbpIrqC1gCj0X1jZxfjo
TRRLQIP12903CB78F7,Unnatural Selection,Muse,,spotify,11F6615eVsakLzk2mDNGpy
TRGFKEN128F42913D5,Megalomaniac,Incubus,,spotify,143sZgySA70Q8lzZp8wxsG
TRAEQXJ128F42BB9B8,Kickapoo,Tenacious D,,spotify,2RgumT7rGXgqKDxvgwWl23
TRMFCAR128F1468ED0,Drive By,Train,,spotify,0AEBVPu5A83zV1uB7sYZ7f
TRRFWEV128F930DD91,For Your Love,The Yardbirds,,spotify,0Dihd5qPDiWIUGkY79GkNV
TRGQICS128E07894D4,Bone Machine,Pixies,,spotify,1zj4pQofYjOyrqpeKwPXWk
TRRLYJG128F42B0233,My Sharona,The Knack,,spotify,00gDhBAEuylEDhJZQreJCW
TRFNZDI128F425EBD8,Thank You,Led Zeppelin,,spotify,2l4kPciPZ01NZki28Nl2dx
TRCQGPP12903CC30DE,Snuff,Slipknot,,spotify,02wWugZopNahlikfX5vm3F
TRIWEGG128F92DFC76,Here to Stay,Korn,,spotify,0fbSWXzSiXeiKi9XjbWLas
TRSCZUC128F4258034,Hall of Fame,The Script,,spotify,059b5nG4IFQr1xMbgG0X8M
TROLWPX128F4282312,"Don't Think Twice, It's All Right",Bob Dylan,,spotify,0Biu9nGcUiIkKe8CglFikR
TRIVFEJ128EF354117,Daughter,Pearl Jam,,spotify,1N6ufONdqo8Lltpq7F4tcz
TRPOISD128EF3436C4,My List,The Killers,,spotify,0yhHTzLPdMXAnyBfk2tcDr
TRUDPOB12903CCC161,So Far Away,Staind,,spotify,0jl7i6CbEmTDpiDZfO2dUd
TRXALQE128F9320893,Standing Next to Me,The Last Shadow Puppets,,spotify,0Gixri84BTxlBikXqyXhWy
TROHSPK128F930CFD3,Feel,Robbie Williams,,spotify,07zAQlEL2GHjfj99MR52Bu
TRLMIXW128F42A513C,Isolation,Joy Division,,spotify,0MD985CMwuXcVLCOo8fUZ0
TRKGGMK128F42286FE,Screenager,Muse,,spotify,033IZMP0kKR0RC1h4Z2NVy
TRINTUT128F92E69FD,Say Yes,Elliott Smith,,spotify,0pb6qGwoIv5iJ4P2Wl6PYU
TRIRGIR128F933767A,Please Don't Leave Me,P!nk,,spotify,0CGyXqxLCm0HaVEwjriwrd
TRXCOWT128F4276F38,Left Behind,Slipknot,,spotify,00gZKlWAXM256BvCaUV0qv
TREQSKD128F932E74A,Pulk/Pull Revolving Doors,Radiohead,,spotify,0VzbHBBI2E2OEiDiTlt0ef
TRYGNNB128F42275C4,Vermilion,Slipknot,,spotify,0fX9KPa0i9RGDI59gI90i9
TRTSKDL128F42AC2CA,Kill Rock 'n Roll,System of a Down,,spotify,28TReO2Mxk9Q3GA4K98YSz
TRXJZBF128E078EDE2,Tourette's,Nirvana,,spotify,0bo2wmmHoUWJ8xC0xVNWFM
TRISDBR128F92E0D11,The Age of the Understatement,The Last Shadow Puppets,,spotify,0AL870bM5DmOX8Imc7t2b1
TRAGCPZ128F426E7F9,Black Betty,Ram Jam,,spotify,01I8XnfWqwFNKTGhMBuLf6
TRIGLGZ128F9322C1A,Mammoth,Interpol,,spotify,0in2ev3ilwxw2yRwmJYwk8
TRYDHWJ128F9347F72,Never Say Never,The Fray,,spotify,1ATKTLkUWpxzmWTCG0dF06
TRTMZIM128F4272559,Shadow On The Sun,Audioslave,,spotify,1NIv7bG744T9PYF9oqEwuJ
TRAAUEO128E0780CB9,English Summer Rain,Placebo,,spotify,0lmXvQcZyRHKfXZxs1lbqC
TRETTNN12903CEB9CA,Holier Than Thou,Metallica,,spotify,1kaB0BvQEmwHeAzNh4jziT
TRMCCNW128F425157A,If You Wanna,The Vaccines,,spotify,04ywASMRGDUC9yRr5RxJzN
TROJLKJ128F423CD2A,The Great Escape,Boys Like Girls,,spotify,0dQVYG5kXtmlDi9haVuQ6T
TRXELCD12903CFFC8F,Boom,P.O.D.,,spotify,5DooySfCD1xCJ49gQm9rx7
TRVQTQG128F93073B0,Molly's Chambers,Kings of Leon,,spotify,07B2cvi6UNK4PiyM8l7CuF
TRCTDQW128F14A46A4,What You Are,Audioslave,,spotify,4Dz0U7qR4GxIZAOGGEPuTf
TRCTPLQ128E0791A7B,Strange Brew,Cream,,spotify,0C44SQmm5OeLF6aahIPgJZ
TROJKXT128F149078E,Push,Matchbox Twenty,,spotify,2HpIvr7MWwxpvVmvbFwRBf
TRGKLSE12903CCC5CD,My Sacrifice,Creed,,spotify,02kAucMDgjKBsnaJHynSUi
TRUHEKT128F14772A0,Can't Stand Losing You,The Police,,spotify,017MqJmYtXUqURJJZZOYv3
TRUSIMU128EF3436C8,Exitlude,The Killers,,spotify,1gW0MzTjB98ZPRa7hsbgmA
TRUPHJJ128F42435B8,3's & 7's,Queens of the Stone Age,,spotify,06hit7qMrzRkdD9kacQlC8
TRVZILF128F42748EF,If I Never See Your Face Again,Maroon 5,,spotify,030C04WSJbsmmOjXFX1ERA
TRBQUFR12903CDF4A0,This Is Your Life,The Killers,,spotify,0sF1Lxcu11MD3PpnnicB6A
TRQOYJW128F9307EFA,Guiding Light,Muse,,spotify,0VgfL8kAUcU6P1ttSuoEvJ
TRXYMNH12903CC9C08,Heartbreak Hotel,Elvis Presley,,spotify,00iiXJMOOrmxwyPKRnoDu1
TRMAQWJ128F427EC70,Bury Me With It,Modest Mouse,,spotify,07oylHqeWc0nveqUebEvOm
TRSSYNU128F42694E0,I'm So Sick,Flyleaf,,spotify,0bqb8cyz8MfgE5IYklNYWD
TRFNYMZ128F1457EC4,Welcome Home,Radical Face,,spotify,0auexNpRvJrDKB7kXU1DwI
TRXGIWR128F9311144,You're the Reason I'm Leaving,Franz Ferdinand,,spotify,0ZlGhrnei6WfwOla7zR5it
TRJDATU128F4292983,Yellow Ledbetter,Pearl Jam,,spotify,1kuTu5JbsFwC2dolLdPBMl
TROQRCJ128F4289F88,Cannonball,The Breeders,,spotify,11nv53N7ZnNTCgyl8yxvYd
TRTIZYC128F9309C7A,I Am a Rock,Simon & Garfunkel,,spotify,0byOqNZN9ailhoORv5Ps0Z
TRADMRG128F932C34E,Yesterdays,Guns N' Roses,,spotify,0Fn5z6ACViWoK2Y2o7PuAv
TRXNMFG12903CB266E,Stupid Girl,Garbage,,spotify,0cYmUo8d7UjzvAepy00Buj
TRHGNRG128F42806FB,"Here, There and Everywhere",The Beatles,,spotify,3Y7mdk8mclZ07gepLQ3CAi
TRJBGYJ128F935577C,Communist Daughter,Neutral Milk Hotel,,spotify,3Rs7rHO2ydsRL3Iwe3X1RS
TRWAUCC128F428E6FD,Staple It Together,Jack Johnson,,spotify,1wDUd3PBbLm1fNipGJYODZ
TRRHDPO128F92FBAD0,Lost Cause,Beck,,spotify,29i8axWOLDmgbiutJb9prB
TRMGEVT128E0792657,C'mere,Interpol,,spotify,0AWT45ox1Nx4Y8LEvwDjTF
TRAKKVD128F14A895B,(Antichrist Television Blues),Arcade Fire,,spotify,040YNRWisvvHqy1hUW2Kxe
TRAFUBQ128F92EB825,Girlfriend in a Coma,The Smiths,,spotify,5n661KeXVyXDVG7DpDv8RF
TROIGJU128F14A4373,I Miss You,Incubus,,spotify,0ZVorBFSmsJBE0pczFzIvk
TROPMPX128F930EF70,Codex,Radiohead,,spotify,172TCtYnKdqRFPGjeGFzgc
TRHBJOM12903CAF406,Little Lies,Fleetwood Mac,,spotify,03rqNdzXTQ7VMZk03x0rXU
TRYEXJI128F14898E1,Who Says,John Mayer,,spotify,0HLWvLKQWpFdPhgk6ym58n
TRILLAP128F4271500,Save Me,Queen,,spotify,0UaszQZ0oiEIi8BMwz4vZj
TRUVEJR128F4218F97,Dirty Deeds Done Dirt Cheap,AC/DC,,spotify,0dNlnWJFbmJlhpQiUZyCc6
TRAGNYX128F148B271,Right on Time,Red Hot Chili Peppers,,spotify,0L3cvlGzbeLWI1VHQ3YY3i
TRORQQO128F42968CE,Once in a Lifetime,Talking Heads,,spotify,019KRrap2TW8ASDAWbe6OU
TRKHRMA128EF34C110,Girl Inform Me,The Shins,,spotify,1ovy7HR76xa4fF07e217CM
TRFWUBD128F92F05DE,The Universal,Blur,,spotify,03MIODML67WQhczGvh8w8F
TRJDVOH128F931030C,New York City Cops,The Strokes,,spotify,2axOlCxttBIfLqGe13b9QP
TRIRXFP128E0786412,Jerk It Out,Caesars,,spotify,0uijtkVj23vKQ8TwHtnxOM
TRLSNEY128F92FC0E2,Thunder Road,Bruce Springsteen,,spotify,0Mr8A4GPSKHX0hTWwUZXuU
TROMGTD128F9363FA9,West Coast,Lana Del Rey,,spotify,01xAq8HMYTNqmsbH0ZvPMl
TRCCRQF128E0786B9E,Only Happy When It Rains,Garbage,,spotify,0c0Vtu3PCMiHet4wAOX4ot
TRXVWDA12903CF5E1D,The Grudge,Tool,,spotify,6ZsZxNP4Iwdyp3kd5oFFQN
TRRHRUL128F42633BF,Sweet Leaf,Black Sabbath,,spotify,0edbh5TwkYFcIMR52ztosd
TRDOCMY12903CE481D,Hands Down,Dashboard Confessional,,spotify,0F2l7TDIs9qAmi0hskeDWS
TRCQGRG128F425A1BE,Rudie Can't Fail,The Clash,,spotify,00q68H38sXzC7vIfSrQ2A6
TRSYCFD128F42AC2D5,Stealing Society,System of a Down,,spotify,0ELxqqeeisigIJhN6dsNHI
TRZVKZL128F4243879,Broken Home,Papa Roach,,spotify,090NVZTWh0xpckiNcmPiq3
TROLOMI12903CB2CE7,Babel,Mumford & Sons,,spotify,0f54nIlaoGoWTMCWMu1peO
TRRGVZP128F4255D6D,Burn It To The Ground,Nickelback,,spotify,070tyIy4vemQgk8CL0oas0
TRSEPWP128F422F6E5,The Ghost Inside,Broken Bells,,spotify,091Qb0ewYj9NhFquUd9wAv
TRGPZLV128EF35D0BF,Never Tear Us Apart,INXS,,spotify,0ilWGN5dBrmR0aY47iAU2U
TRUFJTZ128F429CD42,Until The End,Breaking Benjamin,,spotify,0B0bZWSkdYb70biCI1ju1W
TRASJTL12903CCD30C,Black Mud,The Black Keys,,spotify,0zSAewFikTRBXxyMZwAujF
TRVDDNU128F145A18E,Jackie Big Tits,The Kooks,,spotify,0lASgM8XaowEc6qrmIRraN
TRIPPBV128F932DCA5,Our House,Madness,,spotify,0iW3CYyI41eHfEtBT0AXaX
TRORPEN128EF36315F,The Noose,A Perfect Circle,,spotify,05qnyr8Uxf54TooSRzx4B6
TRJIRBO128F146D62B,Cheated Hearts,Yeah Yeah Yeahs,,spotify,06jqdtLI4MTeAEqAPXRV76
TRSYPPR128F92ECB65,40 Day Dream,Edward Sharpe & The Magnetic Zeros,,spotify,1m2A0wGb43khkL02TdRt4K
TRQJUCR128F42AC2CD,Tentative,System of a Down,,spotify,11WZXXvGyrtUBp15TtojxA
TRRIHQU128F92EDF8F,Valentine's Day,Linkin Park,,spotify,0FRbG3UXCdp2A6T0XCR4fV
TRUMFSQ128F92D8942,Fire and Rain,James Taylor,,spotify,0IS2gbB8oW6p1UP3fVz4ZM
TRRIPDI128F933BA0D,If Only,The Kooks,,spotify,0qTxFpgEYqZyqk7aNTyf1y
TRRPAWW128F42B8209,Simple Song,The Shins,,spotify,0igv0hvMXZctO1meNuv2kK
TRHEYJZ128F931DBD0,Luno,Bloc Party,,spotify,0bYhoTwp8e81ViX9p1YLTI
TRDBEOH128F1456FBB,Nobody Home,Pink Floyd,,spotify,2gTnu5RZNVFVnWdjLnyUA5
TRYNOOA128F426F919,Your Love,The Outfield,,spotify,01jgqh5toR0Ij1D3I9Pv7v
TRIUJXU128F426572A,Be Like That,3 Doors Down,,spotify,1UcWNtdPvWzKBsley8vixH
TRHSMXC12903CCD313,Sinister Kid,The Black Keys,,spotify,0jmuRS0sl8sZ8x03HUczCg
TRDCKUV128F92F82EC,I'm on Fire,Bruce Springsteen,,spotify,2idMoAqgbp8jItwJNX6XTW
TRIPBLS128F421F90A,Wuthering Heights,Kate Bush,,spotify,03LXK7HdS39Wk5AbgvtDW0
TRCRSMG128F932DBD3,Emergency,Paramore,,spotify,0WY5eh1ptjY1wyhw5BA20t
TROHIHD128F9314B12,No Such Thing,John Mayer,,spotify,0GLI8h3XzLznU6e1I3c5IX
TRERDGD128F14A7AF4,North American Scum,LCD Soundsystem,,spotify,19kPeVei3sJlShA8nchByB
TRGYUKG12903CA8CA0,Rich,Yeah Yeah Yeahs,,spotify,1Lm9UzzDVZAVD4Cv3pPKYL
TRGRTET128F423A315,Where It's At,Beck,,spotify,09W468UGJrbL7rWvRdFYB4
TRVQOVY12903CF5FC8,My Plague,Slipknot,,spotify,0wBo91bOV4zKygAOvmoGbZ
TRIRDHD128F1461E62,Homeward Bound,Simon & Garfunkel,,spotify,03VXrViYqJpdhuBEV0p0ak
TRDGTXW128F9323BC5,Oceans,Pearl Jam,,spotify,0LBmvPJYmtEJ7kkWvc3kbT
TRWJCPI128F92F3881,Township Rebellion,Rage Against the Machine,,spotify,0WK0EqiidP6WEDOHK34HEe
TRLQXKC128E078EEC6,Fascination Street,The Cure,,spotify,0s291oxxOJznV6gX2UZVXz
TRKMOMH128E079246B,Nightrain,Guns N' Roses,,spotify,0q1ByjLW37myF8yUwSst5j
TRPOFLE128F424F32D,You Shook Me,Led Zeppelin,,spotify,0CrseEjTnYoB625tKoUowp
TRQJQBY128F4289141,Jessie's Girl,Rick Springfield,,spotify,01gKGRjGPpgWiAJdsLP04u
TROOBMU12903CB05C7,Dance With The Devil,Breaking Benjamin,,spotify,10ASBwZsp7oUUDsJEYz3uS
TRALMPX128F931C411,Broken Wings,Mr. Mister,,spotify,01PyQLPNUYNnFi2aXAS0Si
TRLXXVH128F42746BE,I Wanna Rock,Twisted Sister,,spotify,06AQn9EIo3lLAC3P6Z9Oul
TROXRVT128E079650A,Aqualung,Jethro Tull,,spotify,0NQEKTasUwXVu036U82Q3m
TRGIBRA128F9310C8D,Spiderwebs,No Doubt,,spotify,020gYw7juUaNs2tLYMlfms
TRPEMMC128EF35079E,Rock Is Dead,Marilyn Manson,,spotify,024jgFGXdNiBEd6qVcJoo8
TRRUQAX128F92FDEF0,Wide Eyes,Local Natives,,spotify,12d7KjWhn0Lu289AQP24Yz
TRFOYQD128F148A604,Animals,Nickelback,,spotify,0fIS9I5Y21PkkcwdaKS7eA
TRXEEHH128F42325C5,On the Other Side,The Strokes,,spotify,0sIBboDPD7MCI9OYEV0hMo
TRAQRHA128F93001EB,Between Love & Hate,The Strokes,,spotify,1QrGvRXcc5aYifBFBIc0ZO
TRLOOIB128F4271029,This Is the Place,Red Hot Chili Peppers,,spotify,05XKLYOAsDeZyA5983IHno
TROUBZI128F935061B,In the Morning,Razorlight,,spotify,0bnAJKeNfINAkdrhBtkzWK
TRPKJCW128F92F5589,Last Request,Paolo Nutini,,spotify,02HlcUU7QaqFGWSNVJfhIm
TRLOIKS128F92C4FDE,Disco 2000,Pulp,,spotify,0Ilod8x1U4FPSvvvUfAcjp
TRCZLTG128F9347CFD,Brown Eyes,Lady Gaga,,spotify,0hhoa2udYJmmLoGwREzWFx
TRWABLV128F146B5C6,We Are Broken,Paramore,,spotify,3atrFJhUzDm5xiutqfEPkP
TRUKTNB128F146C779,Pin,Yeah Yeah Yeahs,,spotify,0XSeFCEy8vK5k2c1R82oej
TRUFDXX128F93217A6,I Get Around,The Beach Boys,,spotify,075x29HGiPwipivCJn3Z6s
TRFODHQ12903CCE636,No One Else,Weezer,,spotify,2w12ff20EDDeXpsx08CgG5
TRXFNCL128F4294BB2,All Tomorrow's Parties,The Velvet Underground,,spotify,05Tl5pZnmD6rwKacKz6Iav
TRILHXJ12903D134EA,With Me,Sum 41,,spotify,1hV6vfCf1JWTVxIuPLMUEJ
TRRFXLV128F4290443,We Built This City,Starship,,spotify,00r6mew1EabzUu3fLRwNZc
TRGAPMD128F423ED6B,Crosstown Traffic,Jimi Hendrix,,spotify,07tenB1g39PruhFLddRgvH
TRNEHHR128F92E0195,Get Free,The Vines,,spotify,06dGpnF8nWS3Q9g9bwqta1
TRORYGR128F4272118,Situations,Jack Johnson,,spotify,2pimMpK7uxmZkTvdmm7sEu
TRLJFCJ128F422BC54,Broken,Seether,,spotify,0Vo5XKKp4lERGhlBUDZTSM
TRRHGAN128F147CC63,Through the Never,Metallica,,spotify,0HoFRT11fH2YZmMkg7LDiu
TRRLWCX128F42435B7,Brain Stew,Green Day,,spotify,1nLnpLXvl68RZCSjfkyiaa
TRKSEEY12903CCD312,Ten Cent Pistol,The Black Keys,,spotify,1dABMNTDn0yURfeB9IvB0n
TRRJUPO128F930327A,Soft Shock,Yeah Yeah Yeahs,,spotify,0kzNjXP0hX34NBSIFkbwST
TRMJIHP128EF342E30,Goodbye Yellow Brick Road,Elton John,,spotify,00BjmmABUufQIiJEzGz2xv
TRCPTSV12903CD1485,Everything,Lifehouse,,spotify,0m8KkTzOX5cE5JmLpi64vq
TRAEXRM12903CBA5A5,It Must Have Been Love,Roxette,,spotify,04vc324FBecuilsf4iYAEr
TRGEGUH12903CD7560,Sharp Dressed Man,ZZ Top,,spotify,0f9h8awV1X4jSllHXXYdfX
TREAYDQ128F147CC6C,Until It Sleeps,Metallica,,spotify,0wmjY0IiSvwFYSJ0PWpDwz
TRXQDDH128F935A226,Showbiz,Muse,,spotify,2sCFFlnYg6Lk75GCcfSXEz
TRTGHMW128F425A95D,Satellite of Love,Lou Reed,,spotify,0CuoZ9hBQxhifCNnf2a0IX
TRZRZXQ128F933842A,You Make Loving Fun,Fleetwood Mac,,spotify,02lqC0XlroWHymPfFORiVc
TRTSLBN12903CDB1BE,Spanish Sahara,Foals,,spotify,0ikPZkDZ7CgZMmyt5o9t57
TRXOZNP128F92FED3C,Taking Over Me,Evanescence,,spotify,0NlRWlV1nTErThlvol1aSD
TRMREQA12903CF6EA8,Vera,Pink Floyd,,spotify,7FCiDC7ojdm19CJePq6QAe
TRXDBQJ128F9340ADE,Peaches,The Presidents of the United States of America,,spotify,0ezMoz1RA5wACIYplCQVJp
TRCQPIN128F42158FD,Easy,Faith No More,,spotify,00cHMEQ58xoN4XtUDnUBmp
TRXRQZF128F42BC210,She Is,The Fray,,spotify,1j4sgmEsk5YHHNKSxjEWu5
TRFNKTW128F93116B8,California,Phantom Planet,,spotify,6HI5A1BOeV30mahLge5Ihy
TRPAOPM12903CF6BB5,You've Got to Hide Your Love Away,The Beatles,,spotify,1FgbCzOxRxbLFQjN3HNheu
TRDCALN128F42BC549,Nobody's Home,Avril Lavigne,,spotify,0cZDC7uxNK8lqQ3GgyvCnD
TRIMVUJ12903CA75AF,China Girl,David Bowie,,spotify,028OtrSOuxLM3rSs0vyGKh
TROKAZF128F428C50A,If I Could,Jack Johnson,,spotify,1v99Cnn1z6plYZW89nr32b
TRLKQNI128E078E9E6,The Man Comes Around,Johnny Cash,,spotify,0703eyV4yKyxCgyjYd240J
TRSOYEJ128F149895A,mOBSCENE,Marilyn Manson,,spotify,0K2pB0wFl5BrpTYZkIRgcq
TRRNGUF128F423013D,Morning Bell/Amnesiac,Radiohead,,spotify,0xdrx9L79EMjlNwoRg1ozm
TRFRBRS128F92F2712,The Denial Twist,The White Stripes,,spotify,18lyUhvrobRPrRn5pEDQwY
TRAUXNO128F42774A0,Angry Chair,Alice in Chains,,spotify,01gl6PtQQ0BGKDONJ2ejSq
TRXFJBF128F9306501,One of These Days,Pink Floyd,,spotify,02IXJgZlT4jKhmmujRmDm4
TRILUWZ128F4285898,All Around Me,Flyleaf,,spotify,0HEFPMDaULAoYOI9jq8w2S
TRHSLQZ128F9339E8F,Surf Wax America,Weezer,,spotify,1w8gsT5RBrFfTrLYhDRJIk
TRJXGEO12903CEC4CD,Heavy Cross,Gossip,,spotify,05zoSM7pSZARq7SZsFzeDR
TRDVWKY128F92EAEF6,She's Like Heroin,System of a Down,,spotify,2P8tL3M8JBloDj7xJ5LEns
TRDXXLQ128F9311CF7,Houses of the Holy,Led Zeppelin,,spotify,0d0Z9qFbTIgDSZtImluTAy
TRVHVJV128F426976F,What's Up?,4 Non Blondes,,spotify,02ouHfXWwuJY56fKvY5R8u
TRPQVUL128EF35F7D8,Gravity's Rainbow,Klaxons,,spotify,05bm7dF6VdZthfHrGNC3YC
TRYWIQM128F9316FA9,Play the Game,Queen,,spotify,0rJqgqHkdXSBh47bUn4AIs
TRAGOVG128F42A963D,Make Me Bad,Korn,,spotify,0mn6HKT3uqlxmCw99iioUH
TRHPRZS12903CA3A25,All Fired Up,Interpol,,spotify,2CAFnJifRA6fCfSWhvjBga
TRIPCWI12903CA3816,Bloom,Radiohead,,spotify,05zPHe7PYxxdAstKSZix0f
TRYDMDG12903CD9296,Montezuma,Fleet Foxes,,spotify,0bpmhSQ2ZwUK7r8RnsWgM1
TRNRDZO12903CCFA51,Me And Julio Down By The Schoolyard,Paul Simon,,spotify,014K5lOSihm2IF1RsUPVKl
TRVRBVF128F9311143,Evil and a Heathen,Franz Ferdinand,,spotify,0nTrcvsYz4K3aRc3jwaabE
TRBQEKU128F428C1B3,No Sleep Till Brooklyn,Beastie Boys,,spotify,07bhBpcHFrFl3j2T9zyCmc
TRCVFMZ128F93382F4,It's So Easy,Guns N' Roses,,spotify,0fu0HHl1yVC2iCUuyBT144
TRUNKHC12903CDDF3D,Deep Blue,Arcade Fire,,spotify,02lPzUrgVC8O0nFxmhA5pw
TRQWIWC128F92D4C55,21st Century,Red Hot Chili Peppers,,spotify,4FYKWrKngWzxFeL8y1hP4d
TRRWBNE128F42A29F1,The Angry Mob,Kaiser Chiefs,,spotify,0Zxwj1KVH3xhqtaFP741KG
TRYUAPV128F42394CA,Brand New Cadillac,The Clash,,spotify,0nOfiIzaXvBslP7cBo3LA8
TRSRMCY128F429468A,Do You Wanna,The Kooks,,spotify,0YY9bJCAk7eJliNKvlxGV4
TRMGRNS128F932D55D,The Rain Song,Led Zeppelin,,spotify,1NB8xbMhoye2jt0ifngowy
TROHQOP128F92E3520,Hot,Avril Lavigne,,spotify,07WHgamYYrfGoakmUjmbMA
TRHTEDW128F425E6C3,In Pieces,Linkin Park,,spotify,0bt6PVHT4Z4AfZLOpGtVi2
TRCTLZY128F931DC8A,King Of The Rodeo,Kings of Leon,,spotify,28e5Qe2TOspY0Hlu9KjcvY
TRDJDHX128F422D5FC,Ask,The Smiths,,spotify,3BCtbkxqWjuZoDCtmg2WR1
TRAFVYM128F425849F,Don't Tread on Me,Metallica,,spotify,0JWrL7RqwGMhBNB89WCn2X
TRWFKXV128F4255BE0,The Scale,Interpol,,spotify,1WHCpRZIADunlLk7H2wMeT
TRINRHE128F92FE8D8,Plans,Bloc Party,,spotify,0gGnuQ1AR7a1tnKJgu2OrK
TRXMCEL128F92F42AA,Spanish Bombs,The Clash,,spotify,04YGhTnqPgWDKPMSWVKA14
TRNALGP128F427EC81,The Good Times Are Killing Me,Modest Mouse,,spotify,1fBO9S4vo5cfCfRK1Ofaxa
TRYPQZT128F42607E3,Pressure,Paramore,,spotify,0gIhTLWwP5HDTnMBD2h6aW
TRILKMU128F92EB3E1,Oh Comely,Neutral Milk Hotel,,spotify,0aP5ZTP3o3IvqNvGZ8OUUq
TROQONY128F93108AC,Gone Away,The Offspring,,spotify,0vHth5w0wklOuEtPvMGcTa
TRIXZFF128F92EC3B5,Digital,Joy Division,,spotify,1uD59b8AopxdTsQb8zvlxf
TRXVFOG128F932CEF7,Don't Leave Me Now,Pink Floyd,,spotify,3QEWEv1tvHmVgsT5THpGDn
TRGTUUE128F9310C99,Prove Yourself,Radiohead,,spotify,1VU732xTrdJAbMMwUV8kFC
TRGKXOE128F933D363,Fake It,Seether,,spotify,0RpudJlI5IfNo3NFbWA99q
TRYQYGH12903CE5CFD,See the Sun,The Kooks,,spotify,0GENETcbBO2yCnk2nO8S9a
TRFFIIC128F428ADB2,My Own Worst Enemy,Lit,,spotify,14nyioG2b8yFglHBqFeFfK
TRPUHPJ128F92FD3C2,Four Sticks,Led Zeppelin,,spotify,2kVhHxpxXhWr5OuuBtMLME
TRAQUZT128F426A255,(I Just) Died in Your Arms,Cutting Crew,,spotify,00pt9KrmB6hlYOcjQR6Ns4
TRLWCXZ128F422678E,Jacksonville,Sufjan Stevens,,spotify,17d3iyqDtlzzlw69AwIJ2r
TRSIZUP128F429EB22,Take You on a Cruise,Interpol,,spotify,2OpvkhdurEz2TjpSfSwC8I
TRARTHK128F42AC2D6,U-Fig,System of a Down,,spotify,0dgCqrI14Oe3nqGLS3qbzJ
TRQDLCG128F4240466,London Beckoned Songs About Money Written by Machines,Panic! at the Disco,,spotify,0N90pptABhFyr1axONlIEB
TRAXIMD128F427DFCE,Insight,Joy Division,,spotify,0FGAVj06er1Xdsj7DVkhV7
TRZCSSL128F426F89C,The Red,Chevelle,,spotify,0168DJlzTUmng0Tqf9g24v
TRUQMJO128F9344424,She's Long Gone,The Black Keys,,spotify,096rnp428bZTuaiKcl7bHM
TRALXZR128F92D6B0A,Eulogy,Tool,,spotify,0RVFjx2HwbHcl5SCSADpFP
TRCRNXI128F145FE5A,Outsiders,Franz Ferdinand,,spotify,51BWEWSAesKDj8RUyHTu6Q
TRYTJYG128F930ED1F,Dimension,Wolfmother,,spotify,09iJcJvLSE4kiGtuY4RTQg
TRDFHEY128E07920EB,Black Balloon,Goo Goo Dolls,,spotify,3kI8fSpOQmL5ax63lBOuH3
TRNJFXV128F424D96F,Moonlight Drive,The Doors,,spotify,0ja1dJM5gBTjk5U9wsMP9r
TRUHPXS128F4216EF4,Belle,Jack Johnson,,spotify,2NWRmiJOpt4j7KC9N2BWjv
TRIOYRS128E079388B,Living Dead Girl,Rob Zombie,,spotify,0hbL2JT68Wh4nuS7iv1Mh5
TROHLZV12903D07C64,Misery,Maroon 5,,spotify,02sYDIgomQhAVbedIIvWcZ
TRMNTBT128F933F931,I Put a Spell on You,Creedence Clearwater Revival,,spotify,0BbjMSQsoW0GviH3iwzZPG
TRIYOUV128E07877FB,Throw Away Your Television,Red Hot Chili Peppers,,spotify,0Fq0wrbfcNlihl5AICRqrG
TRTRDWT128F9318C74,Ready to Fall,Rise Against,,spotify,1R66gFUhnj9XhSL6l0wNnn
TRUEGFJ128F4261EC2,Higher,Creed,,spotify,0BbCGuWsPBir4U28bqJZpP
TRSTQXL128F9335A4F,Time of the Season,The Zombies,,spotify,00DLeWJhGgAkn9G4iOHxZi
TRBXZPM128F93053C4,Flux,Bloc Party,,spotify,0aGPQ6b6YBFyapnzWuoDUx
TRLVOBY128F92FA0FB,Gonna Leave You,Queens of the Stone Age,,spotify,1LvtY2cp0XsNs8p03hBg4z
TRFTRXJ128F92DC282,Harvest Moon,Neil Young,,spotify,045PX8AqWijRvTPNkF02Wl
TRMGHPJ128F4265B67,Just Breathe,Pearl Jam,,spotify,02qZWWj1pyFIDP6MZQ44XJ
TRLWCPA128F92EF0A8,Run Through the Jungle,Creedence Clearwater Revival,,spotify,03Fy6w3Klzxrbt5J8KN8lq
TRMVWMZ128F92F23AC,I Can't Stay,The Killers,,spotify,0Kv2ugA2PQYC9JQaiB9877
TRCTYKL128E0791B10,I'll Be Your Mirror,The Velvet Underground,,spotify,07Kzwvlkqz63pvpVhwOarg
TRDODLI128F425BF4F,Hunger Strike,Temple of the Dog,,spotify,0W7AbEauB7cP4pidLclApe
TRXCOOX128F423F619,Bette Davis Eyes,Kim Carnes,,spotify,04aIz6s2xDPPmAqOxNcDrT
TRNNGON128F9310C7D,How Do You?,Radiohead,,spotify,3vlFWGT54akqNxySYae9XK
TRNHCKX128F92EC53A,Is It Any Wonder?,Keane,,spotify,030jmbbXxN3emYcMqMOtUD
TRRHGMM128F4267449,Dancing in the Moonlight,Toploader,,spotify,0e5GAqpGtFwldbxdEc73KL
TRAVVRE128F92EC0A9,There She Goes Again,The Velvet Underground,,spotify,0dhai9DcNDLnmzuvEiaYO5
TRYVOSO12903CDA436,The Skin of My Yellow Country Teeth,Clap Your Hands Say Yeah,,spotify,0rbMnScak0vglOGL70c0nM
TRFYBQS128F146A5D9,The Hollow,A Perfect Circle,,spotify,0gwlKK9RGOVgc13Rcr73TG
TRRVULD128F4293F02,Lump,The Presidents of the United States of America,,spotify,0BkfgzhxeFtLBbmTjbPJ97
TRTPOLU12903CE768A,She Bangs the Drums,The Stone Roses,,spotify,0emV6Ihk4BqUg05YrAKrJF
TRRGPFD12903CC83E2,Fader,The Temper Trap,,spotify,09LYE3SI0elCRRCEwjQFfy
TRLKHUG128F9313374,Go to Sleep,Radiohead,,spotify,0bSBVxaPIoXxeNoe4ZvCqA
TROHAFX128F145A8F3,Hold On,Alabama Shakes,,spotify,0LcBTwZ84PAZKMDPjeEglx
TRCAFPW128F424E15A,Too Young,Phoenix,,spotify,2pzVqzDhQuJ4zZim2r1Myj
TRSPEFX128F9333620,The Quiet Things That No One Ever Knows,Brand New,,spotify,2noyqhhHXP3TRCqhcQip97
TRKIHIG128E078896C,Never Let Me Down Again,Depeche Mode,,spotify,0aylPWWBJ0lv541S2Fg29k
TRFXTPD128F42986F9,Jaded,Aerosmith,,spotify,00HNZeqhcMslk8aL3mgni4
TRYFVEE128F4281F5B,Aliens Exist,blink-182,,spotify,0X5Iv9yP8bZIj6XyRIaBgV
TRLLCAL128F428B903,Moonage Daydream,David Bowie,,spotify,18ejn92FTUmOEhflKj1PN5
TRAZQQV128F428BAB5,Mercedes Benz,Janis Joplin,,spotify,08At22BU7g2LKFZrhaDi30
TRUDTFL128F428F9A6,Hero,Skillet,,spotify,0sdeLSxygcjyMyWPhZBdFs
TROITRR12903CB28A8,Gotta Get Away,The Offspring,,spotify,0PcmTbgOUpKoBqRvJi1dEk
TRZPDFG128F92FDEF5,Airplanes,Local Natives,,spotify,0yIE0E3a6LAz56MDTIaOpV
TRABXSN128F92E7B93,Whip It,Devo,,spotify,0D2LPX87tRW2ENb4HbcGYr
TRLXFKL128F426BF75,Oliver James,Fleet Foxes,,spotify,15ioAEmEbXr4zaXWx21UU3
TRFOFKP128F4294ED9,All My Love,Led Zeppelin,,spotify,1FJ7g5RO195DSjcNbVpUzx
TRIBZRI128F4269320,Mr. Brownstone,Guns N' Roses,,spotify,097MMVXITx5sGCiZNF38BK
TRZAAAK12903CE2D4E,Don't Bring Me Down,Electric Light Orchestra,,spotify,00XUTiS0m475vqNwX9DoM3
TRUFSGF128F932477C,Break,Three Days Grace,,spotify,1uDoIHd5SWYKWvorJvMoWE
TRHVCSQ128F146FDEC,The World We Live In,The Killers,,spotify,0ENuhrwzuyHdyy8mRS0eiL
TRRIETE12903CA8E68,Sweet Caroline,Neil Diamond,,spotify,0owTnkvrtHPaKZCAovomgp
TRYEQVI128E0784638,Never There,Cake,,spotify,24I0h1NcyDT6lB9UtNAjzi
TRCYOFM128F42674A0,Crystal Ball,Keane,,spotify,0pDrF1bqntG7j3BYRblxvh
TRRGDPK128F92FA7C9,Joy Ride,The Killers,,spotify,076Y058UdqBaal3YpEXJYo
TRSIKBL128F427F430,Happy?,Mudvayne,,spotify,0cmmNK8b41hchRPaR7LW9u
TRUFABS128F931245E,Blood,Editors,,spotify,0I2EvceSrTEmY8XSFP0DeG
TRHHAEJ128F148B850,Listen to Your Heart,Roxette,,spotify,04S2N91qAQPkOLl9Qd3n8r
TRCQQDU128F92ED911,Modern Love,David Bowie,,spotify,2aLLDJdpCxWXMCYc4DeY8x
TRDDSWW128F4284622,Common People,Pulp,,spotify,0t4DVeFrHkhjEEMKp8x2JT
TRXONSF12903CD6200,Within You Without You,The Beatles,,spotify,0zOVNfqK09eYVHhv5N3lNY
TRXTFTE128F4259EBB,Whisper,Evanescence,,spotify,08ztYTkVXcs28b8FvMTqG0
TRVIAME128F931E03B,Love Buzz,Nirvana,,spotify,3FUsMXBxA4V7eUwQ7B0HQO
TRDLICY12903CB23CC,Crocodile Rock,Elton John,,spotify,03tkZsGGAQfwaOFta3ki7f
TRMQOOQ128E07813AB,Re-Hash,Gorillaz,,spotify,0dYN5MqKzCfdpDb1bgvdsm
TRHTLCM128E0783A19,The Dope Show,Marilyn Manson,,spotify,0yKNj4dvKXcnTi1szNFfO8
TRKABMK128F426BF72,Meadowlarks,Fleet Foxes,,spotify,1ON7oz9WI3NeaEj7tAPda0
TRNRADH12903CE42A1,My Body,Young the Giant,,spotify,0bfY17lNbEp2Wnw6YipXQB
TRWRUCY128F424351B,I Stand Corrected,Vampire Weekend,,spotify,2TbwRvwK0AFLoxog6bu1u9
TRAIFWV128F423AE8D,Congratulations,MGMT,,spotify,0vjRcswC8WVrRwTmbcTBvM
TRGMWXV128F92DF8F0,Mmm Mmm Mmm Mmm,Crash Test Dummies,,spotify,09zcsg2TgceQZ5GCmzrUDZ
TRBEUCT128E0794C1C,Kool Thing,Sonic Youth,,spotify,02NjS2MNrjsdxiQNfrl7zz
TRRRDNX128F423645A,Slither,Velvet Revolver,,spotify,00H2PszuTMtDSZGP7AtO2K
TRFTXXL128F9323F88,Run Run Run,The Velvet Underground,,spotify,0O5aYnrSKsfJ69MFe9XPJU
TRCPVKZ128E07840F5,Now I'm Here,Queen,,spotify,0P7YJ9fxIOM0Rq4pZ2qU42
TRGQCQH128F4249351,Disposable Heroes,Metallica,,spotify,2Gvhep2cSDDe9tEhyzHHWL
TRXLNXC128F9323261,It's Not My Time,3 Doors Down,,spotify,0AUuHVbQT7I5gT822RlnU7
TRDQOEX128F42897FC,Spit It Out,Slipknot,,spotify,0DrbGwGpGWmvSktSLk4LHf
TRFVYBW128F14AD1FF,Fireside,Arctic Monkeys,,spotify,2qH2scqyN6z1OB8dK0Y95y
TROVPAR128F427E169,Porch,Pearl Jam,,spotify,0iPwPYKEDFdRfkHv2vUIiH
TRANWZE128E078EE09,School,Nirvana,,spotify,2iKWWCvl1Ss9uSMwxTy6IO
TRIMJVM128F42801F3,My Last Breath,Evanescence,,spotify,0UDqDfW2U7dVIRxfGHo7ei
TRCQMIH12903CBE0DA,Miracle,Paramore,,spotify,0Fff4jMMnDYKB9H1HRgSex
TRZDNGL128F42926A6,Walk Idiot Walk,The Hives,,spotify,02JoJxmMKunIgEY7ptG83R
TRGIZSU128F9335E7C,To the End,My Chemical Romance,,spotify,1cF2XKPtO5Myen0NQBkMkC
TRKZRUA128E0793EB0,El Scorcho,Weezer,,spotify,0Svkvt5I79wficMFgaqEQJ
TRHIJGT128F4248E35,Hella Good,No Doubt,,spotify,0ZYIEvUPvXhpUNqB7buxKu
TRQOOUE128E078253D,Ripcord,Radiohead,,spotify,3X7FkfssbwomR7yPn617J0
TRFPPDU128F426AE04,The Story,30 Seconds to Mars,,spotify,1Rd3r8t9lQSmfEOEaAfczk
TRUUEBK128F428F425,Cold as Ice,Foreigner,,spotify,01FaBmDiwQadCUt8KNsmsF
TRJOFPA128F4263F6D,Honky Tonk Women,The Rolling Stones,,spotify,0Qbw6yvRwExkoayLvneMZc
TRAXBXZ128F4270009,Sabbath Bloody Sabbath,Black Sabbath,,spotify,01A2LnkNCPKZ8h6zoVIQju
TRWKOEO128F147CC66,The God That Failed,Metallica,,spotify,0h26wQZD5GoSvK5zZuv69E
TROYDEP128F93265F3,Why Can't I Be You?,The Cure,,spotify,0JXTdDWLiTS0WU5YSNmw3i
TREUXIY12903CA7202,Still Ill,The Smiths,,spotify,0uLI1jac8ZJSSRG4QJDo3J
TRKXZCV128F4271F78,Ask Me Anything,The Strokes,,spotify,00crYeoK5sEmxPS1oNd46R
TRRAKXT128F93024EC,Vegetable,Radiohead,,spotify,0cMLRrbNo8BUxFw42xAOl0
TRFPTJZ128F9338955,The Lemon Song,Led Zeppelin,,spotify,0ckCAK8CO4hM9lZNQvflaf
TRUESJO128F92E0036,Ohne dich,Rammstein,,spotify,0HFKRJ86CSYRGkbALc6Aen
TRQVVMM128F9330632,Eruption,Van Halen,,spotify,24GaspdcJWLts2R1wurDfW
TRPANRS128EF34DCFE,That Joke Isn't Funny Anymore,The Smiths,,spotify,14SasrgaNT291cJpzD0WCV
TRFNJSO128F42640B5,Try,The xx,,spotify,0PgejWYSlSaTwzxwCI15pW
TRXDJJQ128F4295E1C,Blue,A Perfect Circle,,spotify,1PDYSoD5WEfYFcQpxPsgK9
TRYGZWD128EF3528E7,Ride,Twenty One Pilots,,spotify,0mkwblABUOYgrnYr4wNwFs
TROICEY128F9304A4E,Echoes,Pink Floyd,,spotify,7kriFJLY2KOhw5en9iI2jb
TRXFDTO128F424ED64,Burn the Witch,Queens of the Stone Age,,spotify,1i7DbKzPcWERPNFa48NwwB
TRMXJAB12903CBF012,Punk,Gorillaz,,spotify,19bvTzzRjbpxgYdz5gViIU
TRJDBHD128F930A9CA,In Between,Linkin Park,,spotify,0bWTX779Jgk79Czk9SNLvQ
TRDOWNJ128F4294CE7,Your Time Is Gonna Come,Led Zeppelin,,spotify,0by20SqfRktdZ6hdd0byjt
TRNSVTW128F9302C80,Fine Again,Seether,,spotify,0SObfEbxSx3WZjPNSXExOM
TRHGCAF128F42346C4,Fire It Up,Modest Mouse,,spotify,26K2d06RGAAIsoUQCsiEfS
TRGSACJ128F428D1FA,The Underdog,Spoon,,spotify,0JHAFa6NqdE6qLYo6q2G0v
TRXSNJQ128F42321D4,Perfect,The Smashing Pumpkins,,spotify,00rfH5P91gEB16psDtn5WW
TRSGAYQ128F423D670,Minority,Green Day,,spotify,0ecA7bhTRuquuy7uSh0CXZ
TRCJAHJ128E07815B6,Stacy's Mom,Fountains of Wayne,,spotify,0b5Z4MPCgSFmhZKXWOSszs
TRKTQRV128F427B8CB,Salute Your Solution,The Raconteurs,,spotify,0ydgFPcYrxaHgVuLd17mjh
TRDMYCT128F4281B27,"John Wayne Gacy, Jr.",Sufjan Stevens,,spotify,2gFBh7NnEfSeBoZZDB5d2C
TRLPPMR128F92FC6FA,The Ballad of John and Yoko,The Beatles,,spotify,0iwo02NoGqyooxs81iEkz3
TRFPLCJ128F92E681C,Sorrow,The National,,spotify,0Xfz4077yqrRIQt7QCgS7L
TRXRUTR128F4296932,Uno,Muse,,spotify,2BfBmr6CluaQemIHPC5XK9
TRFTJYY128F427E199,Suite-Pee,System of a Down,,spotify,0Awx6q4ZW0Ag3iCRBgxEtR
TRCTEZK128F9309B15,Ghost,Neutral Milk Hotel,,spotify,1tUsIYu0oOVYNvrHWTaHfi
TRXOGFV128F93090C7,Sloop John B,The Beach Boys,,spotify,051CNedSRFZfd6aNddBRIy
TRPOKJT128F4291350,Fillip,Muse,,spotify,0sblgOpyxXgZGmUH3XkUL2
TRYYUDA128F1475C73,Round Here,Counting Crows,,spotify,0d9opf4w6wi7AIx4GQvxcK
TRLMFKL128F92E89B7,Cry Baby,Janis Joplin,,spotify,03fMAzl7gqE5jLYvm9ecqO
TROMMQL128F934458E,Speak to Me,Pink Floyd,,spotify,574y1r7o2tRA009FW0LE7v
TRRGCAS128F4284F43,Is This Love,Whitesnake,,spotify,097xtKQ7fr0074eWrg74AO
TROWQGL128E0784BAA,Taylor,Jack Johnson,,spotify,0BSNAS0yWiWwFlt31NuPzj
TRXPMEX128F932F368,Belief,John Mayer,,spotify,0ihjYROoeRW47NNWE97vXm
TRLJSMT128E0780D7D,You Don't Care About Us,Placebo,,spotify,26ISmip3Ua3wOW0Mo4tWIs
TRFDWJI128F931F173,Dangerous Animals,Arctic Monkeys,,spotify,0pdp3VrR4WQaswf0GyT0Y0
TRALLRU12903CEED47,What the Hell,Avril Lavigne,,spotify,0CPqozdJNYuV7Oy2oDuyme
TRCPVHP128F932DA69,Falling Down,Muse,,spotify,3vMrcGW4o35zY6vXjWb1p7
TRUJSDM128F932CA4A,Step,Vampire Weekend,,spotify,06SZDnBmQocY5mgF1JLCk9
TRMCJQB128E0781032,Spitting Games,Snow Patrol,,spotify,0V7qZ3GMm5zaq3EZ2Pq1L4
TRVEHNH128F148B20C,Won't Get Fooled Again,The Who,,spotify,1W1GpfPujmgp2vQqcpUhtU
TRDQKZC128F93063C6,Bodyrock,Moby,,spotify,05ptttzpZX8gKXc8EHU3bH
TRGNEIO128F14563CB,All Summer Long,Kid Rock,,spotify,19JjkcjQJN5zBH10YS4eiK
TRBVRHA128F92E37DA,Lilac Wine,Jeff Buckley,,spotify,0figAgsN1Jp4U2EP1Q5OJ1
TRPDUVQ128F4280342,Satin in a Coffin,Modest Mouse,,spotify,1DYczFQrN7nMQ6Dlx1VTja
TRFQUBL128F92E3DA9,Better Than Me,Hinder,,spotify,04FBUejNS5VpmrbGrsjOeR
TRFWICW128F9326DC3,Next Exit,Interpol,,spotify,0K2fXvoSQO2l3WsVxSBwaN
TRVAEAT128F93010B7,Blow Out,Radiohead,,spotify,0FOOzfIFrpwSo5fTjwaPEU
TRJUIVK128F428AE32,Centuries,Fall Out Boy,,spotify,04aAxqtGp5pv12UXAg4pkq
TRUVWBL128F92E4C33,Kickstart My Heart,Mötley Crüe,,spotify,03hniRGai9olqwKItX906P
TRCGMCM128F932D5A2,Rusty Cage,Soundgarden,,spotify,05HKtQ9RncZ1Z6KOZiVcRt
TRASFQG128F92F88D7,Peace Of Mind,Boston,,spotify,1aiNo3xTcSmFPx3iu4OSWF
TROHLZT128F424C1A3,Friends,Led Zeppelin,,spotify,0gTAulA4NLlvqB8zjZkYgo
TRJBDBD12903CA83A3,Passenger,Deftones,,spotify,1dKpS2vuQANrx47UDQTPG9
TRXKFNZ128F426FE71,Judy Is a Punk,Ramones,,spotify,0zr7tnWudKsxD2yotllews
TRMZKKP128F425BA62,It's No Good,Depeche Mode,,spotify,0kTcMSk7vNcKUaGXl5FBlk
TRUTBIH128E0793C68,Sheep,Pink Floyd,,spotify,1xdQpyQYjCI3kVDkr3dkQd
TRXCZQV12903CB15B5,Reunion,The xx,,spotify,2B4p8xjpBFP8ZinAtewfrB
TRXRUJH12903CE69FA,Because the Night,Patti Smith,,spotify,0177wQ7dnMHNQFdSC3GADa
TRCVCPA128E0788786,Cave,Muse,,spotify,1EZKb7dCPp9qqpFs36CnJ0
TRRPJDO128F428AD0F,Bed Of Roses,Bon Jovi,,spotify,03427kbUxnfR3iTwE6byxP
TRISION128E0795C15,Bubbles,System of a Down,,spotify,11it48noHr4WuYQf9e2qfP
TROILMS128F4271E74,Shuffle,Bombay Bicycle Club,,spotify,1g1yRs3GUNKfDCtgvkC4UW
TRVEXGI128F92E56E7,You Learn,Alanis Morissette,,spotify,1HsbGJnOXPWfocSS6FoR60
TRLPAFT128E0781AF8,End of a Century,Blur,,spotify,38P9wcqc8ntgjgybw63R9L
TRULVPM128F429B2D6,My Michelle,Guns N' Roses,,spotify,0wkQFNWYdHiAUdVYvT2E9n
TRDIHNO12903CF147F,Phenomena,Yeah Yeah Yeahs,,spotify,08ZlHW20zTk8HbACqiQbEX
TRKIXZS128F933D2F8,Ain't Talkin' 'Bout Love,Van Halen,,spotify,0ddmUcKR9WjqmaT4FlhMNU
TRBJOGT128F42396CC,A Sunday Smile,Beirut,,spotify,15fOrG8ZjhjDolUidUd6ub
TRVHRDM128F930F621,Only in Dreams,Weezer,,spotify,1uYoYpOfhE4Vchx07GLmLW
TRXERLA12903CE9F3E,Mama,My Chemical Romance,,spotify,0yh9gIw7wTbjvWjqwSzjb3
TRYZDVO128F427E1DD,Wake,Linkin Park,,spotify,0GkuKdv0osuL9QhfnXqVNP
TRFIIHF128F4281C81,Electricityscape,The Strokes,,spotify,0bZdpukYLaMgtR4LCUhTDp
TRXEKLJ128F1462531,The Wire,HAIM,,spotify,1O8ZOGQ36pRr6nCVKpNuoB
TRHSGXW12903CE895F,Drunken Lullabies,Flogging Molly,,spotify,0aE8nMLrrd2m6lTscFIbZw
TRZNRWG128F1466EC8,Smooth,Santana,,spotify,00c9quh430jCFDiD91NnWk
TRAAIUW128F4290B94,These Days,Foo Fighters,,spotify,0FLGfzAMEqi78WXzakJbPP
TRSCWIA128E0785B05,Older Chests,Damien Rice,,spotify,2euZEspBxYfpKoZVN1E386
TRCPCHH12903CE7C90,The One I Love,R.E.M.,,spotify,0kHz2guuKh4Qu2xNScHvP0
TRLZYTY128F931E018,Blew,Nirvana,,spotify,6YZVof4lOcfMub41xPFbm0
TRFPOQU128F14658A7,Substitute,The Who,,spotify,0rppLXKLa3NjRmmKQNEDsy
TRIZNDP12903CE5589,I Shot The Sheriff,Eric Clapton,,spotify,03YFd1xwqcVJ500t8l1fzg
TRLLMSF128F145879B,Boom!,System of a Down,,spotify,03Vo8XXh0BWE6T0XjwflY0
TRRZUGN128F42A1EEE,There There,Radiohead,,spotify,0thdzbW0cRKCx12VbBRB6T
TRFSMJX128F9301FDA,Suggestions,System of a Down,,spotify,1jVBykbhqUwws2FKUu374o
TRBWRVX128F92E23F6,Lightning Crashes,Live,,spotify,00T6a4sMJQiUb4MyFSY0u2
TRCHFCU128F93220CD,The Fight Song,Marilyn Manson,,spotify,0QOkciZGToujy9oGtBAATS
TROJCQH12903CDAB88,Do It Again,Queens of the Stone Age,,spotify,0dck7IiR3cTzaa3L9zrxDw
TRSKQZQ12903CAF5A3,Unholy Confessions,Avenged Sevenfold,,spotify,0lZVmgyRB6BfjmCHqKM5Pu
TRJUNKJ128F429B081,Holding Out for a Hero,Bonnie Tyler,,spotify,004S8bMhFQjnbuqvdh6W71
TRAFJJE128F4243461,Desperado,Eagles,,spotify,0OVjtSCmB7atDMND3PA7mz
TRLPBJC128E0791E6F,Evil Angel,Breaking Benjamin,,spotify,2tGw8htipv9iWOQGTVynnV
TRCXFFE128F424417C,Hot Dog,Limp Bizkit,,spotify,2mFeqXyYb9ego9PzzeE91q
TRRKAQE128EF35D30B,Send Me An Angel,Scorpions,,spotify,06kvxwCiXoSNkb1K6EgtQJ
TRYNRJV128F4243874,Push It,Static-X,,spotify,43WFwjiWFHc8ZryT1Tz1aY
TRRYHJZ128F931451F,Conquest,The White Stripes,,spotify,0LVRIyo9rj7oSrGu1z150w
TRCRIOH12903CF4508,Rosanna,Toto,,spotify,0As5uQAvWewgzuzKwYGNhm
TRACKLL128F92EB524,Keep Your Head Up,Ben Howard,,spotify,0JLLdkj9x93bL3DVAWEsIh
TRUKMPC128F93548BB,Secret Door,Arctic Monkeys,,spotify,0pLeN2FYO4vGGbhIvnspZ8
TREJLIQ128F4259933,Clampdown,The Clash,,spotify,041xvQDVr9wlfhSykP4eNe
TRIOUGL128F9310CA8,Lurgee,Radiohead,,spotify,2B5P22cfUadACK7jLQegU6
TRKJZUE12903CAC50E,"Oh, Pretty Woman",Roy Orbison,,spotify,010wep6FDnphkmJU3KPxVg
TRYGQXG128F931EB10,Only One,Yellowcard,,spotify,0gZp88SA5OcujHLDGkxtI3
TRXCUKT12903CB8F54,Babylon,David Gray,,spotify,06DG1I4tkveOr7EKulxINE
TRROAAF128F4299452,Taper Jean Girl,Kings of Leon,,spotify,0181Ycz5nMHjyJkvObqJq5
TRUHSIP128F148F4C1,Twentieth Century Fox,The Doors,,spotify,0JFPted61fkStTupqGkLVM
TRXEKID12903CCF717,That's the Way,Led Zeppelin,,spotify,1ZUv3ISx2nFaz0JimVdcoT
TROKJFM128F92F76E7,Heaven Beside You,Alice in Chains,,spotify,0i481eNk6i57yEltLytwPw
TRPNZPG128F149BCE8,A Comet Appears,The Shins,,spotify,3K8f6jI7VLcCeyycrGQQMR
TRCADQW128F4260C6D,Losing Grip,Avril Lavigne,,spotify,08p0wI6WEEiijZFtEd7ZrB
TRGVKEZ12903CDBBA1,Great Balls of Fire,Jerry Lee Lewis,,spotify,00ALRTzpvamLkTnXjztMtF
TRDIATY128F42A3DCB,Cutt Off,Kasabian,,spotify,0C85TlUDywqD8z7DohJWs9
TRSBCFI128F931A4A2,Living After Midnight,Judas Priest,,spotify,00i05m7P4qq9qUOuEa3alN
TRFDGBK128F9307280,Jimmy Jazz,The Clash,,spotify,06JxwPA4WAg0LWADJtaldL
TRRGINM128F9333CA4,Black Magic Woman,Santana,,spotify,061TfFVjKeMGvhaXujlKfL
TROTSCX12903CB48F4,Your Betrayal,Bullet for My Valentine,,spotify,25GC50HslaaruyrKjdu0lP
TRLLSWZ128F428E942,Little by Little,Radiohead,,spotify,4tCwsdqqG4jASHhbsMHCx0
TRGOYGS128F4263CC9,Day of the Lords,Joy Division,,spotify,4eu8mVZODRF09VF3UJPeXi
TRBEPNM128F9328CE6,Motivation,Sum 41,,spotify,013V0wd6dK8JWuuV2TcFFd
TRHAXDQ128F931114B,What You Meant,Franz Ferdinand,,spotify,1v5bauMHme3UejUFUZMf2R
TRRJCJY12903D0523C,5月4日,Gorillaz,,spotify,0Us1UokzvfsdSwDroUDSh0
TRFSWBC128F92F8E05,Midnight,Red Hot Chili Peppers,,spotify,4ahDWoPgpWfXCIgMkI4Oop
TRNUAEM128F92E4C3B,I Know It's Over,The Smiths,,spotify,2r8ybelkI52pLTmnTmRqgR
TRXUBFT128E0793448,Lyla,Oasis,,spotify,00pXueyyGQG0xClVDFkYxX
TRJSRLJ128EF34EB82,The Patient,Tool,,spotify,0Klbxk3g96Qae4DbCnUNcT
TRUEQWM12903D0CCF9,Search and Destroy,The Stooges,,spotify,04RZjwXdtSelwy6QgCZ4a4
TRMSLND128F422FBC3,Roland,Interpol,,spotify,0ci7n94KMIrsTPA7LMVFNF
TROETZH128F146C778,Black Tongue,Yeah Yeah Yeahs,,spotify,0MMrizwB37CXanePEq4CGl
TRHYWGC128F426A369,Vietnow,Rage Against the Machine,,spotify,08iWX63GTl62Hcklc7ZYCI
TRSZRUR128F148417C,Teen Age Riot,Sonic Youth,,spotify,21l28Sw5aAowKc59hAsV1P
TRFQWMI128F42793D9,Waterloo Sunset,The Kinks,,spotify,0PyaogSF4aziT6hP6kFFzT
TRRONNS12903CBAAB7,Ramblin' Man,The Allman Brothers Band,,spotify,07D1sOTNVBNCupefcOWSjz
TRLSXAV128F42B84B3,Set It Off,Audioslave,,spotify,0OL0iYmqNBZnufCKGgNpH7
TRZHQIH12903CC5658,Talk Show Host,Radiohead,,spotify,2sy0icOIskeP2lCqgZiTyE
TRCVUYS128F42698AB,Vicious,Lou Reed,,spotify,06memLQJmotVoLctqFGfz3
TRICOAV128EF352C6B,The Fool on the Hill,The Beatles,,spotify,06gTNTk4en9mhu02iqfdPH
TROHLXJ128F4256B40,Way Out,Yeah Yeah Yeahs,,spotify,0UM9ce8Txc8r3WIBjeHf3W
TRZAXTC12903CDA467,Let's Go to Bed,The Cure,,spotify,0AD9Hxrp56s20tYzGkpe44
TRJNYXY128F4260275,"Mama, I'm Coming Home",Ozzy Osbourne,,spotify,0aeO2zlxNqxM2TZ8qcbidZ
TRUDJOH12903CB5C06,The Ocean,Led Zeppelin,,spotify,0AqjkVFqa1ujle4Lb1k9wR
TRKDMJX12903CF5CC8,"In the Cold, Cold Night",The White Stripes,,spotify,007ISkx80dRyzHki6XReLV
TRDAOOB128F932E752,Dollars & Cents,Radiohead,,spotify,2mvmuCtmmrERnm03ULdDye
TRRYCBO128F932A2C7,Love Shack,The B-52's,,spotify,05r7cs15qOMZFRTMxszL8P
TRORIAB128F4291D90,How Many More Times,Led Zeppelin,,spotify,00gMKqjm7hUJ0pnmLQz5Ym
TROMUPS128F932D186,So Lonely,The Police,,spotify,08MsLUAnUDjyFUrZKPqW5k
TRARHNW128F9350564,Everything Is Everything,Phoenix,,spotify,03hPxfgtMqxU1QrOaL10kG
TRCBTPW12903CC0333,Boston,Augustana,,spotify,07baEmGLjBpkRIQWgg7dus
TRUHUNN128F92E58B5,Hard Sun,Eddie Vedder,,spotify,0Zf5BJahvBQ6yLoCR6fPko
TRGEEXZ128F427D87C,Mr. Maker,The Kooks,,spotify,0Rkd4LJvOloeSl19yKAozJ
TRBJARV128F9311153,You Could Have It So Much Better,Franz Ferdinand,,spotify,1lHDlQTzVhowozjJFFG2is
TRDHWCW128F930DC51,Lodi,Creedence Clearwater Revival,,spotify,0cuo2wMCjwwBS4fpOJHAGX
TRVUGOX128E0784629,Don't Cry (original),Guns N' Roses,,spotify,0uFfoTnmDD9K03PH1jiZOJ
TRATHTH128F42BC347,Ragoo,Kings of Leon,,spotify,01BmduYsgEwoqkFpDo8tao
TRXCVGL12903CE69A7,The River,Bruce Springsteen,,spotify,0WeJ5QuEdmxNh0s9kqksb9
TRRZDYD128F428BC8B,Runnin' With the Devil,Van Halen,,spotify,20B9tOghAB8J76traxY523
TROHYES128F423605C,Rise,Eddie Vedder,,spotify,0hMcKTdREkuogfDpT83Hlp
TRBMFFW128F145BB62,La La Love You,Pixies,,spotify,3vY7cKuKNY1oAsyVVn7AQz
TRCRYCF128F4264E9A,N.I.B.,Black Sabbath,,spotify,051vV0VhZQBwvnB6gBUThM
TRUIIPM128F147CBD2,The Call of Ktulu,Metallica,,spotify,1VG3bGpefcZtcdKAzCxI88
TRSXJKR128F148C80C,What Ever Happened,The Strokes,,spotify,0mVfjXZWbgRhAZI9LVDfa6
TRLKSOG128F9319F39,Is There Anybody Out There?,Pink Floyd,,spotify,5HAjss9faCAowGY8dM24r6
TRYMIOG128F4255AB1,Over You,Daughtry,,spotify,1faIgH9AF6629h84H2MTDW
TRGERYB128F9328AA7,Evil Woman,Electric Light Orchestra,,spotify,01v3OG7xabfO5UuyaliXlE
TRILMKG128F9318C60,I Got Mine,The Black Keys,,spotify,0kNeR7Qftb3etBYQW7xtWu
TRAKCYN12903CBB8A3,I Can Change,LCD Soundsystem,,spotify,0cDOYfzRWcEIFHpjcXbhZO
TRRGFAP128F933A7EC,Playing God,Paramore,,spotify,3CZsKV4Vu90uUMVFtpRI1m
TRVJHAQ12903D080A8,Midlife Crisis,Faith No More,,spotify,1fcNEQTsGqwUi3HgyrQfsW
TRRFJGS12903CD9E19,Let It Rock,Kevin Rudolf,,spotify,14WkFr30Ye2QXwA025aIob
TRGFGTX128F422B0AF,She Drives Me Crazy,Fine Young Cannibals,,spotify,049ebQgNEUm0zk1LqaRAaZ
TRJECOL128F932FE18,New Fang,Them Crooked Vultures,,spotify,37chc886yyUq0amK9lfwhM
TRIXLSF128F146A5DA,Magdalena,A Perfect Circle,,spotify,47HJ7biEuVZxoPkauczu2R
TRVGZLS12903D0552E,Aeroplane,Red Hot Chili Peppers,,spotify,0VLdJcQUsqHBBwqPp4CIKJ
TRUMEFQ128F92CA67B,Believer,Imagine Dragons,,spotify,05KfyCEE6otdlT1pp2VIjP
TRFZFRP128F4264623,Gallows Pole,Led Zeppelin,,spotify,27xtlwdW44JikD6IMCJk1e
TRVYVKJ128F931BA9E,Heathens,Twenty One Pilots,,spotify,0uB0a0FmuW3DZmfzG0ORlT
TRWVAPE128F42BA1B3,Hero of the Day,Metallica,,spotify,0rDPQzWWmLTv9deHn4ulG7
TRDZAJJ128F9311EFB,Hooked on a Feeling,Blue Swede,,spotify,00Xj7vpnNTqLTJTmM2sHOx
TREVDJS128F14A94E5,Some Girls Are Bigger Than Others,The Smiths,,spotify,3GpiJvVSxvd5KpYqzYOUuV
TRFPXPA12903CA7190,A.D.I.D.A.S.,Korn,,spotify,073DVV4HPbiNDQFC5rraww
TRCXOAI12903CAA772,Kids in America,Kim Wilde,,spotify,00e0cj0VVb0W9aJb5qLckF
TRDMQYF128F9314269,Moskau,Rammstein,,spotify,0Tvlt0AE61SN0TGG66q1ZG
TRGSQIN128F92C315A,Red Morning Light,Kings of Leon,,spotify,0HPMKvONbUTomRuuG1LScC
TRSAZNE128F9329095,Love Street,The Doors,,spotify,2NI37xYZO2rBurOUFs1GCu
TRCNNYS128F4248A5A,Black Mountain Side,Led Zeppelin,,spotify,2dJTscuctOdFKCCsC0vdqG
TRORBHC128F42AD0F4,No Way Back,Foo Fighters,,spotify,07eAcY1zNAlAkDRNWqAtrT
TRMBYQF128F429ACCF,Stranger Things Have Happened,Foo Fighters,,spotify,4PY5Yj0OqsHYBJIatusY6Z
TRXJRYG128F1458870,Never Gonna Give You Up,The Black Keys,,spotify,390ExJCwrajUVvEty9GJPL
TRCPQJY128F930E0E2,Faith,Limp Bizkit,,spotify,2aLd6duBFWoLb9TtAYhzPw
TRUDYJV128F932B6E0,Missing,The xx,,spotify,6hUbZBdGn909BiTsv70HP6
TRRQYUZ128E078199C,There Goes The Fear,Doves,,spotify,1anc9YPA8OzyMz6T2g6I7M
TRFWOUQ12903CEE3FE,Atomic,Blondie,,spotify,02pTQv8N8ns8Sw5bgucuTk
TRLJVBP128F92EF1D4,White Wedding,Billy Idol,,spotify,0bvpSvOYt4KTfZIZJmyFOs
TROIERE128F92FBD53,Amazing,Aerosmith,,spotify,0epe03uY5eNZe9A5iS8jQO
TRISKLC128F92F780F,Why Georgia,John Mayer,,spotify,1c7UYTut2SBOPq64o2t0uN
TRLRIHQ12903CBA6B4,Mutt,blink-182,,spotify,0v9JiebCBHgxQYxPFUHtj5
TRXCIEE12903CB44C9,Panama,Van Halen,,spotify,11dCfArPrM7kzYpUrFHal9
TRCQJAX128F92C5A87,DLZ,TV on the Radio,,spotify,3GQmoKZvsd2P3G5OJLAZCp
TRIZAWA128F931682C,Highway Song,System of a Down,,spotify,25JDNePOXV9Um9xQHhHjQZ
TRXKAIR128F4249089,Double Bass,Gorillaz,,spotify,2SesWUNxh3idu7A2y2iY0H
TRRXWWR128F427581F,Know Your Onion!,The Shins,,spotify,20IBpUvPQZLvhg3hhKXDP0
TRRSVQD128F4229994,Fade Together,Franz Ferdinand,,spotify,2W2uwxy0tdFQaoq3FLaSDR
TRUFKSO12903CF2552,In The Shadows,The Rasmus,,spotify,0NyBdmvNFoAABmAbuF5v2x
TRRSOAF128F1471500,All We Know,Paramore,,spotify,4chdIr2d5FwtO0vmie4lA4
TRIOADZ128F426B408,Out Of Control,Hoobastank,,spotify,2Uk3uky365BBGidUpOtKvw
TRNTDIL128F427FE51,Devour,Shinedown,,spotify,0OgPI9TXbUZmhF5hk1R8UA
TRAEZFA128F931798A,Love Me Tender,Elvis Presley,,spotify,002BBwFNxzzv3BOOsT7GHx
TRPBCPV128F9302770,Rosenrot,Rammstein,,spotify,2OylSOdymmihWTqRYu5YnQ
TRZQUMZ128F9307493,Family Portrait,P!nk,,spotify,0EQnZujmvPX6d7fr7zDHvS
TREGSON128F933ADCD,Sometimes You Can't Make It On Your Own,U2,,spotify,147hNyjURPK4gTaghUXEnW
TRUKNPR12903D05585,Come Alive,Foo Fighters,,spotify,0fhwvyHJV79pEjmhfCF42q
TRZRENZ128F930F80D,One Chance,Modest Mouse,,spotify,0x0Jg696nXNa59t62Nt11W
TRDLFGU128F42BC33B,McFearless,Kings of Leon,,spotify,1KaKTKJzAM7BnaVIqr9aXX
TROHHFF12903CC6E0D,Skeletons,Yeah Yeah Yeahs,,spotify,1ZkmBRSgelHhKgGLRUUWWF
TRLTTSE128F426C17E,Hit The Floor,Bullet for My Valentine,,spotify,0dKCSSA8LF2rKCcWeklQG0
TRKJTFB128F14A8958,Black Wave/Bad Vibrations,Arcade Fire,,spotify,05oK0zROR8GnZGyWMcO8xU
TRADMEW12903CE5ADD,I Can't,Radiohead,,spotify,3PuTfG5Cqk7vcCJgIx9FJ5
TRUHGSS128E0791C60,Liberate,Disturbed,,spotify,1WVtCdwk72qhzYlDgX8I9h
TRRJJTX128E07989F1,Don't Leave Me,blink-182,,spotify,1wJ2lVkniPnozMCTYzvPi8
TRXCKPZ128F92FD589,Garden,Pearl Jam,,spotify,0TwWiN7pcUhDHfEaMcsfHv
TRJCFYH128F9326957,For The Girl,The Fratellis,,spotify,0A6mmHc95Sklnv9RWwYYsJ
TRRTMHL128F427E15F,I'm Sticking With You,The Velvet Underground,,spotify,0dpagtu4SfYfrZ96u04Ycc
TRLORRW128F4249358,Leper Messiah,Metallica,,spotify,0X7dT6vZWileQeyxNYG6h6
TRWIKPM128F931F1D2,If It Means a Lot to You,A Day to Remember,,spotify,0PMgaQFz7F8gvbLJheLXPj
TRSEWVG128F429C901,Broken Face,Pixies,,spotify,1nc3cMQQoA6uOGgIrGjBIa
TRILZVB128F92F3AB3,Colours,Grouplove,,spotify,2751ailJQITxLVnnASYvAD
TRIMAQA128F421A0D3,Fame,David Bowie,,spotify,3LmiHgGY18ZWfPjtns1aIj
TRILXVG128F9311133,Disenchanted,My Chemical Romance,,spotify,1G0Z16xclLYHGIsTJ0C6w0
TRLQLJF128F9364C37,Danger Zone,Kenny Loggins,,spotify,02hJWQcXmVHMYoeldHV2Iv
TRJSNBK128EF343A72,Two Receivers,Klaxons,,spotify,2pqLwhhPPSf0z24LQwGawG
TRXWPCZ128F426AB1D,Know,System of a Down,,spotify,0L3fKmkVPZ1XlUHoCtGTc7
TREOZJA128F935236D,Shelter from the Storm,Bob Dylan,,spotify,019h4h6liQ16vLi4xN1oRQ
TRDEUGL128F42760F2,Plainsong,The Cure,,spotify,2veOWdoKyg8GIbah5YOTOP
TRESSEX12903CCDE9D,Compliments,Bloc Party,,spotify,2gOzyE1sz2wlnJVLC7kEN7
TRXOGKS128F14681EE,Charmless Man,Blur,,spotify,1lYOlG9ZNtz5p3eSgnMn0Z
TRKISNB128E0796169,Until the Day I Die,Story of the Year,,spotify,0DKNNR9iDjwfCEpMiFXMJq
TRLJRYC128F92E62B7,Mojo Pin,Jeff Buckley,,spotify,0JnxySW6VwQZRJra2XSDvz
TRFOVES128F930AC3B,Bitch,Meredith Brooks,,spotify,0ficWpa1x7FZu3mwV1jc3c
TRCPRQS128F147A5E1,Your Guardian Angel,The Red Jumpsuit Apparatus,,spotify,2Guz1b911CbpG8L92cnglI
TROWIDE128F92F90B6,Burnout,Green Day,,spotify,7dVDWf0wud70V4PgYfKnaG
TRPMGOZ128F425E8D0,R-Evolve,30 Seconds to Mars,,spotify,0vFgnVTbCAqsHhO19DJhBi
TRZVDCV12903CBB501,Ego Brain,System of a Down,,spotify,16NouUzD1yB17t6XlnGLnX
TRIMJOY12903CD4C77,The Sun,Maroon 5,,spotify,0YGnYbZen9CaTzo5KRZpyh
TRLFMCF128F42BC344,True Love Way,Kings of Leon,,spotify,2kFgSRkYrFS06n9LLoOeO7
TRLWKDS128F9330EE1,Raise Your Glass,P!nk,,spotify,05qq6mwIbG1ZsQhlMKyDwN
TRRRAVB128F9308F3B,All Shook Up,Elvis Presley,,spotify,000UixVpPgajtrl8O2DRbx
TRLZQUS128F92E58B3,Long Nights,Eddie Vedder,,spotify,05f4MrGWAKTNSXZtMC217J
TRJAHPB128F42BCA86,Keep Holding On,Avril Lavigne,,spotify,04veGRiEXe2O7UQy71Bkfm
TROILVY128F9338DD0,Surrender,Billy Talent,,spotify,06c0TTyZTJOjbCVHkucx2O
TRJZSFE128F429A8C4,Give Up the Ghost,Radiohead,,spotify,4OrGm3fBdhlXuHtRBoLUMW
TRILCNI128F9338426,Wasted Years,Iron Maiden,,spotify,0qTjZhDTJKmDuRk938iSSV
TRULNNO12903CE2169,Asleep,The Smiths,,spotify,4tuLVGFDV58rBoZnHF1X42
TRRTJDW128F146E8A0,Bang Bang You're Dead,Dirty Pretty Things,,spotify,06kcc0vETUwkVmMczBuOgX
TRJXMAC128F934B741,Ain't It Fun,Paramore,,spotify,1j8z4TTjJ1YOdoFEDwJTQa
TRKJHZR128F9339A39,True Love Waits,Radiohead,,spotify,01ZpFhrMMqKPVCwyqXneVp
TRILXAS128F4243AB2,Bring It on Home,Led Zeppelin,,spotify,1rxD34LAtkafrMUHqHIV76
TRTZBQF12903CE5D8C,On Mercury,Red Hot Chili Peppers,,spotify,14pf4eCGoNyV2rABhiLj4Q
TRACKKG128F93034C1,The Look,Roxette,,spotify,0028FbjCekdGxzTDoY9EuH
TRFTTMD128F93112C3,In the Flowers,Animal Collective,,spotify,06tgwAKMMkKkAB1Apr9JmA
TRPAHRZ128F427EC71,Dance Hall,Modest Mouse,,spotify,0zxGJt23hlShJ4d5jgPzlF
TRRAPHT128F9309926,One by One All Day,The Shins,,spotify,2v44f7YBrWvrBhetcVVTcq
TRDLXAE128F930AC7B,Send Me On My Way,Rusted Root,,spotify,0VRWmkhxjjERPMMbZEOcDo
TRBWOJX128F92FD034,Stop This Train,John Mayer,,spotify,2dmsOsITIUkLKi25CU0MPV
TROIUCD12903CD946D,Warning,Incubus,,spotify,09GC0HGEzdsKBIyHAhvL8K
TRDQNPG128F92F825E,3rd Planet,Modest Mouse,,spotify,6V0g1p7KaOzWc3wbjPlQuX
TRUJORR12903CC23EA,Wrecking Ball,Interpol,,spotify,01ltoZ8GSLR2vjxGoBTcf0
TRCPJPO128F4266B9C,Secret,Maroon 5,,spotify,4dJjM84SQ8t5Pm97thio48
TRAKETD128F424986B,Name,Goo Goo Dolls,,spotify,1G8jae4jD8mwkXdodqHsBM
TROJWMQ128F930C3A8,Under the Gun,The Killers,,spotify,0pql5qSoVnOgGNUrnwU2Aq
TRLIDNT128F930327C,Dull Life,Yeah Yeah Yeahs,,spotify,1pvlznzPWn4XiPzQzrrdIU
TRFPASU128F931FB0D,1999,Prince,,spotify,057llTpQcaI5zUlumAMgjn
TRZFXSA128F93073BE,The Unforgiven III,Metallica,,spotify,0qbV4e18lWrTTxlswVoLbI
TRUFYIM128F4277DFF,Awake,Godsmack,,spotify,0NiQKzjMIuzJYoo6MZIb50
TRLMDUS128F9308994,Outside the Wall,Pink Floyd,,spotify,1nW0lHGLpE1iQDP5Nvt3x1
TRDYMST12903CCD314,The Go Getter,The Black Keys,,spotify,0lr5ANCQv4HDe9IES94LvQ
TRFUCYR128F92DC67F,California Waiting,Kings of Leon,,spotify,0txCPGqVRdntoHGc1ZcF6t
TRXWAZC128F9314B3E,Heartbreak Warfare,John Mayer,,spotify,0naTARZScsZOtx3nlhlq0Y
TRUMWXT128F9312ECE,Desert Rose,Sting,,spotify,05fehFPxYSeKh3TnZItFSb
TRHINTD128F4223188,This Suffering,Billy Talent,,spotify,07sJ4xKLvWusl7pb90U9b3
TRUYSFR128F930BA5C,Heat of the Moment,Asia,,spotify,02bXay9QfybU79XFS6SaSe
TRMVMRX128F428F633,Everything Is Average Nowadays,Kaiser Chiefs,,spotify,05lsD7RO2D7pl4EaFul8Ot
TRIVWYS128F4296D55,Feral,Radiohead,,spotify,0eECFDnWy0RdjMmJ8NOeAL
TRNWXNV128F427EC79,Black Cadillacs,Modest Mouse,,spotify,0UhIdavKe4EQSJCTPd6wQa
TRPTTRV128F429EB30,Public Pervert,Interpol,,spotify,0gzNstRTXPBiOv5mY3QhQ4
TRYACAK128F427FBDD,Streamline,System of a Down,,spotify,0B2ipgWEa066juUJOJc8zN
TRIUTMF128F934D532,Tiptoe,Imagine Dragons,,spotify,1ELZut15VsHXwocahE07oH
TROXPSZ12903CD2ECD,The Unknown Soldier,The Doors,,spotify,1kF5megO0ffpodMfB6lCeZ
TRXCIXL12903CA8CCD,Fools Gold,The Stone Roses,,spotify,05Qiwpivf5oo01NCLgOu3l
TRINJDV128F9307BDA,Right Now,Korn,,spotify,0627YOSaSlZCSSd2bazfOr
TRDXEAC128F931664D,I Bleed,Pixies,,spotify,4azCKNOIuNsCB98BSRBR2B
TRAAYVI128F4286706,The Trial,Pink Floyd,,spotify,1UMXtudajhlocMzXVSngDU
TRJFQQP128F146A5BF,Orestes,A Perfect Circle,,spotify,0LcUteU3bm5wOUC077ydc2
TRMVLJI128F429946C,Four Kicks,Kings of Leon,,spotify,1eHMuw7i1IWlwq7Jzns3gf
TROMSXK128F9318EAB,Tears and Rain,James Blunt,,spotify,0pWjIWANPzixejhxuHd2JH
TRYQBGS128F92F23B1,Neon Tiger,The Killers,,spotify,0bOX5B8ENyGnu7ZbYm2iEJ
TRWOSFN128F428DA2A,Honey Honey,Feist,,spotify,0h2AfgKJT4LilyYQoiOGD5
TRYUSUF128F424EBCA,Just What I Needed,The Cars,,spotify,0loaIt0DbXHe6xiMgTnp4Z
TROFTNI128F146C777,Tick,Yeah Yeah Yeahs,,spotify,01erD45EeLHk87AmyGUfum
TRDEXFA128F93293FB,Heart and Soul,Joy Division,,spotify,2IDOoxV81HBhBttEkA4HQx
TRUWERC128EF343E3E,Pretty Vacant,Sex Pistols,,spotify,02AX1umvDtr7A6LEzEG1Ns
TRINKQU12903CAF3E5,Let Me Go,3 Doors Down,,spotify,0nNVR2iDM3eVzEgMi78vQm
TRUPINX128F92EB27E,One Day Like This,Elbow,,spotify,0eDx3ucobu2tPlUvBowdL7
TRLJOZI128F42B5600,If,Red Hot Chili Peppers,,spotify,00CqeD6j2Mo5Azw9UvUjFP
TRLMCMZ128F149CD98,Hungry Heart,Bruce Springsteen,,spotify,01nNdio52w6pB9t88bmXGk
TRPCMIB128F9338981,Dance Little Liar,Arctic Monkeys,,spotify,0JUXdAzpV5cTNx0sH9g5Tt
TRFOCBD12903CF4A00,Blue Suede Shoes,Elvis Presley,,spotify,002dtBU6Gw50uzoNfwfXzP
TROKFZE12903CB636B,California English,Vampire Weekend,,spotify,0cFlrika7XOFWD2mMFLLkb
TRBZDCP128E0792586,The Nobodies,Marilyn Manson,,spotify,010XSZeupN3qCBWkCwGo1O
TRXOJFG128F4218986,Broken Strings,James Morrison,,spotify,0bqdkSBgdZEqLftTfslGJD
TRORAZA128F427DFA1,Under the Knife,Rise Against,,spotify,10Ez4MGiMlxo65Bz0z6U1m
TRUKTGE128E0788E11,Mellon Collie and the Infinite Sadness,The Smashing Pumpkins,,spotify,0te4mvuWkFcMWcPNCwau6s
TRXMTPQ128F4281C82,Killing Lies,The Strokes,,spotify,0HaELdKUUyrNiDzuADLEoa
TRAISQE12903CC45D2,Run to You,Bryan Adams,,spotify,04oRhcn4xKAPwluRr0zMaS
TRDLARA128F9312AAD,Negative Creep,Nirvana,,spotify,0WoOYvrMAbQfucOmiLZnQn
TRUHSBH128F9312762,Be the One,The Ting Tings,,spotify,0bsVdP5Z2lMlFfxkwvjlMk
TRGZJOE12903CE5D37,For the First Time,The Script,,spotify,09ZcYBGFX16X8GMDrvqQwt
TRYIMZG12903CAEFFF,Taxi Cab,Vampire Weekend,,spotify,1bkfNYTlzatI8loSL0TXlg
TRUEKAI12903CD0D53,Riot,Three Days Grace,,spotify,1Q2fYlSdwuutWj3QplhY9q
TRWNSYC128F145FC19,Click Click Boom,Saliva,,spotify,039Ru13uFqgusXAQSZZF02
TRYJFWI128F42AAD6F,Aqueous Transmission,Incubus,,spotify,0tinOBuXB7RW2VbWDIykVu
TROEGQQ12903CCD316,Unknown Brother,The Black Keys,,spotify,0BQH5uHglCuHVImyCjOOHc
TRCQLQD12903CCDF08,Mantra,Tool,,spotify,4KVTRIZIj1WWIxitbREDnK
TRCSBVF128F93513C1,Sheena Is a Punk Rocker,Ramones,,spotify,0CDhITOqOEidbxxVy88Sl0
TRUDQDT128F42811F1,In One Ear,Cage the Elephant,,spotify,0f8MA1n2bvsg7eGvYZ4lhx
TRAPRYG128F428AE4F,Marooned,Pink Floyd,,spotify,09iHWO48orqS9LOZINNyfJ
TRBBHLZ128F9339729,Heal the World,Michael Jackson,,spotify,19qwu5aYCxUKAHFTRjC1WN
TRFWLSG128F92D1113,Careful,Paramore,,spotify,46kq0gEGXyFIXDZZ9gnSJr
TRNMYBO128F932ADA8,You Never Can Tell,Chuck Berry,,spotify,02NNV7ImlNfyLLQQJWkOKu
TRTTGCZ128F1486DEE,Scenic World,Beirut,,spotify,3RdiJd4HsbzxSDGxXABIKu
TRLOAZC128F92E7C6C,Tangled,Maroon 5,,spotify,07oRM1c6VtzDpxjTn8w6Hm
TRXFOLO12903CB0D1A,Gimme All Your Lovin',ZZ Top,,spotify,0Ag6avbbpNImKS3hJU2BzF
TRLQCZT12903CFA4CF,Don't Let Me Be Misunderstood,The Animals,,spotify,0ekdLF6luYpj9kX98dfEDe
TRALVXD128F1495205,Sweetest Thing,U2,,spotify,2y8xJLdUPUY73gSOOTnuMi
TRHJSSO128F426383F,Starshine,Gorillaz,,spotify,3YZenaGVHjx6kXJJTEK9qj
TRGEZHL128F9341C70,Tear,Red Hot Chili Peppers,,spotify,1xpYtUUFObxSGIOdrMxAsb
TRELFYP128F4279C78,Chic 'N' Stu,System of a Down,,spotify,0fcWHVZyqiHx7s3vCigQtA
TRRLVXW128F42721B6,Can't Fight This Feeling,REO Speedwagon,,spotify,020XImGrtMowzoqKBxH8Ml
TRDBTIY128F92FED4B,Glory Days,Bruce Springsteen,,spotify,0aMmboyoBdcbE2O5YYF9lP
TRCSZIJ12903CA350E,Dumpweed,blink-182,,spotify,1D23LHWrtlQL9QwxDaUjXZ
TRKSXNO128E07937C2,Outshined,Soundgarden,,spotify,0MEvJkkyhAcckyWkVksbzI
TRPURXR128F936106C,Girl From the North Country,Bob Dylan,,spotify,016ld1Z2eBLhtVaz9YpYZP
TRVBCDW128F92DE1EB,Magick,Klaxons,,spotify,06HcbgVktiUzKPY85MRvX5
TRRPAFU12903CEA389,"Please, Please, Please, Let Me Get What I Want",The Smiths,,spotify,0yYfk8sEcQFxjHAE4lVpG3
TRXVEFA128F426A988,Fragile,Sting,,spotify,01Z9zIi8PLt8pIwEGjYX6f
TRRFNZI128F4283224,Sun,Two Door Cinema Club,,spotify,01bTfyBqNDuwEcK1v2j1pu
TRABJSS12903CA735D,Introduction,Panic! at the Disco,,spotify,0JSnEZMwlEcq5eKiyZvy4F
TRFNYPJ128F427208B,Waterfall,The Stone Roses,,spotify,07DwuJRs4jO1cd67RHnLqj
TRZJZEG12903CA7268,Bridge Burning,Foo Fighters,,spotify,0bHD1nLe7Nhw55ZGJ92332
TRRQMFU12903CAF1F1,Strange Times,The Black Keys,,spotify,0dpNxKXHazvWga4MN6z2rn
TRWESZC12903D05424,Hateful,The Clash,,spotify,09MPuFHtmIcs8OCezfM9JO
TRCZQEU128F4295D23,Next Year,Foo Fighters,,spotify,1WwWjG2FGbBK6IkBBTknao
TRCOHDC128F9318B4B,Brighter,Paramore,,spotify,3GoNxPKPZPaAAZVQZ003TI
TRDDCAY128F1458E70,Golden Years,David Bowie,,spotify,0gOx4r5a1KkRTZ4uZDilrb
TRYDKRC128F421AD5C,Had Enough,Breaking Benjamin,,spotify,0Jmrp96iTvV8NXcphMFOd2
TRGJBPZ128F92F256D,Cum on Feel the Noize,Quiet Riot,,spotify,06WCWFknYa51ZvflxoCOcR
TRYMOID128F4259A8F,Side,Travis,,spotify,0hYxSjVwQ50q1D39BHRUJz
TRCUCEA128F425A8B9,Lights,Editors,,spotify,0KlxzexaXRXCYxfY0qTt7k
TROLYAE128F934C593,Famous Blue Raincoat,Leonard Cohen,,spotify,0IT7FPczy8gCM7mY6CVaF2
TRXBHSU128F42BC33E,Black Thumbnail,Kings of Leon,,spotify,0KTnrRWtXY1jIuzTov2UgA
TRDDBYE128F9330DAB,Doin' Time,Sublime,,spotify,06HoeG1dq7VSil4tTaceZp
TRIMNLW128F932C048,Believe,The Bravery,,spotify,0TpPtPgWCxhJpD3vEhKSrg
TRMHVMD12903D080C9,Drag,Placebo,,spotify,1Q9zO0zHDGDpyxMf95TVsy
TRFXWSD128F93173BF,Gold Guns Girls,Metric,,spotify,0OLW6kOkKyfXLygcr0SwcB
TRXRYXB128F14AF99F,Cornflake Girl,Tori Amos,,spotify,0fT1wb6wWxIiIVfNHtn8F8
TRXWPRP128F428DCB7,Angel,Jimi Hendrix,,spotify,16AAYFEuQujBSfOQZIaOnu
TRORIEE128F149E9E8,So Real,Jeff Buckley,,spotify,01T8tkZyrMphXDP9ahRDSE
TREJLYT12903CE12F6,Long Train Runnin',The Doobie Brothers,,spotify,02MfAODUcPXBHfwo6pQpNa
TRILFLE128F930F742,War,Edwin Starr,,spotify,02CdNXNbsUnAVr5W6upAfO
TRQHIIR128F145A190,Time Awaits,The Kooks,,spotify,0NsAMJ7zXC8CNTFGSE6UQk
TRXGAXB128F4272C8F,Thunder,Imagine Dragons,,spotify,0oP9pK1D1lNF3Lb7jkl6Xx
TRPDTGI128F425E1E4,Gamma Ray,Beck,,spotify,2sDFknh1dm8xiCnE3885k2
TRXKJGX128F14AFBEF,Bullets,Editors,,spotify,0aocWEssm6YCZGGSzpp7Uh
TRULVAB12903CC32F8,In the Ghetto,Elvis Presley,,spotify,00JwUzmXoMVCDVZykaTN86
TRFPBFB128F92E7D90,Man,Yeah Yeah Yeahs,,spotify,1vMPspGKCsk67WYfOvLWBg
TRJAVXW128F9338EB8,Cherry Bomb,The Runaways,,spotify,02lcpm1o7QAcbXE59zWuYO
TROTRHE128F932DD4E,Dogs,Pink Floyd,,spotify,2jvuMDqBK04WvCYYz5qjvG
TRRNNKX12903CE6BE9,An Honest Mistake,The Bravery,,spotify,0e5BG5P7sU8BX2hwLz4uDP
TRINAHZ128F92F3D81,Son et Lumiere,The Mars Volta,,spotify,4dKI5nfflnRVGyeCYT95Vv
TRJVMOD128F14824CC,My December,Linkin Park,,spotify,0fxGA5lxrdYNYoE7yJxTNZ
TRNJDTT128F427D87E,Gap,The Kooks,,spotify,0egYeISQ8ihu7g8ciYPj15
TRPEWCY128F427AAF4,My Friends Over You,New Found Glory,,spotify,048DAYuEulA3yUE39EcjNJ
TRKQMZO128F933897D,Potion Approaching,Arctic Monkeys,,spotify,0NV6MbL0TFMPYMGYBt3PTc
TRYRDMT12903CD3641,Flash Delirium,MGMT,,spotify,0eh0JDE2qiH7oS5aSVYuIh
TRIKZTC12903CF6542,Alone,Heart,,spotify,0pBUptQO3cpggKY8pYW9wd
TRHOEDB128F427A82E,Olympic Airways,Foals,,spotify,0n53SLNjbv6dOtrAVKohvp
TROUFQH128F92D8380,Witchcraft,Pendulum,,spotify,0Ehcwew7SqIm5zDKSCCzpl
TRZFDFD128F146DC74,Minerva,Deftones,,spotify,1gzWd0ILFaCoHUfQSkCIvl
TRRLGDR128F933A7C9,Injection,Rise Against,,spotify,0it4CBT8IGSbXv4ik5A7cN
TRBYZSV128F42B023B,Chariot,Gavin DeGraw,,spotify,07dTcPcexcWzxrNyAhVWnE
TRUCWNA128F42865BF,Things We Lost in the Fire,Bastille,,spotify,0BsacNlCvySOtXYbKd36Ni
TRCUGNG128F92F99FB,Can't Stop Now,Keane,,spotify,1fTI34PW83SjqQHKqI7COv
TRCRNKD128F424500E,Hands,The Raconteurs,,spotify,0hWZXLsAC5xc5L2Zgaw8kd
TRLNLYC128F422B8D2,Disposable Teens,Marilyn Manson,,spotify,0oDEiVFbhVWuftHTda3ZmP
TRUGBTR128F92CD0A3,Don't Be Cruel,Elvis Presley,,spotify,004BhJqusd9Wrk9ADZ7Ahi
TRPAEKT128E07840C5,Slow Country,Gorillaz,,spotify,1Pms7iJKyl1Kxm8onA6yyz
TRLKRMO128F427F8CD,My Heart,Paramore,,spotify,5wWkbQ18TPaWq2GeJDF2O3
TRLKILJ128F92E9997,Wild Thing,The Troggs,,spotify,01KfX5ljOrbdTizuN0q3XH
TRLPCFO128F426472D,El Condor Pasa (If I Could),Simon & Garfunkel,,spotify,03DHUQHIDcIFRsss6ZUm7J
TRYKBDF128F4244234,Centerfold,The J. Geils Band,,spotify,08i4CKPw2jo1DuJ9ih2JH4
TRAIECT128F92E1FE4,I'm Your Villain,Franz Ferdinand,,spotify,31bMVAqE9NuVtLNBxDl8pH
TRGTYLD128F932BE9E,Calm Like You,The Last Shadow Puppets,,spotify,0bQniuZL0OYWg828EA8EvR
TRUZRJE128F422C14F,The Party Song,blink-182,,spotify,0otkqXHQLcyJDi9ydpirpV
TRUNRBL128F92D92AC,Links 2 3 4,Rammstein,,spotify,0HqDP0fbUUaHDJI1Ogp6OM
TRAIOZA128F426FE7A,Beat on the Brat,Ramones,,spotify,1yBAXv3vLEEVQpy9Lq7YL1
TRXEPDR128F42803EE,Pictures,System of a Down,,spotify,2cnYKU7y5ZKjPSFIyD4PH6
TRRDFVG128F42893F7,Doll,Foo Fighters,,spotify,2KvhVhBR7MIMZUQNRBiY2k
TRCXIMQ12903CD1F1C,Analyse,Thom Yorke,,spotify,2jiH6Cmj3vJyfTlWPPuBQy
TRDFVGC128F4248836,Only,Nine Inch Nails,,spotify,0m1DJ5Jkv3kdnGrcZsJFmC
TRINGNO12903CBDAC9,Tides,The xx,,spotify,0cCaCQYbRLbNz0t204ZgxL
TRSDMAJ12903CB236E,Let There Be Rock,AC/DC,,spotify,0OkFAnMRE49cNpQTu2cla4
TRRGRIH128F933A360,Scared,Three Days Grace,,spotify,0OWmBvdthZceFMOwB5EANd
TRHNUTF128F9338982,Pretty Visitors,Arctic Monkeys,,spotify,0nck4hWrslOmxRyE1wAaH1
TRLTCCL12903CE439A,Arizona,Kings of Leon,,spotify,0LwgIXe0abu9b57ef7yVHV
TRLSJDG128F4268D37,"So Long, Marianne",Leonard Cohen,,spotify,0bSPisZJYmtauJ4Bzs1VDI
TRHELBK128F931F176,Fire and the Thud,Arctic Monkeys,,spotify,0NRKxPwH8VdG3Se5YWPqF7
TRAEEFH128F931FD6E,Fairies Wear Boots,Black Sabbath,,spotify,04HH2NSBrZWGkR7LpLHyP8
TRAOBDT128F42B62F8,Midnight Rider,The Allman Brothers Band,,spotify,0BRtfhF7n6pXIGYuyySjXg
TRLFTFC128E0780CEA,Taste in Men,Placebo,,spotify,24edGtzvotH0TO8ZgZgNRy
TREJOGQ12903CE3066,You're So Vain,Carly Simon,,spotify,01A7j26jBaR9rLQ3qQC83q
TRRGPNE128F9303210,Don't Go Away,Oasis,,spotify,0goZr16jDmj8QNWDTvOO27
TRDVERN12903CA8A23,Fall to Pieces,Velvet Revolver,,spotify,0hCdoVU6BF1EjDwQi5hv10
TRSJFZV128F9336D47,My Party,Kings of Leon,,spotify,0RoNM5ffD0otuXqSJ6eyx3
TRHAQPN12903CFDEC1,C'mon Girl,Red Hot Chili Peppers,,spotify,0CZQNI3Evb4Nd8GeU49LFj
TRXODNS128F92E4326,40',Franz Ferdinand,,spotify,3wbkywnfQ37p2oSKtVkes2
TRVRTDK128F42AF6F7,You Know My Name,Chris Cornell,,spotify,25ZYW04T6qsgV5b2mRsDb3
TRAEEAH128F4254645,She Loves Me Not,Papa Roach,,spotify,0a6cJcMC1qWUZtUU2yLKRo
TRMNDDV12903CFEAED,Bron-Y-Aur Stomp,Led Zeppelin,,spotify,1dK6cNOMYjEP3QGYOfwP6t
TRRYCEZ128F92F7648,Dr. Feelgood,Mötley Crüe,,spotify,054xrMLkrdIzI9i4iLElMn
TREEZOU128F1452488,Shoplifters of the World Unite,The Smiths,,spotify,2RTdhmSgQXoZsXZlLQkzet
TRJIUPX128F4244BAD,Rainy Day Women #12 & 35,Bob Dylan,,spotify,01v6dZtjvBINPbFA4vdsBj
TRDHZDV128F92F6E2F,Dancing With Myself,Billy Idol,,spotify,1BY1Vd2Bt6JPOhMvsIwtVv
TRMUFZB128F426BE48,Red Eyes,The War on Drugs,,spotify,0JxI0r0gooV71qlPfHqJry
TRXCCDJ128F4229970,Inside Out,EVE 6,,spotify,1UxPIeKgD89hZ5iuQSYyAc
TRUJRQY128F423A63C,California Girls,The Beach Boys,,spotify,0mwr3py9MZIOdvOrI31h6r
TRKMWHB128E078ED8A,God Is in the Radio,Queens of the Stone Age,,spotify,1dVWz4VM5QkgzHLjFEKM4u
TRJNGBW128F930276C,Benzin,Rammstein,,spotify,026bYRudKD3AX37JNTzYLe
TRPFJPH128F427A71D,Psychotic Girl,The Black Keys,,spotify,1c8u7nv8wJq4jJI2CHsZuu
TRXINKQ128F92F44D7,St. Anger,Metallica,,spotify,1Ag24dTGd2X11OHakk2LQW
TRYQZZS128E0780E11,Innuendo,Queen,,spotify,1dG4lTOVFu8RkSzybolp7o
TRFXMAK128F146EF5B,The Adventure,Angels & Airwaves,,spotify,0Lg4YMzmBcEZX44uXlDwrL
TROYEAI128F92F4843,Warrant,Foster the People,,spotify,0QOwak4SMvE1p2apLbDu8c
TRIVKOU128F9309E40,All I Wanna Do,Sheryl Crow,,spotify,076y9cbDz2jqjxUo3J1S6m
TRTBWQW128F933839A,Crazy on You,Heart,,spotify,0giBPqNiiWb5Ms5AZArjDH
TRBZSCQ128E07827DE,Everyday Is Like Sunday,Morrissey,,spotify,08hfefwKfFD0On0kp3f8R4
TRYPNQA128F145A193,Got No Love,The Kooks,,spotify,0aWWsKJCNk9NbUV9CNgqgX
TRVODUX128F4289407,February Stars,Foo Fighters,,spotify,2ceA7CWWx6yIHdzppN8nLF
TRCRSTL128F42459E6,Have a Nice Day,Stereophonics,,spotify,0BD5cu9vBQgDHj4QoFV9y9
TRXFKRC128F426F5AF,Red Light,The Strokes,,spotify,0vluWytG1pOiWFNXkVdmgA
TRKPOWM12903CF1864,Kettering,The Antlers,,spotify,453spNn4mGdYErYt3rGhSX
TROMHPC128F4229FDB,Expectations,Belle and Sebastian,,spotify,1JamvKerb0IhxbjrGtMNoR
TRWJGUA12903CDC19A,God's Gonna Cut You Down,Johnny Cash,,spotify,0mYc4oqgPlDwE5JPsM83Y1
TROZZEA128F42206DD,End of the Night,The Doors,,spotify,09ezgACZuwWZt6CtQSSLRG
TRXCQMB128F92D0C7A,Boiler,Limp Bizkit,,spotify,0FXclZbGETrzkN4B9PWrbl
TRNRJEY12903CBD4A0,Take It as It Comes,The Doors,,spotify,0Ltj1qY35Vkb3kCbt6h7ck
TRAHDLY128F9332B06,Decadence,Disturbed,,spotify,0jY829pCMnstlNtaE72vSB
TRZQEVE128F425D55F,With A Little Help From My Friends,Joe Cocker,,spotify,04XjzCSMFg5iWI2TUck2nL
TRFOSAA12903CE7C04,Travelin' Band,Creedence Clearwater Revival,,spotify,0meQLW8xp4lftgnLawSErZ
TRIQGJI12903CEE68E,Scream,Avenged Sevenfold,,spotify,08DB7fFM0WM9nDwoG2DzHx
TRLMZAU128F425045A,Time for Heroes,The Libertines,,spotify,2HecPuqBy67gvwkB0eqdjD
TRGHOQM12903C9F66F,Supremacy,Muse,,spotify,1dByq8M4ChgXXL25qfCSZl
TRPOHCT128F42396B9,Run for Your Life,The Beatles,,spotify,0ngVDPbI5otWXikxbDulQr
TRHEYSM128F428318C,Alone I Break,Korn,,spotify,0adtVNDTVryuEBP2JoYcIS
TRJOWCO128F92F7C6D,Piggy,Nine Inch Nails,,spotify,03hkMQ64lxFL6dF8yO6pXW
TRURHIC128E078F194,Happy Jack,The Who,,spotify,1Lwm6rkAzeJcrBz4ERgkzD
TRAYUCR128E078EE0F,Aneurysm,Nirvana,,spotify,2aghmBMNJ1RrgUP0hgjzRp
TRCWCIO128F4263368,Change The World,Eric Clapton,,spotify,0330Dp0VhaAkTaiNCkRjhA
TRYQMAY128F92E58AF,No Ceiling,Eddie Vedder,,spotify,1BJ16GeqVvR737vuUSQjYD
TRFYRPS128F92E1655,Unfold,The xx,,spotify,39er5vmZ8JXatAKaLaplkl
TRILOWN128F426080F,Underneath Your Clothes,Shakira,,spotify,07qRl4PT2lA6O3KN40McLz
TRCWSML128F423051E,Superbeast,Rob Zombie,,spotify,0Js6tdRNj2MF0RfnpgFV7r
TRBAAYJ128F931CBFA,Low Rider,War,,spotify,09JSGcaSoisX4qLFI1JUK8
TRRLPPT12903CDB927,Go It Alone,Beck,,spotify,11PUwCnfrI9ChyMmHaA6vY
TROLQBZ12903CBAD53,Delivery,Babyshambles,,spotify,0NsfO3cPXQM1VQsGWlEONy
TRDAYHC128F147878E,The Good Left Undone,Rise Against,,spotify,1dbB0D0hKc8pQtCyN14AZu
TRFKOXR12903CA3193,Teenage Angst,Placebo,,spotify,12J3UsepUQUkbMkT82DvaE
TRXGEYS12903D10D10,Too Bad,Nickelback,,spotify,0dDx6M3I3tPkIgqm7LuDFd
TRWBYQT128E0781140,Down by the Water,PJ Harvey,,spotify,0KK0pChFVAfP6Bo10LSNJK
TROSEIM128F932EB9F,Dead,Pixies,,spotify,5fAUch0HNiHxqLEc6a1t68
TRRZVKM128F14A94E3,Cemetry Gates,The Smiths,,spotify,1Rki6GKyS6NqevcwLaP7iZ
TRXDIOP12903CFD6F3,The Widow,The Mars Volta,,spotify,1NiIDGOxKkAnDCCFErSCBm
TRGOHJU128F1453D50,Anthem Part Two,blink-182,,spotify,1JDrYoDdvTcK79fzRIqHik
TRFOCYH128F92F26DF,Y'all Want A Single,Korn,,spotify,0VmO0ZNteIFffayYLzf7vq
TRXRHWR12903CBAD5E,Interzone,Joy Division,,spotify,6fU9lHe7gVXY23whDLGA77
TRGVIQD128F92D5C7D,Hollywood Whore,Papa Roach,,spotify,00uZgmHKPnsbwNu23ErGWf
TRJTCUF128F42409CF,The First Song,Band of Horses,,spotify,49azdafcplXU68beqSuSyC
TRRGTTO12903CF0A3A,Time Bomb,Rancid,,spotify,0ZP4fS8z5UkkhMGgMMYu7A
TRDFFZA128F9311169,Slide Away,Oasis,,spotify,0l2oLy0MSsz4KkrH6hDCYB
TRKCZOK128E07843EA,If I Could Turn Back Time,Cher,,spotify,088fKihXR2wjwidooxGt1e
TRFFILL128F9304160,Girl's Not Grey,AFI,,spotify,1i4VM3PDQSAvmuqGMNfmxL
TRDJTYX128E0791989,You're Crazy,Guns N' Roses,,spotify,01uElcFGme24xNqP5DuMHJ
TRXMXHX128F92E7D08,Kids,MGMT,,spotify,0Ef1zHP0XkSstb29aINlN5
TRULKKB128F92E896C,Poker Face,Lady Gaga,,spotify,00MeGVaxahahiwWLTT7Vhc
TRPHFNB128F93141E7,Electric Feel,MGMT,,spotify,09mYp65Em1rHZybfogOwUR
TRILVLT128F4214AE2,Stronger,Kanye West,,spotify,08IrLUx06jBA1Hv8kuAIw2
TRCPVAF12903CF7722,TiK ToK,Ke$ha,,spotify,006TCtgxIpbrP0X3qkSWfV
TRDABXT128F425F1A4,Teardrop,Massive Attack,,spotify,1CFXBugUwX57RzV0v23LLX
TRXBVRM128F4283254,One More Time,Daft Punk,,spotify,0DiWol3AO6WpXZgp0goxAV
TRACFSA12903CC089B,Bad Romance,Lady Gaga,,spotify,0CAVM0zoWbnF1Zzl177Hrh
TROPSZC12903CE8913,Paper Planes,M.I.A.,,spotify,1kusepF3AacIEtUTYrw4GV
TROHCMU12903CCF430,Paparazzi,Lady Gaga,,spotify,02XnQdf7sipaKBBHixz3Zp
TRINQYT128F92E88CD,Just Dance,Lady Gaga,,spotify,01gWGQNSXXfEdSQa7Ezstj
TROHGGR128F9312780,I Gotta Feeling,Black Eyed Peas,,spotify,01BTkFjf4CMKPluW38AWLy
TRLXCKQ128F935A837,Crystalised,The xx,,spotify,1nmCmB3qdXrzxFhvLJuhuB
TRCSCDE12903CCA95A,Around the World,Daft Punk,,spotify,0NjabUQbNCwSyWRseEtK6n
TRXNNZW12903CD60B1,Islands,The xx,,spotify,0c5E6H2gp3sVbFtE7KXqwh
TRJGHVP128F9326249,Royals,Lorde,,spotify,02IANd6Dh5wMrLFrO0reAi
TRRJYTU128F14534FC,Glory Box,Portishead,,spotify,149eIxUYu8xEkG81NIYH1x
TRUFTBY128F93450B8,Alejandro,Lady Gaga,,spotify,0CXHrBetrvDx4PwBar1ZWj
TRACNMH12903CA9CCC,LoveGame,Lady Gaga,,spotify,00bNP3gNLbXs6rC5MyfLSR
TRLRYUS128F9313136,Sleepyhead,Passion Pit,,spotify,0bxBdEyBoWmgvoEOPzcJR6
TRJCXTT128F14534FE,Roads,Portishead,,spotify,0KLIKCZJfSm2By8UtNSw83
TRORFWA128F425ACC9,Digital Love,Daft Punk,,spotify,1q665iJhZnAqSQxgg0mpk4
TRNJLKP128F427CE28,Aerodynamic,Daft Punk,,spotify,168MSP7Cpz7uKGt5Qd9F16
TRILGSU128F424E631,Fireflies,Owl City,,spotify,09uD0bY6pEy9SCcbyT2VHC
TRDQWGF128F933261A,Something About Us,Daft Punk,,spotify,01HMXHrA2gME4HKJrGI6Xf
TRDATLH128F92F28AA,Love Lockdown,Kanye West,,spotify,02fjzVRiqb1AWqO7x05cY3
TRLOSXB12903CAC440,Undercover Martyn,Two Door Cinema Club,,spotify,0eBmr9VJkeusa0wBm465eL
TRSVAOW12903CEC43A,That's Not My Name,The Ting Tings,,spotify,03eHcwjjFutabxrLevnQp8
TRRIODW128F931E0B2,Boom Boom Pow,Black Eyed Peas,,spotify,09hjufnL0WQa3F74dci6oK
TRSCGYO128F9351A5A,Heart Skipped a Beat,The xx,,spotify,1O4pg2612aT6PGCAp6Wt1V
TRSCFKS128F92FA6E4,SexyBack,Justin Timberlake,,spotify,01qTsc6SGIOwQwRG9MAqiH
TROLEFI128F424A21D,Hide And Seek,Imogen Heap,,spotify,121so7t3AeX6nLMvxy9ZP9
TRPKQEL128E0795771,In the Waiting Line,Zero 7,,spotify,0eQ7lJMTDGw77K8xyXlTTe
TRPFKZM12903D11317,Basic Space,The xx,,spotify,16NE62lzGmi6ehGTNVI659
TROHZDR128F429C0E3,Wake Me Up,Avicii,,spotify,008lUbmQz2u6ZgbYWJ9xSb
TRXCIKM128F14534FD,Sour Times,Portishead,,spotify,3jD8mKsaq5iDmLhRGx9hLJ
TRVLPDN128E07889D1,Technologic,Daft Punk,,spotify,0LSLM0zuWRkEYemF7JcfEE
TRBFYNY128F92F8755,Your Love Is My Drug,Ke$ha,,spotify,0CjXF6zVf1YG7Taj1NCICd
TRREXMT128F426E58B,Breathe,The Prodigy,,spotify,0e3dAN8YDZhBugZ5gdaNO2
TRINIUC128EF34E61A,Genesis,Justice,,spotify,0bHUSuO7EFH1ZpcQdqRL6W
TRMUXWT128F4284DC9,The District Sleeps Alone Tonight,The Postal Service,,spotify,04SnudnFngwzdb8nujUTet
TRCQFON12903D0C50D,Blue Monday,New Order,,spotify,00jaQ5DpmHGIzFoIhL2KxX
TRIOLBZ128F932CE71,Natural Blues,Moby,,spotify,09blygLHs0ErzP8pGyvCoz
TRABNIR128F424DDD9,Hung Up,Madonna,,spotify,0iLr3kgFnixDHGuwTRmwjt
TROICTA12903CA94DF,Infinity,The xx,,spotify,17eEVo7K960G9wGKNS6rag
TRJNRAT128F14534F8,Mysterons,Portishead,,spotify,1yae5sbPDoO8WsoXJMfa7f
TRNKAEK128F428FC4F,S&M,Rihanna,,spotify,08Bfk5Y2S5fCxgxk371Eel
TRLMCQA128F92FFD52,Heartbeats,The Knife,,spotify,0dnEFQWQDXBAeU2lHUMqcH
TRUPLNQ12903CEB0EE,Smack My Bitch Up,The Prodigy,,spotify,0t9XME36mlTuVrS28HCBlH
TRRFVWF12903CC5712,Night Time,The xx,,spotify,4JVeSjOgryUGJ0yo4mqYBK
TRLQDZO12903CF535C,Sexy Boy,Air,,spotify,0yHYwBDsSd5OBytIe1gEsI
TRGECEG128F4260A86,Safe and Sound,Capital Cities,,spotify,06eBdCHdHK9iPKJj3R09n3
TRLKLHH128F425B79D,Stars,The xx,,spotify,57x3uHJoS1IaJ7XgCGeMtM
TRINLWU128E0787A2A,Fantasy,The xx,,spotify,0AdA0M0xJSlWwGjiSdoSSy
TRZALGW128F4296174,Nothing Better,The Postal Service,,spotify,5innFMtY3a7f2PvUZsfCWQ
TRCSXLD128F422536E,Take It Off,Ke$ha,,spotify,00ugb7f3nwbYGcilWgBcrP
TRLMKES128F1482A49,Sleeping In,The Postal Service,,spotify,0LEsGGRUrZZhLPFoxeioHr
TRHFIFS128F92DD8B0,E.T.,Katy Perry,,spotify,05PNBWOlexyIehkrSmvZSY
TRZVKVW128F4262FFC,Born This Way,Lady Gaga,,spotify,0crz7NqdFy2vL1vMGYFSNM
TRPYXCE128F9323A61,Can't Get You Out of My Head,Kylie Minogue,,spotify,0G9ETtRgtHhLQ27Lu1cGWZ
TRDVIPO12903D0DC23,Hey Boy Hey Girl,The Chemical Brothers,,spotify,0hJ2xgAtY6eYwItWARwC2C
TRRGLHO12903CA86BD,Strangers,Portishead,,spotify,0t1MX4El5BnTcv3IzhZjlj
TRBCFQK12903CA5CE2,Whatcha Say,Jason Derülo,,spotify,0cQaqsM4bsy05rg2mRR9SP
TRRTGIB12903CAE214,Omen,The Prodigy,,spotify,156oozyC0SdsnMrNnvMQQ1
TREDSAX128F149322E,Levels,Avicii,,spotify,04q0OsQ6q03K8nvOyqRIxi
TRDZVAX128F427C6FA,Untrust Us,Crystal Castles,,spotify,10SYLtqP6Z9RG5otWbz4HK
TRAQVTO128F14696A6,Da Funk,Daft Punk,,spotify,0MyY4WcN7DIfbSmp5yej5z
TRDARWL128F42ACD10,Risingson,Massive Attack,,spotify,4kpWd1JxBuBAHElUL01XQ1
TRXCBAA128F42ACCEE,Unfinished Sympathy,Massive Attack,,spotify,0j5FJJOmmnXPd0XajFWkMF
TRXGIBZ128F427CE2B,Crescendolls,Daft Punk,,spotify,3oLY5Pw90sbN7VdxHmISWL
TROSBSJ128F427CE2C,Nightvision,Daft Punk,,spotify,63JXZZRbmzooashakb0zbu
TRFPGJB12903CC13E9,Face to Face,Daft Punk,,spotify,7mSgUNOIuEJ33CiCICixzN
TRRPSDS128E078A338,It Could Be Sweet,Portishead,,spotify,1cpnpMvnvmdy3hzYgd5oo9
TRIVIKS12903CFFF7C,Wandering Star,Portishead,,spotify,5jOaWGURTGf128H5Ck16yX
TRATGLN128F14A23DB,Eple,Röyksopp,,spotify,0iPiv39eCBHGezw7aRuxbh
TRILFAM128F425A509,Voyager,Daft Punk,,spotify,21d0hUWR2UClxSmjw7H6CW
TRJMESB128F92F8820,Take a Walk,Passion Pit,,spotify,0KZ1PXIYKiG2ikzlfHulCT
TRFTBQA128F1471786,Paradise Circus,Massive Attack,,spotify,0m9RM3fm2O8Na46oeVfDPT
TRXCUZT128F92E4621,Let Go,Frou Frou,,spotify,01sTv1JRy6VyaotJi0Nnx1
TROSLHF128F4276903,My Girls,Animal Collective,,spotify,0CuLJepOW0kzYtYekz6MIu
TRGZANE12903D0D355,Firestarter,The Prodigy,,spotify,00NlaYvdimGgNHGr7QCs55
TRTIMWD128F427CE31,Veridis Quo,Daft Punk,,spotify,28qpFPkwKQWFeSw2Le6aoV
TRFUYPH128F429617B,Brand New Colony,The Postal Service,,spotify,1nn1woyfTwrNbVzo1eZz3B
TRUFKQA128F92F9124,"Right Here, Right Now",Fatboy Slim,,spotify,0kn9OqBlM1OYGo1XgXNoSR
TROIZXM128F425E82D,Gimme More,Britney Spears,,spotify,0aT8cnRjj85wToAx0kz5qx
TRPOCEV12903CBA78B,The Rockafeller Skank,Fatboy Slim,,spotify,0ARW06VZRaw3RbB3Kbz0Mc
TRDTDDW12903D08949,Starry Eyed,Ellie Goulding,,spotify,04XVVnYIZAQM7SeVeOx2hO
TREJTYD128F4261B09,Starálfur,Sigur Rós,,spotify,0uXXTmRXrLrgBRZVqYioqc
TRACDNH128F931797F,Burn,Ellie Goulding,,spotify,0541Jjb5DigArUhmo2kvBP
TRFWXDH128F92F6714,Oblivion,Grimes,,spotify,04YPfIj4ymFhIS48ckWaw7
TRXCNFD128F426B413,Superheroes,Daft Punk,,spotify,186hvCTyrni4KT9nwIQ7zS
TRFPOPJ128F146CB1B,Circus,Britney Spears,,spotify,0MiroF1xuhSbg4VPoic19d
TRPTVTR128F93450C6,"Beautiful, Dirty, Rich",Lady Gaga,,spotify,01GNnz7Vafct8jdlxH6zyP
TRDRPZZ128F421D0DA,Black Milk,Massive Attack,,spotify,1Rezzt36ybaT2ZbDZpv83D
TROKYBP128F425BBF0,Piece of Me,Britney Spears,,spotify,0BZcqgZ2iFRb1Kooqiq4xV
TRJTJRR128F4261B08,Svefn-g-englar,Sigur Rós,,spotify,0JBKScLGgReIu4r0XAc2Bw
TRISTWT128F1488FBB,High Life,Daft Punk,,spotify,098ttCNmncrO4YvqWUNMvn
TRFHXWW128F92E19E5,Jóga,Björk,,spotify,02ibSxhSECcJfkVNLNfFm6
TRJRWIF128F93450C7,The Fame,Lady Gaga,,spotify,07sqpvppqNG0byUT3Fb7JG
TRSKKAF128F4259E92,Boys Boys Boys,Lady Gaga,,spotify,17iYZ21JnDzVttLhYvPX5e
TRZHHIV128F1489172,Alone in Kyoto,Air,,spotify,1tgMPxRJY6bVEb2U0X6Nn0
TRORSNM128F92EE2C5,Just Can't Get Enough,Depeche Mode,,spotify,2GKimJV6yr7BjTC9wTZnwt
TRRZPVV128F4292225,The Rip,Portishead,,spotify,1hlbNziKcmiVIR8Y53cwyg
TRGCPYK12903CF6AEF,Nightcall,Kavinsky,,spotify,0cETHPLDSjqpStqIajFMII
TRKQRSQ128F92D5134,Invaders Must Die,The Prodigy,,spotify,02EK9Z0P1YCBqjVnKRK2RZ
TRRYEVF128F93010DF,Avril 14th,Aphex Twin,,spotify,05B8BnSppi2DUZKF5nznlU
TRIAGDA128F4296176,Recycled Air,The Postal Service,,spotify,0k0UEpGDB2xmVKvrS6Trjp
TRVXCWD128F42606B3,Someone Great,LCD Soundsystem,,spotify,1AwKnzzOOJa6iEbcSyCWCk
TRIVSTV12903CAE6BE,In for the Kill,La Roux,,spotify,0AfbXtm1TRRQwOKgj9uSo1
TRBJSEW128F42969A1,Tessellate,alt-J,,spotify,0CZzQbCqy5TiW5U7LTRFwh
TRXOFWK128F934ACEA,Monster,Lady Gaga,,spotify,0kO1o8LrBv1NZk4UJEiRoK
TRTJQLR128E0788AED,Playground Love,Air,,spotify,0SSy8ynEFSezynDP8Jr4hv
TRCVSCB128F425BD4A,Vanished,Crystal Castles,,spotify,0AEB5IhgCxr4Nt8L5CrRBX
TRACAQO12903CF4C0B,Money Honey,Lady Gaga,,spotify,06g4IrekMdlqXTsoSQFStw
TRBHUYM128E07989DB,Sæglópur,Sigur Rós,,spotify,23gvOOyvzeKNvKdwj34jT3
TRXLMFJ12903CC06F7,She Wolf,Shakira,,spotify,075xFXR0JDBwFPVinG1ig5
TRCEEDM128F42BA68C,Hyperballad,Björk,,spotify,0OrUYSxCiFkBszaL7bWU17
TRAAYTI128F933663B,Exchange,Massive Attack,,spotify,2A5Cl0fxSJDGs7SC3fryhR
TRINPSS128F4224E21,Where Have You Been,Rihanna,,spotify,06dlEJL8S57HtcjIZbs4Uz
TRKFBPS128F429617A,This Place Is a Prison,The Postal Service,,spotify,0auLClxf1LOyVrLJuH5YpB
TRFNBLQ128F14710AD,Sandstorm,Darude,,spotify,0jkjgORdxuLzHwY2jTustB
TRRLMBZ128F42BA561,Human Behaviour,Björk,,spotify,0P3hC40swuxaf3CH1LMozO
TROHUSG12903CF6443,Destiny,Zero 7,,spotify,0881vcHXUuKeSHJYqADLiK
TROKJYS128EF355C84,So Easy,Röyksopp,,spotify,0rOaRWuB9sml2q60FuB0I8
TRGJFQT128F930AE9D,Little Bit,Lykke Li,,spotify,0fx0BKjgVBQL2XtRrLi2mH
TRRMSRD128F14534F7,All Mine,Portishead,,spotify,4ParopyuZ1BegcF9nWgnbe
TRUDYVT128F427C2F6,To Build a Home,The Cinematic Orchestra,,spotify,0cf6QjCItVlwFbcUZKdqYp
TRNPKRK128F429831C,DVNO,Justice,,spotify,1BbmGK2LS6tCWKaYbwF4LO
TRECPCE128F92FAB16,Too Close,Alex Clare,,spotify,01rEJHu3cl1OQIorp8EJsi
TRXDCTG128F427C664,Summer,Calvin Harris,,spotify,00dIKoCQtdy79GDCsTZabe
TRXCHEM128F4280B4C,Honey,Moby,,spotify,0bqBol5rGjBIg7oDjnr5AJ
TROSFUQ128F92EE7FC,The Reeling,Passion Pit,,spotify,0E3MAqx9ZyMvymwpuPnJNV
TRCVKLQ128F92FB857,Safe From Harm,Massive Attack,,spotify,0Nj4Fadx3sCE0QtBvHKDhM
TRCTYMP12903CE3EA8,Cooler Than Me,Mike Posner,,spotify,08umVbUo7V0xa5ZASHml1a
TRRMWDF12903CE02FD,Video Killed the Radio Star,The Buggles,,spotify,03HagmvyqLdUQiqpc5M92V
TRIQOSQ128F92EDDAC,The Game of Love,Daft Punk,,spotify,3ctALmweZBapfBdFiIVpji
TRZPMVQ128F425CEAA,Pedestal,Portishead,,spotify,20DMYgVdOaR7sjsu8QMSoH
TRDVASI128F42BA077,It's Oh So Quiet,Björk,,spotify,079ohl6YZlZAJvOhpqunOI
TRITTWC128F9304E13,Bizarre Love Triangle,New Order,,spotify,0XW4IqubvAdovLr5ppBAUf
TRUIDGE128F4285820,Protection,Massive Attack,,spotify,0pZZ27LTpeBbfaAE0FKmRK
TRLKICJ12903CCA47C,Talisman,Air,,spotify,2h0rrPDbO4y9diJi0slakc
TRHIIOO128F4298194,Ghostwriter,RJD2,,spotify,0B7RcvBE9ETp5wntkc5VeX
TREFFNC128F4248480,Hunter,Björk,,spotify,01rxtZcQCrgB2ArT7xIfho
TRRZITI12903CD3B7D,Biscuit,Portishead,,spotify,1jQOkDI456dkXWCKdY85mj
TRFUEQO12903CC3548,Hey Brother,Avicii,,spotify,00nVV19BgrbkViuVMpibGq
TRUTLRN128F92F9681,Happy Up Here,Röyksopp,,spotify,0Td2SwSs757UQ8zQ9EnZYY
TRBBUMN128F930892E,Don't You Want Me,The Human League,,spotify,02Fc8y921QtUyckaHSow6f
TRUPVAP128F9322D5B,In This World,Moby,,spotify,0b8ZSXdo7myljIez3A889l
TRCWYAX12903D03FEC,Man Next Door,Massive Attack,,spotify,2Tz5THgkMOQeaW6DlqAlIa
TRRIPZM128F930E79E,Frozen,Madonna,,spotify,0YT8MKXuaRdhOnDG9Jm1Dv
TRXDIPG12903CF4B6E,The Sea,Morcheeba,,spotify,0BzP1EIPOuvfyzUpsAKWLj
TRXCVBT128F931A751,Over and Over,Hot Chip,,spotify,1roB0n6SPeD45C2LDqzHwG
TRTNFQM128F933E273,Bachelorette,Björk,,spotify,04YDWt0vnkzaOtRvxBbom4
TRUXDHY12903CD2A1A,Retrograde,James Blake,,spotify,03CLsFk6JSz301bKuukPSD
TRMFOOR12903CBB886,Dance Yrself Clean,LCD Soundsystem,,spotify,2cmRpmO04TLaKPzmAzySYZ
TRACXZR12903CF86C4,Short Circuit,Daft Punk,,spotify,4npMbTuxrUA3Wd7edACZ2L
TRFTLPJ128F93049C4,Judas,Lady Gaga,,spotify,0QkWikH5Z3U0f79T9iuF6c
TRDXGYW128F92C5A72,Lebanese Blonde,Thievery Corporation,,spotify,0aRJ6L8aI2pPvgmw95y9YA
TRXEQVY128F9335E17,Burning,The Whitest Boy Alive,,spotify,08HmtdAdRYiutP5WO02utw
TRQOYUE12903CD7EC5,Feel It All Around,Washed Out,,spotify,0BJTbkmrB2Y4E9M8qVzbYZ
TRHCFAJ128F92CA92E,Crimewave,Crystal Castles,,spotify,0sQkaT8KRwCYRB4JgJKkxT
TRQMAJC128F4285821,Karmacoma,Massive Attack,,spotify,24GbsxKy50E7Zm3mKFTqcW
TRXTSRO128F1499FB3,Loud Pipes,Ratatat,,spotify,5ZrrXIYTvjXPKVQMjqaumR
TRFNWUV128F92DDE89,Insomnia,Faithless,,spotify,07AemTAkGTgMZcBCG9sj8o
TRACYHD128F934B488,Within,Daft Punk,,spotify,6Ilc6xzIyGC9X2TYEf2fiE
TRLTBFM128F4263274,Odessa,Caribou,,spotify,035VoIZchOg8MjlGw2tUHR
TRFOCFY128E07989DD,Gong,Sigur Rós,,spotify,1ZjQgM7HHjv5EjE05dOEMq
TRKQPGZ128F427C72A,Air War,Crystal Castles,,spotify,187Sz14A39NcB5TPPEh0f9
TRHSOXV128F934CA61,Let There Be Light,Justice,,spotify,1HGr90GdnlifbEVUp0Updd
TRJDKIN128F934FE52,Mezzanine,Massive Attack,,spotify,4IfHYniNBoAATWV6iLEXRs
TRCROLT128F9317F18,Mad About You,Hooverphonic,,spotify,04dFStJnQ8vsK3UPZwUJ54
TRMFITQ128F425DC36,Pass This On,The Knife,,spotify,0nPybnv0enLfaxIbRMBGTk
TROMPZO128F421CBFC,Let It Happen,Tame Impala,,spotify,36aES92XMJAmD2eNCWRjSS
TREINTG128F427C704,Magic Spells,Crystal Castles,,spotify,0HYnVkjxE96bN6cN6z0UiU
TRYKUWJ12903CB9678,Human After All,Daft Punk,,spotify,2FTxc9WUZcKFQtFrT1oOVd
TRURWGS12903CD2E67,Die Young,Ke$ha,,spotify,01BH2RtPIQYiqSmPfDifNW
TRIOAZU128F932DE57,Natural Anthem,The Postal Service,,spotify,3hYQoRU6IwBDSckGngXlUk
TRUZKUR128F4243C25,Waters of Nazareth,Justice,,spotify,06Yf76qzXny7k9LsMSUjy7
TRQEBRP12903CADD6C,Sky Might Fall,Kid Cudi,,spotify,2Pq2jkcG80UOshPWyAV9gG
TRFNEAZ128F93561C0,Lift Me Up,Moby,,spotify,09idzlAJw76D7t1kUbl2xA
TRXGHOC128F92EF9BA,Moth's Wings,Passion Pit,,spotify,0fxY4FZ4JwM4UPjyytsVHS
TRFSCIU128F4292232,Machine Gun,Portishead,,spotify,13AApTZslKCSdyFns9z8R2
TRFNASH128F42381FA,Silence,Portishead,,spotify,1XlVh9Q3RwaVkqH3GWTSC3
TRBSBCX128F92DEF11,I Am Not a Robot,Marina & the Diamonds,,spotify,0f8AJ9aUHn4uCxHRs43gv6
TRDYNQI128E079891B,Good Feeling,Flo Rida,,spotify,00BQ4FyFIsgMkrZlCvq5q6
TRDNEMI128E0783148,Elastic Heart,Sia,,spotify,0coUqL2CLepwP2tDFfNtym
TRBYBGC12903CD2090,Baptism,Crystal Castles,,spotify,06BoKUwRoskASDa4Aha5xM
TRLMRKD128F425DC3E,Silent Shout,The Knife,,spotify,04EA1NZwhK42UUcKoUp69Q
TRYVRVR128EF340294,Beyond,Daft Punk,,spotify,0k1xMUwn9sb7bZiqdT9ygx
TRRHNXK128F92FD5C7,Poor Leno,Röyksopp,,spotify,1dUN0qd6ohuYwERQZ8Z4tM
TRAHRWR128F428A4A6,Strangelove,Depeche Mode,,spotify,0W49CVDZcDDO9S5BnV2W3K
TROIPUM128F425870B,Remember,Air,,spotify,1LVCz3kmrYdOx9QS20uLsz
TRLDDAB128F427186A,Break the Ice,Britney Spears,,spotify,01Eu5ezwrTUc24WESMOeu1
TROJBDI128F934CB04,My Friend,Groove Armada,,spotify,0mrMVhzbULyz15ashfXkmi
TRCKQXC128F42796BF,Courtship Dating,Crystal Castles,,spotify,1MqTfbSz56yfmS7TixZXTq
TRJELXP128F423F08E,Archangel,Burial,,spotify,28hwfx6WVMQoOCHMvD2IMJ
TRIPHMM128F9315415,You Make It Easy,Air,,spotify,0ouXQiKyr9493Fmu3uHjPV
TRXPYZR128F931C41C,Revolution 909,Daft Punk,,spotify,0vKG0tYNd69xh3OPB0BqYm
TRXIMOT128C71965F3,Street Lights,Kanye West,,spotify,0lmAIlF9CTj1mBIH9lY6lP
TRCSSLN128F42A6FB7,Phantom,Justice,,spotify,0biwVH0Q99WqygfBZy3Dnt
TRFOPIY128F146FFF5,Bad Girls,M.I.A.,,spotify,0nSsI7f2BJRXJUeNisWUWL
TRREXFC128F92EA27A,Goodnight and Go,Imogen Heap,,spotify,1iMLFBrFirYnXpJafIkbXu
TRMHKFV128F42856C2,Sweet Nothing,Calvin Harris,,spotify,01lVBCuByEpOlNDNz0d2Oe
TROHDDX12903D0CFA9,Sorry,Madonna,,spotify,0x3aTHQBdG5rGuEEKfiotm
TRAFNQO12903CBB254,Cosmic Girl,Jamiroquai,,spotify,00onJIqBzQowrgQLX7f6NT
TRUZWRA12903CC37B4,Celestica,Crystal Castles,,spotify,0eWkxADUJu4BgtgHcKftMJ
TRSOHMN128F429388A,Propane Nightmares,Pendulum,,spotify,0kigbEx1sw4PJsPvRvyXMO
TRCTZRO128F1488FC1,Too Long,Daft Punk,,spotify,397tKJiLLMJKFuB7QAaevj
TRRGRFM128F931B4C2,Timber,Pitbull,,spotify,06AeIh9XvtfRfSdz5h4HZR
TRUTKYJ128F4244A88,Gabriel,Lamb,,spotify,09Hs56mLFzkhy36s9mntM8
TRSUSWW128F93463BF,Imma Be,Black Eyed Peas,,spotify,04ZtcRoTGcEOscbdTYgmAN
TRCQZGN128F1482BC9,Eyes Wide Open,Gotye,,spotify,20XP1iOLVnsJFirpzluY9g
TRANBTF128F429831D,Stress,Justice,,spotify,17SzQBl9WhfyaKslPclxTX
TRDFRZJ128F9319FC8,Pagan Poetry,Björk,,spotify,08Mt9VoApxYwWbn80b71ch
TRCRODD12903CAB551,Domino,Jessie J,,spotify,03IWUoM07WiOGzbGo2IOKd
TRGKVPK128F425357D,Pogo,Digitalism,,spotify,0GfKAY6MsyWkoR9BzyfuBC
TRYFHOP128F92D5142,Warrior's Dance,The Prodigy,,spotify,0c7Ku2JaVMyejkYLjwxucj
TRLRJUA128EF343E90,Alors On Danse,Stromae,,spotify,00gKxSS4eyE8zlktQiFSdT
TRYRVZU128F427F0D3,Nylon Smile,Portishead,,spotify,1iYn731JY8ytqhDs0w4DE4
TRSWXEL128F92FEAEB,Dayvan Cowboy,Boards of Canada,,spotify,1XvS9oIhetsKd3KpYAlwQR
TRXNZWG128F429B22F,Only You,Portishead,,spotify,2qKkC9cODRjIlsdyEkSJLQ
TRZANYY128E0781F8E,Group Four,Massive Attack,,spotify,0pWrU4My52DJ75GnZKDlv8
TRPXIWX128F429831F,One Minute to Midnight,Justice,,spotify,0PP7jG4L9spnpVPPIdKLGj
TRBUOAD128F1485821,Takk...,Sigur Rós,,spotify,16Y5fQPybKU6FXll69HEmu
TROJIIV128F4288040,Valentine,Justice,,spotify,0mwjFWDgmTQhAsHrS9Nqk7
TROHGBM128F92C7B7F,Hearts On Fire,Cut Copy,,spotify,069sKBU6UX7E2swAvSguE5
TRRJSNC128F14772E5,Pyramids,Frank Ocean,,spotify,0rbK15g3UsDTVy1EuwgKYz
TRXVEUW128F92F6539,When I Grow Up,Fever Ray,,spotify,1nok29KvCdtGToySLw8lsM
TRAPMAJ128F93274C5,West End Girls,Pet Shop Boys,,spotify,0By5MDC5oK9gYHy8Qe0MZz
TRONIHB12903CB652A,Superfast Jellyfish,Gorillaz,,spotify,05U4BOcc8OiMzhLkjchnNA
TRLJKWV128F933061F,I Need Your Love,Calvin Harris,,spotify,05SBRd4fXgn8FX7bf8BCAE
TROINLM128F426A3C1,Remind Me,Röyksopp,,spotify,5qE5o5MxNuZg91v4k1cQ0g
TRXWBRB128F931C962,Summertime Clothes,Animal Collective,,spotify,12PoaLDJda3g9FZeH8rtEQ
TRIUCAC128F146D64A,Move Your Feet,Junior Senior,,spotify,1VGBhgzWK2J3vf9m0j3Bim
TRWANXE128F4218486,At the River,Groove Armada,,spotify,07QOW5kcbhVY1l8wIhNvbT
TRCSYLJ12903CF56AE,Cars,Gary Numan,,spotify,0asaJLKjUMPn44l8K02Owi
TRIHQIL128F427D553,Freestyler,Bomfunk MC's,,spotify,05mlF3Qgln61zfhm5Q5DsI
TRVKXQQ128F423EAF0,Teeth,Lady Gaga,,spotify,0jvqsQQTiOMn43ekWGpHT3
TRXPVKM128F92D2526,Contact,Daft Punk,,spotify,2KHRENHQzTIQ001nlP9Gdc
TRBQNCM12903CD8BA0,Watercolour,Pendulum,,spotify,0AJ6UpbtuQe0Tm87BI4mXL
TRRBLPV12903CC4486,Roygbiv,Boards of Canada,,spotify,1hday5m6tmM7Y3xMscrvAP
TRXLTIX128F92F6314,Cowboys,Portishead,,spotify,0Oks17Yt72jzO7yR6DLHEj
TRFSMQU128F934C685,Bruises,Chairlift,,spotify,09WlDRzx7jDsTOrR15qxQs
TRDMYDL12903CA5BB0,Turquoise Hexagon Sun,Boards of Canada,,spotify,4xmce2Et7muv5rjmjBQq83
TRCZPQW128F429BBE8,In Space,Röyksopp,,spotify,2PNNewHFGBWSKFovoxkjBv
TRAOHDW128F427DFD8,Wide Awake,Katy Perry,,spotify,0AH00gX5ve63hyczijcQgH
TRAVMMU128E0788B36,Le Voyage de Pénélope,Air,,spotify,2AFttonwFsCFpC6Cos9pcZ
TRAZLUU128F426B6B2,Anything Could Happen,Ellie Goulding,,spotify,09scPeVcx4VrRctxrcBw7k
TRIUBQZ128F429B0ED,Big Time Sensuality,Björk,,spotify,00OPamokUtsnLT7Foo5ekf
TRRGNDN128F429925D,Spitfire,The Prodigy,,spotify,1y6MO9mVEUluMcI4RaIlGR
TRSWUEX128F9340E59,Pass Out,Tinie Tempah,,spotify,029wPYPOV4XwMPzNZiWnBH
TRACIIZ128EF34E497,Kong,Bonobo,,spotify,02WMifmPrTpgovDVnVei7S
TRCRUIN128E078E0BC,Venus,Air,,spotify,14EMkYvQQ3E7gI8MFc9bFd
TRCZXLE128F1488370,Plastic,Portishead,,spotify,0AM59IM0tjBbsY4VprDwtI
TRIRRKJ128F934B086,Keep the Streets Empty for Me,Fever Ray,,spotify,1d0WlFX1c0Tcb756TiNvQY
TRKXKWO128F14AE22C,The Time Is Now,Moloko,,spotify,06YSrAZVBxAcYRmyqRN4S4
TRCQIII128F92DC828,The Girl and the Robot,Röyksopp,,spotify,0hAIZrEjitXfgvoYrGrYTw
TRCRJGI128F9329076,Over,Portishead,,spotify,0ettSM1r9YwM8ExmgSeWKx
TRYMPMP128E079218C,Unravel,Björk,,spotify,0UADwq6wY5GHGpCJMjgVJ6
TRRLVSU128F92E7101,Possibly Maybe,Björk,,spotify,00M7fHfrQZxpTSQfoBXbJQ
TRFUPBA128F934F7E1,Paper Gangsta,Lady Gaga,,spotify,079ZOccLpNsrEiKBaiTrqI
TRXFADC12903CA2F39,Canned Heat,Jamiroquai,,spotify,06V0NKALy5ybJQPCjSL6Rp
TROISOS128F42BA050,Isobel,Björk,,spotify,01ZadGY57dgzlGN5S4xZIZ
TRXBXHY128F934E4FC,Miss You,Foster the People,,spotify,0UGtAG4DPCIw7i32KUDyj8
TRMCOJO128F9330F7C,RoboCop,Kanye West,,spotify,02LAK7qT1wya0klSeNO96f
TRBSPFM12903D01B4F,Primadonna,Marina & the Diamonds,,spotify,02b5L9jExmkRTdUTqXFzmR
TRVKNDS128F92E500A,Xtal,Aphex Twin,,spotify,21ib0tietsMKx3X4VB4qT2
TRNAQBJ128F42B87E9,The Eraser,Thom Yorke,,spotify,0WxzsZHbXcny0WhexO2MCa
TRBQEMX12903CC1BFE,Organ Donor,DJ Shadow,,spotify,00VPxbcp2K6oYw3GViRX55
TRXGLAD128F933E248,Hidden Place,Björk,,spotify,0bSorWTDhy0A7ZZipCaOz6
TRWPEQS128F4233474,I Wanna Go,Britney Spears,,spotify,02HKZdNkNioIcOSMtYcpiF
TRRSXCR128F42918AB,Knights,Crystal Castles,,spotify,0htdcZux0ztdXuze8Nd8J4
TRUEGXP128F92F7E6D,Say You Will,Kanye West,,spotify,1XBRL7wVos3nkRVi0d7NXx
TRGDAMB12903CD2FBE,I'm Not Your Toy,La Roux,,spotify,0ruI3bchJhOVTGNLhQS8mK
TRORGHU128F931AD9B,Blue (Da Ba Dee),Eiffel 65,,spotify,042gmCZ3uYQ0LvWRbBSEgL
TRJIXDT128EF33DAA0,People Are People,Depeche Mode,,spotify,0bfz4DHzKGSRjNmyCuEWiO
TREYQPR128F1468D92,Return to Innocence,Enigma,,spotify,2UKkLqST2xWpK8n1b0Xr5Z
TRYOQKK128F932982B,Humming,Portishead,,spotify,2raNLL2FWxWNA4veLZIuAj
TRLKZVS12903CBBC09,Blow,Ke$ha,,spotify,04hZllXj21p2UdzLrV84ff
TRZVNKR128F932FBBF,Recover,CHVRCHES,,spotify,00P6bBkHFf7GSrVy9Ca9CY
TRFLCQU128E0796A3B,Destroy Everything You Touch,Ladytron,,spotify,0j90VKnkde4azQTqBtZLvq
TRFZBDJ128F9322179,6 Underground,Sneaker Pimps,,spotify,04GFTYNqGNLN4DCziC3olo
TRCVCTZ128F425B552,Green Light,Lorde,,spotify,3FQ26GroLnhQEja48FKYqT
TRRIAUW128F92F7E7C,Coldest Winter,Kanye West,,spotify,2ONrYqabAQ3pgHYVoDXLpt
TRHFYAO128F4281890,Standing on the Shore,Empire of the Sun,,spotify,038kHXn1Ysjx8ISRqFMxBE
TRMSSQI128F92D7640,Make Love,Daft Punk,,spotify,1WnXCfO6oIxG0TbJj29MqR
TRHGOZG128F147FBB2,Ray of Light,Madonna,,spotify,0Bgi4fNa4IjCwG4XA0Zq1Z
TRCUHGC128EF35686D,Weapon Of Choice,Fatboy Slim,,spotify,0IwOZr460Hyz5sedYm6Qia
TRVETFE128F147B41E,1991,Crystal Castles,,spotify,0myCTCHVO6ULPX1SsFi4i6
TRULYNU128E0782082,Blame,Calvin Harris,,spotify,06r1NZ27imXPy2ikxihax4
TRLRAKP128F428AE0A,Voodoo People,The Prodigy,,spotify,04OSyA6lX1T9YmWzUdZEqn
TRINSCT128F421A013,Hideaway,Kiesza,,spotify,0c6xIDDpzE81m2q797ordA
TRGKQWZ128E0781725,What Your Soul Sings,Massive Attack,,spotify,6EuGf9ZfK9CcSoq2M0SYto
TROWDLA128F92D0228,Star Guitar,The Chemical Brothers,,spotify,0INze5BSydh9pLdMsKIVLJ
TRHLARG128F14534FA,Half Day Closing,Portishead,,spotify,1tEISFd1wvxmGrsLzRSURp
TRIMMHA12903CBC044,Twice,Little Dragon,,spotify,03IbGrq7Q4mWPK1cITU1Oy
TRFRKHT128F931219A,Empathy,Crystal Castles,,spotify,0pU9SRaEXq8X4H9SQWol3g
TRMYAYJ128F934D0AF,Until the Morning,Thievery Corporation,,spotify,20F3FcES8KU4kffMCkFgNN
TRXHKCO128F4265410,A Little Respect,Erasure,,spotify,0HJDGQtsqZkPL8xjrjvSrh
TRLQJCU128F92E6609,Black & Blue,Miike Snow,,spotify,00FDNSsImAiGyEocU47siN
TRFNESJ128F92D8838,Quicksand,La Roux,,spotify,0ngveTTcUkuVvGPAYv9C4L
TRJNUKW128F4229FEA,Balloons,Foals,,spotify,0rbmDS5f2p8ZH5wfyj3OGv
TRUXDHN128F429222D,We Carry On,Portishead,,spotify,0ig9qLenoEShtGuX1lSb47
TRXPHTA128F422AB7F,Tribulations,LCD Soundsystem,,spotify,1wYRvEcY4iFh243gfTeRxY
TRFQMDN128F4269C1C,Get a Move On,Mr. Scruff,,spotify,0gGOYmBThr6m2DqAzrHFJk
TRFOBSN128F92F5019,Music,Madonna,,spotify,017KA33K4b49R1XUAyh2Nw
TRMKRXO128F9339628,Sing It Back,Moloko,,spotify,0eBgNXj4fw8mnpYhOj4YTs
TRIQIOL128F9347E3B,Good Time,Crystal Castles,,spotify,2tFbloFLjBJWURh7BGGgBW
TRXCRSO12903D041BE,In My Heart,Moby,,spotify,0fxLE7fqIF6TmzmwW7skvr
TRUIJFC12903C9B029,La La La,Naughty Boy,,spotify,01u8Xzn8dpnypNnGeCd1nx
TRCTDHY128C719671A,Lonely Soul,UNKLE,,spotify,1Py6cSxHz6TizzEbKu7soa
TRINPWW128F93209FF,My Delirium,Ladyhawke,,spotify,00wqtSIBriAGGFUVbvcuLs
TRXPSPE128EF33FB50,"New York, I Love You But You're Bringing Me Down",LCD Soundsystem,,spotify,21wf4gPf1Bb3iicCDvcJTt
TRCPMEN128F1496F16,Wrong,Depeche Mode,,spotify,1Xmqntl8sC1PFzdSa8Rp2B
TRDZMFW128F932A16B,Everytime We Touch,Cascada,,spotify,0OOnYcVVhMO2RFFCSm3LJU
TRKTQEH128F9316E9C,Black Panther,Crystal Castles,,spotify,11evD22MQ4f3T8sCLkzTBU
TROKIBO12903CAD30D,The Walk,The Cure,,spotify,17tBgDmoijeyM6jAeeKMXl
TRMFUKC128E0797556,Only This Moment,Röyksopp,,spotify,0LxmxgqUoWGPO27T7CXmlS
TRLKABB128F931E3CD,Satisfaction,Benny Benassi,,spotify,0aW3HFSX52kSMEhd8vtg4U
TROLUYT128F932F101,Signs,Bloc Party,,spotify,19yOz5OsOkEUkYWJkXOw2V
TRNSKDK128F424EF14,Overpowered,Róisín Murphy,,spotify,06J0LycYNnhH7TY8CHlOYC
TRUQOZD128F930F4D1,South Side,Moby,,spotify,0RpyQc6cgdn3UhPxcd3LZz
TROWGXS128F92EC189,Magic Doors,Portishead,,spotify,2wVjITDsKiErIItzKZehWX
TRCUGJI128F425B41E,I Feel You,Depeche Mode,,spotify,3HVVBobw1Z1obyiDDgJ2hy
TRFOGKI128F4250E65,Marble House,The Knife,,spotify,055EKFFejwPIcx7dbYuWdr
TRXNZEQ12903CF80D6,I Ran,A Flock of Seagulls,,spotify,017oGYcUmADCHwuq3Ms3Sb
TRAEVHJ128F149A233,Lush Life,Zara Larsson,,spotify,0bMJcKywssz7oJ5NAnW87K
TRLLRQA128F427C709,XXZXCUZX Me,Crystal Castles,,spotify,1KF87QO4znXp8frsUtfdpb
TRZNWYI12903CEB4F5,True Faith,New Order,,spotify,01jBLs7IZQzPt3dVdn5rDa
TRFIFKZ128F9341002,Everything Counts,Depeche Mode,,spotify,0egjbhrphtaa4F0Mooj4UG
TRXTHCW12903CE8340,You Make Me,Avicii,,spotify,0aSXBXVQVh2b34jF3DYXAT
TRPVNPN128F1488F1C,Alpha Beta Gaga,Air,,spotify,2sNGaLOMBIkyVFPsQqPQdW
TRACQXG128F9333225,Wonderful Life,Hurts,,spotify,09Rj212BMAE8MXv05qIqOJ
TRJOZKO128E0798848,Uhn Tiss Uhn Tiss Uhn Tiss,Bloodhound Gang,,spotify,09jBezYNF57NBMAp1uSKGn
TRRJGLI128F92EF9B7,Make Light,Passion Pit,,spotify,0cuRyhe5t7QJkcgUSyCSoX
TRUXBJC12903CE44F7,It's Working,MGMT,,spotify,071pe4R2quopL8NfECCSD5
TRAWDFE128F9303292,Hysteric,Yeah Yeah Yeahs,,spotify,0I6dywwceUaZSsVKzTZwiG
TRBMAHY128F42ACF0B,The Grid,Daft Punk,,spotify,0skjaPmSkMND17wqKCVdH2
TRWKZAE128F932FC66,Funky Shit,The Prodigy,,spotify,16cwnhBS1kfxHy2Zy6bTQ3
TRIZYOV128F4269D01,Your Woman,White Town,,spotify,0iMY5tGwbGpA207GBtWqJJ
TRASRET128E07993CE,Always on My Mind,Pet Shop Boys,,spotify,07ABETRdek3ACMpRPvQuaT
TRZGCDK128F427FD34,Overcome,Tricky,,spotify,0EZwXw5ZG0RSnrpzYHLkX1
TRURMSA128F9366829,Night of the Hunter,30 Seconds to Mars,,spotify,3GeLiXvn9nriUnoqHKRQpm
TRFHZTU128F4278C3D,Run On,Moby,,spotify,0HkhgWSXf16Irix1SiVrAi
TRLLBYS12903CB653D,Pirate Jet,Gorillaz,,spotify,0LHbsdhTaEWAVAw6RiM2V2
TRXGJUK128EF341FFA,Headlock,Imogen Heap,,spotify,3iKpHZWqkPuzYRUAOhz0To
TRPTBBC12903CB1DF2,Ambling Alp,Yeasayer,,spotify,05tl2pa9lCrbQ12TkvRjfH
TRUIZXM128F92F6C19,Two Weeks,FKA twigs,,spotify,08qitDXAw19kgFtZQRpYRY
TRRHGTT128EF366135,Slam,Pendulum,,spotify,0VLFL1UnGxMsICJGkIZ5XR
TRVBYWH128F92F8071,What's a Girl to Do?,Bat for Lashes,,spotify,00b03srV1HufkhOnz3dJjc
TRIYKRR128F92EF9BD,Eyes As Candles,Passion Pit,,spotify,20yhyaORW65RPQmJOGSpW8
TRWSJPN12903CB2CC6,O.N.E.,Yeasayer,,spotify,0ASbTR0FGyevboGbDtIFv2
TROUASH12903CEC699,Sail to the Moon,Radiohead,,spotify,5olWalQH1oVza5D6xJg4oX
TRABXPR128F92F27FE,Shooting Stars,Bag Raiders,,spotify,0UeYCHOETPfai02uskjJ3x
TRWBHER128C7196720,Rabbit in Your Headlights,UNKLE,,spotify,1Ov9RPGAgrWeF7dQsWAemP
TRCUJHN128F931F0D5,Mirrors,Natalia Kills,,spotify,00nboLgMrVNrSwEnDnfDlb
TROLBWM128F426129D,Blah Blah Blah,Ke$ha,,spotify,0rlTAl25usHDCFxw5T08dA
TRWGHGC128F14A2412,Scream & Shout,will.i.am,,spotify,054ue8u2erwwGNgSIZLEPq
TREOKKU128F92EF8AB,Age of Consent,New Order,,spotify,0RlectrR6JR3wditqaT3Ln
TRTQVKS128F92EF9BE,Swimming In The Flood,Passion Pit,,spotify,05DuESMHFTuD2hzDOpi7EL
TRBWQER128F42762EB,Suffocation,Crystal Castles,,spotify,1V5sU65DewjzPp1QkN3OXb
TRMDKEZ128F424A1B4,Staring At The Sun,TV on the Radio,,spotify,0wKJejqHbJ9Kca5t29bE7c
TRBXBXO128F4276074,Ghost Hardware,Burial,,spotify,2ScuNCzrHkXYAEsZsDJ0O0
TREFRXR128F149BC40,Music Is My Hot Hot Sex,Cansei de Ser Sexy,,spotify,14xE814jOiQJiUQh2gB55S
TRZFZEF128F933267F,I.D.,Kasabian,,spotify,0oG2iuuMiaASVuIXTvashD
TRBGIZH128F4252D9E,2 + 2 = 5,Radiohead,,spotify,0dUSgj5UiJHY92RCuEFYcx
TRWLFLN128F9346B1E,On Sight,Kanye West,,spotify,1gqkRc9WtOpnGIqxf2Hvzr
TRRFQNX12903CC2EDD,Run With the Wolves,The Prodigy,,spotify,0MdX2m3ngFV0ClAbrxN22U
TRCPOFI128E07989B1,Stand Up,The Prodigy,,spotify,15mSSDkDMCsZTnBlqm0S41
TRXDARR128F4232F2A,Bad News,Kanye West,,spotify,1nNPoG2hygEvrFGlHdhvJ9
TRDMWIW12903D16518,Addicted to You,Avicii,,spotify,01Xk2c1MtIGxPJrSg15hzk
TRQHYHQ128F92E921E,Gone Daddy Gone,Gnarls Barkley,,spotify,3gAzwz7MFJj7aisg98CfgU
TRJJZVN128F93112C7,Also Frightened,Animal Collective,,spotify,16ScNpq7Q8evTCPraNL921
TRCPLAL128F4263ED1,Intermission,Panic! at the Disco,,spotify,4HrU7KlBRwC5IWOX8EYF1k
TRLPGJH128F9331A73,Half Mast,Empire of the Sun,,spotify,0GgAAB0ZMllFhbNc3mAodO
TRLPTNM128F931A672,Fruit Machine,The Ting Tings,,spotify,0IxdpfYMa5bneOoltEIgAG
TROMIZA128F426EC0F,Radar,Britney Spears,,spotify,0awvRwer2ByXjyDSON60Q3
TRCWZIA128F4253D2C,Terrible Lie,Nine Inch Nails,,spotify,1i1U1DFcAaSX8iOfarpQvG
TREPJCD128E078229D,Lovely Head,Goldfrapp,,spotify,0YnnLnYR7H19Era8eXv00A
TRSQAWU128F92EA20F,La Tortura,Shakira,,spotify,0ofDrTTcinCUxm7wqCLPQa
TRUDXTN12903CCFF60,Small,Portishead,,spotify,02kIUGJ1hn3jGFWNWZDAi4
TRUEQVG128F92E4F84,Reckless,Crystal Castles,,spotify,0Lh7WJ9DwdwA2ATXZEbBCu
TRASNQE128F933323D,The Clock,Thom Yorke,,spotify,7aMFgxGAKBCrYdyrY6SMek
TRFTSIF128F92E76E1,Faded,Alan Walker,,spotify,02nB22GWoy4VkzFhBalgDD
TRLTCOJ128F4271762,Let It Fall,Lykke Li,,spotify,2zJBxpYmEew1z916tZU78i
TRJAPSJ128F9322A8C,Deceptacon,Le Tigre,,spotify,0yVBMZ7dGtOXkYdfgr642h
TRLBWEW12903CFC1B3,Die Another Day,Madonna,,spotify,2C88xDYl1I9WkDTnuPulwH
TRXEJZG12903CE24DC,Polaris,Zero 7,,spotify,03vkf5PuSrozBeiZYCKkWV
TRUAWVL12903CD66D7,Splitting the Atom,Massive Attack,,spotify,0A8J3lUcHNF33n3TYemjh8
TRXHNPE128F9326F3B,Girls,The Prodigy,,spotify,0iY5s9xbSstqBnWgXVMpaE
TRJJKJQ12903D061D3,Not Myself Tonight,Christina Aguilera,,spotify,00G5rz6ddorkCjdr7ETbKQ
TRYHAKF128F427FD0B,Mindfields,The Prodigy,,spotify,2cokeJzAb57lgvMcBSeQC3
TRTEQUD12903D09D09,Mowgli's Road,Marina & the Diamonds,,spotify,1BGwYa9aK1rDp3qLqbbbHb
TRFRDYT12903CD445D,Breathe In,Frou Frou,,spotify,03kZca43rgVgphYctcopJU
TRBCAPD12903D05CA1,October,Broken Bells,,spotify,09zDgbs5NQH1kKFXHppYhr
TRLVQME128F931BAF3,Vanilla Twilight,Owl City,,spotify,0hXBVbr5QCF4TMoePUQN14
TRCQUNQ128F4292C0D,Test Transmission,Kasabian,,spotify,2eO9KSlpZuIGSEFtgDQFYA
TRUTUSD128F92EF9C5,Let Your Love Grow Tall,Passion Pit,,spotify,2VNeuQVw4iGWL8ZuDV78hn
TRLYBBZ128E07898BD,Best Foot Forward,DJ Shadow,,spotify,07VFqPk0ORpsJmPO9I024L
TRXTBNU12903CBD483,Paris,Friendly Fires,,spotify,07y1mBetjE8DrShPTS9IqH
TRJFSUG12903CC94A6,Cheap and Cheerful,The Kills,,spotify,0XtMThdXkXISZxXPfYOdCq
TRJDWVL128E078477A,Sleep Alone,Two Door Cinema Club,,spotify,04UX2gzcAH99LZgzGxmHZG
TRYBZXV12903CED4DE,Temptation,New Order,,spotify,04g0OQuPBl11kPRCDwtmnT
TRJISYX128F93112D5,Bluish,Animal Collective,,spotify,0UUOkEhI7De6onq3DprQvr
TRXRQLX128F427B404,King,Years & Years,,spotify,0c23pN3QxpklSVZFbKb3TC
TRPBUVE128F9301FEC,Take Your Mama,Scissor Sisters,,spotify,0LAfANg75hYiV1IAEP3vY6
TRCPWJL128F426B638,Just For Now,Imogen Heap,,spotify,2LcYSWriSehkcejMS8HEB3
TRAXNIK12903CDB5DE,Threads,Portishead,,spotify,05y1YmnnYbDlzby4g5sPVj
TRMYZFA128F146DE4E,Rollin' & Scratchin',Daft Punk,,spotify,3Wi8fiEg2RkoPaC3PGIQEv
TRXOCCV128F146BD01,Promises,Nero,,spotify,0IQtqKt5TjgSDj69oVhMr0
TRAAMXH128F93043AA,Boyz,M.I.A.,,spotify,0RskWSD58JxWBBG3JjVKLU
TRYOKVB128F428C220,Overture,Daft Punk,,spotify,0VpyQwVsEJ2tfF2tuDY0Je
TROHEYS128F14622DE,I Believe,Simian Mobile Disco,,spotify,0Dlje4jZvgaI5cbqAvkUXR
TRLXKHT128F426C173,Waiting For Love,Avicii,,spotify,01PgxjnVfgq8q2V1k1kxI3
TROIDDH128E0786BC1,Heartbeat,Childish Gambino,,spotify,08aqpZMSk6U6UQ5zP8Ao4A
TRUIPON128F42943BB,Carried Away,Passion Pit,,spotify,1mrmkilEic4b6fThZzCVGk
TRLYQCH12903CDECAC,They,Jem,,spotify,1TgMWkz0WFsUHa4t9bXiTa
TRSMGMZ128F425EBC4,Keep Your Head,The Ting Tings,,spotify,0LUKJI1jBLWho3lfewE9lW
TROZRFR128E07912F4,Heresy,Nine Inch Nails,,spotify,0xVErSyw96YDLsjtNNpZJf
TRAZTIW12903CBB895,Drunk Girls,LCD Soundsystem,,spotify,02QsoPGEdlOFwUfwwOVaKE
TRFPKCH128F931E229,Hollywood,Marina & the Diamonds,,spotify,0yVvSOahvWuVsTjAAQ1hAo
TRRJFMF128F424ECC3,Blindfold,Morcheeba,,spotify,41icxwatoTAnedEnplc06k
TRRBBOH128F92F99E8,Tigerlily,La Roux,,spotify,1WGQaObMCisGMk287bpjkW
TRCVNAT128F9305AEA,Dry and Dusty,Fever Ray,,spotify,15xIDANnTBPjrIiduh7K5h
TRSPSTO128E07889CA,The Prime Time of Your Life,Daft Punk,,spotify,0UZRFYMoz9xmeE2AQUhTDl
TRCNVNT128F92FF002,Wildlife Analysis,Boards of Canada,,spotify,1H4Eiavp6smYJDIYQmo0vb
TRHMZLY128F92F0F1D,Feel the Love,Cut Copy,,spotify,1aa6mqjOcs5rHzDATlHPzH
TRPXOCE128F93610DD,Oh No!,Marina & the Diamonds,,spotify,0VVNXqaDwfHngG2gXaOtlI
TRZKICK128F425E77D,Superstylin',Groove Armada,,spotify,0CloWHchPw2mkqPNPCEPEf
TRCPQUH128F426B7AD,Outro,M83,,spotify,1q2pWkoqGwSCXSl4noifeY
TRFNFCI128F9338B95,Don't Let Me Down,The Chainsmokers,,spotify,0KE3h3Wy0vkNdp657jpVRm
TRZFPTX128F93112CF,Daily Routine,Animal Collective,,spotify,0WWaHr22ymlJ1GRUtQvN1f
TRLETMI128E078A47F,XO,Beyoncé,,spotify,04cxAqa9ZgLwvEskosNVsB
TROHWBO128F92FF8BC,Phoenix,Daft Punk,,spotify,6nQy5XEEEJKu8FE1FS2Wbt
TRCPKGD128F9330AB9,Seven,Fever Ray,,spotify,0f856v5gY5NlOuGcTU4Dai
TRCZLLQ128E0792778,Something I Can Never Have,Nine Inch Nails,,spotify,0XhRXTX3ao4sqf9jU0wnPf
TRLJGIX128F92F323D,Lights Out,Santigold,,spotify,0480zldyxMPfcy8brNQUTT
TRFPKVC128F92F902F,Don't Go,Yazoo,,spotify,080uiphcpDMmf2KwFMMPAL
TRUZCMU128F92EC93E,Civilization,Justice,,spotify,0pxdJJ5cCzUYcWXNTDk1b4
TRXCPKH128F42A5C6D,Stripped,Depeche Mode,,spotify,0WpQNP2IxiTtuO8myrA2VH
TRGILXE128F429BBEE,A Higher Place,Röyksopp,,spotify,1faWHSAuHunRZRoH2ujmND
TRAPZNV128F92CFC2F,Silvia,Miike Snow,,spotify,0bypofAk9uNEUgRADofCpm
TROMFEE128F931324E,Zdarlight,Digitalism,,spotify,0Mhxtk9t35UdStzGwUxSk8
TRGFJKN128F427FA62,Enola Gay,Orchestral Manoeuvres in the Dark,,spotify,04KNYFIXqrlpfcuz2I3nUa
TROJUAG12903CAF47C,Seven Days in Sunny June,Jamiroquai,,spotify,04hWLKwZKdwl1mZHafiphV
TROLKOL128F425F71F,A&E,Goldfrapp,,spotify,09IDNPMvtBmuBmKUJoFKrJ
TRUHBKZ128F4227896,Discipline,Nine Inch Nails,,spotify,0Z4pLlygCvkTHmeQtYAbNH
TRRLFIN128EF34360F,4 Minutes,Madonna,,spotify,0Mg4SKDhwG35ouUKCPyXjC
TRMFYJI128E078132D,Man Research (Clapper),Gorillaz,,spotify,0YPyKUa0AgAbt0ZuNWt8vS
TRLNWJO128F148916D,Mike Mills,Air,,spotify,4Kay0txJIyIz0c941Nurb1
TRINUNT128F9342A8E,Lucid Dreams,Franz Ferdinand,,spotify,0QZ05wK9L18vsdbeyfkjnS
TRJIZAD128F424E905,Play Dead,Björk,,spotify,0adqrMczhUW2WSogrNH6ke
TRCXSBE128F933854F,Brother Sport,Animal Collective,,spotify,0D4sSvtENjiyvMI9JqtVlI
TROXKSM128F933F3FE,Near Dark,Burial,,spotify,5YmYFDcHo17xU5HFm2w4Yt
TRUJDMG128F92EDBF9,Little L,Jamiroquai,,spotify,19x2DtjEAwGO0BgSxOpFpF
TRXRWJO128F426AA03,Blue Lines,Massive Attack,,spotify,38aDGXb2whofYjjyDNpYSd
TRVIYNW128F92EB5C6,Recurring,Bonobo,,spotify,0bpke7omGYtQEUhn7FBsnz
TRMDMGP128F92FAE61,Sound and Vision,David Bowie,,spotify,5IaUbWhUPkPnSz0bXWTga5
TRDOELO128EF341213,Flower,Moby,,spotify,2GRoh1jYzx8cHlSHs3e1V1
TRRITWQ128F9311286,Can't Stop Feeling,Franz Ferdinand,,spotify,0wXvpW9O2fjubqCSuOaJ5c
TRFYTDO128F1463D6F,Gorecki,Lamb,,spotify,03Ja2SWLmAmPibDeZecpz6
TRCFOSH128E07938D5,A Warm Place,Nine Inch Nails,,spotify,0AGqXceSxxjhEBTcldpaP8
TRAFBLS12903CB870F,Be Thankful for What You've Got,Massive Attack,,spotify,1wsYWKqUR5A7Qvm6KtEROj
TRXGKLZ128F9319F56,Long Distance Call,Phoenix,,spotify,02K5SqTZjumyVngicZ9hfn
TRXUUPR128F92CFF0A,Born Slippy,Underworld,,spotify,1nixqSAK4DTs9sE4h1ffAX
TRRFSTO128F4290233,Neverland,The Knife,,spotify,0ONbiyqCsjVSjrrZJISZIY
TRNRHIX128F930328C,Dragon Queen,Yeah Yeah Yeahs,,spotify,0liezFGL7ubAnlgXA61x4M
TRLSFRS128F4285827,Sly,Massive Attack,,spotify,1k1utJTqGvTmB7DbBVoBxi
TRUVWMG128F427A833,Big Big Love (Fig. 2),Foals,,spotify,18v9xBIRp7SYwEWoGrIkAD
TRFPFAI128EF343D04,Jimmy,M.I.A.,,spotify,0xvqHoor9DszZ1JGX7qJZq
TRTVAMA128F932E02D,Song for No One,Miike Snow,,spotify,15JHH5FBawCL7DmCcUxlUp
TRCQAEF128F4223EF2,One Love,Massive Attack,,spotify,2zjegk1j7ky9hrnDdwTGtr
TRJOYXD128F9311F09,Tear You Apart,She Wants Revenge,,spotify,0SphXO1prVJZTaSo7IurIx
TRPZHTR12903CCDABF,Doe Deer,Crystal Castles,,spotify,09iH3OKlekXSrveCxd4ArK
TRXFVYE128F933CC11,Endorphin,Burial,,spotify,6kdVWkoChOAlPCWMEfog75
TRJMCHA128E0797554,Triumphant,Röyksopp,,spotify,2cs4h6R5af6dtABv1DSMYK
TRRPRSU128F932B3DF,Triangle Walks,Fever Ray,,spotify,0eZpRVy5uLaVhDNP62kUvX
TRCSACU128F42ACEAB,In My Arms,Kylie Minogue,,spotify,0EWQlrMJqbjSxTnHq7cZBE
TRAGCUS12903CABF06,Halfway Home,TV on the Radio,,spotify,0dFC9hp4bP8lUsuw15pkG3
TRFWFNF128F934B068,Arena,Daft Punk,,spotify,2aUDpZRSit5Zg2R6L5r6dW
TROJHFZ12903CA563F,Get Together,Madonna,,spotify,1AQQ9DdpEemMVTHNz4eG9a
TRTMSPO128F427175E,Melodies & Desires,Lykke Li,,spotify,29P1CSCbeT3vAetMbvNhZ7
TROPNQY128F933AF7B,Photobooth,Friendly Fires,,spotify,15Nzh90nbsV4uQ7KrIIjrM
TRXQBSJ128F14A46F2,In Your Eyes,Kylie Minogue,,spotify,0ntGF3zid7wmUzTvtVg4XF
TRFJCYV12903CB6526,Welcome to the World of the Plastic Beach,Gorillaz,,spotify,2RrMZnLfoRGtj3S3JYBb5M
TRXIUAB128F930B17A,La Ritournelle,Sébastien Tellier,,spotify,00tRltMhT8XOzzrww9yaWQ
TRAMAZP128F93162A6,Ruiner,Nine Inch Nails,,spotify,0sn3JKNFCxF9U2xpKBcshm
TRVZIMT128C7196707,The Number Song,DJ Shadow,,spotify,0a9nTdVkcklA4cENbsgXp2
TRLLGGV128EF34EA23,Smoke and Mirrors,Gotye,,spotify,03s76J4zqmJlO9priiEaR5
TRFNCBS128F930BC6F,Papillon,Editors,,spotify,0AqOhW1FHQKhY7n1QGmWh6
TRPIOPP12903CACE3C,Fade to Grey,Visage,,spotify,000KKHbybbsCkuAieLebnF
TRUQKVX128E07813B2,Sound Check (Gravity),Gorillaz,,spotify,0HpJb4Lstb9R6wlu2jUBoy
TROHGXO12903CB56A1,Laura,Scissor Sisters,,spotify,0o53b22Zm0rmrxbvUvHTec
TRAIPEL128F931C2D1,Noctuary,Bonobo,,spotify,1sVPnm3MQqQGaCUH1OO8NV
TRBBZFA12903D0C39E,Zodiac Shit,Flying Lotus,,spotify,4GtN7yHlsvQanJfp2Qzw1A
TRVODUZ128F934D094,All That We Perceive,Thievery Corporation,,spotify,2WgES78IqFOgfGoTiQjoNr
TRAAXOW128F931C2DC,Another Day,Air,,spotify,2FGdBK6nsnjJnK9v2Mw2x0
TRIMJTI128F14A7DC9,Alter Ego,Tame Impala,,spotify,01SUsSokvrWmYt4LM1RtX9
TRKGENK12903CD7EC2,New Theory,Washed Out,,spotify,0mAX4vVjnVwe3jEtpfpQ7p
TRLULXX128F9308702,Angelica,Lamb,,spotify,0jrV28wVBwPbFlHxAkyS3i
TRMZCVW128F92FFE99,Röyksopp Forever,Röyksopp,,spotify,2Ps4gzRj3TS6gRFE464o92
TRUWPMO128F92F89DC,I Feel Better,Hot Chip,,spotify,2683JuZWYvlAzs2N5Mfk7D
TRARHVS128F93129F3,Tha,Aphex Twin,,spotify,0oI22b81jLIcWXV456oE07
TRGLBZN128F932C52C,It's a Sin,Pet Shop Boys,,spotify,05r5AKgc51WoZZo6P3WnNU
TRPGOJC12903CD710C,The Writer,Ellie Goulding,,spotify,0uBWMWm5P6tuCiavbjPWS0
TRYWCZY128F425F658,Fall,Daft Punk,,spotify,0cM9xIaDQ4DBhH7wMfwqQV
TRPUPIT128F92FEAD8,Chromakey Dreamcoat,Boards of Canada,,spotify,2YxoC2dYOotjqt08dEifsc
TRRFVCY128F42781F0,You Take My Breath Away,The Knife,,spotify,0xFHHKD2UtA8ILcJbDaLSn
TRZRPZL128E07912F8,The Becoming,Nine Inch Nails,,spotify,2kxnjZ48PF9zZw9zzH5saq
TRAXFEE128F93377D2,Leave Home,The Chemical Brothers,,spotify,1zVDnkLQVoIweBJxsEGTDz
TRXELHV128F92F8762,Backstabber,Ke$ha,,spotify,0i4FZGbveG4yG0HwsEJ26P
TRAJQOC128F14716C8,Nightclubbing,Iggy Pop,,spotify,0HYb0oYW3JutO41a5buESj
TRBAEIV128F9338CC0,Queer,Garbage,,spotify,1gjIZxXsOC2daehOtSfatX
TRXVEZC128F422D5F0,Gun,CHVRCHES,,spotify,0CorBAAq1J0b6CzJ0AX7SZ
TRILAYE128F932A877,Regret,New Order,,spotify,0jZQlOxLQY9g5RjOd3Vhn1
TRXWCUX128F4292554,Children,Robert Miles,,spotify,05bEAkSYrINUR90y9ALW7w
TRINPRQ12903CCE37A,Strong,London Grammar,,spotify,0fnbpSbCY7lYPSgheHmQn4
TRXYEKR128E079654C,Otherwise,Morcheeba,,spotify,0NTSwjegwCGXjm5zMX12VW
TRXLWUO128F93112DF,Guys Eyes,Animal Collective,,spotify,0CnkTl11uxKejIMf3tn52c
TRRQVCE128F4286E7D,Distractions,Zero 7,,spotify,1D7d3cMFjTFxmfRoaduCWb
TRXHGVR128E0791E5D,Easy Way Out,Gotye,,spotify,1RVqS5YBilfUovef4Sss5S
TROHTVJ128F9326368,Follow Me,Muse,,spotify,6r9tjMWLv8fNdZKKTnqCEr
TRBHQRU128F93129F9,Ageispolis,Aphex Twin,,spotify,1A6B0gINQMDd1XORJqAPKo
TRBEVJI12903CCDABA,Fainting Spells,Crystal Castles,,spotify,0r1xFnJScIdwYhWXOTHCn5
TRCRJGU128F92EC225,Paris Is Burning,Ladyhawke,,spotify,02ppTXg6ItKkic1oYBqvSL
TRCQGSZ128F4258CCB,I Feel Love,Donna Summer,,spotify,08z7y77678TyqO1wM0zqwI
TRLGLRG128F931D938,She's So,Röyksopp,,spotify,1WIx9LSdVPhZmH4mr52i7Z
TRMELBC12903CE44FC,Someone's Missing,MGMT,,spotify,0T5PckcOMOCgG2MddgOmKM
TRYMMBJ128F933A309,Time Is the Enemy,Quantic,,spotify,0Qa7gFj2Bclydv5NUvbftD
TRJDWKM128E07817F1,Backdrifts,Radiohead,,spotify,0BI0130CmnZRKy1AJRoeK0
TRLKDKC128F92F99ED,Colourless Colour,La Roux,,spotify,1H74uB750mBQxLdnsK6uuu
TRBVSQT128F427A82F,Electric Bloom,Foals,,spotify,0Igi1KjDF9puQRzWqm4pLG
TRNCDBJ12903CA5BCD,Everything You Do Is a Balloon,Boards of Canada,,spotify,4OO2lavE7yz5Ane6fEYXp3
TRAAEYW128F4238BF3,Behind the Wheel,Depeche Mode,,spotify,1yfbPzUF1pZWd6g80BETn2
TRCUAYE128F931275C,This Must Be It,Röyksopp,,spotify,3CabUinTcvzeSZaNijca8u
TRXPJQB128EF33FB4D,Us v Them,LCD Soundsystem,,spotify,4qsDeFzSlGzhVp326gcLKX
TRIZSGX128EF33DE5B,All We Have Is Now,The Flaming Lips,,spotify,2cVj88Q5SL5bZa8O2iFrDL
TRIXHRU128F93121AC,Euphoria,Loreen,,spotify,07RUWxT9SNDviZ1eUSF6c3
TRILHTB128F9331CB6,Too Late,M83,,spotify,1NYQ4Rn1vndF6YtZrsjFzf
TRWFJOB128F4298317,Newjack,Justice,,spotify,0cqUj8EJpp8R2VyAFtIRmF
TRWYIGP128F1454835,Seven Months,Portishead,,spotify,37euUzTooK9kMWaSZNVlnE
TRNVZEE12903CB652D,Glitter Freeze,Gorillaz,,spotify,1BBW4IkN83ghTZtxeiJ2uo
TRUQIDY128F932919F,Back to the Start,Lily Allen,,spotify,159WgnIMlX3DTPHaMYQAzB
TRXERXW128F14A074E,Vietnam,Crystal Castles,,spotify,03GMNaKu3mxuuE2GMcPliU
TRRMPQX12903CCAE98,Daydreaming,Massive Attack,,spotify,02XvknCqa2kPcOLdqD9h69
TRVFVNG128F42B5087,No Diggity,Chet Faker,,spotify,080L7X8c2BSBVGBjvLCpRl
TRLPIGH128F423A310,Sexx Laws,Beck,,spotify,1ELY3KTgI83N1k0xXqabMe
TRAXUCF12903CC5853,Rushing,Moby,,spotify,0RJdmicTYmdoRz9AQHrEyy
TRGKHMG128F9320994,Now's the Only Time I Know,Fever Ray,,spotify,0mc4lwmjgwzZpUq5tNHIcL
TREXCHD128EF33FB4E,Watch the Tapes,LCD Soundsystem,,spotify,0HgQPjS8ktwwn5SqupN1QT
TRRPCWR12903CD9F44,Ice Cream,New Young Pony Club,,spotify,02ISLTUYF5GUjKrL7zvRb9
TRQGHWL128EF33FB48,Get Innocuous!,LCD Soundsystem,,spotify,0Ct2XTT4UBt9Y196i0Ido2
TRXMQFP128F1488E60,Girls' Night Out,The Knife,,spotify,2eVZDXqjcTUoeaCEBDXutF
TRETCQJ12903CB3406,Black Sands,Bonobo,,spotify,3uNdIJ3dIKIhfRRbvsd5Bq
TROJNFN128F932FC8B,Taste,Animal Collective,,spotify,0fAOt7rUybdxZhZgulgRyR
TRGEXZZ128F931BAE7,Hello Seattle,Owl City,,spotify,1qgum4MmKFbnjgZujCR9PU
TRXMYDK128F92CDF50,Let Me Love You,DJ Snake,,spotify,0iD64EGFOJHAse6YfIpOOX
TRGOAYN128F9302946,Turn Up the Music,Chris Brown,,spotify,07WD5IzNYJekHPUWpST7UG
TRRHOQM128F931E638,What You Need,The Weeknd,,spotify,2lYqACur6GgSnRTiVhUaUm
TRFEPRW128F92FEAE4,Peacock Tail,Boards of Canada,,spotify,2HHAxkrJbuWZ7JWdxYbsWO
TRJLVMW128F425F197,Robot Rock / Oh Yeah,Daft Punk,,spotify,0q9zz6nP5izcUnfYndfVX6
TRTFIAT128F9320A01,Peacebone,Animal Collective,,spotify,02npa92dLIysfm4jGhpXNW
TRHTKKJ128F424B298,Talk Is Cheap,Chet Faker,,spotify,0240T0gP9w6xEgIciBrfVF
TRRGQBQ128F9301534,Moonlight Shadow,Mike Oldfield,,spotify,07jmncp2P6EZ0UwXG2FdzV
TRGCDKU128F1482021,I Don't Feel Like Dancin',Scissor Sisters,,spotify,0fG7aMCDRgICGOVmTKVAg8
TRGQQFW128F93530D5,Koop Island Blues,Koop,,spotify,08OgVusKtektOF0Hvk3wNC
TRFNZZG12903C9801B,Seventeen,Ladytron,,spotify,0RvyZOhKMCj9pJMm0hmoS2
TROHCFR128F92DDDA9,Love,The Smashing Pumpkins,,spotify,1pqy5We6EVGJhrBFkquFwo
TRKZERK12903CCE52E,Everything Goes My Way,Metronomy,,spotify,03NIKrksYgEUbXUyYzUrOR
TRROGVK128F93197B4,Boys and Girls,Pixie Lott,,spotify,09gukMGyxf7aVGBIkTHnoX
TRLUGJS128F4264A27,Elysium,Portishead,,spotify,1JdPcAnG1GfiPzRDNplizS
TRSCZVX12903CFA686,Dog Shelter,Burial,,spotify,3C4fUSbMB0aTaTTNr8gIKs
TRYGGGQ128F145C41B,Burial,Miike Snow,,spotify,07iwEH5chsAtSe8buSIDAH
TRHZJSC128F14791AD,Je Veux Te Voir,Yelle,,spotify,0wDlzgeNkyRTCYOHRXhNsZ
TROHESG128F93124DB,Wish,Nine Inch Nails,,spotify,09eclf8hFTS6IUsyZhP3B4
TRAAIHF128F426FFA8,The Greatest,Sia,,spotify,0cFpsPPLFWOLfDxjwcfwaf
TRIRCFL12903CBE332,Eight,Grimes,,spotify,0JvE1WG8IXDTMNiAfFDGPC
TRUFIFJ128F428276D,You Wish,Nightmares on Wax,,spotify,0c0muQqE2oAUbkYKi4T6uN
TRKLRQQ128F4281BA1,Can't Do Without You,Caribou,,spotify,0JOvTEhvGKy68UjZbpqmaq
TRXCLSW128F4282417,Outlands,Daft Punk,,spotify,0KE5Uw9yO4ROgON70Gnihb
TRRIAAB128F92D17E6,Crying,Björk,,spotify,16Y9RG11xOmz6lYluOHgMB
TRIENKY128F92FF004,An Eagle in Your Mind,Boards of Canada,,spotify,03zv0Znm7bA7XzWMZ1lEKO
TRFWDWV12903CF6051,It's Summertime,The Flaming Lips,,spotify,4bTXFLSWqZiUrrXD202tVG
TRYOOQS12903CCDAD0,Pap Smear,Crystal Castles,,spotify,1L2X0jK5U02gmBHcHBP15l
TRDOKNT128F4265CFB,Starstruck,Lady Gaga,,spotify,1GT2p7NF47G3Qvog9DvDHL
TRIMXVR128F9305AED,Concrete Walls,Fever Ray,,spotify,0nok7IO8yS32ScEWianD1O
TROHVNE128F42787A4,Traffic Light,The Ting Tings,,spotify,0pfk4CvJU2pOBLCdp5Heyg
TRBVPVV128F425F14F,Touch It / Technologic,Daft Punk,,spotify,0FjZ1wUVACeJdZfEyKUwoG
TRFQGMU12903D0F9BA,This Love (Will Be Your Downfall),Ellie Goulding,,spotify,0j5sEwTkXDBQOeS5aKsX85
TRDOEXB12903D086FE,Dragostea Din Tei,O-Zone,,spotify,05GC0KsXboWsZZaPRIwFxJ
TRILYVY128F933F95B,Prelude,Bonobo,,spotify,3KVHu2I9ZDrdW3ppb3rgTQ
TRTVJZD128F4275DC8,Iridescent,Linkin Park,,spotify,07rz54LA3Y2lagmY0DnChZ
TRLPISH128E0786528,Hell Yes,Beck,,spotify,1M5vLKQaTeHhVUwsj5mqL8
TRBQRSQ128F42202E4,You'll Find A Way,Santigold,,spotify,1BEiNTuJl7Kdpl3XPPE12O
TRLMYFB128F9312DDD,Games,The Strokes,,spotify,1GuiMLPkVf7tkyhKSZYU37
TRRTVCE128F93112E6,Lion in a Coma,Animal Collective,,spotify,04yrPIF2Ix871gi8xmM45Z
TRRIRSY128F933A345,Terrapin,Bonobo,,spotify,0M7En0660H4H7MBiPK2FCf
TRJGDTG128F421CE22,Lights & Music,Cut Copy,,spotify,0FezhHZVmDYXvk8jAr2fpU
TRAOZUT128F92F12EE,Love Generation,Bob Sinclar,,spotify,05UxCwo27RZGgXkgLgIQXq
TRSCBKV128F427888D,Teachers,Daft Punk,,spotify,4ZdjCuiWBv2weLftWPJ72c
TRLQTMH128F428AD22,Teenager,Deftones,,spotify,0IeIj5VyPuFQ03rYrEK26p
TRZLBGE12903C9896A,Ocean Eyes,Billie Eilish,,spotify,0ynKECyEOniaDMJ5S190tz
TRLLEZM128F92F4055,Waiting Game,Banks,,spotify,0BQcA3u3AJwdIJAcf4Rqm9
TRHCCXP128E0796554,Rome Wasn't Built in a Day,Morcheeba,,spotify,074pInVVJnx8MaT5GVuybV
TRDKUVH12903CDFC3D,Default,Django Django,,spotify,0d2O5TNHO2T5XR95TVmgfp
TRIPNMN128F425A9F6,High Fidelity,Daft Punk,,spotify,63ZAmhkAV6Kaw955ohbEsN
TRFPAZD128F4234020,Setting Sun,The Chemical Brothers,,spotify,1nDGTjXjEauyUW2Fz071o5
TRZTBNV128F1454838,Western Eyes,Portishead,,spotify,1gOACnpZKFC70kn0nsmqen
TRAHYDH128F9325200,Piranha,The Prodigy,,spotify,1ySd6O5ANnwBusrZdatnLw
TRLVIOA128F422960D,The Salmon Dance,The Chemical Brothers,,spotify,0W6miXqWrogHuEqnx0AHhG
TRNFVQI128F931BAEA,The Saltwater Room,Owl City,,spotify,1eX8FlCdpGb5H1Amq4A3Ie
TRRFWZI128F9318867,Unconditional,The Bravery,,spotify,0BFnNj9i2VE8mpEH3RW6pe
TREPCCL128F427B12A,Golden Cage,The Whitest Boy Alive,,spotify,2kbI9ucnY4APlG4o6YXMx1
TRURRUX128F92E7D05,Enjoy,Björk,,spotify,0vBrrKRfbTgfSXOGZhKWuq
TRIFILP128F427BA00,Flim,Aphex Twin,,spotify,4q650OiSDQIwccxDFpuuBm
TRTXRPR128E07912F2,Mr. Self Destruct,Nine Inch Nails,,spotify,0fbbSNH28FSbAkMUQ632i0
TRUFZXI128F93321E6,Hear Me Out,Frou Frou,,spotify,1jbivhnT0Ubh1YTMVU2aTo
TRYEGBI128E0795767,I Have Seen,Zero 7,,spotify,0ccIzhQlQ3Azab2FzzQYs1
TRRHSCZ128F421EC6C,"As Above, So Below",Klaxons,,spotify,0FQ0VlcbNbn8QoI6S838QS
TRXOVVL12903CE50FB,Save the World,Swedish House Mafia,,spotify,02AiSKC4ci2KskjWno44H5
TRIOZQX128F934E49D,Miami,Foals,,spotify,08cszYGG4JpAxhtB94B0Iu
TRILHTR12903CAF31A,Amor Fati,Washed Out,,spotify,09rnYnPMabHjgspXFrJNGd
TRJTJUJ12903CE65FB,All the Love in the World,Nine Inch Nails,,spotify,18X3tCEJwNTGYTlMpE2foK
TRCVFPY128F423EEB1,Bucky Done Gun,M.I.A.,,spotify,0phXjBj2Cgpa9WbumlKEKp
TRUNVMZ128F425A0D5,Down the Road,C2C,,spotify,01CmDgeeP8GcGWOo4rmbb9
TRQBGKS128F92FF068,Olson,Boards of Canada,,spotify,0aPrTlWUf2nmDkC9gcP5kZ
TRAHBGZ128F42675F4,Blue Blood,Foals,,spotify,2Oh7OZXmAkpq22ucJSDXGy
TRFNDPH128F9313DB7,Happiness,Goldfrapp,,spotify,0F3t9aSz9o4RMzKdVffT3C
TRRUOPC128F932C8D9,Violent Dreams,Crystal Castles,,spotify,02ihGyi1NUZrhIYPUzyWyP
TRRKNNB12903CEFF19,Come to Me,Björk,,spotify,2ir9cmvZIpFYxaeMTa76DS
TRFYTVD128F92EC28F,Steam Machine,Daft Punk,,spotify,07KtTNn0wZndtN5NOYdBWR
TRIMHRY128F42890EB,Sin,Nine Inch Nails,,spotify,07og1fke4r6UWVNbfJz5pz
TRHDDQG12903CB53EE,Heaven's Gonna Burn Your Eyes,Thievery Corporation,,spotify,4SnH0V1cnEPUqMSzgDlxKb
TREOMYM128F9302970,Cry For You,September,,spotify,08QjqvP7qaeeWRztpk9eGX
TRNPMRT12903CAFE3F,Intimate,Crystal Castles,,spotify,2BUrohCOfLGxozOqbnXMpj
TRXQIDF128F14AB720,Aquarius,Boards of Canada,,spotify,4ZX7QjwBqZTelll7to0d5S
TRUDPKT128F9351751,Put Your Hands Up For Detroit,Fedde Le Grand,,spotify,03x13hD9iqpIOLwCp7rdEd
TRSIZBU128F4264B58,The Gloaming,Radiohead,,spotify,0K54vV2ZBW09ftWpNKyKlA
TRUJFUY12903CC5519,Citizen,Broken Bells,,spotify,2OezgBTkkaMfwfCYCBzMip
TRUESFU12903CC20C9,Oh Yeah,Daft Punk,,spotify,3Pm4jgrXCu0W7gTqyrlR4F
TREKAVL128F1453512,Don't Move,Phantogram,,spotify,0UPsdEgJx6ypkfFUxD3ZHh
TRUHABD12903CE42CD,Mercury,Bloc Party,,spotify,512FFJOvpVKXvGPhStR1NJ
TRAJTJM128F425FD55,Idealistic,Digitalism,,spotify,1AfbLATkzFhtE2uadJzkrF
TRZKOQI128F4271768,Hanging High,Lykke Li,,spotify,07aDTEVtgxcdhiA36yedlb
TRGXJEJ12903CB2CFD,Rush Minute,Massive Attack,,spotify,6nS5Vfs6Kv75ZFUa2MKvaz
TRUFZEG128F92EBACF,Nocturne,Daft Punk,,spotify,03It1DikWdMlnMCc5z2Gp2
TRBOQBQ128F42B8BF4,Must Be Dreaming,Frou Frou,,spotify,4yNTZbEE5mo6GNNfWIEqIr
TRYHHCJ128F92FFE95,Vision One,Röyksopp,,spotify,0AP5q9egIPuAmolgXa6C0B
TRUDPCY128F92D2590,Aquarium,Nosaj Thing,,spotify,4ZOv9mx6Lz7RRaBFi5UNaE
TRYWPVK128F4260EC2,Scatterbrain,Radiohead,,spotify,0855yeeNDUYadU0rYMNGaS
TRZZKOL128F93112EF,No More Runnin,Animal Collective,,spotify,0JmSsK2WctgtsCkRdAC8ba
TRSVOAH128F422EE2D,Shut Me Up,Mindless Self Indulgence,,spotify,36RafJjTl7ZNRI9Zs6JEuq
TRCPXID128F92D5D3C,Halo,Depeche Mode,,spotify,0Ti7ZxvgWq74Ls56vYP3Ov
TRXRTCC128F9315B23,Meddle,Little Boots,,spotify,1TDq8ohw6LuvGvDNNpfYRF
TRIKGVW128F92EF9C6,Seaweed Song,Passion Pit,,spotify,02Bj0KWmT8OznkcfKyDSDc
TRNKWUD128F92FEB41,Music Is Math,Boards of Canada,,spotify,3vBJYnujT3yxLjLEG1jtDS
TRPCKWM128F9312F0D,Steve McQueen,M83,,spotify,11szKqhNqY9tDPgTAwIIwh
TRLOPGN128F4268EE8,El Toro,Bonobo,,spotify,3Cirq91kWvk8oLaHoamBnf
TRAASJJ128F933E26E,5 Years,Björk,,spotify,1TBgL2uiSYxnB626QB2KKJ
TRRTLUZ128F427EFE7,Black Steel,Tricky,,spotify,1GjxNfTdmvv8Cj3QQ1X8Hf
TRAIJIP128F42671BD,The Captain,The Knife,,spotify,17ZQLXeJWnQAU2YjOkka89
TRLUNBL128F931907A,Lady (Hear Me Tonight),Modjo,,spotify,106X4facOVhIkDR3cLBCym
TRFOXCL12903CB07E8,Wonderful Night,Fatboy Slim,,spotify,04Vh7XtWYOuOfcBUw27ZyK
TRLQRUA128E07888FC,Hummer,Foals,,spotify,1erINyXgRUSB1fVRXnsTzz
TRRMNIA128F424FD90,Showdown,Pendulum,,spotify,0e8QLhq5mU816F43R2kJtr
TRLMLVJ128F423A300,Paper Tiger,Beck,,spotify,799azdZNV34Z1w8CQ1z9ds
TRSPVUQ128F4253D26,Big Man With a Gun,Nine Inch Nails,,spotify,1NTtIOtdR4UMJLYy6Bm9EA
TRCSJAC128F935151B,Dracula,Gorillaz,,spotify,08qq7XjoPnQgo8QHiJvURk
TRIAGIH128E0781336,M1 A1,Gorillaz,,spotify,0zbSbnHtSrVl1CBaTvCLIH
TRJXVFS128F14696B2,Funk Ad,Daft Punk,,spotify,0cjavaamK4gxP9iZYw5I2X
TRQZREN128F9313253,Do The Whirlwind,Architecture in Helsinki,,spotify,0hprIXr2LcZsdnhg1qQcko
TRJXDKB128F93280DE,Loose Ends,Imogen Heap,,spotify,1wj4BOoATN7uYc9RKdfJhs
TRCZIZR128F9305AEF,I'm Not Done,Fever Ray,,spotify,2L6Ga0KBS2UfNFLQNR2KB7
TRCUFJS128F92D2D16,Na Na Na,The Knife,,spotify,0SJaHQsTnihnvERN70JSco
TRRBBUU128F1464DF3,Time of Our Lives,Pitbull,,spotify,0AZqFkV0eSOqX2i0ooaLlJ
TRNFBEV128F42598BC,Deeper Underground,Jamiroquai,,spotify,0y8kwqOr9OfodZeBOGPdPp
TRIOQSV128F425EFE6,Underwater Love,Smoke City,,spotify,02QiGnYBPT9XkpdXVyfZ0A
TROJYYK128F4227A6B,Bloodstream,Ed Sheeran,,spotify,10CThxBSCJs5TWsM0Fhdjv
TRBHEZB128EF33FB4F,Sound of Silver,LCD Soundsystem,,spotify,442bPYh5CaoKNSadk699eG
TRJNPGF128F427A831,Heavy Water,Foals,,spotify,1gD258l5wyMXXlO63xCdEj
TRLLBVB128F429E997,Birds,Crystal Castles,,spotify,0tr4eDD7ZRNU7T9EvCglY2
TREKLFH12903C9DA50,Strobe (Radio Edit),deadmau5,,spotify,0DIekYoiwwr1kkTUGmQlSL
TRMJKUM128F42B87E7,Couleurs,M83,,spotify,2GeYCKulBrOpNtV5Rd6cHr
TRDEUMO128F931D74F,Stuntman,Kasabian,,spotify,0kjHoJZ6tIMTMQBJehdk2X
TRLUDEV12903D09D03,Are You Satisfied?,Marina & the Diamonds,,spotify,0No2nFS1yEeDRM3PdckY19
TRILNOS128F428B769,Aftermath,Tricky,,spotify,0W1DwVOeYZYzZagrabFdkw
TRPZRAZ128E07817F4,We Suck Young Blood,Radiohead,,spotify,1tvIDzOIROw2Nt0zfeSFoH
TROPHXR128F92CA507,Que Sera,Wax Tailor,,spotify,05EUMP13WVNvtf4y0Aynf4
TRJCVFN128E078DF63,Just Like You Imagined,Nine Inch Nails,,spotify,11eSOZQj0od3y6DQHGloSW
TRFUSRJ128F92F5E07,Lately,Massive Attack,,spotify,1J7GfEGpkEuAxBoG7CxJAe
TRLKABG128F4213531,Emerge,Fischerspooner,,spotify,0u18fO1lvJnZiXMY8KGFJ3
TRIMYQA128F429C948,On My Mind,Ellie Goulding,,spotify,1BVB23zGFAofViuK0jQlqL
TRENJYE128F1462AE3,Holdin On,Flume,,spotify,01zakv8l7zpZ28SjhX2JCS
TRTHNND12903D0F9E0,Every Time You Go,Ellie Goulding,,spotify,0c3N3991ucDuH9kOEzCBUd
TRZWTOU12903CE450A,Brian Eno,MGMT,,spotify,0kajwjSwlUKqSgivlVwi5M
TRZKOKE128E0786527,Earthquake Weather,Beck,,spotify,0CsWCJq1a8Eu46IvNJyu2f
TRGKQKY128F930B1E7,Hearts a Mess,Gotye,,spotify,0EaFL8QAiKRzwCq1Pe9bjO
TRUMGPE128E079277A,The Fragile,Nine Inch Nails,,spotify,0MKeZp4SppjBqwoprLxV5u
TRJEAQS12903CB5917,Reptile,Nine Inch Nails,,spotify,1bsyDe9SxHvflHbEIdFoef
TRPHMMI128F92F95DF,Strobe,deadmau5,,spotify,0YchKPFRbVwwO4dH5hKrRi
TRDVHFU128E079576E,Red Dust,Zero 7,,spotify,2gSXQrg6vBQWrIbmSGiYBa
TRMZKOA128F92FF00D,Telephasic Workshop,Boards of Canada,,spotify,5B5nloaA2UpNrjweosqVe3
TRPYLYF128F92E748B,Lord Only Knows,Beck,,spotify,0P0WPwki6ohGdg0rE3duUo
TROIPCI12903D00755,Pluto,Björk,,spotify,03794FHTruV54i92ZvNESw
TRINRZH12903D09184,Like Someone in Love,Björk,,spotify,0eDVClItJH4PkfPu7dciKP
TRAUDSV128E07863F9,Too Much Love,LCD Soundsystem,,spotify,0o0w7R5s7FT60liDBgxVFC
TRDJGNL128F42B86E3,Last Trip (In Flight),Kasabian,,spotify,01sDjsn9Akwz021gByx6AZ
TRAANTZ128E0792529,The Frail,Nine Inch Nails,,spotify,0bjjCgO6AxGfSd17AEYVy5
TRBUADZ128F931D74C,Out of the Blue,Julian Casablancas,,spotify,2wv4KppBgQlNleDaE3DGvW
TRNHKGL128E07912F9,I Do Not Want This,Nine Inch Nails,,spotify,2eqSAOPPTUm9aHK2USkAfM
TRUFLEO12903CB33FC,All in Forms,Bonobo,,spotify,1yeOax59dKY97xsbDnMl7A
TRUAGXD128F42BA5A3,The Modern Things,Björk,,spotify,2jEba7qQMQS9N4GylzgJsr
TRVLXMQ128F9339980,This Is Halloween,Marilyn Manson,,spotify,042Y7INHELtUGh8LRtl3X5
TRXZPID128F92F9EA5,Fireworks,The Whitest Boy Alive,,spotify,1DFjDNBXBeLnMjGqFxwDGt
TRCRJSO128F9306488,Hair,Lady Gaga,,spotify,0Jx3iRmtmNCOSXyeuwPobn
TRIOEAZ12903CDD50A,Roses,The Chainsmokers,,spotify,165nkCOO6tNbfAFaslvoGn
TRLIOYD128F92FEADE,Satellite Anthem Icarus,Boards of Canada,,spotify,6pxWghcPKRSjZPj8Ba9vpB
TROIPBM128F9343CA2,You Give Me Something,Jamiroquai,,spotify,01nL79jGFWcxpHOAEp6T7b
TRXRJTW12903CBB252,Space Cowboy,Jamiroquai,,spotify,1Y3wm28G6bXE3fl0abtsoS
TRVTIBU128C719670E,Mutual Slump,DJ Shadow,,spotify,0azwZr92DArl1Eyty2T1No
TRAMHJY128F4262FC4,Baby's on Fire,Die Antwoord,,spotify,1gQJHAGl0QX8IZGcVnSCpP
TRSZRKU128F92DB006,One Month Off,Bloc Party,,spotify,0MLmL0Vy6Kh4kL77GxC2KC
TRBFLLT128F422FBB6,Suzuki,Tosca,,spotify,0OBwH4cJSIGyYZ2u5yUr2C
TRKZXTG128F92FF00A,The Color of the Fire,Boards of Canada,,spotify,5dm5vtne8lx8BPrVamK6S1
TRUMDXS128F933AEA1,Bloody Mary,Lady Gaga,,spotify,097aJiuo0tXjNMpkzxc8BV
TRCZXCP12903CE4655,Eraser,Nine Inch Nails,,spotify,19edE1ywZArmFHVSFoI5SW
TRUDWFI128F930C136,Milk,Garbage,,spotify,0m14zVkGIV4IHQ4CeZ7VFD
TRIEPHZ128F93450CD,Disco Heaven,Lady Gaga,,spotify,0sbiX1Wr0SEtNQOOn4HiTe
TRXURTM128F934D0A3,The Richest Man in Babylon,Thievery Corporation,,spotify,1db1vj7Z3pIVSjzk5Dqmi1
TRQEWDQ128F422E960,On Hold,The xx,,spotify,4w2iAP3X4FkpPb5kjRdIDx
TRJNLAT128F423B17D,Circuit Breaker,Röyksopp,,spotify,0YK0gIkIjAyRXT2SGCMoQW
TRAIHVO12903CE4504,Siberian Breaks,MGMT,,spotify,1nStphlPMVJAFOr3RyspwX
TRISTTM128EF349FE3,Survivalism,Nine Inch Nails,,spotify,04k85vfh2EbwmBFG7ssCF0
TRDIZUT128F9303EFB,I Cry,Flo Rida,,spotify,06X86nKT6TqIDByJtCkMcI
TROTSPF128F92D0C77,i,Aphex Twin,,spotify,0kzyMwBV8hg9TW08NUHKxb
TRIQDYV12903CBD7D1,Keeps Gettin' Better,Christina Aguilera,,spotify,02nea2wssc9lOlF7fjRdpD
TRBZUPA128F1469D93,Pearl,Katy Perry,,spotify,0OZNqyuXOu5giaWnmqeiMG
TRCPWKN128F1460B7E,Hustler,Simian Mobile Disco,,spotify,1Al1ZBkZUeER94XU0WeUVN
TROJTUM128F92F99F0,Cover My Eyes,La Roux,,spotify,13LCCCAIfmbvJCpOvCAbO8
TRJCPAB128E07938B2,Americano,Lady Gaga,,spotify,1JHYdNxOSJQsexhIEgnJB8
TRYPSFM128F4239EAA,Gettysburg,Ratatat,,spotify,4UiLR6XySIF6ocpJgDKBjv
TROQBOH128F9308FBF,Cocoon,Björk,,spotify,0httJ8KK62wEBItPlB39Hq
TRGGGBS128F93053DF,Untrue,Burial,,spotify,1FxD01WPidP7uSzcjWGVp7
TRDSGLN128F932E035,Cult Logic,Miike Snow,,spotify,0aWWdef94YhBE0awkzCxpj
TRFNQWI128F146021F,Sure Thing,St. Germain,,spotify,0TqXgwYbtaCVOb3nCj9KZY
TRXSUZH128F9328ECF,Once Upon a Time,Air,,spotify,0JzvGLBdps5dPFs6Ruin4E
TRHGOPX128F4283D1F,Skeleton Boy,Friendly Fires,,spotify,0sCiEjakj1BOi4gGIu3IMJ
TRZSDCG128F4247F5B,We Fight For Diamonds,Cut Copy,,spotify,0tdReQIaDADXMnspiOsFgB
TRMSHPF128E07889CE,The Brainwasher,Daft Punk,,spotify,61qwHnU8dyMqPemGzopDcp
TRXDRIB128F92E930B,Emotion,Daft Punk,,spotify,0Dezmoeb373GNcYBjLVAMH
TROUTTW128E0781726,Everywhen,Massive Attack,,spotify,0bhru3jDQkDsYbxMN2N4OX
TRBCXTU128F4262BFA,Love Is Not Enough,Nine Inch Nails,,spotify,0ZAFfbHpRtYxsA90F1DRXG
TRLVMBU128F4236C73,Crystal,New Order,,spotify,0LL7nKDURFFT4K9Tjv656m
TRLRXKI128F92EA27B,Have You Got It In You?,Imogen Heap,,spotify,4QiTDOhlBG0p7DfeZRkcay
TRAXEWG12903CB2CC3,Madder Red,Yeasayer,,spotify,0m7SrrXFJ0DIueUB5FGGFZ
TRNGFOR12903CA6809,Fuel My Fire,The Prodigy,,spotify,29pG2NvXkqmYxIIaOaKqUc
TRMQLJG128F42ADCCA,In the Name of Love,Martin Garrix,,spotify,0Cq8IP1JhwRGEPjHIN7i0s
TRZICNK12903C94F28,Heliosphan,Aphex Twin,,spotify,0ezvZbwpGyhUG2M0hEvobT
TRCWBID128F92FBB70,Time Flies,Lykke Li,,spotify,27ALgdIpnPlYNCPdwzRDoc
TRXPYSH128F423E622,Vienna,Ultravox,,spotify,03QKWwxibxo3nexEt5hVXH
TRXEPTO128F42384EF,Full Moon,The Black Ghosts,,spotify,02Zn0EyxJvVAp7MJk34ell
TRQHGBJ128E078DF60,The Wretched,Nine Inch Nails,,spotify,1LkRlYF4WHdl22MtMolZ6x
TREDCKZ128F1476A18,Eye,The Smashing Pumpkins,,spotify,01hrUYtUbLQeSiLX60mAoJ
TRZQZHG128F92DE538,Hungover,Ke$ha,,spotify,1cvVeYdxtgkOY6uIZGaTUs
TRYLMAS128F931A0E4,Alarm Call,Björk,,spotify,0FXA3CxQmpjgP1VS5STnJC
TRCQAMI128E0784519,Comfortably Numb,Scissor Sisters,,spotify,09hFDkRmMdeCL2QEW1bu90
TRAFWBL128F146C6B2,Clouds Up,Air,,spotify,0AUCQShXPTBb6YTRJPqnUm
TRSNLMV128F4298776,Down In It,Nine Inch Nails,,spotify,06UVb2bREPv8hvioVkaMvC
TRILZEB12903CD1BCE,Train,Goldfrapp,,spotify,1iCtWP8Qx8wWsrnM9C98zU
TRAIWPH128F92EE624,Burnin',Daft Punk,,spotify,6nSOhDfZOulWp0pnEHFrnn
TRMXDUC12903CC242F,Creator,Santigold,,spotify,2mepahtDztjkeUcje46YD1
TROFETV128F92FF01E,Sixtyten,Boards of Canada,,spotify,6N759vFYolaNbbdd4As2Wi
TRRLKMF128F426DDD7,John the Revelator,Depeche Mode,,spotify,0FP9PecnNhXPEd80HFQCSf
TROHJED128F1463754,Gold,Kiiara,,spotify,6WhzFzROw3aq3rPWjgYlxr
TRIMFLS128F429B87B,One Day,Björk,,spotify,0yCDPUWU2cIvykHxnNJMCb
TROHSVL128F93071F1,Come To Me,Koop,,spotify,1HfBkmnf67df8V5CSTuFUG
TRCBPNN12903CD8B22,By My Side,Kasabian,,spotify,0ksRQACto5sGQvZR42UPZq
TRAUWXY128F146C6B3,Bathroom Girl,Air,,spotify,1kTVCj3rIHJ4AVwGKGaS5Y
TROBROL128F427176C,This Trumpet in My Head,Lykke Li,,spotify,1oPoKzglqtFKalfu5URlej
TRDRYOQ128F92C47F4,I Got U,Duke Dumont,,spotify,023H4I7HJnxRqsc9cqeFKV
TREGDWH128F4248881,Ce Jeu,Yelle,,spotify,0uTUZeLh4IIWav7rsdd47X
TRMOOHS128F9312E7E,1517,The Whitest Boy Alive,,spotify,1rNacXiWVKt6ZAEBh1fCp5
TRNQOVC128F427A835,Like Swimming,Foals,,spotify,197RQa3iJCJXRbgwZ2tf2D
TRQJYXN128F425DC39,You Make Me Like Charity,The Knife,,spotify,0euk28DJJNzaSx24XukPSK
TRXFWGQ128F42B25B2,Coconut,Fever Ray,,spotify,2VyHVfrBnb7IrwxwK2csPU
TRCWRRL128F421B358,Rectifier,Daft Punk,,spotify,1H36BBwHZuAWszr2EET29m
TRFFAHO128F9316F9D,Gonna Make You Sweat (Everybody Dance Now),C+C Music Factory,,spotify,0325ztu7BtVLsKeJX22tu7
TRXELNR128F149638A,Please Don't Go,Mike Posner,,spotify,0afdQjwRvR42TtGuB3IYO9
TRYYWUC128F935965D,Fascination,La Roux,,spotify,1Es4ykPYuTCZQ93t2HMtnU
TRLWTKJ128F930ED4D,The Collector,Nine Inch Nails,,spotify,20RfvFNVXQZMCA1pSNdyS6
TRSCJXM128F425A149,Alpha Male,Röyksopp,,spotify,1RpLoq95i3EyxWyRHfwOGK
TRIMJMX128F423DB22,Cover Me,Björk,,spotify,1p64V3a5eANpMrBMWpjAQh
TRINCYU128F426CBD5,Sometimes,Miami Horror,,spotify,1j9Mzx3y2EMTqT7OyHjUN2
TRMNEAZ128F42A6C97,Your Biggest Mistake,Ellie Goulding,,spotify,0Di9bVr9kej3oMs1K08k3J
TROSNGI12903CB17D9,Better Things,Massive Attack,,spotify,4orPBWfQNUxs3RObirJwZR
TRUGUHX12903D09C6D,Smoke & Mirrors,RJD2,,spotify,0HbvKoxtyDnhnlWrhVGfI6
TRUFXSF128F147F501,Utopia,Goldfrapp,,spotify,3wxTNS3aqb9RbBLZgJdZgH
TRUHPPE128F930579F,Six Days,DJ Shadow,,spotify,1E5BENsWUH2iuasq5gZIjb
TRRGIAN128F427825A,7,Moby,,spotify,1750V4EIzxuc3ORFPr0A93
TRFXWPQ128F428911F,Off the Hook,Cansei de Ser Sexy,,spotify,4pEAluPvlP1oBykIvKOnHG
TRYUMHX128F9356810,Biko,Bloc Party,,spotify,1cqvs8BaCoCav16azsPqh0
TRBQMTX128F92FF03C,Kaini Industries,Boards of Canada,,spotify,3aqXL0g0eeZrS4Qlf7dV8O
TRXQZTN128F42959E0,Inside,Moby,,spotify,0o9i2VZSaek7GX67aymw0d
TRJOAKL128F428278E,Sunspots,Nine Inch Nails,,spotify,06Woz269qjjUmanuzrhZFQ
TRGOTXW12903CB2CEE,Girl I Love You,Massive Attack,,spotify,0lyV8xxwNnQXbM12vzfsR1
TRJIXDB128F425BC21,Bellyache,Billie Eilish,,spotify,1ni8ZTAY1GHXEFOGHl7fdg
TRHORZS128F9331CFC,Earth Intruders,Björk,,spotify,043dNUuciyXWvma0Z7ijWO
TRAOPLU12903D05AD1,Listen Now,The Knife,,spotify,0FlJiZMkN335dEwpnzQhwz
TRYCPEG128F4284741,Country,Empire of the Sun,,spotify,0twlPhFgNHnMudJHNdOWCB
TRWQYNI128F14642D3,Broken Drum,Beck,,spotify,4rsjnQgzaf6mhOJz48Gm2d
TRIUJWF128F427176E,Complaint Department,Lykke Li,,spotify,2JooYQm6PVJD3urcs9O763
TRDBBOR128F4289E13,Someone Like Me,Röyksopp,,spotify,2ARdseXbSKUhHFsYyXdAGZ
TRAZORC128F426C323,Unforgettable Season,Cut Copy,,spotify,0ldOCpyLzcdDcp6mgm0JuO
TRXPZQQ128F9340B31,Better Off Alone,Alice Deejay,,spotify,0KoG6FLhkH8fHQIzfjtQcP
TRIMAJS128F9329C44,Ares,Bloc Party,,spotify,06kzohB0AAcNZqNNAeA4NM
TRUINXD128F428AAD9,Somersault,Zero 7,,spotify,3P1O7E21vsCYZABIq1qWY7
TRLLJFM128EF35CB0E,Lies,CHVRCHES,,spotify,0wSl3lWKRV7P6XK07RpEIG
TRRFJHK128F92CEF94,Play,Flunk,,spotify,0LnVv6kI87Gn1ekQIDJoFs
TRMFJNG128F92F65A0,Love Is Gone,David Guetta,,spotify,0orNvHvXmuQJin9F5qKBF5
TRXMLQJ128F1489163,Highschool Lover,Air,,spotify,2bdZDXDoFLzazaomjzoER8
TRGASNY128F14696B0,Indo Silver Club,Daft Punk,,spotify,4jF8GAMRCOenL17cNnBDI0
TREXPBA128F92F96F7,The Warning,Hot Chip,,spotify,1JaLS86qGEJ81tdBvOL3yC
TRRIKMS128EF340A2D,Good Luck,Basement Jaxx,,spotify,01xJHMn4EF6QjVqyHekLgh
TRUEOQE128F92F146E,Movement,LCD Soundsystem,,spotify,16Ry6t3wc6RxhNnpHr3ZAD
TRBSDYJ128F92FF03E,Bocuma,Boards of Canada,,spotify,4Hmc81ZS9s2WlTvOsuoiTQ
TRSZGTQ128F42BBA74,Corner of the Earth,Jamiroquai,,spotify,2BUKjIhUlQOfBnYfp1ALd5
TRFSDEI128F93363AE,No Money,Galantis,,spotify,09fDrXkBh28LhV2YQKRuRM
TRUINQU128F14A66A6,Losing My Edge,LCD Soundsystem,,spotify,0SRnRe5HH4CLJALOA3neGa
TROPTCQ128F425F1A0,Too Long / Steam Machine,Daft Punk,,spotify,03ELiv3L2IFjhiTwYaRKYl
TRVRKWD128F147DF68,Montanita,Ratatat,,spotify,2QWIKHqO8HrB8Gkvs6DSsk
TRJPSDQ128F9302A46,Kota,Bonobo,,spotify,1Av1wvsP49iCiHiWCUN8H1
TRMIGQM128F931F18D,Handshake,Two Door Cinema Club,,spotify,0dDkvzaOXGDsHji2vwQodS
TRACQDW12903CD6D15,Clap Your Hands,Sia,,spotify,0Oygege6nU3OOkb1qx5w51
TRURRPY128E079755F,Follow My Ruin,Röyksopp,,spotify,4TVo93k4AlKbSePGDDktfl
TRLNQZR128E0792FCB,Coffee,Sylvan Esso,,spotify,05CtAiO5xuKm0aG4pgOsJf
TRJKUUT128F4247F5E,So Haunted,Cut Copy,,spotify,08fNM1EU6GnebBtv3Btl4d
TROLLLH128F42633E8,Love Can Damage Your Health,Télépopmusik,,spotify,1JCLGW0Fp1wocWtXKrelHi
TRPDVBK128F92FFEA1,You Don't Have a Clue,Röyksopp,,spotify,0exq0QHuqtBcW1k2uw7x0e
TRXFYXK128F42BCD3C,Overjoyed,Bastille,,spotify,0DXSFW60giCV8wC26lBaMf
TRJOFSP128F92F6E41,Silly Boy,Eva Simons,,spotify,0bqsuhe4eneHg6GNTVFCTo
TROHKJO12903CDE079,Slow,Kylie Minogue,,spotify,09ZTot49ykqYuOWPr3fkzr
TRXNCQP128F92DEF7B,Plague,Crystal Castles,,spotify,2je5UUEWiLRBk4BZRXz9Ug
TRXLJTI12903D01E1F,Blessa,Toro y Moi,,spotify,0wcACmtCYsN7zirmOXvwwL
TRLZCWI128F42494F8,Just a Thought,Gnarls Barkley,,spotify,0nFqtZjnDxfUqUI7CIkk3d
TRABOVH128F427D3B4,Fancy Footwork,Chromeo,,spotify,0Hl9sFHJgs1CHTen1GEyFE
TRXMILX128F147DF70,Nostrand,Ratatat,,spotify,1w2b7yH3BlYMzDGN3QNQra
TRILZAN128F9308295,Machete,Moby,,spotify,1pW41R6fWmR74wEERqgExI
TRPOKET12903CB2D00,Saturday Come Slow,Massive Attack,,spotify,08wJbCCTfaSb9d500Q21vX
TROOAJI128F92C542F,Three,Massive Attack,,spotify,7FKhuZtIPchBVNIhFnNL5W
TRUBOJX128F425B710,We Have a Map of the Piano,múm,,spotify,1F7Ofn5seqltKz2ecu8r76
TROAWBE128F4263539,Beautiful Day Without You,Röyksopp,,spotify,1DtoNFjQasunhkR8PiGYbW
TRFRAFF12903CF8B94,Dinosaur,Ke$ha,,spotify,2JHPtPvzDkH32voD8wx0sS
TRLXHKK128F93149C2,Greenland,Emancipator,,spotify,2SPTGg9SC5MT1FwNX4IYfx
TRUIFWH128F92D03C0,Simple Things,Zero 7,,spotify,0DYJpQO5O6mocxgSe3ukkk
TRLNNSR128F427EFE0,Ponderosa,Tricky,,spotify,1vGUOx1kOzLYGvGeReOVYH
TRUIBJA128F93040F1,Crush,Pendulum,,spotify,6hzwfFKrTabeUsW5SWti17
TROEGBY128F92FF051,Rue the Whirl,Boards of Canada,,spotify,3Jp9ys8LTCzv9jPe0t8fHB
TRCDZCM128F14A4A14,Space Maker,Air,,spotify,1GFVZ0Dr1kElMNxQtofLbX
TRLQYEY128F933BA4E,The Horror,RJD2,,spotify,0C46HKNt1G5toP1Wmyj2PJ
TRUKSKS128F4276237,I Can't Stop,Flux Pavilion,,spotify,03EuhmMsEHVFI9ytainStU
TRIZWAA128F9335941,Number 1,Goldfrapp,,spotify,0lRYHt0fc8M20s4qyLhBzc
TRYRMXP128F1464DFA,Fearless,The Bravery,,spotify,0t5A6NKsiQeBWxTgRPEBcQ
TRMLRBS128F9333936,Chemtrails,Beck,,spotify,0i7mTeeNhbl2xVx9TbtwM2
TRUQCSY128F92E637F,The Downward Spiral,Nine Inch Nails,,spotify,0xs4kkEMwRhDIJV5OdTTRx
TRQJABG128E0797559,49 Percent,Röyksopp,,spotify,11oiZZFz4QnapZur3tR63S
TRXSQXS128F425A7A5,Mass Destruction,Faithless,,spotify,0WgA2uEdlbhWWorO6WgL7r
TRUKVXP12903CD0244,One Touch,LCD Soundsystem,,spotify,1JsaBlMDQJ41s087k6OQ1y
TRBABRK128E078FC14,Don't Tell Me,Madonna,,spotify,23EhTCPRTlLVM6VQUyh8bH
TRVNHQI128F92FEB08,Oscar See Through Red Eye,Boards of Canada,,spotify,3USwZDyAeJjCjeUMqnvHAg
TRYWRMP12903D0C4D3,Derelict,Beck,,spotify,0MSwUQmUAv1E7pfE6brLE8
TRXFYZS128F9331F49,I'm Not Alone,Calvin Harris,,spotify,07ajt5Rh9aSbh0wWWhcRJP
TRUDSFZ128F4260928,Beautiful,Moby,,spotify,0F2QdpV1RMtkAO3VQsmbXh
TRCPKAA128F426473F,Skin,Grimes,,spotify,2i2iJ6EBx18SRHFTFHD0Ys
TROEZYL128E0792844,Figure 8,Ellie Goulding,,spotify,0pUPzrMyxrN9eqDBWmCQYh
TRZFKLW128F425C85C,Black Cherry,Goldfrapp,,spotify,0Culuj3KUnaoT2VL63qpQ1
TRMKSUU128F4250207,2 Hearts,Kylie Minogue,,spotify,02Ph8WTGqsjDboBz9npPpT
TRECHDR128F92FEAD7,Into the Rainbow Vein,Boards of Canada,,spotify,15wtj7oUNjMlov6hYWTX10
TRXDJGT12903CE6B82,Forever More,Moloko,,spotify,07fJtdIJggYEyAV7IJt04O
TRXQFZE128F423A04F,Destination Calabria,Alex Gaudino,,spotify,00l1uBtEO4WwmsfxqbeTWP
TRARYVR128F9314FC6,I've Got Your Number,Passion Pit,,spotify,3BCMOdo8pH1CdxycrlIA1G
TRCTYNZ128F426A9CB,The Fever,Bonobo,,spotify,2sV6e0dKolT5CBG38u2feB
TRFXHPM12903CF2F54,Lonesome Tears,Beck,,spotify,2LGa2AyXcQKJf9VMJqq3Qr
TRXEAII128F93091A7,Silver,Bonobo,,spotify,0GPDLs03g7VIvPZHzgX3Jk
TRJAMTL12903CA4516,Cuddle Fuddle,Passion Pit,,spotify,0XpSAja8EOhVWHVY2jQOZ5
TRVLGKP128E078FA09,Remain Nameless,Florence + the Machine,,spotify,00MGAk32pgqhyOW3rPhWNv
TRRJTOE128F9338425,Flat Beat,Mr. Oizo,,spotify,01HWIpdGSxXTpIhddgJY1A
TRKVZLO12903CD9DD4,Raver,Burial,,spotify,2ZYULqylMkPFgnGarEhvkz
TRYTSEG12903CB33FA,1009,Bonobo,,spotify,1CtxdVwYXjVThF8zkNxOMn
TRLWGYW128F4259ACB,Useless,Depeche Mode,,spotify,0KOEMd61rXCCVku6nwmHAx
TRGSCTA128E0793868,The Perfect Drug,Nine Inch Nails,,spotify,33VsSqZIYbREaEzNeghyQa
TRDDZWI128F1459B8F,Sour Cherry,The Kills,,spotify,25TENRibiwv2dgY9EFf2mp
TRFMXXI128F92D4068,Little Girl,Death from Above 1979,,spotify,0NOm7d8ov18tdU6ZKmZpfs
TRXDLMU128F422B23E,The Girls,Calvin Harris,,spotify,01ZUNRqw25D33LnUhsvdzn
TRXFHCL128F92E0989,"There, There",Radiohead,,spotify,0thdzbW0cRKCx12VbBRB6T
TROKJZW12903CE4DA8,Wow,Kylie Minogue,,spotify,03iHEpOK1f9Qt5OHxUFGqL
TRXNLAN128F92F65DB,If Things Were Perfect,Moby,,spotify,4dmLqJTy1Ddlbcmuz5JuK1
TRXEEJN12903CE890C,High Noon,Kruder & Dorfmeister,,spotify,14BmZAmRtMjKBdDAbi6GoE
TRFJIOA128E0781CB7,Body Movin',Beastie Boys,,spotify,0R2HseYticfHmJEYjFzHGn
TRYCQAN128F42AF595,Wasted,Tiësto,,spotify,0Eq0zTX9vfqe5paADst228
TRKHEGH128F14AE7C8,Saturate,The Chemical Brothers,,spotify,1hTKne6L9XYWSafwLV2s4j
TRWJNEC128E079654F,Part of the Process,Morcheeba,,spotify,06ydkFqPLNpZRFVuUxSJ3y
TRRGYMH12903CF7C21,Kaili,Caribou,,spotify,2UBrMZD60FC1WLeEaa7NF2
TRPBGJR128F92FA7FE,Welcome To Heartbreak,Kanye West,,spotify,0OwDs4CBGU0Tdsgnaw8Pml
TRZDQXN128F92FD2AC,Undo,Björk,,spotify,0jtzu7UDv4LYq9KuIT7Iht
TROIGQG128F92D71EF,The Moment I Said It,Imogen Heap,,spotify,3ewbyTHjlTIE1pRrM82Ck3
TRAIWFV12903CE6C32,Wolves,Selena Gomez,,spotify,0tBbt8CrmxbjRP0pueQkyU
TRIQXYW128F424DA67,My Weakness,Moby,,spotify,1l2qG89IE6YOfPX2pdtz62
TRXSJTM128F92E6CBF,Aurora,Björk,,spotify,0NyxPE6GkRoAlppY5aOHiD
TRFWGAS12903CECBD7,Homeless,Burial,,spotify,0ITOLgUwtWxUpgjJEcJCbx
TRXYKRV128F4285828,Heat Miser,Massive Attack,,spotify,1sMr77QrXyS9LRIhcCI2el
TROYOPF12903CAE4E7,Found Out,Caribou,,spotify,1g4E4MMzLkvJW9QPuJEQZd
TRFEZLR128F92C5A85,Love Dog,TV on the Radio,,spotify,5VXxp1qICIA18BEH5e54H3
TRNZMOB128E0797573,Dead to the World,Röyksopp,,spotify,02ndwYwFLDrPxNE3Ywy8Uj
TRCTSES128F932D7D0,Arrival,Daft Punk,,spotify,0dBGokFT6jIngKpT2s3efi
TRLNWCN128F1480F71,End Credits,Chase & Status,,spotify,07QPMiWZZAqer0NVlApaNf
TRQEPKX128F426F278,Kennedy,Ratatat,,spotify,3Xw3yp1iuYl3n8oKmWk7YG
TRBCZDC128F428F631,Province,TV on the Radio,,spotify,1eQgB3HQgdmaAqUqUR7WzV
TRCSNFW12903CEB578,Pick Up,Bonobo,,spotify,0B5UOKfhA7tgaggpZFYIaU
TROUVVZ128F425FD4D,I Want I Want,Digitalism,,spotify,0ZJndpkRv6sHqhtOwzF9Cn
TRFDYNH128EF343638,Rental Car,Beck,,spotify,08lEMy9lpe4JxCZmDnmuID
TRMONWS128F148916C,Universal Traveler,Air,,spotify,2q0WFOsFc7Gd9cujpPmZMC
TRNNRDC128F423A43F,Affection,Crystal Castles,,spotify,212aDNsPtQxMTDP2EtZnCd
TROKOTB128F425417A,4,Aphex Twin,,spotify,00wT7HAtqZ2BnemrR34vbO
TRPBXJJ128F9302402,Shh,Frou Frou,,spotify,0jXRQSoOA01VTmrVIDbhtm
TRRHIBU128F14A0C3B,Ecstasy,ATB,,spotify,0wYVNC09iLBVIqHB07Hckt
TRJQHOS128F4271775,Window Blues,Lykke Li,,spotify,0j7yTCN6r5ocBnY4p7V5HJ
TRXDIGD12903CD753A,This Orient,Foals,,spotify,0I6T1GM9iPiCMk5ArAxP8d
TRIOYHH128F92E2008,This World,Zero 7,,spotify,0QvF5Q3dg3TpRsU6Wqz9EV
TROOBVT128F92F570A,Myxomatosis,Radiohead,,spotify,38WL6GlG9NHFiQS6JxV84r
TRCRYLG128F9333FEA,One Pure Thought,Hot Chip,,spotify,0cmxPtF9iVPO6bwHTBW4E1
TRRLOUV128F42B630E,Bonfire,Knife Party,,spotify,0QIYINh2AwmOmdu8CRYvlw
TRLTPLP128F92EF82A,High Voltage,Linkin Park,,spotify,0kTUHRLaxqndRRbEVBO7NX
TRCRVRF128F932CC8E,1969,Boards of Canada,,spotify,3JZjPBwqL5F4PE55nm8iNV
TRMRSTA128F931B0A6,Insomniac Olympics,Blockhead,,spotify,0DWs8yKpJ30XohaBqxqsia
TRXLNSL128F42A7316,Romeo,Basement Jaxx,,spotify,0dKN8GmQTz41fAsMQv0YUo
TRGEPJG128F42A3DF5,1976,RJD2,,spotify,09aNhXGvfo8wAhUxcsDFlZ
TRXOLJX128E078CD1C,Black Gold,Foals,,spotify,0kymtQz7nktTSRO91iGktE
TRWUVDR128F92FF082,Open the Light,Boards of Canada,,spotify,3BMOJrCCJqZedUwUS0m6NE
TRUTAQI128F4220567,Succexy,Metric,,spotify,0nWowNyJwoNjaWHhoalQhB
TRUGAHO128F935F7AB,Memories,Waldeck,,spotify,03IroQVyJPkCNntdcRZlpi
TRUPYUP12903D0FA06,Salt Skin,Ellie Goulding,,spotify,0JfDRRBz2iFunxuIXJwqsJ
TRAVUJS128F427A50F,The Tempest,Pendulum,,spotify,2dXa6a3rrupR4nqG8kmFkO
TRJUQIB12903CBFD4E,The Cop,The Knife,,spotify,1kchMj4OLIKVYburreVTbY
TRZJRJZ128F149BC3D,Meeting Paris Hilton,Cansei de Ser Sexy,,spotify,3ylgv3iASmgoMPjf40vD2f
TRGCCEE128F4261FEB,Never Forget You,Zara Larsson,,spotify,1MfYtrahu4QZ8kSQRvsP2C
TRDKFRW128F9366846,Stranger in a Strange Land,30 Seconds to Mars,,spotify,566zgZLzBL7bNPop5Yjd18
TRYIASQ128E079650E,Undress Me Now,Morcheeba,,spotify,2cZu9PrRrZGEAfR9DpG2KQ
TRFPQEY128F931AE39,Minus,Beck,,spotify,0AwU008ttMJNWJINifUWM4
TRREYQA128F4279D4B,In The Night,The Weeknd,,spotify,17ghHlAfjnAIEpYGTlX4GL
TRLONXS128F42B8BF5,Psychobabble,Frou Frou,,spotify,0TBDZGNbeZnb8B335B8fRz
TRDYCGA128F148915F,Cemetary Party,Air,,spotify,2xdZTzxqIF4XBUmKncXqPR
TRLLQIK128F42AAE04,Headphones,Björk,,spotify,0IPX2mNUyjN3No6uWfi95E
TRXNQUT12903CA24DA,The Beginning of the End,Nine Inch Nails,,spotify,2BQ0iumx3T29jLoCaMF49w
TRKHKDG128F429BB09,XR2,M.I.A.,,spotify,0BmfqleebHWBFi7ApxXfhH
TRYOETE128F92F825E,Hands Of Time,Groove Armada,,spotify,0eFRusokOSibQkJS6hE9pl
TRVOCDF12903CD0C7E,Hours,Tycho,,spotify,0SxvNha90IlqJRgBp7VZlN
TRJSVSA128F1469580,Spying Glass,Massive Attack,,spotify,6yzqdl5qv6BGu6BlRNWIDa
TRZIMNJ128F934D692,Holographic Universe,Thievery Corporation,,spotify,0w587x8uJYrCnSqnxP5ILW
TRIWIGI12903CEA787,Better Than Love,Hurts,,spotify,0b49i5C7IEgW5PfsiS17R7
TRMNRHK12903CE5DBF,Woo Boost,Rusko,,spotify,0AbnjOe5u8SfV4NbFyDNth
TRMNKTF128F933F2AF,Trojan Horse,Bloc Party,,spotify,06poVjkonFIQsidwKlxbD2
TRMGYUV128F92F6C06,I Live With You,Grizzly Bear,,spotify,66HcbTLAaBgqHsin2IUWws
TRWMJVC128F934D0A5,Liberation Front,Thievery Corporation,,spotify,1hIjmAwIPJhzZvrWmQpxD5
TRAAJAC12903CEB847,New Life,Depeche Mode,,spotify,0c5Uw4APNPrGdEU3K9xMrQ
TRXFWIW128F92EC174,Innocence,Nero,,spotify,0XsdxatjBhzUsyjH73De65
TRFNWCH128EF341FFD,Flashback,Calvin Harris,,spotify,0Bg8HzDvGsj8VjX3sQEeNe
TRANDQY128F4271F79,I'll Be Alright,Passion Pit,,spotify,1R7Umy5f6uOjETKO7svznV
TRFMSLA128F92F99F3,Reflections Are Protection,La Roux,,spotify,083kK1j5SKfxIekFea58Qs
TRLMRXG12903CFBA37,Gypsy,Bonobo,,spotify,1c2IpAsiDRCUfuUIg331dZ
TRJSMRS128F92EC0B9,"1,000,000",Nine Inch Nails,,spotify,7wWa2By6UumtuTAv1RAVfF
TRSSPKI128F4250E87,One Hit,The Knife,,spotify,01Y9LnhIZRF1BbxAhIRIlR
TRKQOUU128EF340A30,The Magic Position,Patrick Wolf,,spotify,0wcn8tX2rackaARA5xFJ8e
TRISEJK12903CB60B9,Tron,Foals,,spotify,51soJxtsIrCpBth8L2KN3K
TRESZES128F92FE510,The Chills,Peter Bjorn and John,,spotify,0lOLZBRpdxcYJlWl8zdEKo
TRJWBQL128F4249D59,Hayling,FC/Kahuna,,spotify,0F34ZL858R1m6OE2pcBURT
TRDZNQS128F92FF06B,Pete Standing Alone,Boards of Canada,,spotify,5SGNNAQg2hEfOZItKVFklK
TRIVQTP128F93364C3,Feng Shui,Gnarls Barkley,,spotify,3jLQ0Kg7HhmjHmzGf0wMQx
TRCRMEV128F92FF089,One Very Important Thought,Boards of Canada,,spotify,0zW6xwG3WfPv2WFAj6NUC9
TRYSSIM128F42B3EF5,Places,Shlohmo,,spotify,1BR9wxpHM9oreJjWrPOgyG
TRASVEM128E0796553,Trigger Hippie,Morcheeba,,spotify,0oWC3y01avXjDBdiR1Utf0
TRXCSUW128E0786B93,Going Steady,Death from Above 1979,,spotify,0LFPNYHs9T1dualhqYVgiQ
TRFPPCC128F423EDB8,Easy Love,MSTRKRFT,,spotify,0JQzZpCnvK2nh1TU1PJpMQ
TRAXJTE128F42563E1,The Days,Avicii,,spotify,08nmBd9QzcaE0L9DoFzKRq
TRIMSPF128F14AD5CC,The Other Side,Pendulum,,spotify,3GCucY8KSMS80NEU0ey0by
TRDFCHQ128F930105F,Vordhosbn,Aphex Twin,,spotify,3fM4YDJxRdNydEDt1vXJzd
TRDLEWW12903CA894C,Nausea,Beck,,spotify,0zXxxYUIkCcccJ7ClYMwcw
TRYIYCH128E07863FF,Disco Infiltrator,LCD Soundsystem,,spotify,4f5azGeDVUVa285Csbak6I
TRABEID128EF34DBC2,Capital G,Nine Inch Nails,,spotify,0jPwrckgHk8gfzzAYtE8Ys
TRBMYJT128F92FEB40,Ready Lets Go,Boards of Canada,,spotify,27M2m1NzEmCkzb9kzTLqzT
TRZGOKZ12903CD9FAD,Sleepwalking,Bring Me the Horizon,,spotify,0EL6IHybknhDsSmo0DOtru
TRYKUYI128F92FEB46,Beware the Friendly Stranger,Boards of Canada,,spotify,3KflFtXKKX61Ljf3TQqXln
TRBJKLA128EF343637,Farewell Ride,Beck,,spotify,0j3D1YdpHd1ZXh2kS7LkzC
TRLOCNW128F146D6A6,Live With Me,Massive Attack,,spotify,2amK3MhTpm5vvbENk0K09V
TROVPQY128F92FF220,Fingerbib,Aphex Twin,,spotify,0kTFih0KgkqV6kHmI7cymS
TRUMTES128F92E7485,Blood Sugar,Pendulum,,spotify,09QMcfYCMuSZRCVDrXkvya
TROVKZW128F42624B5,Fading,Rihanna,,spotify,1ez2y1hsCPXhqvtuKAPDs4
TRSXSLI12903CF7C24,Leave House,Caribou,,spotify,0kOhu4JJthQYwQwBmVdp3T
TRFQMQB128F4239EAF,Good Love,Bat for Lashes,,spotify,78FnYGFgEhrgr7vxFdLKkl
TRKQQMW128F92D54DF,Delta Bay,Empire of the Sun,,spotify,02sSLpVnWwkPEAhlOdHl2J
TRXZMTD128E07920F1,Into the Void,Nine Inch Nails,,spotify,3w1x8BZ8zkDqt5pt3IWuEx
TRUIKDH128F92DDD92,Sleep Deprivation,Simian Mobile Disco,,spotify,1O1VXOVdHN7RvZyoeRh8lq
TRRMUTO128F92E7C91,Red Lights,Tiësto,,spotify,015IsLQFXbEm0f541N2qoX
TRUSCOI128F147DF6C,Tropicana,Ratatat,,spotify,5ovKMrenMOvhyEcMWmLnZj
TRDDBEX128F931C34F,The Plug,Bonobo,,spotify,2rvmrxmPBt09viVGNYqrCW
TRYRRIY12903CF56AD,Middle,DJ Snake,,spotify,0Ar98N3gZXeDaWUY1Utvri
TRVOTML128F146C6B5,Dark Messages,Air,,spotify,0hfqz3BtB0vfiLAqMgPDGG
TREQTXJ128F92FFE9C,Miss It So Much,Röyksopp,,spotify,1ohx1bPKV0BXN1mAs3MQCZ
TRBUWMB128F4291BED,Physical,Dua Lipa,,spotify,5px6upUHM3fhOP621Edp4V
TRCRPTM128F932EFFC,Swoon,The Chemical Brothers,,spotify,1xrr9bAS0zfjCXdLKpLJnA
TRAEFJC12903CB12B9,Loaded,Primal Scream,,spotify,0CBxYZz0mxzViWUvoMnRGi
TRFPELR128F9302C48,The Sound,The 1975,,spotify,0LUlTK75jcbsCsGodgykrq
TRLCLLO12903CB0581,Tether,CHVRCHES,,spotify,0dulfzxGagzDp7Wylipoeo
TRPIMEY12903CC907C,Dominos,The Big Pink,,spotify,0IHUvHnlyAFTbnc4W1FmPT
TRCRBES128F427DD46,Alcohol,Cansei de Ser Sexy,,spotify,0NnafcU1yCYz7aScg4K2ur
TRSRHBC128F425F1A8,Burnin' / Too Long,Daft Punk,,spotify,3Ons6C3wXBMi8nYpLBMlVe
TRKCMIK128F92FFE9E,Tricky Tricky,Röyksopp,,spotify,0QD2WO5MJWbhbYGi3wiDPw
TRCQJVJ128F14A3851,Together,The xx,,spotify,1v2cHAAtMVR2qxUIU5pMiq
TRNANOB128F93539B3,Familiar Ground,The Cinematic Orchestra,,spotify,0OYkAH7Vv9TBGfOTqWLyv7
TROLZNQ12903CF5569,A Horse Is Not A Home,Miike Snow,,spotify,04JbBeXfxe2Y9MYiZBzhuw
TRCXUHC12903C952EA,Unison,Björk,,spotify,0jaT8EA8nqIxsvpnJl0Cgb
TRXGZTT12903CFC964,All Night,Parov Stelar,,spotify,16Zj00fA90RjWeca2PPNB4
TRZVIIW12903CD51EA,Rusty Nails,Moderat,,spotify,0zvviezb2XxyDwaa1wCSqd
TRIPSQP12903CE450C,Lady Dada's Nightmare,MGMT,,spotify,0XwfkoJnGpRw7y3s0fWxaO
TRYRIIN128F9360245,Porno,Arcade Fire,,spotify,4ld9QYEpwDD3m8gGfUn19Z
TRCUWXB128F92D5C12,I Wanna,The All-American Rejects,,spotify,0j5lpLSAEOpz3EPbK1VyDT
TRORKYY128F424B2EB,Wanderlust,Björk,,spotify,09Ja2odDK9V6M8DCjoXLdL
TRNDKAY128F92FC855,The Louvre,Lorde,,spotify,5q4BpnMrYEFzLO0dYODj6J
TRJNRHN128F92DF828,Closing In,Imogen Heap,,spotify,3RCay9TBwO65wLhyKxpyFA
TREUMUD128E0780CF3,Haemoglobin,Placebo,,spotify,0zXgQcincchgsIpXQet54k
TRXHFZB128F4250F71,Take Me Over,Cut Copy,,spotify,145XWICcoEyXg4v5Urybrv
TRUFJOP12903CAE72A,La Mer,Nine Inch Nails,,spotify,5EjMYsQL7jkdgbRoGheDVg
TRATTGW128F427A82D,Red Socks Pugie,Foals,,spotify,05V8hCbVHIEvsAc8XjOA5T
TRVOCTA128F4250E8A,Still Light,The Knife,,spotify,08EIMnAxs1iWWIJvIG2INv
TRRFGEF128F92F7D2E,Countdown,Phoenix,,spotify,2zWLEyZpQOJb6d7o9QuRwp
TROXTXS128F9331D60,Twentytwofourteen,The Album Leaf,,spotify,1AIu4EHzrN7GdpeKgigZ3G
TRKLKQN128F425133E,A Moment of Clarity,Boards of Canada,,spotify,6OzOsP5Ftn3osfuCvSxnYr
TRRLLBA128F92EDBFE,Feels Just Like It Should,Jamiroquai,,spotify,03a8lCLaWctrPhIn4zQwTv
TRUEPEY128F4287390,The Walker,Fitz and the Tantrums,,spotify,0Nk7bSn0MItonkR0GNs3mj
TRIOIZW128E0788936,Transformer,Gnarls Barkley,,spotify,5HvQggylfHpvaX7B4dRE9I
TRXQQHB12903CE17D6,Wildfire,SBTRKT,,spotify,17gLsEfiJa9IK944UFgHMR
TRSZHKH128E078172B,Name Taken,Massive Attack,,spotify,0YBNkK5AGE3fvIjr7Ctj1I
TRXHLHK128F931BAE4,Cave In,Owl City,,spotify,0v44qqk7MYztoH1XBrqjVz
TRSUKRM128F9309697,Dawn Of The Dead,"Does It Offend You, Yeah?",,spotify,1HjyaasdwfiCr5By0Y79Xt
TRYRVNR128E07898B4,What Does Your Soul Look Like (Part 4),DJ Shadow,,spotify,0KPml78tXDY0D9UTB1Qfgr
TRJGGAM12903CF931F,Dream About Me,Moby,,spotify,03LcegEnG7zBFXMGKdLgmH
TRNZLHN128F92F3AF9,She Wants,Metronomy,,spotify,0rrYTqRuvyQYxroWdtNzSX
TRJDULK128F426EC18,Mothership,Enter Shikari,,spotify,1t6B7dPoRrxBIXLBNBwIqW
TRSPGXY128F92FFEA3,Silver Cruiser,Röyksopp,,spotify,1YwDsXUHdB1u47cns5IkIO
TREZZZR128F146C6B7,Dirty Trip,Air,,spotify,0YL5nWuPzA3YMa7csOjcmL
TRINCLS128F428CF23,Smile,Télépopmusik,,spotify,3XWy6sK16VlTSCUCekuJG2
TROXZKM128F92F222F,Out of Town,Zero 7,,spotify,0LKx6f9jd4IrjHW0y4XXXs
TRRBXXH128F92FEB60,Julie and Candy,Boards of Canada,,spotify,7bgtelfoppWqHtwkQudvod
TRZFZES12903CAB85F,Up in the Air,30 Seconds to Mars,,spotify,0jUyIAehDk6svz4Neqi5sp
TRYCSMK12903CCBDAE,See You,Depeche Mode,,spotify,3jDrmVLFYjTeHuNKBBoAG9
TREYLRJ128F149B948,Mer du Japon,Air,,spotify,0WpbxUqmy5zCcVAW1nm9H1
TRLQOTZ128F932FB4D,One Of These Mornings,Moby,,spotify,1mxiwKmq0bXzigEaxEzWVO
TRQWDNH128F93173BE,Twilight Galaxy,Metric,,spotify,0D3PEOYrlZAFZCg2oPmI9l
TRIULGQ128F92D3040,Feedback,Kanye West,,spotify,1JeXMBdxduaLpQnMxN6ezS
TRHPKOQ128F931D768,Left & Right in the Dark,Julian Casablancas,,spotify,1jgXeMFSkF0XwhkbR1Bu8W
TRILZEH12903C9A030,Ocean Drive,Duke Dumont,,spotify,040pOKM3Jrdr1FOn8TPeng
TRESHTB128F42407DB,Stylo,Gorillaz,,spotify,0ZTF2DLAeMxwiaxLhame8F
TRAPLXR12903CD6CB8,Doomsday,Nero,,spotify,0c1I9eGgCUOHU78gaEp7qF
TRZGPWA128F4218F71,Different,Pendulum,,spotify,0vsOxIBK36keLH8Bezie9A
TRBOLHE128F145FB79,Red Dress,TV on the Radio,,spotify,0k4zwyJ4AOoLtDeEy7Vvuo
TRFPPXM128F92CF3F9,Missing You,Black Eyed Peas,,spotify,25r5Lz0NTNealpRcWuHky2
TRONDRP128F936589C,On Board,Friendly Fires,,spotify,1VO3bxSqFvUdMVr3IFwAwT
TRDNCZR128F147DF6F,Swisha,Ratatat,,spotify,6tB7yLLaEdIQfAk3uY0CS3
TRGGBZZ128F92F99F4,Armour Love,La Roux,,spotify,3sDZsq0cc2VweWxK17bMBq
TRPJGTI128F4259AC7,Little 15,Depeche Mode,,spotify,13DXtbL8IILkVfOlIi8o79
TRXKAQI128F934D2A9,A Gentle Dissolve,Thievery Corporation,,spotify,0myF4phx9qM5fEVcXEnnxn
TRIMGLM128F933BD55,Chariots of Fire,Vangelis,,spotify,0djgcRV9SfQn9VpVQ2GcU1
TRDLEVN128F9344A05,Inflation,The Whitest Boy Alive,,spotify,0oj8r9IDE7IQE5Ra1tveng
TRCIIUA128F93652FB,Wish I Stayed,Ellie Goulding,,spotify,5lsd7n03AsvODMfXlu57w7
TRMBYNG128F931C350,Nothing Owed,Bonobo,,spotify,1B19FF6CPO3zAiNGdlu68Q
TRAHUGQ128F92FF08F,Happy Cycling,Boards of Canada,,spotify,6G4Iu30Hp9SHWQ1k2Fow7i
TRRRERV12903CB0C91,Sunset (Bird of Prey),Fatboy Slim,,spotify,0CDtCt0xmxCu4HRWGikZYL
TRILZMM128F930A36F,Fall in Love,Phantogram,,spotify,1mgGPJEfmrBcpHx9DVqgLv
TRCSHVD128F426C67A,Midnight Souls Still Remain,M83,,spotify,3ZKy9zQGwpn8rqaMigu8Cl
TRWAQOC12903CB84CA,Sexy Bitch,David Guetta,,spotify,01N6xy2PX9fKVfrA2YOkYd
TRRGQNP128F42BA023,The Anchor Song,Björk,,spotify,0qtQ8YbQkieICcAQGPzz4l
TRIMDXW128F425F295,Finale,Daft Punk,,spotify,1bMD7NRTKYRymnVHB71aTn
TRAILSD12903CB5890,Let Me See,Morcheeba,,spotify,2DrLH8oB2LFAc2xxF9tPRd
TRDDCOI128F425FE18,International Dateline,Ladytron,,spotify,028oRp0g8jBVc3yH64cfsl
TRAHXKG128F9308EB5,My Superman,Santigold,,spotify,0FiiyctCZIhdn0gUiPOznA
TRWDPDC128F92FEB48,Gyroscope,Boards of Canada,,spotify,3MtXPqKTTeDduI24TNveKF
TRBXSRW128F931BAE6,The Bird and The Worm,Owl City,,spotify,07x5sn7MpFRk1mi1nVkuTA
TRWBSJI128E0786BB3,You Look So Fine,Garbage,,spotify,0M96PmrmRt4HUBwm900Afm
TROPYLY128F9313A43,Bridges,BROODS,,spotify,02k4jCtcLo4iY8CRLK5Kdy
TRUPZBO12903CF85E8,Pumpkin,Tricky,,spotify,0hjgCRDKm8deLSqgwimJAq
TRFRTFL128F426CA51,Done With You,The Whitest Boy Alive,,spotify,0BpwTRIFUHPk3zsBwDffw5
TRHTFLX12903CA45FC,Kiss It Better,Rihanna,,spotify,0UHB9METy4VCXNgkcGqHqS
TREHFHK128E0786050,The Turn,M.I.A.,,spotify,06FYoZoOLjtL7xGdBxBhB6
TRQHCBJ12903CAB21C,Angel Echoes,Four Tet,,spotify,136XKKn3JZodoiD6KsDTVZ
TRDGAHD128EF34DBBF,The Good Soldier,Nine Inch Nails,,spotify,0jb62ZFiApH76DMehBgUXJ
TRUTBYS128F9306531,Dinosaurs,Bonobo,,spotify,0tSEQKuxji3u6SOEjGiFsw
TRRNYQI128F4259901,Lucky You,Deftones,,spotify,2B31T9pKLd8GY5t8aW7qdC
TRKMGYZ128F92D7FA7,Small Memory,Jon Hopkins,,spotify,0nNiyH4NViNdsL0JJz5yce
TRRFXKK128F4236FF0,Connected,Stereo MC's,,spotify,0abFOsT9OPfYvJN0sBzW7K
TRCPKWF12903D04AC1,Homecoming,The Teenagers,,spotify,25XJKixO54ndu4zAuEukKW
TRSOCHC128F92D5152,Omen Reprise,The Prodigy,,spotify,04NzY6lfr99gmtF9hGA5yv
TRMEWET128F934364E,With Love,Hilary Duff,,spotify,1EUcOtkzimTnp58OQ1KbpD
TRMVZPR12903CF7C23,Bowls,Caribou,,spotify,00jtRKELoO5wuUn8L2cs22
TRWNIHI128F92F9012,How Deep Is Your Love?,The Rapture,,spotify,0RFgPT41kmCHzfPxpwy3cx
TRETUMX128F9324AB0,A.M. 180,Grandaddy,,spotify,1nMTZpPK7y79YmNUJnCMS7
TRMOFZF128EF343501,Emergency Exit,Beck,,spotify,2GyakDwzxreaEoCTvtBPoA
TRQTHKP12903CB5038,The Illest Villains,Madvillain,,spotify,29fNHsUogi2p3V4tpCbfx3
TRVCZYY128F9343134,The World Is Mine,David Guetta,,spotify,0TBaFEx7WENZgqLXWErD0b
TRRFHVD128EF35CBBB,Walls,Beck,,spotify,1ou51OvhB9ln51HfquRZNw
TRFYHZV128F4277BC9,Good Song,Blur,,spotify,0elVRRtE6tKX1KH32ZOqJB
TRZIITT12903CD22D9,Nevergreen,Emancipator,,spotify,6DsGpDGIDRv8EFGgW10T1p
TRRKOLR128F4289848,Psyche,Massive Attack,,spotify,5HZrnSHCqaazNzr5w1enKG
TRUDRMS128F42440C3,Get Outta My Way,Kylie Minogue,,spotify,06zU13dZ7iiwlfBpdf35m8
TRONFCW128F9303F49,Sleep Tonight,Stars,,spotify,04K4nylRVa5gnVjx1oOPjB
TRFZCSG128F42893EB,Cannibal,Ke$ha,,spotify,05khC0uHj5kcapK9K2CclF
TRLPKGT128F9339CDA,Don't Leave,Faithless,,spotify,0A4offEECQyYItWP5qygW8
TRIHAHU128F92FEB01,Sherbet Head,Boards of Canada,,spotify,3t2n91JYKy4oDgjIRCKHjI
TRAIBMP128F4275895,Mea Culpa,Enigma,,spotify,0sZr7imTdpxdIqhyMY4RtF
TRAISLG128EF359AC9,Dandelion,Boards of Canada,,spotify,2e3md01ACPcn56X6mN5IFe
TRGIYDK128F423EEB0,Pull Up the People,M.I.A.,,spotify,06xocqoxofR96yWUDceRkf
TRFQOWG128E07823CD,Chemical Beats,The Chemical Brothers,,spotify,3vVlScRCPisn6VPs40VdL2
TRCVGQP128F4268656,Clowns,Goldfrapp,,spotify,067JmZMuMg2A91JIszz4Bg
TRBEFFG128E0793C24,Black Celebration,Depeche Mode,,spotify,1BIZeThDSJV0zeoYFkBEcA
TRLOQNW128F425B30F,Go,Moby,,spotify,0qSMlUaMXdfrC3dLxr8ShP
TRRSYUZ128E0790177,Fixed Income,DJ Shadow,,spotify,0ZI1Jha16lxnyfE4nl7X1h
TRTAXBK128F92FEB1C,Hey Saturday Sun,Boards of Canada,,spotify,5D7jl5qqynjNZZEiy4KQ2b
TRCPMPN128F429D923,Gold Dust,DJ Fresh,,spotify,14PUkxfRGT1mbt9jiP2ocj
TRXCFIE128EF34E3F0,The Light,The Album Leaf,,spotify,0B8f3Sgot8tU5oB0suV2PV
TRNHOBF12903CB3E12,Born Too Slow,The Crystal Method,,spotify,59Q1PaOL7SWpJqkKVhewP6
TRVKFPL128F93038EE,Dead Bodies,Air,,spotify,0kfHac4vUSYU2au0oppTup
TRATBJM128F428652C,Black Water,Edward Sharpe & The Magnetic Zeros,,spotify,42Z3kDBU7YDDYRXJczEMXo
TRFZRON128F42486CD,The Model,Kraftwerk,,spotify,0M1tNOj8V5yc6Uyffr7GOx
TRRVSBS128F425A7B0,One Step Too Far,Faithless,,spotify,1AONqnwd7q1v1UvM51OpgE
TRXJIJC128F4283DFE,Forbidden Love,Madonna,,spotify,23S4o9jsxqpyDm90ZHOtyS
TRDOZVQ128F930FDA5,Swing Tree,Discovery,,spotify,0kPWjVyvas9lc4oXakOiBj
TREMDON128F427C701,Crimewave (Crystal Castles vs HEALTH),Crystal Castles,,spotify,4hD0vNw3wPYXak7yei23IU
TRERPOK128F4284833,& Down,Boys Noize,,spotify,0eTCqr01cDDizV4Mr7PqK2
TRXKIKR12903CE76B9,High Times,Jamiroquai,,spotify,0w5KqBbM5ZNRdiQcjaFHkJ
TRPUIDY128F92F0234,Melody Day,Caribou,,spotify,319pXYM3VCVS4WCO4W5P4i
TRORYBC128F92FEB52,Sunshine Recorder,Boards of Canada,,spotify,0KrPPiJdAWrFIdn4pq3BZ2
TRRJSBB128F92DE2D2,Come Into My World,Kylie Minogue,,spotify,06PmqaAGfIvDUccIYKnF3f
TRVVKVW128F9316B4B,It's What I Want,Röyksopp,,spotify,0MlLcPHyn2EGgQZTfsB6Cr
TRXEAPZ128F424C42F,Visions,Pendulum,,spotify,17tEB3FLeDz2iMKl72QLOs
TRRUBWE128F933DABE,Wishbone,Architecture in Helsinki,,spotify,04GGmihfep5aochYEjvOuv
TRFQBRH128F92F291A,Arcadia,Apparat,,spotify,0FhQj93rELJpRGq5DxHR7b
TRRTEMV12903CDCEA4,Stephen,Ke$ha,,spotify,0WnzuBXuT7H82RXyti2Chr
TRLKXLS128F934A891,Hold My Hand,UNKLE,,spotify,07d3vIa8xvo4SKorRuLTl2
TRDKSMK128F9307B69,Around The Bend,The Asteroids Galaxy Tour,,spotify,0aVIJx4GlRCrpmws0EfK4h
TRXICZI128F1461F1B,Guilt,Nero,,spotify,0VSdYNTKyZZZRYSHDVb4YQ
TRFZQKS12903CD6F47,Fourth of July,Sufjan Stevens,,spotify,1Ep4PuTZGsuMBzwHT1L7Q9
TRQRMNO128F4235E4D,Grow Up and Blow Away,Metric,,spotify,1ra7AO4p3jzUwhagdFRdbi
TRPOSPL128F933FA0C,Coastal Brake,Tycho,,spotify,0dE9ro91KUtV5Xi7bDPy6b
TRLEZWP128F147281C,Fly Me Away,Goldfrapp,,spotify,0SsJjWZPFL7LI1C6ZsGFFF
TRXKXLV128F92EBB12,From Creation,Thievery Corporation,,spotify,15lCWshkauuYL3EQ28JUu1
TRSAWPV128F423F795,Focker,Late of the Pier,,spotify,08SUyEau3LJX2wsZ9iBhsN
TRZBKZY128F42957F2,Kerosene,Crystal Castles,,spotify,0KekCga6HBuKOp3dG54fmd
TREGARD128F92ED243,Bird Flu,M.I.A.,,spotify,02YKcr5wujiQGCSN1accU0
TRKUIUO128F42661DB,Illuminated,Hurts,,spotify,1K1q9ikcQZYeMrQfuPL8VF
TRXBYCG128F146303C,Radio,The Avalanches,,spotify,027CQkZSId1SGW3h7xeOTC
TRDHMJY128F92CD909,24,Jem,,spotify,1eAfPGxb2JnMu4Cg8USzHt
TRHENXR128F92FF01C,Triangles & Rhombuses,Boards of Canada,,spotify,1PWBiyJfQRjLfum9rVtKQa
TRDXSGX128F425F173,One More Time / Aerodynamic,Daft Punk,,spotify,18xicbHkVJEhZNmgt2P8fw
TRSONCB12903D0C397,Clock Catcher,Flying Lotus,,spotify,3C1z7AyGWhSNITaiz5tgws
TRDBOIZ128EF3541E6,Again & Again,The Bird and the Bee,,spotify,10XUn3L66Lxmic9wav4DiP
TRCSNKA128F4298F10,Hong Kong,Gorillaz,,spotify,2AKX3IMx4ctUiLw5O60lAX
TREQPLS128EF35F5F7,Meteor Shower,Owl City,,spotify,2e4XYWpwydaH6WVFWQqrQ4
TRIQVCI128F1487C89,Flesh and Bone,The Killers,,spotify,0HfposhDwt7IwwvNQGKm1e
TRXOYMQ128F92E9619,True Love,Coldplay,,spotify,0fQuzbQNLcD1ofo7B2NcFI
TRDTUEI12903CFC446,Dawn Chorus,Boards of Canada,,spotify,5GNmQDxKJFYBR43GbWTP3f
TRNJQOC128F931C2D5,Wayward Bob,Bonobo,,spotify,1OhleJ9Ex4l37YtOXpuW4e
TRGTCNF12903CEFC2F,Identikit,Radiohead,,spotify,3LhtqibvTtjOUrzKs7Vsz1
TRQGIOA128F425FD6D,Anything New,Digitalism,,spotify,04TjKBqFtslvfy7MBjkbrZ
TRDPDDI128F42559AF,Bendable Poseable,Hot Chip,,spotify,0JKjb5Gq9PFeRUlWmlFj8G
TRCZBQO128F42790B5,Blue Dress,Depeche Mode,,spotify,1rRcicY1EPQK3eW8Qsa6rT
TRAZKMQ128F92EAE0E,Night Sky,CHVRCHES,,spotify,0HNOPuDY8qXJJdmwxuRWfm
TROZKRP128F427C820,Wrath of God,Crystal Castles,,spotify,1gjF5BzRNNpY6OaRXF9L18
TRBSRAB128F42AB439,Pow Pow,LCD Soundsystem,,spotify,1MgLFBctGI6LPOtV5wCJsl
TROJVEI128F93058B5,Unreal,UNKLE,,spotify,0vkxviQkVKdgxEdmDncedH
TROHTQQ128F4246109,Passing By,Zero 7,,spotify,5KUv9mec63I0dtoyblPaDd
TRRBTTX128F4266AAC,Tous les mêmes,Stromae,,spotify,024jILXbkOQOvbFJsAoAiJ
TRLLPCM128F93362F9,Electricity,The Avalanches,,spotify,0afC0Jm151jdcADNQo5bc3
TRPHIIE128F932E037,Plastic Jungle,Miike Snow,,spotify,0lyzUcWMptGm3Vgi4MfEks
TRVOVEQ128F92D71C6,Zephyrus,Bloc Party,,spotify,06ir3hCWLblT52w1nfp52m
TRWACTS128F932C2C2,Winter Wonder Land,Animal Collective,,spotify,0hjl67pSbWJ8D9Ld8KuAGR
TRQHREN128F4292A6D,We Come 1,Faithless,,spotify,06vn1I4KHgahw22qdpS6FB
TRAQAAY128F93272C6,Tell Me Why,Supermode,,spotify,081ZWzto4icUlqUXS03qNr
TRGGDJH128F931B0C5,I Want You to Know,Zedd,,spotify,008JwwDNkqSL0CMKLDlmZ1
TRCPMCS12903CB8088,Don't Look Back,Télépopmusik,,spotify,03UKKeKYLquGTCkXPN8FFX
TRHWYWL128E0784211,Asleep From Day,The Chemical Brothers,,spotify,4BITFC4lrPVAUfwxYuak7v
TRXCKDZ128F930B6BC,Stay,Kygo,,spotify,0GcSvyotnHWkK9ldG16tKq
TRHCGNH12903CF7C27,Jamelia,Caribou,,spotify,15SzLdJjM5JedJoVg0iPZj
TRFPASB12903CF5567,Sans Soleil,Miike Snow,,spotify,00Yo4WQeHKMv60w0HHfLWA
TRUQKFB12903CDEEC2,Pendulum,FKA twigs,,spotify,06d5qOLownLafrcQ8CvZU2
TRHQNPP12903D09D0D,Hermit the Frog,Marina & the Diamonds,,spotify,1aIPypSO40eYQZu0CSx7j6
TRFZJLT128F92CEE5F,Swingin Party,Lorde,,spotify,2aNLWRTcFXLspSLLuWOQwW
TRRGMPU128F42B8BF6,Only Got One,Frou Frou,,spotify,07mE1yc6WSw3iK4dEKVf34
TROHMON128F426A5CB,Desire,Years & Years,,spotify,08jyIMfp7Q5wRiewajjEdE
TRYYEDT128F92FEB25,Constants Are Changing,Boards of Canada,,spotify,6InkUffjcAOYPiX4BEAjrU
TRLVHHG128F42A1249,Chasing the Sun,The Wanted,,spotify,02CZazppxZGIq0sDAEwtyk
TRCWTPZ128F9324360,1998,Chet Faker,,spotify,06ZoiuANsOwSMi0o07r7XD
TRVJWQC128F92FD55F,The Cosmic Game,Thievery Corporation,,spotify,3tg1p03BlubeFZbCLzmNwF
TROJOFW128F4235E4F,Tonto,Battles,,spotify,1wlvLwSy8jXzCUsWFJf8wc
TROAEWS128F424989F,I Love New York,Madonna,,spotify,0VfDDDz7T5VmlrRG3i6GzQ
TRROPPC12903D033CC,Storm Coming,Gnarls Barkley,,spotify,0afDVuVu6iMIhU2zQ5lfPF
TRFIOTM128F92FEB5F,In the Annexe,Boards of Canada,,spotify,5LrPKZmACz0BVdWGU0ycxx
TROOWOF128F423EEE7,Warm Sound,Zero 7,,spotify,0ElL0w8iuhwmscStzcPxt2
TRCIWNZ128F9331D67,Eastern Glow,The Album Leaf,,spotify,28q7uCVPJeJ9AaouN4NqXn
TRDVYNE128F1487D3B,Get Myself Into It,The Rapture,,spotify,0ZbNQQtAbdQoTWxt4avi2w
TRDKNLP128F428B8D1,Unstoppable,Santigold,,spotify,1R8etuv3qj7U25OscBUYY6
TRYWFVE128F931C2D3,D Song,Bonobo,,spotify,0ardBkbxhoWcxd6VtQx7w6
TRGAMGL12903CE04AA,Not Your Fault,Awolnation,,spotify,05UunGJfu560XQu7fkuFY4
TRDJQSW12903CB33EE,Eyesdown,Bonobo,,spotify,0oH7TF2nZUzWQcQZKErv1W
TRKJHGG128F4227727,Wet Blanket,Metric,,spotify,0sz9lsLH3P2Y3LQgn2pryK
TRCUCTO12903CE394A,Clean,Depeche Mode,,spotify,1nSk5TaqvOEiUPVAx7c7Y3
TRHUFIO12903CBE065,Sunday Sun,Beck,,spotify,4XRVxfUU13wemXeRcXNkoj
TRAKGOH128F1462841,Out Here,Pendulum,,spotify,07ekvzDWXVlEAltPY1jwFJ
TRXXHMP128F146AAF0,Black Mambo,Glass Animals,,spotify,1l6CmfblfuBfwvgOp7Jnra
TRIYUWM128F933DD7E,Fatty Boom Boom,Die Antwoord,,spotify,0iO3xcgZ8GbSx8DIxkvzrb
TRLXJCK128E0786B98,Cold War,Janelle Monáe,,spotify,0kKbY5TbMxd4YtkuIxOWhF
TRBTCYJ128F92F9586,Teen Angst,M83,,spotify,0fJUNxPyqaA0j7gRx0nVwr
TRYSBGA128F92DE2F1,Ion Square,Bloc Party,,spotify,0Hp1fL4eVDrxhYzaQ3V6ic
TRWXFCU128EF351B77,That Home,The Cinematic Orchestra,,spotify,24h6sziVm6YIInEnYMNK5W
TREXCHD128F932C2C8,Derek,Animal Collective,,spotify,1BhDQ2WOhJBuolq8pzbuSv
TRGIHEZ12903CDB1D6,After Glow,Foals,,spotify,2fh1QLssUG9npEvV8DRsSV
TRVBOOH128E0783E29,Bubble Pop Electric,Gwen Stefani,,spotify,2bx879t8gUpxkQ0avl8xTf
TRGHARP128F429FFCB,Corinne,Metronomy,,spotify,06mOwU019LMoTwhk7noZKY
TRUCHMO128F9300A93,Flip Ya Lid,Nightmares on Wax,,spotify,1QNe9fPQPXpfMzXoKeIiwd
TRWYTPN128F92FEB17,Ataronchronon,Boards of Canada,,spotify,3NFvPiE8u70nJymhP17Orx
TRCKMYJ128F4249BFF,Drugs,Ratatat,,spotify,3sF9v2qDFDGTyYismssCFI
TRJUPMS128F42784C1,I Will Never Let You Down,Rita Ora,,spotify,03I2aFFQBrAWXXhmEdqNdX
TRJKOWS128F14A49C0,Mayfair Song,Air,,spotify,1NpV6GSt80I5dADbwvfUGv
TROHXPI128F429C99C,Get Up,Washed Out,,spotify,0rGBG3dI7kPis86xXeDXeg
TRJCGDH128F14557BF,End Theme,Zero 7,,spotify,0btCGRGMATW29wYemj83gE
TRGNQIQ128F1487D1B,Little By Little,Groove Armada,,spotify,0fLoIhMkK7mjp7O3vfG5tl
TRJUDMR128F92F9569,Anne,Santigold,,spotify,0QsL1INBxe6wbWE38y7Dcw
TRUDUUC128F4221334,Slow Down,Morcheeba,,spotify,05gShWOzatXlmTLzh1qGYo
TRMTEMI128E078DF6C,The Mark Has Been Made,Nine Inch Nails,,spotify,0IamX5BQHWqusaHsrXT40J
TRHNWGC12903CFD7B0,Lights in the Sky,Nine Inch Nails,,spotify,0O44lAoHhGnFvr3vAvUZ4x
TRILOIU128F933F91B,I Remember,Yeasayer,,spotify,0NClqsrf974ooRQVlhyLQH
TRLPKTK128F9326235,Seventeen Forever,Metro Station,,spotify,01rBbiS2LURSWqzpTptpne
TRYWQEU128F4266097,Video Girl,FKA twigs,,spotify,0grpzkW76AhZec1b7cuBmG
TRNSGYR128F42AB9B1,Need You Now,Cut Copy,,spotify,1abUzN0mxXuoiGsMvj1FxS
TRFCZBI128F92DC1BA,Above You,The Whitest Boy Alive,,spotify,0GBg2woXCniY0AV266aKjq
TRILLPL12903CEA414,The Last Time,Gnarls Barkley,,spotify,4N1rE0bLidBtz0QWUCQ0P8
TRICALF128F9310064,Swordfish Hotkiss Night,Empire of the Sun,,spotify,1RYlehGrufPBTcnauQMHvP
TRUPNGA128F4258AE9,Mirando,Ratatat,,spotify,0tiN8byYGw5tv6yBTNKIcb
TRWTOIT128F92F88A8,You Used to Hold Me,Calvin Harris,,spotify,02e7ZUeiZlleRpiCBmIRyH
TRDEQES128F149B946,Left Bank,Air,,spotify,2kn9rxau9w9RQj9fTRDZhr
TRBAHFN128E0794EEE,Touch Too Much,Hot Chip,,spotify,1gEskxQhVKU1shBrTRLgV5
TRBGCWK12903CB52E7,Epoca,Gotan Project,,spotify,0dgFEx9mvVjDDXVjy4DrYU
TRAENLH128F427C2E6,All That You Give,The Cinematic Orchestra,,spotify,02V23Ia6OmXBImQPb1NN9V
TRUDPCZ128F9323C22,This Is Love,will.i.am,,spotify,00ccS19C0AAdDuUzqQYqv3
TRCWGRF128F930DDE3,Hannibal,Caribou,,spotify,0JPnd2seAOfDycqZ0cLAML
TRMXKOV128F42B8BFA,Flicks,Frou Frou,,spotify,0ww932T7snALPRTUXPQFjm
TRYAKQQ12903D0F9EF,Now or Never,Halsey,,spotify,3Px934J0dBoCmpUhUuCQkD
TRRWLHT128F421686C,The Gallery,Muse,,spotify,0a7rcYmDPCcokAZx3C59U1
TRGJWUD128E078DF64,Even Deeper,Nine Inch Nails,,spotify,0PzeNRVeNKBKW5KEJwboiy
TRFSAFM128F932C2D0,Diferente,Gotan Project,,spotify,0lRGyDiCwcrQezlHSU27aZ
TRUGNVX128F9311464,Oceania,Björk,,spotify,0SqSQb4w2f9InN2N1t2k4R
TRYAOHS12903CD63B7,Five Seconds,Twin Shadow,,spotify,2MRJJfu5FN6nuVuLwwdVpw
TRUMQID128F1467D6A,Explosions,Ellie Goulding,,spotify,03jaL9epJaHFFnoRA9RmWK
TRPQJIU128F148C3E9,Cellphone's Dead,Beck,,spotify,2LSNFbgjjKAH3dNr90nU10
TRPRGGE128F42B7BBE,Swollen Summer,The Bravery,,spotify,0IEXe0Unu47l5ElQHvV3pA
TRFBAOJ128F4257B32,Come On Closer,Jem,,spotify,1bIoSje5CMMcCXHUh8BF21
TRZBUJA128F92ECE71,The Radiance,Linkin Park,,spotify,12wyPGBsfNQMEmFw2ezut7
TRUESBN12903CDC9BA,The World,Empire of the Sun,,spotify,0BHd3uiQB4OQQQxjkyczTx
TRFLPWO128F4220560,Hustle Rose,Metric,,spotify,1KyXHyxx6NjXXSEvgsyeom
TRDCHWW128F92EBF4D,Girl Gone Wild,Madonna,,spotify,0gpiWhvFrzyJVfsB7KsVzP
TRBSRXI128F9312A14,Schottkey 7th Path,Aphex Twin,,spotify,2mN6f9puhXv5fwjCt08pAJ
TRKCWPR128F14A013D,Flutes,Hot Chip,,spotify,08pN2Clu80Oz8l9YARW9Ff
TRDKIET128E07817EF,Sit Down. Stand Up,Radiohead,,spotify,2hsxOmv4roirpCSQyvv28O
TRHXWAX128F92D2236,Counterpoint,Delphic,,spotify,0S0G1ShtCouHyf9UWbfdTo
TRGEQUX128E0785E24,On Repeat,LCD Soundsystem,,spotify,5mrGuYZt4eRKHpvPbl2CeI
TRPLAMH128E0784ACE,Pilots,Goldfrapp,,spotify,5F6CbtY4vr3LVKpSBt0MI1
TRDOPJI12903CEC4A4,Cobrastyle,Robyn,,spotify,0STDTrqaIzTmcElohAmMEF
TRNCUEJ128F42A06AE,Bloodstain,UNKLE,,spotify,36SEfVJwkfzd4cy5JYPQOn
TRLFEPH128EF34B3C5,Hudson,Vampire Weekend,,spotify,5eAjH216cLRo2rotXPTl3S
TRCYDOR128F9308058,#1,Animal Collective,,spotify,0jDRl66t5hTRRcTCJdn9fy
TRSUZZR128E0786B9B,Sexy Results,Death from Above 1979,,spotify,01xRIF3Soq30ZllFY1obbl
TRXNAYK128F423F3F6,The Terminal,Pendulum,,spotify,0tNXpm7QwUTMm7lIRPWrEs
TRFZFVG128F14941FE,On Your Marks,Bonobo,,spotify,0DHn9DNoWkCcDNnlp6P8MQ
TRBTCII128F92FEB27,Slow This Bird Down,Boards of Canada,,spotify,3htO9aATRyGh3SC72v91hW
TRDGJXQ128F1461CFB,The Vulture,Pendulum,,spotify,3cNsLpqu5TGoGKwM6cyZXB
TRRNBKN128F425DD78,"Baby, It's Fact",Hellogoodbye,,spotify,0EvzMlT1sOSLej5vXe6oPz
TRHXEUY128E079755B,Sombre Detune,Röyksopp,,spotify,25yri2t7BFyHwjqHl25Qn5
TRINUNP12903CD84D9,Did It Again,Shakira,,spotify,0eMNEdcC5OImvrfn79J9dU
TRCRXXP128E079898E,Window,The Album Leaf,,spotify,5GtZflelBl8UOI1NvEU8xO
TRXZBVL12903CDE7F0,My Love,Route 94,,spotify,04lJ5DquBLqi1UZkTrtCpD
TRJSRME128E0784278,Filthy/Gorgeous,Scissor Sisters,,spotify,0O7D8oKK5CRSwmNo4pIkoD
TRYXAQC128F92C5A77,Shadows of Ourselves,Thievery Corporation,,spotify,0XH0iKu3PbgrZHNTfXvZNP
TRAGMDC128F429EFC7,These Things,She Wants Revenge,,spotify,0g8KKPAExH6PFUNlTu0XWd
TRXDHHL128F93420AE,Earthquake,Deerhunter,,spotify,46aacX7ss3zF8QfOmbEUCH
TRSIXBR128F428B097,Your Body,Christina Aguilera,,spotify,00cgzvpgW4FR5CLDj5viYE
TRUQLWH12903CF7C26,Lalibela,Caribou,,spotify,2tKN4BENKbt8Ape7vZ298P
TRENMPQ128F42B8BFB,The Dumbing Down Of Love,Frou Frou,,spotify,42dbPf0M81U47xbawYssYR
TRKLLTX128F425FD66,Departure From Cairo,Digitalism,,spotify,1zMymGeRTvzmT87y7aB0vR
TROSVZB128F145E299,Gave Up,Nine Inch Nails,,spotify,0DF9U3LDeYO6yhVEZnLmlL
TRSDBYQ128F427BE87,Fugue,Foals,,spotify,0EVcALHKpAP8Bj8rWuGrQJ
TRPVFYU128E07984B4,Crystalline Green,Goldfrapp,,spotify,1Pz0pTjKwlM52IdWZU4s2K
TRCQVCF12903CE6CF3,Daydream,Tycho,,spotify,1jsbHuDtQm20K2VbfNqxx7
TRYTUTM128F93274D8,Little One,Beck,,spotify,4uLPtzekMTywsGCJcZ7Y11
TRZNSVZ128F9316F6B,As Serious as Your Life,Four Tet,,spotify,0D0swGfowxyzKIVfsOdrl6
TRUERYY12903D06DE6,Passion,Nightmares on Wax,,spotify,2UVb6aSNVNjSLVfvMpipKO
TRLNFKN128F931BAF2,The Tip Of The Iceberg,Owl City,,spotify,1qdC7FbHeRmfqV4cKj3TeY
TRNFKXJ128E0788C61,Never Win,Fischerspooner,,spotify,2aAV8orZctvbDvVJnMDlBR
TRLQQEY128F92FEB31,Tears From the Compound Eye,Boards of Canada,,spotify,0nRe4ZWzbiFjJIJFEk1u3F
TROPFRH128F14610CA,Silver Lining,Hurts,,spotify,0TtQJ7KHuLN0GIWVor8rz3
TRIMHGQ128F427EEE9,Go West,Pet Shop Boys,,spotify,0C8gIXcDkbw74SYIpfOlqG
TRQCXKR12903CA3D7A,Condemnation,Depeche Mode,,spotify,2cpcaLAhLXmUVGDMAuJ50F
TRVCENP128F92FEB84,Over the Horizon Radar,Boards of Canada,,spotify,2A3Mkcpf7t5lz402c2JklE
TRAPCNK128F427D7B5,You Appearing,M83,,spotify,0i1YzVOlsgHMhiGgOqDcgn
TRXOCFL12903CE0E3C,Crystalline,Björk,,spotify,0okQwM6bORZgjaeZd03yDQ
TRXIWXH128F93172D7,My Angel Rocks Back and Forth,Four Tet,,spotify,15aj9Vn6VG9wCzUwk6ESnV
TROOLBQ128F92C6AE4,Radio Ladio,Metronomy,,spotify,1K4Mmg8jpS1Uw61jpbZtck
TRVOQQB128F92CD5FD,Sunshowers,M.I.A.,,spotify,1L3HUoTWrckqGxczwuzNck
TRQUGIG128F931D775,4 Chords of the Apocalypse,Julian Casablancas,,spotify,3v6wxOTGPj9FUSsulj6UPi
TRMIKSJ128F92FEB6E,The Beach at Redpoint,Boards of Canada,,spotify,7IFLsGyxJUX4cCWauaWG6U
TRYEVHN12903CC7655,The Strangers,St. Vincent,,spotify,0AHScqcwHUocaEFeFQyESE
TRLLTXS128F932E039,In Search Of,Miike Snow,,spotify,0eGGvM5NWbNRkO04TFmzHA
TRDBZLJ128EF3437B2,Pieces Of The People We Love,The Rapture,,spotify,1EWp89ug8xgk8VaIy9wwWL
TROKPEY128F4293061,Salva Mea,Faithless,,spotify,0on7vTKiFIBXLxZHujj6gO
TREIBZI12903CDB1FB,2 Trees,Foals,,spotify,0DgXdkUCzPSDBVMhMFSaoK
TRKHPOU128F9312A18,Ptolemy,Aphex Twin,,spotify,1ERt24yBYNEUuFBQJoPXe8
TRCBMTE128EF3524F4,Sad Eyes,Crystal Castles,,spotify,2oROTBCiiUd9hM8KGrCzcg
TRQIBCQ128F931C2D9,Light Pattern,Bonobo,,spotify,2uMgJzJjDPl6DAMlbOOlIX
TRDGPXF128F42927DB,Blind Faith,Chase & Status,,spotify,04OxTCLGgDKfO0MMA2lcxv
TRULXKH128F93579C5,Another World,The Chemical Brothers,,spotify,5Te7AHL5oAW2S8GDsdv1vA
TRLQBRC128F147DF71,Tacobel Canon,Ratatat,,spotify,6Bn8QuwLkcAOaJ6R25NfaF
TRBTGAN128F931C2D7,Something for Windy,Bonobo,,spotify,48ppHBSOoD5Iz1gV3pjfOC
TRXHXCP128F9328B0C,Mutiny,Pendulum,,spotify,602avAJ0uHc0mSXlRhv0L5
TRVZRTU128F92D54E3,Tiger By My Side,Empire of the Sun,,spotify,0nmXVwEqRRgLk18zcphyrx
TRRORAN128F9316F14,She Moves She,Four Tet,,spotify,1msiAGa2BEpqMXoMNxYUy3
TRVWVOJ128F92FEB6D,Energy Warning,Boards of Canada,,spotify,1nUTyLh3Ct8IOM3YB4QBia
TRVJGVH12903CE6CFA,Suffocated Love,Tricky,,spotify,1gKFFth81XltMYOrqFQPTg
TRILNTT128F4294734,Lady,Chromatics,,spotify,1kQfyDkrJ1os7gwX65V3Xt
TRCSNGK12903D0AD05,Bees,Caribou,,spotify,1BVABM7yhL19vFk1jyHYUT
TRUDZJM128F9324C50,Hotter Than Hell,Dua Lipa,,spotify,1L4aB5weS4wxw8jTEnuLFo
TRICORP128F149BC41,"This Month, Day 10",Cansei de Ser Sexy,,spotify,4ndkOx6iR5QpWoIbXolvI3
TRDITYO128F427BBE4,Battle Royale,"Does It Offend You, Yeah?",,spotify,0hSeKdk4oSchW4so3RR6r4
TRVCEGO128F42BCE94,All Of Your Love,Hellogoodbye,,spotify,0oGr0uxqO2DXzqfF2iYHZ0
TRXFVMR12903CB9843,Resolution,Thievery Corporation,,spotify,480Q9IW07kC4pqts67vqoi
TRGXHKR12903D0C399,Pickled!,Flying Lotus,,spotify,49L575qiC0McAdIfEMglbr
TRIVZDC128F4291680,Don't Give Up,The Whitest Boy Alive,,spotify,0ttYx6iRkDO8Qxn3UUOmSL
TRPXEVO128F934ADFE,Umbrella Beach,Owl City,,spotify,1AlQ70GMT0IzQHI8n9u7Dd
TRBIDRK128F932C2E8,Santa María (Del Buen Ayre),Gotan Project,,spotify,0JZ2qmAnaULPBSNUXAYemF
TRMKSLC128F92FEB67,The Smallest Weird Number,Boards of Canada,,spotify,193DxvYZR8xMzt0AujMrDU
TROHNSA12903D0BB6A,Let Me Know,Róisín Murphy,,spotify,1qDg04o4Wzscz2ZC1ytSas
TRDFXSL128F4287658,Saturdays,Cut Copy,,spotify,05jBBV0k9XkWOTFbeqyuLr
TRXSQDB128F145478F,Tristesse Globale,Röyksopp,,spotify,1YxMJr5Nuhxs0JQ622HC2g
TRHNPBB128F934D168,The Outernationalist,Thievery Corporation,,spotify,2SIJRbU0nyphaMIAiE1rVs
TRSHDOY128F9331B5B,Them Changes,Thundercat,,spotify,6FJWnNRyxSJxxFqWdcYjwp
TRCZENZ128F93148CE,Growing Pains,La Roux,,spotify,0zjVz4Wcsb2MYVl6ijyTc8
TRUNEGP128F9310AAB,Moonlight,Digitalism,,spotify,2Opi33IkkWLnVKptvl4bUZ
TRAOPAF128F146C883,Sweet Harmony,The Beloved,,spotify,09k00zXSLXDrDFYI4olVtm
TROIRNJ12903CEE65F,The Pulse,Digitalism,,spotify,0Goz4649UwLkEJ0pia2Z4w
TRINAIV128F425EC5B,About You,XXYYXX,,spotify,0kQLD7HJ2lNEJEV0xcewP9
TRWQGOX128F42935BF,Tick Of The Clock,Chromatics,,spotify,0DIs7uFeuqPmOveRVRySKg
TRXCGVG128F424C7AB,Camel,Flying Lotus,,spotify,2U9hZdk1ZxxT5z0oMXVopm
TRLJJXY128F4222084,Mary,Scissor Sisters,,spotify,1STa806kMnfxE2FcsD9uoe
TRXXNAB12903CF5449,Tarantula,Pendulum,,spotify,0TorFy8S3tyk36GGEsnkpO
TRILYIW128F92F8204,Show Me Love,Robin S,,spotify,0AjdHnSIhPXcPE4lN78Wue
TRLJQFB128F4242770,Moon,Sia,,spotify,07qhkoYHZGu3FA0uBkVOO4
TRLXMDB128F930991E,Going Out of My Head,Fatboy Slim,,spotify,0vy29ZydYgW4RnAUPHysEg
TRFPUKY128F1460252,Rocket,Goldfrapp,,spotify,02WX3la8g8DA4mvllcYt0Q
TRPBZKX128F932B5F2,Grandfather Clock,This Will Destroy You,,spotify,52CEzmbEEm4tqdtqmqorve
TRORTZV128F14649BD,Run Into Flowers,M83,,spotify,1OBTtq2oorAmhlOWDM9YLG
TRSGPOS128F427263B,Genetic World,Télépopmusik,,spotify,3w45AhNFf7DLBh7ZYo0F45
TRCVCFD128F42ADFD8,Empty House,Air,,spotify,4pxbaWQkVgGuv1lL2G5ag5
TRYTRQI128F14778F2,Close to You,The Avalanches,,spotify,5zn24S2JutWu1CCwWhGiol
TRXCBAJ128F9309E9C,Winter,Daughter,,spotify,35qDBpLRDvhz0az6Ib0hw4
TRTUXUS128F1482018,Konichiwa Bitches,Robyn,,spotify,0EaZLqCV4kOHKGuveA4Ikw
TRQWYKQ128F4273C6F,Vinegar & Salt,Hooverphonic,,spotify,0052tNqp40kdSg0oKl0xfA
TRFXNNW12903CAEAF3,House of Gold,Twenty One Pilots,,spotify,1ntBUgOUggUxbz3z7fCP41
TRMDFSR128F429DDD1,My Violent Heart,Nine Inch Nails,,spotify,4bO6EvsPyaaZC28OiMyHP2
TRGVFIB128F42BBA63,Emergency on Planet Earth,Jamiroquai,,spotify,0hJIZ7CpBktOpaJfrgF78M
TRAEMOL128F933BE7E,Too Much,Sufjan Stevens,,spotify,0vDzmJ9xi0xTW6JXVUYPcL
TRRQIVI128C7196708,Changeling,DJ Shadow,,spotify,08rkNUDWsdsJknb8wNS50p
TRNUBPI128F14A4A1C,Lost Message,Air,,spotify,2BHppAozsMfXq6zAV539BZ
TRRWBAT128F4249DF5,Waltz for Koop,Koop,,spotify,08938qixqwfrpMJlUPRuyM
TRAYGER128F422C92B,Revolving Doors,Gorillaz,,spotify,3hfZlE5u9bbOIQslgWyZjv
TRIUZJU128F92EF3EB,Heatwave,SBTRKT,,spotify,7yW6M2vLDOQHpuQCQ9muCv
TRXCWAU128F42AA602,Throw It All Away,Zero 7,,spotify,001GEz0MtTGdEcxRbtDDbC
TRQPVPV128F92FFEA5,True to Life,Röyksopp,,spotify,0RtgvEVyQG0yBbK1BgoQ2w
TRIWVJF128E07863FE,Thrills,LCD Soundsystem,,spotify,2Og8o1UKBf1GhPKDhQrSrR
TRRHAYO128F4259DE8,Slowly,Amon Tobin,,spotify,1Ac4rgPRYr3NdPIpD6I0sG
TRYQWXU12903D01E29,Talamak,Toro y Moi,,spotify,02Ki6v3RiIx2FePeUKl4TU
TRCVNJL128F427C2EA,Child Song,The Cinematic Orchestra,,spotify,0P9EXv889PklVMYY70t3Tw
TRUKSWA12903D12629,Company,Justin Bieber,,spotify,09mhA1SJjMHniZPF4Hcihn
TRVCGRI128EF34DBC0,Vessel,Nine Inch Nails,,spotify,1scJtGNz35zgHf4uqPsVyf
TRLZXHE128F92DE621,Under the Waves,Pendulum,,spotify,5AhJXm6nrCNDjVphyBUeLH
TRLMYVX128F4230E4F,She Blinded Me With Science,Thomas Dolby,,spotify,00MWM5gaj5AjAnetzDWmKu
TRAFBIE12903CC915D,Forgive,Burial,,spotify,3vVryoQxPWCLGfBvTvbCFd
TRUTDRT128F932C456,Futures,Zero 7,,spotify,0v9Q3gFxLqMei4i2D2vMYb
TRXHTZA128F4263CD2,Homewrecker,Marina & the Diamonds,,spotify,213JLwPJ2pJ4nGt7QWGYxO
TRCLQRV128F1488432,Work On You,MSTRKRFT,,spotify,05wv0QnRaEqJyOHM4nuGnF
TROKACW12903CE321F,Surgeon,St. Vincent,,spotify,41gan1ozYkUqUEZPQ0tVHq
TROJMRE12903CA5D0F,Black & Gold,Sam Sparro,,spotify,0nPqN5GDg0bUcoeWmKbYxx
TRKEZXC12903CF28FD,Warszawa,David Bowie,,spotify,1nIxVI56dO6iVu0VQ47QUB
TROFKWM128F9365C06,Ugly Boy,Die Antwoord,,spotify,0CfEhnPqcqiA8vjijJ3vIz
TRFNANZ128F9336EEE,Mastermind,Deltron 3030,,spotify,0uMn8WKu3qtQLaUyal1bsz
TRLKBKB12903CF799C,Take My Hand,Dido,,spotify,2hLLUYs5WhO5lKTqwhTHXV
TREDGCJ128F932C2A7,Queremos paz,Gotan Project,,spotify,0t5mLIKAIeKE7iXPSf7bnR
TRCZUUK128F92FCD22,The Cure,Lady Gaga,,spotify,34oB5r0lcN3fYWCs2uA1k5
TRCMAAT128F427EFB5,Justify My Love,Madonna,,spotify,4JCTs52LLR26uPeaj4DKgJ
TRGEZJU128F932DDF2,Dirge,Death in Vegas,,spotify,015SmK4Fvjv13dVwtGoMC0
TRSZSTM128F428748C,Maddening Shroud,Frou Frou,,spotify,1YE5u5XV7Xlxx4NKRcgl1L
TRUZFEQ128F9341A51,Replica,Beck,,spotify,01AGCUqtXGAuPvZSpyalkr
TRIMCMZ128F422565E,Dangerous,The xx,,spotify,33B2QbtAj8mbDpwvGTOnBt
TRXQNBA128F934ADF1,At the End of the Day,Amon Tobin,,spotify,1Omug8K2iNfYqAkbQkp2BS
TRJECFA128F428E90F,Head Down,Nine Inch Nails,,spotify,5ohqEYnO5rARJJLKTqagrv
TRAEEJZ128F92E0A47,Getting Down,The Kills,,spotify,0v9A39zmLzuDCSRXC3gBwR
TRASENN128F1498652,Formidable,Stromae,,spotify,01JrYYdFkGxpleloPElg2P
TRGEBMW128F14610D0,A Case of You,James Blake,,spotify,39PCdFgfywR9PbCl1q3wHU
TRKNKOY128F933B4F1,Question Existing,Rihanna,,spotify,102ZnV8ihUszQFOq1uP8X3
TRYFWOR128F4298820,Volcano,Beck,,spotify,0VIXcszBHD39jCGjYv9xVZ
TRUNRIQ128F92FEB73,Opening the Mouth,Boards of Canada,,spotify,2d9urYuH9914QkHZcNLIXF
TRJZASA12903CE47BF,Elevator Music,Beck,,spotify,41hCgPLiDqXwLG5MN3kGBz
TRONGPP128F1489165,Ghost Song,Air,,spotify,4joQ7rsRoCQGyeTpslWV43
TRWIQYN12903D0C39B,Nose Art,Flying Lotus,,spotify,1yPmVRjVjyJ9CPVlXx5Wfb
TRCGCXM128F931A0F4,Show Me Forgiveness,Björk,,spotify,0Lc9aC5iU8OADbBLf6yOlW
TRHLPCL128F426D46C,Elevator Love Letter,Stars,,spotify,1w2PIXrEvQcW2XY5gpCxQz
TRUFQTQ128F9338745,Wild,Troye Sivan,,spotify,0HyxkSf13xjVrrlupdrEjc
TRMTETI128C719671D,Celestial Annihilation,UNKLE,,spotify,0UantYyTRTfP3Wg8cEhCGh
TRZLROR128F426865D,Eat Yourself,Goldfrapp,,spotify,0Gbr1DCXvm3FFclrvHkViv
TRYDLEY128F42BC7F0,Rise Up,Yves Larock,,spotify,0bmGuOhOS7XEMbeVScJR0e
TRNYQZQ128F4262D84,In The Cold I'm Standing,M83,,spotify,0wyDQI6ccBgtnNEw3ilPtg
TRDSWNQ128F14B1539,Ringfinger,Nine Inch Nails,,spotify,0GLQA7qKOcaQXt5msptV5a
TRHCKPB128F423AFD1,Mope,Bloodhound Gang,,spotify,1M3Q6JBxczHas388EfotPV
TRITVCK128F4268855,Distant Lights,Burial,,spotify,08RKEEDsd0j8HkxkyP1tlC
TRLNFYH128F145B03A,Jericho,The Prodigy,,spotify,2FdTdaRS0BoyOYHnWz3wQu
TRKRNZF12903CB52BC,Paradise Circus (Gui Boratto Remix),Massive Attack,,spotify,1GHk2iNsmcmlwTdeBRRti2
TRYGSQI128F932EB60,Domino Dancing,Pet Shop Boys,,spotify,1NleLlYx96xUV34K1LlL80
TRUHCIP128F428CDAB,Celebration,Madonna,,spotify,0bLnnpZXb0reoyHILMXdLw
TRHIMXD128E0786BA8,Temptation Waits,Garbage,,spotify,2MgH091IoqZT3mqjCnXo0Y
TRKJBVF12903CE7407,Bionic,Christina Aguilera,,spotify,0HYJYUFs9OatdhrT3CPJLQ
TRXDMYV128F92FF488,Coming Down,The Weeknd,,spotify,3PsS445MHcmtroGTstfTbm
TRIQWJN128F422D42E,Perfect Strangers,Jonas Blue,,spotify,002MUzYlLK8L4mfZ2Oy3CG
TRFZZBU128EF34B5C0,One Time Too Many,Phoenix,,spotify,0k0iblojjxhpZ9oZqEmROg
TROKWQT12903CB2409,Somebody,Depeche Mode,,spotify,0K9O3jlBass64CYE0te3tM
TRIPKZL128F93323FD,You and I,Washed Out,,spotify,1rvQp7npqiziSflRdF1ZEg
TRKAYOQ128F9312799,Love Long Distance,Gossip,,spotify,0e6DOamBk7SEpNMY1C0VQX
TRCQPFW128F9302407,Rain,Mika,,spotify,0IPwiJm3jiz1s7C0g3dnND
TRMHRAJ128F9324F60,First Train Home,Imogen Heap,,spotify,419J23cOSpwf1ON8PlqevE
TRTRUPP128EF34B5BA,Napoleon Says,Phoenix,,spotify,3K0UiGCfCRFMNNdGFclFC6
TRQCCSY128F934628F,Acapella,Kelis,,spotify,08yC8tZbJtLeW3AxrsF8a7
TREFGJE128E0783CAF,Galaxy Bounce,The Chemical Brothers,,spotify,0dBXAJULYoRKbeSNEMhAD3
TRMLBCX128F429BB07,World Town,M.I.A.,,spotify,1YNVlBeXKpV3aOQTccyxGv
TRCSPZM128F1472818,Lovely 2 C U,Goldfrapp,,spotify,18K5uMLrvdW9pJXdi0XlXp
TRXHZAV128F42251B6,Lungs,CHVRCHES,,spotify,078AosxnT9GbjZdDxzu9ry
TRYSFQW12903CF306D,Pa Pa Power,Dead Man's Bones,,spotify,4F4VfwAH0yOwyf5CMwcYL2
TRRDPVE128F92FF217,Cornish Acid,Aphex Twin,,spotify,5b1Ux2Mw6WLaasgmf4sBQ4
TRLENZF128F932C2C4,Cuckoo Cuckoo,Animal Collective,,spotify,0wNwt9ziGcDBMWOCHrAa5h
TRSEUYU12903CAB229,She Just Likes to Fight,Four Tet,,spotify,0BdpCigCTugzrSqrfHeUtv
TRLLVER12903CF1A64,My People,The Presets,,spotify,0I7A5HoKBQ6szstVsHaD5v
TROBKTP128C7196B57,Rewrite,Sia,,spotify,0R5lUFFRmACBYknS13u3fK
TRIQGVE128F42655D5,Don't Say a Word,Ellie Goulding,,spotify,09Cw1FdgaEnlPzJZVbwN4I
TRQNZBN12903D0F9FF,I'll Hold My Breath,Ellie Goulding,,spotify,297ccHqcwwr63MpVH12lHl
TRVGQEC128F42933F4,Into the Black,Chromatics,,spotify,5cej0qESauXV5gkljBlzMl
TRUFCRR128F426FE20,Opening,Linkin Park,,spotify,1FMzjkHzv4m13rVwhowHyZ
TRMJJZK128F425F1C3,Da Funk / Daftendirekt,Daft Punk,,spotify,0io8OKkhfd2iBjU5gOGPSC
TRAZMKM128F9331D63,Over The Pond,The Album Leaf,,spotify,0DeyIYrCFdd3m7VIQaZIMh
TRXYWQZ128F426CA56,Figures,The Whitest Boy Alive,,spotify,2FHQdKiA637gGPMwAsMHmO
TROHBOK128F427A13A,Without You,Empire of the Sun,,spotify,1Sk2g7aDrIQ0ECJ7Is9KTO
TRAPGVB128F42848E0,Hide U,Kosheen,,spotify,04Tbc0B07mYutXaFJwr2Cj
TRTMFEJ128F1463D60,What Sound,Lamb,,spotify,4AwSZ21mv6Wa5iXVYRsov2
TRRPDYA128F42432C4,CMYK,James Blake,,spotify,0zW3PDmqwX3umAlftXZFYC
TRINCRL128F148B0C7,Sunday,Hurts,,spotify,2GAJAeRocKUCl5W1lK001A
TRCJNLY128F930DA62,Night Air,Jamie Woon,,spotify,1I09TniszTXTH7M9MrklCG
TRCFKBD128F934B47F,This Momentary,Delphic,,spotify,09E3m6FWd6GcswqjPTFkV5
TRLNJKK12903CD4A46,Soft,Washed Out,,spotify,0OOm7uKZjbY5AXPXaDHjDJ
TRFNEVK128F42438F8,All Time Low,Jon Bellion,,spotify,0AN91FSgGw0nmOVcpD9q7l
TRUELLO128F92FEB76,Alpha and Omega,Boards of Canada,,spotify,0aiJjUQffDoOTntvqDlicF
TRUDIYD12903CA775A,Sweet Lullaby,Deep Forest,,spotify,0QD4oa0yqXvthVs1SLHB6G
TRLJYMG128F42B0B9F,Ghosts,Ladytron,,spotify,02NTLopQoXehH2r8ROEIUO
TRIUHTX128F9318EE7,Let's Push Things Forward,The Streets,,spotify,4qpfuBm06Q5ZR7Tfu5hiEn
TRJPLVP12903CAF9D7,Merry Christmas Mr. Lawrence,坂本龍一,,spotify,0iUkHGwUn9Hw5W85mSDhhM
TRHMKCT128F429DDD0,The Great Destroyer,Nine Inch Nails,,spotify,2TCwwbVlSffyCTzGqZYcCJ
TRABHYO128F9307B76,What I'm Trying To Say,Stars,,spotify,03Y22AaebXJnbCRiQE7Brr
TRJMRAX128F931FD7E,Raining Again,Moby,,spotify,2pnwaILz5rHiVMVwRaxslI
TRHDXRG128F426ECCE,Hercules Theme,Hercules and Love Affair,,spotify,27n5mPdJDyJanFDI72XjZE
TRLYJQO128F14525BD,Switchback,Celldweller,,spotify,1juX6jryYxQbRBGOsbmx1j
TRTWMOY128F9312A23,Actium,Aphex Twin,,spotify,32arCm2Sd40hbPfiXzlYVw
TRKQKAQ128F92FECCF,Massage Situation,Flying Lotus,,spotify,1gklMsCdUraxF6KiYJWDhf
TRPKMXG128F428617F,The First Five Times,Stars,,spotify,1DDoeXQ8GAKZCo7hj4jQc6
TROCZGW128F4268664,Caravan Girl,Goldfrapp,,spotify,2AZDgZIZMpjIrJAQ5wO7iD
TRZZJIT128F423EFB7,The Heat,Jungle,,spotify,06Nr0uHiUUyhCrX5gdEkor
TRYJULH128F92EEC13,The Robots,Kraftwerk,,spotify,5EywrCU9czUCij7UVOrMpH
TRBCDQG128E0782588,Mad House,Rihanna,,spotify,0EGdz2f7OAsxiRS6BRF250
TRLJZNM128F425A61E,Slipping Away,Moby,,spotify,0QTjLirpeKn2bdO5feNqvI
TRRKEWL128F92DDE95,Mr. Vain,Culture Beat,,spotify,0coX0QAolJtf1QdZtt5dOV
TRPLGQW12903CD1328,Lola's Theme,Shapeshifters,,spotify,07MJFtDHRjwdAmcMUpVYW7
TRZBANV12903CBB8B2,Somebody's Calling Me,LCD Soundsystem,,spotify,079Euao4jItaMOnyUhCCxc
TRIMYMS128E07840C8,Left Hand Suzuki Method,Gorillaz,,spotify,2B8lQXfBQ2kC3QNRwFds6g
TRAFOLR128F92C932B,Feather,Little Dragon,,spotify,0dHfyOVYfwDoh37r1nCAoK
TRFQQZP128F422E221,Paper Trails,Darkside,,spotify,4mhfCJJiCJoe1ZPLjvY7TX
TRFRKKX128F42AB1D5,Kelsey,Metro Station,,spotify,07RjevrGoJvcq99GQumS5r
TRDBRXP12903CEFE2E,Don't Wanna Go Home,Jason Derülo,,spotify,02QAFYpvspyPsAXScistk2
TRRJOUL128F1456792,Baby I'm Yours,Breakbot,,spotify,180G1YgwyXc5KlertycHs8
TRIQGXU128F4260097,Amazon,M.I.A.,,spotify,1dhe6GA9LI36dwkbpVykOr
TRHXJWW128F931A553,All Things to All Men,The Cinematic Orchestra,,spotify,0BOhKo9Tdt3bAiKjfSHuAu
TRDDHEC128F92C4D17,Manipulating Woman,Ladyhawke,,spotify,04nKw3JlxbWcLA4iU6WL8l
TRAKSYI128EF349B16,I Can't Decide,Scissor Sisters,,spotify,0w7oSt5wGeMNzJLwEUyRNL
TRINVGV128F92FD3B7,Rockit,Herbie Hancock,,spotify,076Lf5AQvn77yk5za6Wyx7
TRUWVZM128F92CE31B,You Don't,Tricky,,spotify,18g5uzr7nG8NDyikT2rKZo
TRBDIYR128E0786400,Great Release,LCD Soundsystem,,spotify,0uEPJEZLsVry8Unwa6ILkC
TRRUSCY128F4234B91,Tyrant,The Bravery,,spotify,2CAZZzYWTXirDx0NfwTOSw
TRONOWP128F42559B5,Wrestlers,Hot Chip,,spotify,0HnhqlWtNGyvjvcv3hBFCG
TRVABAA128F426AEF3,Lights On,FKA twigs,,spotify,1FBood57gfbNNJrPZpe8Rh
TRNYHEH128F4262D8B,I Guess I'm Floating,M83,,spotify,0bDn9z5Sl6dwnThY29TwDU
TRRHDQB128F93181C1,I'll Be Gone,Linkin Park,,spotify,3cQGb2POE359G9WH81bF60
TRESLHA128F426D345,Night Bus,Burial,,spotify,0gslAiwYeAbpXUMOIbOCks
TRTLUVU128F4273C6D,Jackie Cane,Hooverphonic,,spotify,0QeRfRK7J3xSVZPXv6vBG9
TRXBZCG12903CC9DC6,Pjanoo,Eric Prydz,,spotify,08oWjLLXIFvJvKAaca5y2i
TRUDWNZ128F92FE2CD,Keep Hope Alive,The Crystal Method,,spotify,0BLkq6XhLg3wDPmtye2dk3
TRAHOKM128F930B229,Ya Mama,Fatboy Slim,,spotify,1GuyqrnCJgCsV1mZvPzHbx
TRDVTBH128F931B964,Hold Out,Washed Out,,spotify,0B5vYqRqd1tpMA7d4TkRH8
TRRJTGI128F425D0D8,Redhead Girl,Air,,spotify,0N0wsgt7Mo7b5BT50RyrUC
TROSNPZ128F4247F5F,Voices in Quartz,Cut Copy,,spotify,0fPA0ceG9MyqOJlqV0jxyY
TRILTQD128F92DDD6B,Cinnamon Girl,Lana Del Rey,,spotify,2mdEsXPu8ZmkHRRtAdC09e
TRFPEXC12903CF06CA,The Big Jump,The Chemical Brothers,,spotify,5MI1TpxLiwbZx6tPmlHbJC
TRCPRDX128F9331862,Get It Together,The Go! Team,,spotify,1KGvkAIWDgUvBtiKhNYi9d
TRDFCUF128F9312A1F,Hedphelym,Aphex Twin,,spotify,1HIfbJwQRSsmaHyLuxjiu7
TRMWFBJ128F92F8CF0,Vesuvius,Sufjan Stevens,,spotify,0CbTZTXrJ5FOWEADxEh8Qk
TRQRKHW128F423CA8D,Dancehall Queen,Robyn,,spotify,0cYwtAJxSUH9WthuKEt8Hz
TRUXMFQ128F426E268,Isaac,Madonna,,spotify,2HXNn7MQBhecidoC4h6KgX
TRLJPKM128F92E8803,Unspoken,Four Tet,,spotify,07avgNiGWqyxuGJYlxTH60
TRUZWCY128F93392F2,What Remains,Foals,,spotify,1ITeJlfFGXTx3bwDCkT0ef
TRFPJVA12903CA6BB7,Hangin' Out,The Knife,,spotify,0EEVRFCsjWxQiUkQWDiZkS
TRKTZXP128E0786BB5,Androgyny,Garbage,,spotify,0qV8kewCkm9zT6LiFMNqvx
TRDDSOS128F92DDD9C,Tits & Acid,Simian Mobile Disco,,spotify,0kn6HezDrGCmeqHo01fV66
TRPWIGO128F931BAEB,Dental Care,Owl City,,spotify,1IyackM7hvB1O67vxUFOln
TRTCSSF128F425A986,(Don't) Give Hate a Chance,Jamiroquai,,spotify,0R39Og6OXl5w7sIv9nhJav
TRWOGEW12903CB6538,To Binge (Feat. Little Dragon),Gorillaz,,spotify,1dvOwoHwZB9SwvRw2Gv3nz
TRGHSAZ12903CF114F,The Power of Good-Bye,Madonna,,spotify,01VFDkHBNJcCNUjzD3flWg
TRFMWDN128F4296933,Out of Sight,Hooverphonic,,spotify,0MhsFatsRv6q2HJX7kbe2I
TRJNOII128F9343C8F,Summer Sun,Koop,,spotify,0a9LDLzmYn1purIA68iCO3
TRCUUPV128F1456011,Cherry,Ratatat,,spotify,2G9PW8L34qm3Lyya3gSVvk
TRINRWL128F42A8BA2,Future,Cut Copy,,spotify,1L44XODDvPjK4Tl9airKLy
TRUEJEA128F4293164,Alaska,Maggie Rogers,,spotify,1MsyEbEQca1sfC9JnkKnOm
TRCCTUC128F1472A5C,No Fit State,Hot Chip,,spotify,6L7E9cmU9lqHcEFuuyb7HN
TRPKGDB128F425A546,Mi Mujer,Nicolas Jaar,,spotify,0XFBgoOpiOsP0lBmt5D9ie
TRDAUST128F1472A54,Look After Me,Hot Chip,,spotify,2VbqIVOhuXfAlQQQRmtWPl
TRWFKGZ128F9312A22,Delphium,Aphex Twin,,spotify,2S1fJ9GPAewwAndJhjqMaR
TRMEPQD128F429DDDC,Meet Your Master,Nine Inch Nails,,spotify,2p7VgLVbavcXvqLK6A7yvP
TRXCXZI128F428617A,The Big Fight,Stars,,spotify,0d8roVOosN85HzEK0Oft3L
TRXZEXY128F930AE41,The Twist,Metric,,spotify,21yxGmm0JwZ68uS0WzBEwz
TRRPXRW128F92FFB83,The Children,Yeasayer,,spotify,03CoOArLGiueljDdE196xB
TRDGZQG128F92F5368,Mongoloid,Devo,,spotify,08fHquP4RnHKY6cv4dUKl2
TRIMSTA128F92C3214,Drowning,Banks,,spotify,0dLrSYajcisEe3EARWo2W9
TRGXOUK128F426C4A1,Your Place,Zero 7,,spotify,0SrZU3jmyu0zSVQ0hjOaUB
TRGTDJH128F9307727,Shots,LMFAO,,spotify,0p0KHvE29x9LoOsCbs25HD
TRBNWKN128F425F18F,Superheroes / Human After All / Rock'n Roll,Daft Punk,,spotify,029O4HWI1pVXLfFdfQd1Jb
TRXWDXK128F934DFE4,Pop the Glock,Uffie,,spotify,0mARjO976sNfIjSqTsaKwd
TRXCNOM128F428E549,Two Tribes,Frankie Goes to Hollywood,,spotify,0F2CQGMbt58MmPDnZQS1vk
TRLLNFZ12903CDBB7A,It Feels So Good,Sonique,,spotify,03SS6qLLZT1RkcegqD4W4E
TROIGRW12903CBF7F4,Crush On You,Nero,,spotify,0LlE342barOWJwL0KDmC0s
TRNIDEU12903CAA865,The Vagabond,Air,,spotify,1Mtwi6CmEHxkZvsNWR9qVE
TROJBIM128F9317BC3,Comeback Kid,Sleigh Bells,,spotify,2me3fcoNqxK5boCHsHNsuL
TREPRJQ128F14768EB,Red Flags And Long Nights,She Wants Revenge,,spotify,16xOR0qiBaJy16TfO0G18y
TRUGQFK12903CAB21F,Love Cry,Four Tet,,spotify,0GbvcikHO2eLBEGPiGnJlH
TRAYQIX128F92E8558,Begin Again,Purity Ring,,spotify,1Bildp7NM39gR3smbMh8W1
TRJROQV128F148CF74,Boots & Boys,Ke$ha,,spotify,0g5uXaZJjZCFoppZr2ZDNb
TROHTSH128F14A167C,Halcyon,Ellie Goulding,,spotify,002nbgns4Fn2XkYNpA4wdz
TRDXAKP128F92FEB81,A Is to B as B Is to C,Boards of Canada,,spotify,15QPuw3vRaZBc54iOWIrCM
TROLCRG128F92E6578,No Brakes,The Bravery,,spotify,1LP4oh4yJUPw8rh22lQ5OQ
TRNRMXI128F427FCC4,L'Amour Toujours,Gigi D'Agostino,,spotify,018ZcZkTF7kycQMihbZjYY
TRZMAMG128F4220584,Calculation Theme,Metric,,spotify,0YQfpe4FuVxxTXxpadPD3a
TRWKCUE12903CE2C41,Genghis Khan,Miike Snow,,spotify,6MDijuuArPJv1vbp7K1x3f
TRSEVZW128F9321D9B,Heirloom,Björk,,spotify,0adu8vRjVtB8k6VCuKFDIw
TROSLWJ12903CF96FE,TKO,Le Tigre,,spotify,20Qx5q7xES628GY4RQkWtK
TRCREGE128F92FEB7C,The Devil Is in the Details,Boards of Canada,,spotify,3VcH4AZzVtUtHdz5jjjuT5
TRYGZIF128F428E594,Moments in Love,Art of Noise,,spotify,0eK5iy1V8iVtE8dIsdtsRw
TRAAUZC128F92EF272,The Power,Snap!,,spotify,04Mh4OWSBUBn5Vpna4DXrA
TRBGEAZ12903CE8885,Booty Bounce,Dev,,spotify,6XYJTaWN5M2n7cB52jRSQe
TRRHPAV128F92F8526,Indestructible,Robyn,,spotify,0FenOOyd5CNdDGlxtQ86gN
TRIRPBD128F92F6262,I've Seen It All,Björk,,spotify,0E0oWHnzTsyBIZXEGeM7sS
TRWYQCX128F93010B9,Bbydhyonchord,Aphex Twin,,spotify,35GYDmixAiE0d36qSPqfuO
TRIORWW128F429629A,Only Love Can Break Your Heart,Saint Etienne,,spotify,01qMM55MToBZptsRdsLIW6
TRGEUIY128F4268A5F,I've Seen That Face Before (Libertango),Grace Jones,,spotify,01lkrfXnauqhawLmGbBjEX
TRGGTMP128EF35F803,Catch You,Sophie Ellis-Bextor,,spotify,0bRxOypnCY65b5ZofduDgU
TROIEBX128F147A678,Under The Influence,The Chemical Brothers,,spotify,65lXKIwtMPW2HCr4CvLPiZ
TRERKJH128F147FBE5,When It Falls,Zero 7,,spotify,00HvRRay8gYFolPMmTihgP
TRBOQWA128F931B0AB,Carnivores Unite,Blockhead,,spotify,366eeZPsDqZoQhnjcHFZ5P
TRAGEOD128F427F94B,Days To Come,Bonobo,,spotify,1L0SLLMLLcyo50LijwJnzd
TROHHVR12903CEAE43,How High,Madonna,,spotify,2aGCEvfmDO7sqcQZHhq2lQ
TRDRJNO128E07992A1,Voodoo People (Pendulum Mix),The Prodigy,,spotify,1Fn5UZgnnTuTFij1p9zTaq
TROGNBC12903D0D3B2,Desert Eagle,Ratatat,,spotify,4D6TLRakmgJNJ7rKybL20g
TRHGWSB12903CC372C,All to All,Broken Social Scene,,spotify,0UH4bbht1Ag6wNb09qvpfZ
TRLJIVK128F42506DE,This Boy's In Love,The Presets,,spotify,07eiqPmo2r9R0QBvWPMnnL
TRVHFAP128F4236C59,Thieves Like Us,New Order,,spotify,0dRbaQ2qwaEomzlUxr3XUr
TRAYGJX128F92CC832,Heavyweight,Infected Mushroom,,spotify,1fktXLtUwnTSygfCyfvuNI
TRIUICN128F4233815,Lava Lava,Boys Noize,,spotify,01jPQPxq54XYKm2jGZwUfi
TRGJWZJ128F42711F5,Pilgrimage,Nine Inch Nails,,spotify,35Ip7AgicTJTp6FYOtFOFj
TRLQUZV128F42629BF,Balance,Future Islands,,spotify,189gb58kHUdS5MdLBcz18f
TRCQINP128F42807B1,Consequence,The Notwist,,spotify,0fOx1weENs5NE0K2kieXG3
TRAITBQ128F9308CDB,Sapphire,Bonobo,,spotify,1d5hX0RYHcDM4aHJHSm5cr
TRPCEKB128F92C73A2,Shempi,Ratatat,,spotify,0xhium1vEKRa8r5W25nxt5
TRBOAZV128F92DD1FA,Sorry You're Not a Winner,Enter Shikari,,spotify,06Y6xeHfKLRoMFmmK7tKkl
TRREZGT12903D0524D,Another Chance,Roger Sanchez,,spotify,08fMRujpKhEDTanKN9l2ud
TRROTGD128F4250DFA,Love Me Girl,Yeasayer,,spotify,0DrY9i7lYiV4K4XFjagIX1
TROLRIV128F93262F1,Fallout,Linkin Park,,spotify,44SGtyABmM8ilzUxCMJoHh
TRYWCJM128F92D1241,Better Than Sunday,Ladyhawke,,spotify,0bO0z7jVJalErxFGTFRGK5
TRPKBYQ128F425FB2F,Get Lucky,New Young Pony Club,,spotify,0gCoKLiCxwFbcWIT7vq7ao
TRLKMOX128F931FABD,Tidal Wave,Owl City,,spotify,2aViS10Ts2T2kAo7G3fh7D
TRUOCBA128E07822DF,A Reminder,Radiohead,,spotify,0mDwIppo8rIodEVZQ9RBcR
TRGJTIG128F4297F44,The Test,The Chemical Brothers,,spotify,0VfSNKmz24yn5idNxrvV10
TRUEAEJ128F428224B,Follow,Crystal Fighters,,spotify,0MMWj8de7P5rm4OnsJzlMn
TRWBPAJ128F92FEB35,Farewell Fire,Boards of Canada,,spotify,6IBbvwR5G7bhGfhtBqPUDZ
TRFLOVK128F14696AD,Rock'n Roll,Daft Punk,,spotify,1nluqUxDKnwWyScYVeQHXa
TRMCRJT128F4254260,Needy Girl,Chromeo,,spotify,0Nq92tx5brQ2mg2ChMmMOf
TRTPDOQ128F425F724,Cologne Cerrone Houdini,Goldfrapp,,spotify,1AUj2U9L8pluTcqayRwHj0
TRBYWBX128F427588D,Hanging On,Active Child,,spotify,1HZw4cg0DpTlc5Bon5nLGD
TROCDVA128F93317C6,Declare Independence,Björk,,spotify,0gNWKIPVPs8Nxsn8xjmj5i
TRSLMNB128E078DF69,The Way Out Is Through,Nine Inch Nails,,spotify,4sAwN7w0Gs5bJ8BHcp7fmO
TRFOPSL128F92CA7ED,Do Your Thing,Basement Jaxx,,spotify,1tTRL3Cf1H6fReWtY2IgN9
TRKGKQX128F9320BDB,Vanessa,Grimes,,spotify,3oEfTWdx9X8H9kT9YZdCPu
TRCYFFU128F4276D61,Alligator,Grizzly Bear,,spotify,0gnhbNzZ4VWoleTVmXcj21
TRYGBOT128F147FCF1,Preface,FKA twigs,,spotify,1DyE8dYoQiyZWlsxWcocNm
TRFPZFW128F14A010C,You're Not Alone,Olive,,spotify,03SicscEqsguN1doqbiK7M
TRZYBKA128F42AAE0C,Addicted,Waldeck,,spotify,1EPM8td5fBFEgA9KtYQqQf
TRQQPSB128F423E178,68 State,Gorillaz,,spotify,01vCPi3ObcIRaQwBFcL6qy
TRFONYL128F9338D02,Days Go By,Dirty Vegas,,spotify,0C2GT6MXWGRo7PIeeFq9zu
TRYRYEX128F9308420,Seeya Later,Boards of Canada,,spotify,2LDYvpug35TCwdooo62tD2
TRWEYXC128F92FEB8F,You Could Feel the Sky,Boards of Canada,,spotify,504UFus8XxKzXZZAVnDRXo
TRPKWDP128F4230131,Permanent Daylight,Radiohead,,spotify,24lf8PWOCn0GIWLtWAWAtE
TRUMROQ12903D0C3F9,Warm Water,Banks,,spotify,0lcxaYYEK5UnJMbaFgevtQ
TRXZRLT128F425DCA6,Krack,Soulwax,,spotify,2MvZNgfN0oQuKv2fsSlOFR
TRECAFL128F9342DCE,Complication,Nine Inch Nails,,spotify,1FJUFWBAKv5CitlZMPVFX3
TRRQHTE128F93010A7,Gwely Mernans,Aphex Twin,,spotify,28C2j0QoqXJpkoOOIYW0iT
TRLPNVE128F426BAB9,Lua,Bright Eyes,,spotify,1fyCXDT3vwV0SDWHKvYDmQ
TRREYEX128F42807EB,The Good Life,Weezer,,spotify,1qxzaLFMRF5O2h0HrT25it
TRDSBPA128F429595F,Space Monkey,Placebo,,spotify,2YNfHAOUQBr8X0KWkt8vbu
TROVLEP128F428BDA0,Jesus Christ,Brand New,,spotify,2S7I0ZeMkyp3p2HVus5IOR
TRFPAFX128F4246EA0,Thriller,Fall Out Boy,,spotify,07kBp5VuebubsozpQd3nyK
TRCPNWJ128F4296F34,Sleep,My Chemical Romance,,spotify,2pONuBYwWrNm9jcJH6hmPc
TRILZTY128EF35BABD,Here We Go Again,Paramore,,spotify,5Pp1H1mFlL6o63omITUvfn
TRUUKBR128F92D31E3,I Am Trying to Break Your Heart,Wilco,,spotify,1GJx5yypEgyP0gM8nYF6Vo
TRDINKM12903CFE307,Stars and Sons,Broken Social Scene,,spotify,0rlXDbNyWqiSXDuMG05bZs
TRIVJKL128F9320849,Hum Hallelujah,Fall Out Boy,,spotify,028njLMKzGg4gAVSgMeOhm
TRUWPXO12903CDCE50,36 Degrees,Placebo,,spotify,11Kc3m9gXkAOywbw66CL7v
TRXFNPI128F145C165,England,The National,,spotify,1HWfQwxh9ADFMDDPv4lsYm
TRSSSKW128F934E0A9,Smother,Daughter,,spotify,05lVLM1jirOGpVuOnHM1FW
TRGEUPB128F4235039,Seize the Day,Avenged Sevenfold,,spotify,45H9A6gMEH2wbOJNzaAqxB
TRRTAAT128F149798E,Road to Joy,Bright Eyes,,spotify,1MFcdEGTm3UkAR1oMtN6Uy
TRWMFKO128F9331770,Crack Rock,Frank Ocean,,spotify,125FPswReMD9Ggvn69M7Ch
TRXRJXI128F93185C4,Feiticeira,Deftones,,spotify,0FpYnuKYFJXHAmHbS1CycY
TRPCXDS128F4291AB8,Vamos,Pixies,,spotify,5vuwTHqy7PelryecV027xu
TRYMLAN128F426A36C,Tire Me,Rage Against the Machine,,spotify,03RzwxXmD3CoJrweKhGj0m
TRFNPIZ128F428A536,Dead on Arrival,Fall Out Boy,,spotify,3HkzT4191XGQNcezLFGeMh
TRIERTA128F4223196,Try Honesty,Billy Talent,,spotify,0QK64eag1frEwEWy68Kssm
TRUOWRV128F1452557,This Scene Is Dead,We Are Scientists,,spotify,1RPU4PqQM4pxL4iCK03iM9
TRXNOEZ128F92E4247,Everything Is Alright,Motion City Soundtrack,,spotify,0bgUPauRTvHds2ZciPSuoU
TRTEXIQ128F429C900,Something Against You,Pixies,,spotify,0W1M8vt5AoAidBEah3NE0H
TRXERFH128F426C589,Someone New,Hozier,,spotify,0efT4YKQLQx2YHbp6vgRX8
TRIMUBJ128F92E0BEB,One of a Kind,Placebo,,spotify,2A5Z4iEPzkcEIh4ZOkCdiH
TRDEKGR128E0793EB1,Pink Triangle,Weezer,,spotify,0G5gsggJ19V38B4sZC1cxw
TRJSWEU128EF35E2B8,Millstone,Brand New,,spotify,0ThkUI69JqojY9G58L4T0l
TRNXUOU128F427EC80,Interlude (Milo),Modest Mouse,,spotify,0SCJXZZKUHgbWmUkhCpA9H
TRPEOYJ12903CB4944,Are You In?,Incubus,,spotify,03PHG3uwPXxAYoWODatuLv
TRDXQEI128F4229B6A,Dark Blue,Jack's Mannequin,,spotify,1TdFhhZJGgA0ffURdMPnjW
TRWRYGS128F429C904,River Euphrates,Pixies,,spotify,1FKWWmT46hgeerUUR7YedM
TROMHWT128F92F9BEA,Wasted Time,Kings of Leon,,spotify,044mERAp0F6LUtd7pQzLNT
TRXXDXQ128F148EBCB,Degausser,Brand New,,spotify,3r67UKOuyb0a5r3MdQry9l
TRLRSGD128F930429E,7 Minutes In Heaven (Atavan Halen),Fall Out Boy,,spotify,2erNwv0Yti7uirpIU8wbvv
TREYYNS128F1452558,Inaction,We Are Scientists,,spotify,7nxqCimmjnw1abCnn4RdCP
TRDUYRQ128F425A8C1,Fingers In The Factories,Editors,,spotify,0dzw88SKg9EKYANIwyIIuS
TRXLTZL128F92D31E7,War on War,Wilco,,spotify,0ZQ0AYmoSQqmPYtI9JP9F9
TRYWRIP128F429E9E2,Saturday,Fall Out Boy,,spotify,13aXg2Vz2MokUvIcWCMjcT
TRMGVXA128F147A025,Prelude 12/21,AFI,,spotify,3ugUwXpN8qBDTDrRzlkjjM
TRYXEEG128F9327CEB,Poison Oak,Bright Eyes,,spotify,40RqH2yubeqy6c9sGa4OFH
TRFNRAY128F42792A4,Apply Some Pressure,Maxïmo Park,,spotify,19503qDaxgCdPL2BhJngij
TRCUMJE128F42B3030,Oil And Water,Incubus,,spotify,09L9gHCuQ6J2Rk7laxRQAZ
TRUXIJP128F92FD9B1,Falling for You,Weezer,,spotify,1MnXNW03vkijBz0GHAsHgW
TRFNOKL128F92DD0D2,Nothing to Lose,Billy Talent,,spotify,0KKE99yOmi67n590TDOWmh
TRSIZOL128E0780D6D,Bruise Pristine,Placebo,,spotify,33H5Q4QriPqRzjCeYYnesW
TRDXPDR128F92ED1BA,It's A Hit,We Are Scientists,,spotify,2f0zZBdF9ayn3Dx7R7MjDW
TRCLTZB128F930DAF8,Monks,Frank Ocean,,spotify,0msrDPXxZpts4FRnoX0bFr
TRXDDBX128EF35C2AC,Reminder,Mumford & Sons,,spotify,0D0KlVWXOXQbZzLPqI6eTU
TRKDTPD12903CC128C,Train Under Water,Bright Eyes,,spotify,1tMHjoaMwmrE9Ero5SBogq
TRFOUIG128F429E037,Twenty Years,Placebo,,spotify,2LghHH2U827AhHHMLSIJOO
TRGFDZR128F933361B,I Will Play My Game Beneath the Spin Light,Brand New,,spotify,0rugPbAwE8I0QyVot4LlDv
TRQQIMM12903C9B61A,The State I Am In,Belle and Sebastian,,spotify,1cSntbAOkrmrOWfzbNFN5y
TRHSTIO128EF340D4B,Books From Boxes,Maxïmo Park,,spotify,3Nu3tueup57aKW1DxVnDH5
TRHFRLG12903CA15F1,Two-Timing Touch and Broken Bones,The Hives,,spotify,0aiDlPZLQ0eGIA83Q4WqvY
TRYBCXE128F92D53E9,Modern Romance,Yeah Yeah Yeahs,,spotify,0EnZsxLuNJQ3enw0hpev34
TRMJGXI128F146EDB8,I'm the Man Who Loves You,Wilco,,spotify,0REuuDAPyRJukgOvgILJw4
TRIMQPS128F14A2F77,Work Song,Hozier,,spotify,0pSEBh3rqT9gBzzcmVlQbz
TRWIMUV128F42689F8,Long Division,Death Cab for Cutie,,spotify,4aaHMLV4RTwA4fCMwnOlVJ
TRQJOLY128F148EBCD,You Won't Know,Brand New,,spotify,2eJwOIHWsRHKZWr0VQjQ2W
TRUDMSR128E07930CE,I Know,Placebo,,spotify,1N8UZjYJarJpclLKBdaGwd
TRCSXOV128F427EFB1,O Valencia!,The Decemberists,,spotify,0W3tGZmJi1QkBa8oP9hC6M
TRITQQY128F42900FB,"If You Don't, Don't",Jimmy Eat World,,spotify,0geMKPMDy5mmAuBqNLp1MH
TRTKKWH128EF340D4A,Our Velocity,Maxïmo Park,,spotify,0vTreEOa354URLVu3pr59U
TRXQDAM128F1482E61,Bored,Deftones,,spotify,0PicuPCfXDJyyRtOR1ukGW
TROYUYP128F92EBF75,Nowhere Fast,Incubus,,spotify,2dfVmL735QprXvy95NzxRn
TRDRNEO128E0780D9A,Days Before You Came,Placebo,,spotify,1ACaiI36G2FTHmve9NzzLp
TROSTPK128F423F039,U-Mass,Pixies,,spotify,0swqsQ0aS3kuZTkgsWSRSH
TRQOUXL128F426756E,She Don't Use Jelly,The Flaming Lips,,spotify,1dJuteDIOkGfDSN7zPkzNv
TRFWHPJ128F4265DCD,Shampoo Suicide,Broken Social Scene,,spotify,0gZnFgQ1VrfzfvN0AS0I8P
TRXPNQH128F93411FD,Smooth Sailing,Queens of the Stone Age,,spotify,1Dhi8OBMSyukjUQ93uBfNz
TRLRYTU128F4266743,Tautou,Brand New,,spotify,0JyGnDD3eIubxqFMW4hzH5
TRMIFBS128F4240E04,A Different City,Modest Mouse,,spotify,2n6UaxBCDodmV8osVV4Jcv
TRJOUIT128F92FF2A4,Second Sight,Placebo,,spotify,3IMn4WiiSTHg9j7LWqghrK
TROOOWR128F4280C34,They're Red Hot,Red Hot Chili Peppers,,spotify,1jQ0EZPAY3HpBRgUev6X1Q
TRSPYMV128E078A47A,Sophomore Slump or Comeback of the Year,Fall Out Boy,,spotify,0sho23xQOcWA3xskyWhvw1
TRZGYMR128F933A463,The End.,My Chemical Romance,,spotify,03VXE5Txz0b9rOkaLGNsBo
TRLNZEG128F42869EA,State of the Union,Rise Against,,spotify,0B2FZQhykxyBIsKd2CjCAw
TRSGZWA128F4298262,What Did I Ever Give You?,Kaiser Chiefs,,spotify,0LBywuiIMCjHcSZkSqw06p
TRDTTSE12903CE7780,Guernica,Brand New,,spotify,0Cf8N0yGrxwg5ASLcC8yST
TRYCACU128F42720D3,Agoraphobia,Incubus,,spotify,17ca7jb6VKvQCDnB4ffxUu
TRFQSJE12903D034FC,Inhale,Stone Sour,,spotify,0q98g4OWZj3m92vRUyFVIf
TRPETEL128F428254E,A Favor House Atlantic,Coheed and Cambria,,spotify,0CrYgKWIZFHS22Q2JQJWv4
TRRQGWG12903D06C3F,Sea of Love,The National,,spotify,2lXequgriVMMkZyP5CKvAW
TRIZJPY128F4265DCA,Anthems for a Seventeen Year-Old Girl,Broken Social Scene,,spotify,0pjqB2r8MZmoADC0Ca80B5
TRDRMOW12903CDB1AF,Total Life Forever,Foals,,spotify,1lFggqoLCDUgl6B1vub2HU
TRBOQOM128F9333630,Play Crack the Sky,Brand New,,spotify,0oZ0arTyOThWaVY9TW4gLk
TRPEGWU128F9333626,Jaws Theme Swimming,Brand New,,spotify,1h2xbCodaSmTPTaVrlE9oh
TRFUTZX128F93500FE,Range Life,Pavement,,spotify,0HayIIdRDLcOYxBGn21hHz
TRAEYWB128F148EBD0,Luca,Brand New,,spotify,0INaFEArM5PpGvL4rn81iE
TRMGLVL128F93345DB,Wetsuit,The Vaccines,,spotify,2dPnXLSA3UHMEFhOHmG5tf
TRVZMXV128F932D5DD,Seventy Times 7,Brand New,,spotify,13rkEQEFmNJeGGN5F2uWle
TRFYFCN128F92D5FE6,Try Again,Keane,,spotify,0bKVdw6PWAjAzZsM75E34f
TRXRZEY128F9334CAE,Bandages,Hot Hot Heat,,spotify,0T7mvvjvkxaanRB7FbimXE
TRLMIOC128F933FDB7,White,Frank Ocean,,spotify,1epDVn3ddLZJ7H1HtXNdIv
TRTPGUG128F1459EB1,Chicago Is So Two Years Ago,Fall Out Boy,,spotify,3P8zrkBArAfdjFJxPtZRUO
TRKYGDP128F146872B,The Phrase That Pays,The Academy Is...,,spotify,364Vs6hAEV4YfrM1l3E5Py
TREIHYZ128F42792A9,Limassol,Maxïmo Park,,spotify,7GPcbROq1VAw8IOn7vuXkg
TRDDWBE128F427EF9A,The Engine Driver,The Decemberists,,spotify,2NvBXpAVQxyeQ1WX6iWTl7
TRLCQDM128F9333628,Me vs. Maradona vs. Elvis,Brand New,,spotify,13f1fz8n6czxZv91v6n0mQ
TRMVYVI128F42ADCE5,Crazy for You,Best Coast,,spotify,0EI95TBMzItplLrm6gViCl
TRQROGS128F42B302C,Light Grenades,Incubus,,spotify,1BU0rJ0YqD8NFzlSvz2QRZ
TREBEGR128F42809F9,Sick Sad Little World,Incubus,,spotify,0nP0GB6zsGDr5hOd8FEppA
TRGPPYE128F9339CAB,Blow It Up,The Vaccines,,spotify,0Mgm3vfmircOyf1Jjjx13T
TRAVODL128F9353919,Feel the Pain,Dinosaur Jr.,,spotify,1EQLpz4BUHp21Lwab7otOp
TRTRZIY128F425B33F,Down In The Past,Mando Diao,,spotify,0apHG3deHkSCFQu3w8G2kr
TRXRUNG128F42AF1A3,I'm Amazed,Pixies,,spotify,2FgCPUsTRxYGDdkZ4K2nod
TRLABWR128F92E937B,Lycanthrope,44,,spotify,1g5CHtsDQl7KVWaUiAwat0
TRIOYOU128F931EE74,Dead Inside,Muse,,spotify,1QDIrwQfbjYK0qZHdb1jSo
TRUGIUU128F4292157,Distance,Editors,,spotify,12T5D889vpK8nSmCvzdXYG
TRJYTYH12903D0861F,About Your Dress,The Maccabees,,spotify,1ao5rEgWujMYGX1Nmm8o52
TRBBGNL12903CE3EF9,Reservations,Wilco,,spotify,1TRsfoxOCzeSJXHtY8KiQC
TRGTHBG128F4260CE4,L.S.F.,Kasabian,,spotify,0IAGXmgHIKyMjcaLPGxrSF
TRNVDKE128F148EBC8,Sowing Season (Yeah),Brand New,,spotify,0g5TiUXg4GP1aDDHygH2N6
TRATBUH128EF34066F,Highroyds,Kaiser Chiefs,,spotify,0533Gf9KBxMrHY1laDy1Km
TROUEOJ128F42792A7,Going Missing,Maxïmo Park,,spotify,2URcS2tuSjo4B5cmejhQ7z
TRTOYKB128F932D5E1,Soco Amaretto Lime,Brand New,,spotify,3citaCUxtd1SXV3jQVaHv0
TRHREYW128F42B831E,Cherry Cola,Eagles of Death Metal,,spotify,0xjjPd6Q2CF3FVkUlB8v9T
TRIQBUB128F4281FF7,Anywhere But Here,Rise Against,,spotify,08KeYepcOcCHpP5aYuHRta
TRXFKIY128F42204A0,Black Cat,Mayday Parade,,spotify,0LrqajxgQyiSyUkzI1PIwp
TRAHVYB128F932D5D6,Mix Tape,Brand New,,spotify,1UCUObSaRoMGPoWYo3y7ap
TRTCMYC128EF340675,Boxing Champ,Kaiser Chiefs,,spotify,1r7XNA9Czk2n72K5VzST66
TRLLGMG128F92E8813,Now,Paramore,,spotify,0LBz07gAdgUukYvpFyW87y
TRJCBWN128E079359A,Primary,The Cure,,spotify,2FyAJQU6c4xd5jBAcHNoiW
TRJVSQY128F92F9785,Let Me Kiss You,Morrissey,,spotify,0eqOC9gAQII5poaMkAUyUk
TRTCQSQ128F9305F00,Kitty Litter,Placebo,,spotify,0iXL5ZYI4YsuWoh8MDwTj3
TRULOVL128F92DCF53,If There's a Rocket Tie Me To It,Snow Patrol,,spotify,172bN0rExrcjJ6eNZQY1PR
TRTQTPZ128F427EC51,Beware! Criminal,Incubus,,spotify,1EkPwfH3msfZIZPTwUnmVx
TRHSXSU128F147C1DD,Headfirst for Halos,My Chemical Romance,,spotify,3jZ5JAvqhQZzlKmxi2oSgS
TRXBUJB12903CF5D5F,Diamonds,Ben Howard,,spotify,0fgPSKxfwlBfvGNrpani3V
TRRITOW128F4250CE1,Success,Interpol,,spotify,11UK2krGqZXnr0khXrK7b6
TRXVKSG128F9337D99,Special,Mew,,spotify,2US5UDIeznG3NDPE2JimHJ
TRSUYPZ128F42267A9,Rickets,Deftones,,spotify,08w8ORdkLzGsDd3citchGB
TRBJVHT128F932A7AF,Handjobs for the Holidays,Broken Social Scene,,spotify,1VrLI8LC8AvFAxQnL0K6u4
TRVOTRF128F148AE44,Again I Go Unnoticed,Dashboard Confessional,,spotify,0hmVtXlWQvMEsQARhO5uUn
TRNNXDI128F930415B,Bleed Black,AFI,,spotify,0S2Wrz6h9yjbhfZbWbJEN0
TRQHUSI128F4240E0E,Trailer Trash,Modest Mouse,,spotify,0EpfqRbXKDddGO1rqbOuo2
TRLMNJB128F92E1154,Distraction,Angels & Airwaves,,spotify,0QYGPHSMTknXeYo3BqMQyz
TRCDLEX128F9309413,One Big Holiday,My Morning Jacket,,spotify,0iz9uDMjhOZvfJoAfX7vEz
TRJINUP128F933376A,Devil in the Details,Placebo,,spotify,0wkpZ8T3RCMilBASZwg8Bq
TRNFRWB12903CD4582,Lotion,Deftones,,spotify,0d6fuN8TLB1sQgjLCP0rUN
TRTMQXU128F14895BA,Fistful of Love,Antony and the Johnsons,,spotify,0jWVgmvvNxFf7BefiXcwgP
TRFDXCC12903CF4703,Skyway Avenue,We the Kings,,spotify,0hIBJ3L8AU3YNWuV9ScFy6
TRFXSXQ128F42993A8,This Year,The Mountain Goats,,spotify,1cRFCSWS5dJUS2nDP3vgmo
TRLUOYM128F9305C8D,Frühling in Paris,Rammstein,,spotify,2cbaGpoddg5Coe4LiGyGj0
TRQNEFB128EF356B35,Girl Anachronism,The Dresden Dolls,,spotify,0bhit2BntcbZN0NEFplPH7
TROIWAS128F92E426E,Blood Red Summer,Coheed and Cambria,,spotify,0ARZDNNF4NDKEdBhmWzJiP
TRYNVIG128F42345A6,Big Casino,Jimmy Eat World,,spotify,406Hs5QFN7pMxGpqAYTkVa
TRSSSKQ128F427EFBE,The Crane Wife 1 & 2,The Decemberists,,spotify,02Wdl5FG66GxOCgttLeB2t
TRRJPIF128F423EFE5,Superconnected,Broken Social Scene,,spotify,2jvfRq7b8wfltNygPIICcS
TRUAGGP128F429EA4E,Specialist,Interpol,,spotify,08foCpoCsywDJPZST5poHq
TRLOXDI128F930B492,I'm Sorry,Flyleaf,,spotify,1cEe25jfg4RDKXjb3FgpTJ
TREOEGH128F930415E,Dancing Through Sunday,AFI,,spotify,3s1VXAAh7F8rG7enLDLTES
TRMRTWW128F92C455F,Dance Hall Drug,Boys Like Girls,,spotify,0wZq8r6nvAzR8TT5XZYWSE
TRNFLSQ128F429EFDA,Title Track,Death Cab for Cutie,,spotify,1kPtGWN3gKHnghuJpwbN6I
TRQUUUL128F145255F,Lousy Reputation,We Are Scientists,,spotify,53XCWYRCFBVefDtJXrdEsF
TRFWPEU128F4298A2B,Lullabye,Grizzly Bear,,spotify,1j5U3sjlZ4kfRr7ckbRsnn
TREWLQK128F1469AAC,Black Mamba,The Academy Is...,,spotify,0rDknw0pmRcQARkqZ6ibCu
TRFZIFR128F429C4FB,Hard to Find,The National,,spotify,0YWGfHR36uvQwbOUvMhJuz
TRXCXQO128F147C033,Attractive Today,Motion City Soundtrack,,spotify,0IeQi0OQD6Se6IDaksTTrf
TRQREEM128F427EFB3,The Perfect Crime #2,The Decemberists,,spotify,14ac1tJWEQMii6MlunWCBE
TRIOFWI128F4289227,Heart-Shaped Glasses (When The Heart Guides The Hand),Marilyn Manson,,spotify,0jMoI0CYClWBi4F9AHTjrp
TRQIMNM128F933376E,Speak in Tongues,Placebo,,spotify,0Hh5QbBZJVZhgFXoLxBcYB
TRHEGJQ128F4292208,Shuffle Your Feet,Black Rebel Motorcycle Club,,spotify,2kwlYPtDkB9zodRuGTqRu9
TRETQMR12903CA9907,Acrobat,Maxïmo Park,,spotify,3JtSrXwtVxs4xMuLPLJVFQ
TRGAFTF128F931EAD7,Ashamed,Muse,,spotify,2Z2vi5O1fdxxtEbEsAu6Qv
TRKAPYC128F92EF92D,These Streets,Bastille,,spotify,16HrJCVvocxvOXnp15h2ro
TRMBOTI12903CB0E71,Vitamin,Incubus,,spotify,1RXnBbLMlvyuzg8Fhuh3DN
TRGXTTI128F92F9578,Freak Scene,Dinosaur Jr.,,spotify,01ht2Maqk0uvlYY8lBnQmV
TRUILAH128E0781F3B,Almost Here,The Academy Is...,,spotify,1kUPyLTCMNOZSsovxYdAhb
TRCHBOY12903D035A1,Attention,The Academy Is...,,spotify,1oju0U6mB9li3HaHicU6eZ
TRWBFEM128F425DD53,Killing All the Flies,Mogwai,,spotify,2TBEJbtDVcJ9gHCWioK5Tf
TRIWIRY12903CC4DA5,Give A Little Love,Noah and the Whale,,spotify,1Brha6LEDHf0RLVNb9G81M
TRVJRYI128F427C07D,Two Birds,Regina Spektor,,spotify,1SbPCPOIlSt7t5h2t5S2ZL
TRGZYSG128F42AB2DD,Black Like Me,Spoon,,spotify,1fgDdqtPsFAUwNFfPpAKQL
TRIXYEF12903CDFCA5,Hummingbird,Wilco,,spotify,0YRv8GX3ekiz2XkbnZTSrU
TRSSNIU128E078F645,Understatement,New Found Glory,,spotify,2Pm0fr7vSO0ATXPiJlexLB
TRPSOIT128F147A026,Kill Caustic,AFI,,spotify,0pmNKfBxW1DbRv5oDynUYL
TRFLEVB128F1476A1F,In Regards To Myself,Underoath,,spotify,1T8D0kdlrnF0nG4IndNtsY
TRJHKWZ12903CE8DCE,Two Doors Down,Mystery Jets,,spotify,2TDyHV7uWmWJAbZUE1ixvs
TRLPKFQ128E0792088,Redefine,Incubus,,spotify,00dw9Qs2zxTJiMGryWzlfJ
TRXCPMY12903D00F90,Shiva,The Antlers,,spotify,4Ef1e8e4FXmi7j2wCOjREt
TRWXUFL128F428831A,Levitate Me,Pixies,,spotify,1jXc9B25MO46sAZN8vlotV
TRGLXTE128F14A3800,Everything Has Changed,Taylor Swift,,spotify,2si9smgJqjB3aCRpzz6rYE
TRHXMQR128F42ACE88,Shit Song,Kate Nash,,spotify,0aaoaJgqbo9PgDegkj9GpW
TRVVGTT128F42926AA,B is for Brutus,The Hives,,spotify,185cEmScRJuwFlSz5LBZUe
TRHGHXW128F145CA94,Now That I Know,Devendra Banhart,,spotify,5OQ5YDgQzjhXGN3aZGBGW3
TRWWAUC128F147A54F,Los Angeles Waltz,Razorlight,,spotify,0PdMKgALb0tw0cX3zEuktg
TRCCPPF128F1458E7E,Remote Control,Beastie Boys,,spotify,32ftxJzxMPgUFCM6Km9WTS
TRAQFDV128F92C4560,Learning To Fall,Boys Like Girls,,spotify,0gVVnrjRsNyIdUVFdyGWvk
TRIHQQH128F932D5D2,The Shower Scene,Brand New,,spotify,0LSTzdnM1nROKlV2AcKDkl
TRZCOLE128F428EFED,I Wish I Was Someone Better,Blood Red Shoes,,spotify,0KDgzTszGzPjsNtf2TktOy
TRIHPAT128F9304161,Death of Seasons,AFI,,spotify,0NeIz7cs9CxdgFdnB7IOKz
TRFNCZC128F931764C,Hold Me,Weezer,,spotify,1EcEyTTJrjguv0si31v2Yk
TRMFGJH128F92EAB88,Root,Deftones,,spotify,2jkZB94i573H134wKmsw2y
TRBVEIF128F42B9009,Ein Kompliment,Sportfreunde Stiller,,spotify,0KpySQ0rMJyy5vP1Ox1Deb
TREWKQE128F42B303B,Pendulous Threads,Incubus,,spotify,1x635g24J6eDAahIW467g5
TRHDEGD128F427EF92,The Bagman's Gambit,The Decemberists,,spotify,0w2Xlm5iWhz4k5kQJuROFw
TRRHSPQ12903CFA404,Julien,Placebo,,spotify,1BiRp0Z24NV1jxXiOhLRSt
TRXFDRB128E078A723,Night Drive,Jimmy Eat World,,spotify,0IOiEPf6vgWpqZ2Uv879w6
TRBMWVA128F92FEA9E,"On a Neck, On a Spit",Grizzly Bear,,spotify,18wtixhJzC2Shhk1A3F8eB
TRRTCJD128F932A77E,Ibi Dreams of Pavement (A Better Day),Broken Social Scene,,spotify,0Nz1d1IEYMLAZBio6GnCDV
TRCWUYQ12903CD1FB3,Classifieds,The Academy Is...,,spotify,4UQoHvunAMA4gT1UHrQgk4
TRIVOJW128F9332C0E,Devil On My Shoulder,Billy Talent,,spotify,0qWizYBHEHpanTbr95NDq0
TRZDXMH128F429EB49,The Bleeding Heart Show,The New Pornographers,,spotify,0KSrWqIpG3QVf5jZOnxMgJ
TRUWYFM128F423F000,No Children,The Mountain Goats,,spotify,4XpQ2F8NtzWMZ3g5t8qv2Y
TRDAUTD128F92DD6D9,Zak And Sara,Ben Folds,,spotify,0zrUkBHKh8tyfpUFS3Cnuf
TRUYFCC128F93238C4,This Is For Real,Motion City Soundtrack,,spotify,0Gufb54xJaGQ2uaIzsdkLF
TRACZSS128F424E1D9,Emily Kane,Art Brut,,spotify,0C3IBTWHCwTKIMJSWgABVB
TRFODZB12903CE2E56,Meantime,The Futureheads,,spotify,2hu4rRBaoSyLFwTYpROWq9
TRSPTUP128F933A6AF,Needy,Ariana Grande,,spotify,1TEL6MlSSVLSdhOSddidlJ
TRCMRNT128F423E60D,Latchmere,The Maccabees,,spotify,0J2h5jkxYoDJjKUuCGw3gp
TRXBULI128F4292380,People Say,Portugal. The Man,,spotify,0OavHSPHpBaGv4tXg9qdRX
TRTQRAL128E0781135,To Bring You My Love,PJ Harvey,,spotify,1KMAfQba4ieO43YaUYWN9w
TRPKOGH128F932D5D8,Last Chance to Lose Your Keys,Brand New,,spotify,1MtOVFeeovnnDHtDmB4tir
TRBGJPM128F93048FA,My Ship Isn't Pretty,Kings of Convenience,,spotify,6nJl2V8zK5rQitYwHrqtbH
TRVMOJA128F92ED5F3,Look What Happened,Less Than Jake,,spotify,17lhmxXNMZPwGoNnc739S8
TRXOPCE128F1464F47,Wheel,John Mayer,,spotify,2Jr39bnXx3WOUmdlI4S00f
TRUEFIM12903CD85B8,The End Of The World,The Cure,,spotify,0cPK4cXIm2Fs62Lb9dUOUl
TRWRUAD128F147C1DF,Early Sunsets Over Monroeville,My Chemical Romance,,spotify,154nfmaoJJLZTF5gYvPuEA
TRTROSY128F92F9798,I Have Forgiven Jesus,Morrissey,,spotify,0jKCJfWEL3pJQ3mN4xs106
TRZAQJK128F147D6FE,Broken Man,Boys Like Girls,,spotify,10wLGwHgQSc72Y7liVSlYs
TRROTZY128F42811EC,Speaking in Tongues,Eagles of Death Metal,,spotify,47n2kSMKKwwJPRN9PwLOB5
TROHUDY128F147A029,The Interview,AFI,,spotify,0MJujEM7qPIxSbm7hRthz3
TREZLJY128F427BFFE,156,Mew,,spotify,0EuxDK2ria7tszAZdtaJWZ
TRXQOCO128F427AAFA,It's Not Your Fault,New Found Glory,,spotify,0l4KiEi8j2OFrOqy1JpKWF
TRZLLRZ128F932D5DC,The No Seatbelt Song,Brand New,,spotify,2jWL2teuZa7DIOdu0JsyyI
TROJPMZ128F42425BF,Sleep All Day,Jason Mraz,,spotify,0Lvb5I6rWUSPoQSZ3u9eL8
TRUPJWR128F4273627,Beautiful Girl,William Fitzsimmons,,spotify,0Ai9xHNIAi1dp0fa6fnzhQ
TREMXHB128F9326809,Leslie Anne Levine,The Decemberists,,spotify,3CK1piPphvuK4kXdArzqa5
TRPEGDQ128F423B914,The Grand Conjuration,Opeth,,spotify,5uFU647R2yVxTSvjKk3iSz
TRAFPTW128F934ADED,Shine,Years & Years,,spotify,0DMb4xZVnxtk9ZfE0fdt1u
TRXCJLH128F92E5D3B,Spin,Taking Back Sunday,,spotify,24fP4ZsGA0zHq1G8MVRxx6
TRLUMFO12903CDEAF7,Season,The Academy Is...,,spotify,38HHP9FfLaHlCcDGohBaMJ
TRQVZGM128F146EDB2,Handshake Drugs,Wilco,,spotify,0nVCcdOFq7TIaeafLp5QgO
TRDTDUR128F42AF953,The Zookeeper's Boy,Mew,,spotify,007pucQ12P53YHzaqfRGnV
TRFCZWG128F427CE59,Sedated,Hozier,,spotify,0DiYloDeNBOjm82ampkIDD
TRZVZZL128F427EC4E,Smile Lines,Incubus,,spotify,2MMRnzB7It89ab0VTCe4YN
TRIMVXU128F424A41B,Home Life,John Mayer,,spotify,2OHr6MpiqRFh0rcxRSOe3d
TRUDLBR12903D0E8CD,Lovesick,Friendly Fires,,spotify,0Buqb38I326zac3qc6f0IQ
TRYTTJF128F92C4776,Magazines,Brand New,,spotify,34WSWj3vOPRUfwL3BHtvJd
TRGZSPT128F426E051,Use It,The New Pornographers,,spotify,3k9cEM6441ayqvSrlvlbb0
TRFRWXQ128F14632D7,Paralyzed,The Used,,spotify,0ThVXsQYfWl0cMlY43w5SO
TRARNZG128F425A2EB,The Missing Frame,AFI,,spotify,0e2aoWveaCSGgpvathR3K0
TRLLJAW128F427BB92,Snow Brigade,Mew,,spotify,1SfQsFliS2eCkZSM98CVb7
TRISXHB128F4214D23,I'm Ready,Jack's Mannequin,,spotify,08tZmvbJ0fB0eSBpiY9IGb
TROLGCK128F932017D,Down And Out,The Academy Is...,,spotify,61GHmhrPkfgMBqQvMtSSNi
TRSUGYS128F146EDB5,At Least That's What You Said,Wilco,,spotify,263uAmDYMkK8pU07QAnBKe
TRDBRNN128F933F9AB,Everest,Ratatat,,spotify,0eSMZ33PdyChF1lhBhLl3N
TRAVNET128F4299F0D,Prince,Deftones,,spotify,2OxSyTC8KDXIVKufIZLlVk
TROLKCW128E078F4BD,Rattlesnake,St. Vincent,,spotify,2jSNuYHcDAxWJJOt12uZQ7
TRXCKAY128F92FC437,Goddess,Banks,,spotify,0ojmuCRLu5Jhy2ro4KY7ya
TRUWMRX128F422059A,The List,Metric,,spotify,2rkwrXgn8iJhRJIslPWe5g
TRXNSNB128F427C75C,Limousine,Brand New,,spotify,0bTHInbcYZZ68l10PUgDPs
TRACUFP128F9316141,Last Hope,Paramore,,spotify,0ui3Yx7eLn1OslV5M4MldU
TRAXCSY128F42720AA,Red Right Ankle,The Decemberists,,spotify,6uiiSoSStckBZdfsg5rhMk
TRFOASC128F931F53A,Goodbye,Best Coast,,spotify,0Dh3lzSNdhJ0Q6nZdShZad
TRDKOUT128F93266D8,Laughing Gas,Neon Indian,,spotify,0MmLMFUclOkToUxJMZSe8x
TRXHTFP12903D08273,Anonanimal,Andrew Bird,,spotify,0cqzDb3kitY53jOqM7eN3w
TRNAMFY128E0781A95,Flute Loop,Beastie Boys,,spotify,1yUl2G3VJdkidTqXWBt2UD
TRWEKZA128F429EB4F,Sing Me Spanish Techno,The New Pornographers,,spotify,0AQ9u2gaJjL5FKg2MyTYfA
TRFQSFL128F424903E,Gangsta,tUnE-yArDs,,spotify,4ADQ1bUgUodBDjsfvJGMql
TRMKJAR128F4247C43,The Union,Taking Back Sunday,,spotify,130VrlFmgHb5Zy93esl5lW
TRMFWKC128F42AC208,My Little Brother,Art Brut,,spotify,0mbpEDdZHNMEDll6woEy8W
TRFNLQO12903CCB1B0,My Blue Heaven,Taking Back Sunday,,spotify,0JARIkwMHbHdAkpTb8rK9s
TRFXTYE128F9339248,Heavyweight Champion Of The World,Reverend and the Makers,,spotify,034LfcnCkTyd4YCOWabnht
TRHJDPQ128F9345FB2,Please Please Please,Shout Out Louds,,spotify,0Xky9XmG2LR8c2wsB0nJvA
TRQDDKR128F423F035,Into the White,Pixies,,spotify,051tQvyTMedAnD9P5PkJIl
TRFNNTE128F930058E,Chinatown,Destroyer,,spotify,40YBc3mR3yyqyYvtesQOMj
TRJAKYU128F42579E1,Providence,Foals,,spotify,4CbdkmEPMFUUhxFzLeZ3Ht
TRCAMOC128F932D5DB,Logan to Government Center,Brand New,,spotify,0xzAMuPwKPPV26DgIKUvEQ
TRDTSYL12903C9967B,Trains to Brazil,Guillemots,,spotify,0LihlyzSQVLegf3aEZIUJD
TRDWXTE128F4288387,Seven Years,Saosin,,spotify,0C71NJD4BhvPopTwI7a8KV
TRIWOPG128F14632D1,Sheepdog,Mando Diao,,spotify,09sn3KjbGgkGqDjV4yOeb8
TRRJVKE12903D07C0C,Breaking Away,Ratatat,,spotify,24gicvFqrZCOY3CjMGlgFh
TRGRUMN128F429AB39,Fault Line,Black Rebel Motorcycle Club,,spotify,20hLTXbjj0jhiyOQFwIqa0
TRXZLMU128F428CA32,Machines,Biffy Clyro,,spotify,04aBNbWBOgv0kcTaT4WQoj
TRORSQT128F1452177,Weight of the World,Black Rebel Motorcycle Club,,spotify,0Bj8g26qI1hngkvcngY0ld
TRVOGXK128F1489D35,Eyes Shut,Years & Years,,spotify,0cbKxDEF3R9Me3oyIpI0qn
TRHUGRR128F4280F49,Promiscuity,Manu Chao,,spotify,08DHW4qu0qWP4ptWb3fnfA
TRBMCFL128F42AD82B,Black Label,Lamb of God,,spotify,0Ps9RZZxlQMKZoR6urIpnW
TRSEAPN128F42333E9,Grow Grow Grow,PJ Harvey,,spotify,154DX2fQNk6cDZYP9nRbCS
TRSOLIB128F42819B1,Roy Walker,Belle and Sebastian,,spotify,5FgpGRoKBqdOoGNtsWHeXq
TRJXNSS128E07932A6,Middleman,Bright Eyes,,spotify,1VjdoiUGMPHEAvL95Kj9ym
TRUEZCH128F92EB57C,Wolf,First Aid Kit,,spotify,0I8neJTT3b16EzqvtXxt8K
TRZNARL128F42791BB,Bad Idea,Ariana Grande,,spotify,5Il6Oe7lr5XM7A0cWbVQtr
TRSPUSF128EF342B73,Cleanse Song,Bright Eyes,,spotify,0i9gkqrWddtVDVYz4glozR
TRCGEYB128F92FED6C,Prismism,Battles,,spotify,04z8PefziPyTXfGsSEDrHq
TROIPWL128F14A8645,Your Eyes,Bombay Bicycle Club,,spotify,0IDo4r9ggDZ02Zr6S1TsD2
TRGOFNO128F42AE3B2,Every Man Has a Molly,Say Anything,,spotify,0m1yl39WDQPjNCPoU9nCkc
TRFNZVN128F4243C71,Private Eye,Alkaline Trio,,spotify,18UyOSffHG4tIRBI4xoznb
TREMBQU128F9308669,A Bower Scene,The Decemberists,,spotify,15DcZmjj7xXS84GN6SEFUn
TRVHLTK128F14A66AA,Yeah (Crass Version),LCD Soundsystem,,spotify,0Tv3FQ9WTRXKaacoJG4JHU
TRFVSTI128F9311B85,Birthmark,Deftones,,spotify,0gWVilx5PbHEf0zrpp1TmQ
TRFVKKF12903C9D133,She's the One,Caribou,,spotify,0eKuxrB9L0avAgyO7gsY5S
TRFTGDG128F149BC3C,Fuckoff Is Not the Only Thing You Have to Show,Cansei de Ser Sexy,,spotify,1r45Eo1yawrtubJFYf7yDg
TRYXCRU128F42B785A,Grow Up,Paramore,,spotify,0CN01IrfLWS2CMmvpjyCls
TRLQYJV128F92E5A60,Get Home,Bastille,,spotify,17NxcEIgoRpCJfGhsQVkgn
TRGSPDV12903CD564A,Cavalier,James Vincent McMorrow,,spotify,0adxl5k67xlcRRsUqQA8Ze
TRLGMVE128EF3675A3,Hate It Here,Wilco,,spotify,0Ek1GZta8fB9uOGmj8hJC6
TRMIAQM128F4277AC3,Old White Lincoln,The Gaslight Anthem,,spotify,0lyxXvvotkDdWhCp9CNS2z
TRKFLCY128F92FF282,Another Morning Stoner,...And You Will Know Us by the Trail of Dead,,spotify,05Jmd0J5HjkvbGKld9ChuA
TRRCXFL128F42BCE98,All Time Lows,Hellogoodbye,,spotify,26yka69RXiAmYMowauW2Hc
TRCNZPD128F4280CC7,Very Loud,Shout Out Louds,,spotify,5GXiVuaMeZbhYoDookOSzb
TRUOPXM128F421D413,Last Exit,Pearl Jam,,spotify,14nXZK4Q21Dl9M6zFAoZWd
TRAMPSM128F42442EC,Who's Got A Match?,Biffy Clyro,,spotify,1O1v3Oeb2tpvApLsfTnEWl
TRLJGWY12903CEAF93,Apocalypso,Mew,,spotify,1EVoqnDXO2bZFY67AZIjUq
TRGKWHO128F933361A,Sic Transit Gloria ... Glory Fades,Brand New,,spotify,0pvhEbASPopl8PVOXBvXrr
TRPVSZX128F428C6A4,Forget My Name,New Found Glory,,spotify,2IG7yaPIfSZNezPViyjza6
TRHEKXQ128F429579B,She Has A Girlfriend Now,Reel Big Fish,,spotify,0ey4QX5oBnDZj3NO80QiKq
TRFPQSK128F424EDE4,In Dreams,Ben Howard,,spotify,0NtO8R2saehkOjdlPrRq0V
TRLXWYI128EF342433,The Dress,Blonde Redhead,,spotify,0He7e17aADpywRn2UPZmqz
TRDVWBZ128F932D5DE,Secondary,Brand New,,spotify,0ryvufj1gyZ45oi2HCs9vf
TRUGIYU128F92ED9F6,You & I,Local Natives,,spotify,2ipYwgch0mFd2musukJ8ZD
TRAQYIS128F934ACF6,Breakthrough,Modest Mouse,,spotify,07UYuCXQPXjShoGrDCW3oM
TRYINMA128F931D77D,Glass,Incubus,,spotify,3TE6pvkpCDVElyH7NoQoyh
TRSEDYQ128F92F0652,Helix,Justice,,spotify,0N6BmMvOpSwfnaYLqDO2JE
TRCVOLK128F423EA9C,Trompe le Monde,Pixies,,spotify,7F8Ee5OCF276CR3veChEKL
TRLRGAB12903CE38D4,The Mercy Seat,Nick Cave & The Bad Seeds,,spotify,0z8Zhhb62Ph7gDzEWbpjQ6
TRVTKLN128F422443B,Good Weekend,Art Brut,,spotify,0F6jwiMLldfaaNG34DAqNJ
TRIMAJN128F427FCF0,Little Man,Little Dragon,,spotify,03uOhpVAX3Anci7dQNoUb1
TRFSDSP128F9330ED2,Agenda Suicide,The Faint,,spotify,2GFVZ1rClC7W1SDQd2lTqG
TRXJSNF128F4241818,Miss Delaney,Jack's Mannequin,,spotify,0RPIxoK8LGtBP7oEm0DMRI
TRLHWWN128F4241AF8,Red Sam,Flyleaf,,spotify,1dgq6eRYOx8sp0O5UvHNyX
TRRLBXV128F42815E1,Hand In Hand,Beatsteaks,,spotify,1eq6bmYN3VOZEAIuwKxGOH
TRXCVWW12903CF5EE9,Lover,Devendra Banhart,,spotify,0nH48M8Aoj5K47JZLlBmlZ
TRUNKMT128F9318AEA,Walking the Dog,fun.,,spotify,0a0HrCz02LWdzEItbMBfPt
TREYCXK128F4289175,Capital H,Motion City Soundtrack,,spotify,0Kn2HBDTSpL6qh69lOammY
TRLKKNC128F14AA17D,The Kiss,The Cure,,spotify,3h78GRBgP73uBUnNRwMADl
TRXNRDY128F92DD6D8,One Angry Dwarf and 200 Solemn Faces,Ben Folds Five,,spotify,0QOIhQepGbDSWj70HP4k8A
TRAPGKY128F42972A9,Mailbox Arson,Alexisonfire,,spotify,0nL0Kczu0MVTUJysPICG3E
TRZGGHL12903CDBF1F,The Dirty Glass,Dropkick Murphys,,spotify,0GlC0IeWvqlGLVJBuSnDP0
TRPLBHX128F93176C8,1996,The Wombats,,spotify,2wfrWAfJ34NbQcl4c1DPC3
TRIOONU128F4281B6B,Lillian,44,,spotify,0mTYsPh5IaQV7XPdU4gBfI
TRUKQXD128F92DDBA8,All That's Left,Thrice,,spotify,0q0I6csR7fzfwc7A1oXtVV
TRAMIHQ128F4262218,MFC,Pearl Jam,,spotify,1ApXKBWO0SC24kPK41hloy
TRRTIHM128F42781BF,Living Together,Circa Survive,,spotify,29oOodXb0H6US9LKWJkjvp
TRFNZQZ12903CE503E,Come Back,Pearl Jam,,spotify,0sHdUji2tWxiRDfShSWHUN
TRLPMSX128F92FD556,Say Goodbye,Dave Matthews Band,,spotify,2lDFZOo9ZxG7g7y1FDWx2k
TRMJYRY128F42972AE,We Are The Sound,Alexisonfire,,spotify,1erKlsYvqKBRpOb4xF4ox9
TRUEDHI128F423D2D6,I Hear Voices,Kasabian,,spotify,0ykKbv1uPwvL7JaTTH469c
TRAEESD12903CE28FC,Shake It Out,Manchester Orchestra,,spotify,4oS1UEAjl1Fs2nCpOAbp9Q
TRLNGSF12903CEF018,This Could Be Love,Alkaline Trio,,spotify,17DN7yhBJrfz806bww3VxD
TRBYDKJ12903CA9D33,Black Door,The Black Keys,,spotify,1WCLCeStVs2Z7kMoqG3pJm
TRSYNTV128F1462B70,Under A Killing Moon,Thrice,,spotify,0XiivUyimrmkUyJkKiILPW
TRFNNTA128F930DFE7,Odalisque,The Decemberists,,spotify,0bqO8DJpo7NGf3ibWGerqv
TRRHVKZ12903CDEBA9,Real,Years & Years,,spotify,0A2d4khGCCkWJS0SAZNxoP
TRBCYWT128EF34C263,The Church Of Hot Addiction,Cobra Starship,,spotify,0iN2SyyPW0DJoPKAe56Orl
TRXSRDQ128F426CB7F,The Gambler,fun.,,spotify,1xPSUt1E8YgrQPWOozsGe5
TRGEFGD128F92D015A,Second To None,Phoenix,,spotify,1DbWu2Hz2mtVJzNghzEWE7
TRAAKDF128F92FA302,Hell,Tegan and Sara,,spotify,06AyNDYJ3qNfukTtkWcFdC
TRHFEMY128F14979BA,A Better Son/Daughter,Rilo Kiley,,spotify,1EbrdPBrDb0BQJcBrzbP4L
TRMFWDD128F4262361,The Ripper,The Used,,spotify,0exqjhSWHO6SLsnEfhQI9J
TRRLSNM12903CE009D,Theologians,Wilco,,spotify,0wU0dderT0gshQ9KnooRi0
TRUIUVC128F425F085,Choose,Stone Sour,,spotify,0k7LogNRYMTTvCaSfP9BJK
TRCSWGN128F427C764,Not The Same,Ben Folds,,spotify,0QmSEMpnWRrVZ1o9oyjZF3
TRSAPIA128F42B6364,Grand Theft Autumn/Where Is Your Boy,Fall Out Boy,,spotify,02WfKxLdKIHi5grvCiY2cs
TRZETXI12903CA9B4E,I Only Wanna Be With You,Volbeat,,spotify,0JRab5KK5TKRiUuLiRw0WD
TRXGVOS128F92D02D7,Same Old Thing,The Streets,,spotify,2SpZXih2PRDXRN5NXjwClt
TRFXOCI128F42972B5,We Are The End,Alexisonfire,,spotify,0zIt5fQkDXHO2ouIhdYiFa
TRUMBAH128F1485B10,Viscera Eyes,The Mars Volta,,spotify,61cwDniUONbMc39S2Vl2Wx
TRMRAHR128F428ABA2,Trying to Find a Balance,Atmosphere,,spotify,0eE58rFwPTkITwhfXLZ3vb
TRVIFAP128F931FA8A,Away From Here,The Enemy,,spotify,107FPfwR1s6GZb7F0XZd42
TRDWPGB128F42B63B2,Hey Brittany,Forever the Sickest Kids,,spotify,0lQCuENgaGlBbWjoGtf1iv
TROPGXT128F42BA102,No Stopping Us,Jason Mraz,,spotify,05aOhqraGCEElAG5vvAtN5
TRLPWRD128F930F2F5,The Wrong Way,TV on the Radio,,spotify,0FK6MmgK3pmlV9G634DfON
TRZGATD12903CC67CE,The Party's Crashing Us,of Montreal,,spotify,12zvitvNTaAM6HxMPGm1vh
TRCTJDD128F425B814,Lay Low,My Morning Jacket,,spotify,0z5Y0dHpIftKUiUMpJvhn9
TRSGVGQ128E0796068,John Wayne,Lady Gaga,,spotify,1vwTGFOq34pA2d0VUikL3W
TRAHDEK128F4280192,We've Had Enough,Alkaline Trio,,spotify,0z2GhxLrQxAJ4F8bEGhSIZ
TRRBNKK128F92F99F0,White Palms,Black Rebel Motorcycle Club,,spotify,2P2Q9GZdKYVxtavGemBok6
TRADQKW12903D05AE1,Island,The Starting Line,,spotify,3hNP4CAPMC8LR4osLFUi4Q
TRBVUOK128F9311A26,Ambulance,TV on the Radio,,spotify,1EanLfPt1ExlBwE7ui1yqU
TRDFHQU128F148AE45,The Places You Have Come To Fear The Most,Dashboard Confessional,,spotify,1HZbwcxoL45sYHu5In8Bdm
TROPFFR128F92DCC77,Mi Viejo,Ratatat,,spotify,31b3ZlKzh0uN7FAeoJg4DF
TRERLQB128EF34DF91,Say This Sooner,The Almost,,spotify,3eFb3b6HRkioVXETNx1AX7
TRCTRCR12903D0026C,Comatose,Pearl Jam,,spotify,3cwOLvUffM7eDMgd8NKJn4
TRGZXWZ128F425D4C5,All You Need Is Me,Morrissey,,spotify,0dWby1keIfuR1tmV4whW8D
TRKJQQI128F427D632,Another Story,The Head and the Heart,,spotify,1bG03P09lqQN38vyodJE9p
TRMGUFM128F92E4276,Three Evils (Embodied In Love And Shadow),Coheed and Cambria,,spotify,0quPDPoMCsBj6Maqjox6Le
TRHZMPR128F42A52CB,Challengers,The New Pornographers,,spotify,33ZcFxD1OhwjMuiK4CuSvo
TRXHOFA128F424A15E,All the Rage,Funeral for a Friend,,spotify,0Al5GzxSOC4RoU3QhrSEFL
TRLVPIZ128F4247E86,Fallin' Apart,The All-American Rejects,,spotify,0cz3yQwItBD2QwZsEl7LTM
TRGADLW128F148AE42,The Good Fight,Dashboard Confessional,,spotify,0lsrmaLdogT49GKtffXWMi
TRLWFSO128F426745A,Stay Young,We the Kings,,spotify,07eTzkyk9kchG87D7qcxyu
TRRDHDO128F92EFA5B,Trimm Trabb,Blur,,spotify,01fSXBxjBbkAJ193kfUoUc
TRLJBNM128F4288309,I've Been Tired,Pixies,,spotify,2OZekrIBqBxrEXSQiv7jSU
TRUDRSS128F932C7DB,Part II,Paramore,,spotify,6ftTwtce4N6DGsywJmeZeQ
TRILOMG12903D0ABF1,The Mountain,PJ Harvey,,spotify,0Ag8QVFCWMhmgWBVYrBVT5
TRXRWSN128F1489C96,Divine Intervention,Taking Back Sunday,,spotify,17UlGvYK5ZJUBjL3D6G1jv
TRSEVEV128F42A67DF,Mathletics,Foals,,spotify,0nFt9M7lCK4DQ3EvAhMf7D
TRFPLWB128F42883C4,Northern Lights,St. Vincent,,spotify,7rvHURhjAcCmaiZiqGc8DG
TRZTOGF128F42AADFE,Say Anything,Good Charlotte,,spotify,0EWxV55Ybl9y8N5xG7km7S
TRNBFRU128F93269F5,The Soldiering Life,The Decemberists,,spotify,0fOKuHzHbTVNHOqB79ph4v
TRYRVDR128EF342B77,Lime Tree,Bright Eyes,,spotify,0vbdsjmVzoJDFTKqa1Dz6W
TRIOWII128EF3581F6,Good Day,The Dresden Dolls,,spotify,5CSTnZcNc5nOpiG3a9cwE3
TRLJEYB12903CEA9C3,Charlotte,Air Traffic,,spotify,02OCTQqFzcoZl23Uxnn3hY
TRAOCYJ128F9305B63,Xtatic Truth,Crystal Fighters,,spotify,0D1Fdw3ncPEABBzsGw2pfs
TRRPRYR128F424F089,Well All Right!,The Hives,,spotify,0QNJSJiDbqAdk2M0bSS4tc
TRORGZI128F93583C7,As You Are,Travis,,spotify,2P3NRpOP0L7O9Hgo6EeA4v
TRAOMKL12903CEE82B,Take Shelter,Years & Years,,spotify,0dftdFz4eI4kGctUMLBxUc
TRDZABL12903CB4894,Shallows,Daughter,,spotify,0PZmgHEwlQMfEEg80MYHEq
TRNPJPA128F1456E62,Your New Aesthetic,Jimmy Eat World,,spotify,0gL7j0cio6IOFizDz0kKpu
TRDZBOU128F92E43E3,Live It Out,Metric,,spotify,0KQdCOSPbVFflUTiKNUGrj
TRRERUT128F1477144,Carry This Picture,Dashboard Confessional,,spotify,0KsnEJZDbqbvXPBiEiKY0c
TRFNAQZ128F1485F8C,Wishful Thinking,Wilco,,spotify,0dtE0WU3amPbO9zUY9XMyC
TRRRQSY128F92F5DA2,Giving Up,Silverstein,,spotify,1eEpv4xpj630M7EAkfSPoe
TRUOBOB128F4273E6A,King of the World,First Aid Kit,,spotify,0ewWHUwUotIHLMLbvjDjJK
TRFRIEH128F92DDE4E,everytime,Ariana Grande,,spotify,0WdR2AyLW1Drd3OUdwezM0
TRRRIVO128F930867B,An Interlude,The Decemberists,,spotify,0h6zNG0N1cgh4fj7blWeqX
TRJJJKF128F4269E7A,Suspension,MAE,,spotify,0nF6w08r5w3RsjKpgNYcHd
TRAELLV128F1495C30,Signals Over The Air,Thursday,,spotify,0CSWcgTrVlLAqNy0IOKwUm
TRHVLHG128F4229997,Put Your Dukes Up John,Arctic Monkeys,,spotify,0NrQ0bj13rjLl0f80TW5GZ
TRMTLQB128F145AD2C,The Blood,The Cure,,spotify,5l9iGzxu8h9wA1meQUZ9X4
TREIKBR12903CE300A,Saint Veronika,Billy Talent,,spotify,0d68rizMmDdlNQ75eK8c1V
TRGFVQF128F42392D2,Leave It,Bombay Bicycle Club,,spotify,0fQ8sreE8JDqoZjoJ8iXAY
TRADQYA128F42465F2,Waiting,The Red Jumpsuit Apparatus,,spotify,1m6miya04zNlUTaa8nXZJe
TRQQVMX128F4258AF5,Flynn,Ratatat,,spotify,0knFp3lwo5PFnVm7xNeCPr
TRBFICZ128F930F6F9,Stuck Between Stations,The Hold Steady,,spotify,0BBa07TS9FO1AReS2eGOqc
TRDPYDR12903CB73A3,Vices,Brand New,,spotify,04IgJXw7Wq1lDLefyMAUAC
TRPXBMS128E078113F,Long Snake Moan,PJ Harvey,,spotify,1E6Ech78NtPReEg55SaACE
TRXYCVZ12903CD81E8,Come Close,Saosin,,spotify,1GRIIcHnJVRNEi2K5evTUi
TRFPJGF128E0791AA5,M,The Cure,,spotify,2iyEvZdipDeCmSW8v8PA32
TRGSFKR128E0785F26,Olio,The Rapture,,spotify,06fazhtYNEVUoqSKL0nss7
TRLOZVW128F14A6E5A,Make Up,Ariana Grande,,spotify,27356GVuMPFWiJSZCragoM
TRRGQNM128F425414C,Falling Man,Blonde Redhead,,spotify,2GOTtdTAjFnbj5iX3GBUVV
TRLNBPN128F92F6FCC,Slow Motion,Panda Bear,,spotify,0NFe3AWWp1lulRmH781AHS
TRYYBYJ128F9301FF5,Return To Oz,Scissor Sisters,,spotify,0UkLkr2v3uzHdgUW7Bmuae
TRWBZBB12903C9BDBF,Stay (Wasting Time),Dave Matthews Band,,spotify,2prt7Yn1NheVqcNcpoplSp
TRJBPAN128F1497D13,Matinee,Franz Ferdinand,,spotify,05EdSK9J4tmZPnkgMJUd7l
TROVAJA128F934F338,Guitar,Cake,,spotify,0HjePjuY2nQXi7kgIz9Ur8
TRRKFPE128F425EBDC,My Everything,Ariana Grande,,spotify,0b0hbaQZnkFDOGjOUkIbUK
TRXCXWJ128F93111BA,Evolution,Cat Power,,spotify,5S5jJqBSstZFeqMVDtNlEl
TRFIAED12903CE8939,A More Perfect Union,Titus Andronicus,,spotify,1LkQO9GFlJGCyXDP00YnlI
TRVRCOF128F4270993,Stuck To You,Hellogoodbye,,spotify,3U2KTKoPzzH84vDfQvyzrE
TRKEDKN128F1499A40,If It's Not With You,Phoenix,,spotify,1FmeXV0soZJ7QSQrY7dWaz
TRWRIGN128F146EDB0,The Late Greats,Wilco,,spotify,090yY1Bkp3xJ96acmvYY5i
TRLHCDU128F429EFD0,Unless It's Kicks,Okkervil River,,spotify,3XmDxyejThCnxHXG7oPafv
TRHZDAY128F424B26A,Death Valley,Fall Out Boy,,spotify,2hRVlvgLBv2SkqIXycntsF
TRNQUYD12903C9BDB6,Jimi Thing,Dave Matthews Band,,spotify,1ZqWroaJ6jk1CiufXZnQBr
TRJCIYT128EF356B39,Half Jack,The Dresden Dolls,,spotify,7AwhnHPtsj2V5a5gxjt5WB
TRVRLEW12903CD4E29,Chinaberry Tree,Mew,,spotify,2Gu3elF1lTfCtZBJOrogYc
TRMLXNN128F9320611,High on the Heels,The Whitest Boy Alive,,spotify,2N9Y6DDIZBLlO13bUxznb1
TRXHTLI12903CF56B7,Death and Destruction,Weezer,,spotify,1COOCMghX4a1Z6dnv9hBZO
TRSXMZN128F42AE881,Why Are You Looking Grave?,Mew,,spotify,1xw6axn7OCcOUhdxo8XZqM
TRGMWUO128F42902B4,Hafsól,Sigur Rós,,spotify,0WL8mJeoSSRWU9Y0Uls18U
TRJUETT128F146EDBA,Via Chicago,Wilco,,spotify,0dl4Yb29wj8455kuKSSboL
TRNVVRZ12903CC67C9,I Was Never Young,of Montreal,,spotify,1gH67mbhp2drJclwqAFJg3
TRAYXUJ12903C9D5BC,Super Soaker,Wavves,,spotify,11zVSHVdDs4Yw0k36HEVfI
TRUIXBK12903CDBF15,Sunshine Highway,Dropkick Murphys,,spotify,0DcUG0t31GoBpINgPTukPQ
TRXJRRN128F426EBE3,Broken Heart,Motion City Soundtrack,,spotify,0egj53anF9MARTdFniIDJ9
TRUGUOJ12903CEF520,Proof,Paramore,,spotify,4KZIeGOmATZoP3OJcxXexY
TRAYZFO128F148367C,Marigold,Foo Fighters,,spotify,2NgGZLoYcPfE4WWrJ1uSor
TRLLHES12903CBF909,Ego,The Sounds,,spotify,0L6WrmCORB4wD8zvHMYqRo
TRSOPTT128F146EDC3,Spiders (Kidsmoke),Wilco,,spotify,3drB17fttvINGs70pCQY94
TROMHMC12903CB73A9,You Stole,Brand New,,spotify,0piYAOFVcVusyNmsK4q990
TRCRJER128F4268313,Amy,Ryan Adams,,spotify,5bUl4spKG7ybkGABsprqDR
TRMVPAP128F4267DF0,You Can't Steal My Love,Mando Diao,,spotify,4R7NLVLt1qyYsqqieGkf7B
TRCXAPO128F4288EA5,Faggot,Mindless Self Indulgence,,spotify,09RhTAi0nuzCs5KS2XWSs5
TRXHUJS128F42BCEA7,Two Weeks In Hawaii,Hellogoodbye,,spotify,06ma4jBAVASUAG15pKWdj1
TRMSQRN128F932DFA3,Blankest Year,Nada Surf,,spotify,3sEKDrkQqMSsN0zNrficA4
TRVJSBG128F9354279,R.E.M,Ariana Grande,,spotify,1xWH8zYtDeS9mW1JJG23VZ
TRDXKIP128F9325D8A,Generation,Simple Plan,,spotify,2BZsodki1uBYLKiPjv5O16
TRNCALM12903CDB2E7,Ridin' in My Car,She & Him,,spotify,0WmnVNNlSpuGYp7lZebALP
TRTXIPL128F9315150,Cough Cough,Everything Everything,,spotify,2SWVjpzR8VlLBfExHYD6Pk
TRGNVDE128F934265A,Joanne,Lady Gaga,,spotify,1ahtahsp8Znd2SWA27fx7l
TRPMABM128F936524C,In Step,Girl Talk,,spotify,6DraJdQzb2zlaIrF4ts93Q
TRRFUOB128F428B599,Bad Habit,The Dresden Dolls,,spotify,0AEPP2eTyzjU0C6IEmroVO
TRLTPTG128F93150F2,Sink,Brand New,,spotify,2Dwh7WQaZYSIbC96gLJjuY
TRAQLFP128F429BED6,Blister,Jimmy Eat World,,spotify,1k4SbPrQlJws5oxPvVi6bP
TRADEDI128F92D6635,No Hope,The Vaccines,,spotify,0USPnxjQSxhQr1v0YZ734P
TRLIVZO128F933AF7E,Ex Lover,Friendly Fires,,spotify,0olmvjiNIM7jyJjM2ehWws
TRYTDNZ128F425206B,A Stroll Through Hive Manor Corridors,The Hives,,spotify,15vbe7RCy91yyAy9dwtyvf
TRMFIUI128F4258B16,Dura,Ratatat,,spotify,0VZ6mg55npAHKjDj299vSF
TRNZUTZ128F42BCEA5,Touchdown Turnaround (Don't Give Up On Me),Hellogoodbye,,spotify,0KOGXfYusLeSI9Dbb4GXu1
TRILJWS128F9337236,Words,Doves,,spotify,08ZAlezUPXkqPCptD3JcZx
TRNBRDR128F931991A,Where Have You Been?,Manchester Orchestra,,spotify,16UO8HXyOm5NTxsZiVPpoP
TRXIGXJ12903CDCA96,Disappearing Act,Grizzly Bear,,spotify,1b8gvMkihXmYPa61AC7Rqs
TRIPTUT128F428F9FB,Composure,Warpaint,,spotify,4xEFm5RzpShNosiiRaunxM
TRLXIBO128F9347A72,I Don't Wanna Know,New Found Glory,,spotify,0EosY41ozajeAz7mCMwo1K
TRFNPDM128F42720A3,The Bachelor and the Bride,The Decemberists,,spotify,44S9WDCJMuZ1StzYJPxdP4
TRXCVOY128F42410C5,Circles,Digitalism,,spotify,14p3pARb13ME9hms2v6wYr
TRDVGEY128F424E1D6,Modern Art,Art Brut,,spotify,02HdqOJ8lnAoEnDt4xGf5T
TRKMLXZ128E07816E1,Lovely Creature,Nick Cave & The Bad Seeds,,spotify,22YO1OD2rFQrzxh3OOWCSL
TRQYUHC128F4258B0D,Imperials,Ratatat,,spotify,05UajzBHnDQhXpYqAIPrBZ
TRWOGHM128F42AE3B8,Admit It!!!,Say Anything,,spotify,012EyxFhYQdXdTMWQlqcJH
TRDNOZL128F4235294,Dirty Business,The Dresden Dolls,,spotify,41MFscsRs7TXp9ReR72TYU
TRQMIKK128F426FFFB,Le Garage,The Futureheads,,spotify,2didoGbgsKR7dxKYu8rZCg
TROMMZT128F1485FA5,Party Hard,Pulp,,spotify,1Ur0ViUn2gxahoBhRA0SQl
TRPIDAD128F429EA66,The Laws Have Changed,The New Pornographers,,spotify,04dgllyJm3dF5R614IlpIi
TRRBRDG128F9321658,Man Must Dance,Johnossi,,spotify,3eC3vjM70I5jCxdbAvxDKq
TRXTKSE128F427C623,Mandala,Circa Survive,,spotify,15idswHgZXxN8rwzdnM2yY
TRFTCDY128F931525C,Float,Flogging Molly,,spotify,05F2oCgb0b0m1bnoOPpMX4
TRRFHST128F425C75F,Confusion,The Zutons,,spotify,0aCP0x8oS3Zy4ZX7UnP7Nf
TRGFZPN128EF340456,Holes,Mercury Rev,,spotify,04CTie5Q5VkxsGyzLtIfwF
TRVZVOP128F423EAA2,Palace of the Brine,Pixies,,spotify,3nLAVywdGl7ndwkJ7bMvuB
TRGNKVA128F4298113,Rockers To Swallow,Yeah Yeah Yeahs,,spotify,0Fryv6EZwUIZ6jvoETkHsV
TRCVWMY12903CA7289,Bitches,Mindless Self Indulgence,,spotify,7wwLxmUVLCfySaJ0fdyelI
TRFVNST128F42A75C9,Two,Ryan Adams,,spotify,0YghHZIreR1Az23PIN6nSx
TRUHYTM128F93345D2,Idiot,Wavves,,spotify,015h1GSY7gj8LS2SmcvWjo
TRUFSLY12903D0309C,It Had To Be You,Motion City Soundtrack,,spotify,0A5PTmSlQyqs8JL6vqV1E2
TRMFAWD128F932B11D,Coming Up Easy,Paolo Nutini,,spotify,0MzYPchcKNe8vR3Pb9uk7c
TRXORUE128F4237D5B,The Hat,Ingrid Michaelson,,spotify,2p4qxX6se537fguMdbQth1
TRACBLF128F428A21B,Misunderstood,Wilco,,spotify,1vTrE6ltaxo9X2iYYFhovs
TRFMWTR128F425B03D,Walk On By,Cake,,spotify,0VigOMpF3qrGdWycRXdgne
TRFRSFX128F9308671,The Hazards of Love 2 (Wager All),The Decemberists,,spotify,0INPWn5NWxFAlNgNkFFq0V
TRIOIYQ128F4244A6A,Salvador,Jamie T,,spotify,0BkB0dSF6a9nPVfOWKXJmG
TRDJUJT128F42825FF,Time Consumer,Coheed and Cambria,,spotify,01PW4iTCvh9cUHPF0eV7H3
TRCQZEL128F92C9686,Party Time,Phoenix,,spotify,39B5BzcJcPMGP3JuKg7g58
TRBEDQQ128F9332C17,Tears Into Wine,Billy Talent,,spotify,0bf0OMyXvUHB3Mbb4jsE4r
TROIWJE128F932A2A8,No Rest,Dry the River,,spotify,0eAQLC27LQyjm9fkb7r0Jr
TRWGWRG128F1476A21,There Could Be Nothing After This,Underoath,,spotify,0mNq7RNDBjoTqd2XT36qUL
TRUFQGL128F4272C6C,Dizzy,Jimmy Eat World,,spotify,1XDDiSr3kCy2TztO3xGeoO
TRITNGC128F14845BD,Shining Light,Ash,,spotify,0qon3HeIjzLgbg4krRIH5G
TRHJXGI12903CDCABC,Paid in Full,Sonata Arctica,,spotify,0UBhSTSUIzjdIGV9lrOD4G
TRJLRCA12903CFB3CD,Hesitate,Stone Sour,,spotify,0vgpbEfkcUF09VNkcrQRWi
TRLRJMJ128F42AE3A7,The Writhing South,Say Anything,,spotify,0T3PAoiyebBlDajenxYKrb
TRGFFXV128F146E8D0,I'll Let You Live,Taking Back Sunday,,spotify,0f0b9WmW6MsNnbmdQKz6VU
TRAVEUJ128F9332263,Sonny,New Found Glory,,spotify,09chrpw08ET63Kxoea3v2X
TRADPUZ128F4279475,Satellite,TV on the Radio,,spotify,10ALNnIQasEHZEvcCDpW1s
TRRFVIV128F4240768,Do You Feel,The Rocket Summer,,spotify,5nFBUL1ioMk9sSyvUKeMhl
TROENFE128F932DFBB,Love Rhymes With Hideous Car Wreck,The Blood Brothers,,spotify,0wis1jXpqNmE003hntutqk
TRQZFVP128F4298DD3,Ocean and Atlantic,Mayday Parade,,spotify,3gm97OLG3cx0pKyCWp8orZ
TRRNNXD128F92F6DAC,Better Open The Door,Motion City Soundtrack,,spotify,0arTmQaKygFs9woYaKseG9
TRGEFCP128F92FE955,True Believers,The Bouncing Souls,,spotify,0414hUhO7qUkcdDNaFHeyh
TRFQUGU128F42B0A6E,24 Hours,The Sounds,,spotify,1Fpi6DTUhLE7YZX9xXd1wV
TRFWBMY128F934612C,"Run, Don't Walk",Hey Monday,,spotify,4sR1nu9EsgqurdnYEp7vdz
TRYEWFY128F93657FE,Slave,Weezer,,spotify,1TTzD6CVofizZm9CeTyhsG
TREMERW128F429EA31,Letter From an Occupant,The New Pornographers,,spotify,6kWJkmrmEc63gX0b5TXN80
TROLGYQ128E0791D88,Hold Me Down,Motion City Soundtrack,,spotify,12GSXA0SvAqn4HrSkJZF2S
TRRUTHC128F93269F3,Song for Myla Goldberg,The Decemberists,,spotify,09s1y92AINkVYGcUN0eZvG
TRAPVFE128F92D1DE0,Illumination,Gogol Bordello,,spotify,0zZXFfFJCkS1WgPoQWjwCB
TRUHTMA128F93307CC,Poltergeist,Deftones,,spotify,109Reh7np1btqIGNbVTAq3
TRFFLLB12903D011C8,The Cedar Room,Doves,,spotify,0lGUONhrHHAKXGYzjgot1q
TRZRVID12903CBBD53,Ten,Jimmy Eat World,,spotify,0KNv6XYViJWVGzAGlYXbo9
TRDFQMM128F424A412,Diamond Heart,Lady Gaga,,spotify,1B6EBoYD5PMBTjpL3aABp1
TRMTZGI128F1478064,The Fourth Drink Instinct,Cute Is What We Aim For,,spotify,72CeePxdNKytaRhClPaHKb
TRITVOV128F1462B7A,Paper Tigers,Thrice,,spotify,0I7ySGx1k4OhYO7c5hGzDH
TROLETZ12903CDF8A1,Heroine,Blonde Redhead,,spotify,0y3MGjlkoOIp9KOSVuvCif
TRBBQRV12903CC03A5,Perfume-V,Pavement,,spotify,5iupfg9bpwtMAj6OMsYDLh
TRIPBQJ128F931F101,Poppy,TV on the Radio,,spotify,0ZRVgNJwd2qBAQgk0J83CI
TROHCBT12903CDC9EA,Dead End,The Whitest Boy Alive,,spotify,0g5Vi1mR3LP99Fo4gYgbpG
TROBYMT128F4270956,Tuff Gnarl,Sonic Youth,,spotify,0uMMjZ9A2da4gVKpYEzMGw
TRDCENA128EF3663C4,I'm Always Right,The Pigeon Detectives,,spotify,2vDL0Mu8bBtpC3NIuUNKHv
TRICLGL128F428267B,Everything Evil,Coheed and Cambria,,spotify,027xBcyb3m3dtGZ0yjger7
TRCUORC128F42278BC,Get Some,Chevelle,,spotify,0ZnEHszzhxBLeVyKiMqnu6
TRAQJNF128F14961A1,Comfort Me,Feist,,spotify,0BFsS9wz03KzuFzy0f4KPW
TRCQXNW128F42913CF,Recovery,Frank Turner,,spotify,08xnp91pV2aEehxzzEk5XT
TRVIRWX12903D0829B,Scythian Empires,Andrew Bird,,spotify,1XbFNROBlidAkAzAb5AeTc
TRZVNTS12903CDA128,I Like You,Morrissey,,spotify,1FyOtOj7WJbuI5wcCFhrmX
TRUKRMI128F4266F18,Smoke,Ben Folds Five,,spotify,02iEHk6q0DJ4gUA3O4d1vs
TRLNKNC12903CDE091,Afterglow,Wilkinson,,spotify,05jwtBeuqmicaLYuss55SQ
TREPSBA128F148AE54,The Compromise,The Format,,spotify,43fhdSu4ijF9HSaKOyM2UP
TRZBJXM12903CE8959,The Likes of You Again,Flogging Molly,,spotify,0vnvT1ADc3ZGoQGFV6n2Wh
TROWUZD128F1465363,Too Real,Black Rebel Motorcycle Club,,spotify,0cByPGokDVaVkvyUeQ11Gf
TRJTPYU128F9314659,Carry,Isis,,spotify,0ihyzr6QLivXFhAzzypoBG
TRBTYFZ128F424BE8A,Night After Night,The Sounds,,spotify,0dBqwikaeb6ScpiiIcBK4G
TRXHNQV128F423C35D,Dance Music,The Mountain Goats,,spotify,07gqJjvwwuZ1assFLKbiNn
TROPMFH128F1464D1E,From This Day,Machine Head,,spotify,2GQxHKJLYTDVQ5mtNhHD37
TRXDUOG128F4258B33,Black Heroes,Ratatat,,spotify,4Gw1KdXp3zzAQgBpM0F5Vu
TRVVTCO128F429BED1,12.23.95,Jimmy Eat World,,spotify,2NsnhsedDW5m2os1NrXxGO
TRRUSXB128F92C293B,About to Die,Dirty Projectors,,spotify,04TTzaHl1cHBXvAr9Y86kn
TRRGGGE128F424DA24,Possibilities,Weezer,,spotify,31gzDrOTZQZEgGexCztJNP
TRRQFOQ12903CBFE35,Lost in Paradise,Evanescence,,spotify,0lhFMSNufXNvRqYihwDQ0U
TRHSQNN128F426EAC9,Tomboy,Panda Bear,,spotify,0vqw1t8EGZsbSwzLNvJFZa
TRFORCT128F92F3BB1,Made of Stone,Evanescence,,spotify,0kGHTmbRj1V7BVOmgh38vT
TRHUUQR128F93079B0,Muscle'n Flo,Menomena,,spotify,1aEf7PDOedm3Ogg9E5Lg89
TRSGLWE128F423E17D,Highway (Under Construction),Gorillaz,,spotify,2fRpEvdTdlZiKVNyghwqXG
TRERTKS12903CDCD58,Wait So Long,Trampled by Turtles,,spotify,1QesQ27kCWYTYuXJi8SApS
TRBHRVW12903CE4CCC,Successful,Ariana Grande,,spotify,5YeHLHDdQ4nKHk81XFWhCU
TRZPTMM12903D0116F,Upside-Down,Yo La Tengo,,spotify,0h7kOWPE4Q9mxH6Fjj48Kt
TRZFOVL128F42442EE,A Whole Child Ago,Biffy Clyro,,spotify,3F46aSNCWBTHtGKM2BZY45
TRRNNXO128F428EFEF,ADHD,Blood Red Shoes,,spotify,2WOFvM1YeM6g9PieAeatk8
TRUZHZT128EF340D4F,Your Urge,Maxïmo Park,,spotify,1JKrDFqjl3TkUYs6hggqjz
TRKZDJY128F9334B06,Hello Joe,Beatsteaks,,spotify,13EP16mUAD9771TT5Ow1sE
TRUQVSQ128F4258B30,Gipsy Threat,Ratatat,,spotify,5edMPfni1jN3b8mRgFP0Eu
TRLOPFO128F9350F38,Tristan,Patrick Wolf,,spotify,1i3AgPcJGRtyXXKkHiVL0G
TRQLCXK128F42252FB,The Negative Sex,IAMX,,spotify,0Udz6gUyyFBJHymETAdjtT
TRCLLPB128E0791891,Straw Dog,Something Corporate,,spotify,4c5xqqf1kdVBPiQnO4fKDB
TRJDHXD128F14AE29C,Time & Confusion,Anberlin,,spotify,5ddIiLHEnKR8jOQEzQUiUf
TRFIIDH12903CAF5F8,Lullabies,All Time Low,,spotify,0bXttSh293yQTOgXlafzwg
TRLEODD128F428CA7D,Die Romantic,Aiden,,spotify,0DfIFo5SJ4l0TZBmIKr4R5
TRHNAWF128F423EAE4,Do You Love Me Now?,The Breeders,,spotify,22Ty5gK6zbw0hRtGypTuX5
TRIRZSU128F933F6C4,Wash Away,Matt Costa,,spotify,03zrUlKGI8sGb9hXknzpKG
TRNRKTX12903CD9FE0,Long Haul,Voxtrot,,spotify,6sSe8GLakzoov2aOCjL8I4
TRFWNDZ128E0790CF4,Guns Out,Young the Giant,,spotify,1FWHYXyXrcXDhbyYFyf4Rp
TRXDINI128F146B94D,Rosemary,Deftones,,spotify,0WosJrzFiIVuKctmzG2yW0
TRIOVPN12903CB633A,Strange Things Will Happen,The Radio Dept.,,spotify,0mAsVsJIXrz1hYjlQGSmjM
TRMIOYP128F92E41DF,I'm Not Sorry,Morrissey,,spotify,00X7XTK658Hua1cyRVwXLz
TRBPLGD128F429EB58,Streets of Fire,The New Pornographers,,spotify,4Dl807w7VRVAmg1PexkE7o
TRCTLRN128F428D5E4,What You Want,Bombay Bicycle Club,,spotify,0EYTPwQr6IjEWalSpjCUbE
TRILPWZ128F426C332,I Like That,Janelle Monáe,,spotify,2EznBGrlmx9wBeYgyDojsA
TRYLUMC128F4278309,Grievance,Pearl Jam,,spotify,0D1P6DWOn2zS1LtrFXhChL
TRZGVVY128F93332C1,The Change,Evanescence,,spotify,03cH7hozNkNX8qWi8xbkUA
TRHHSTG12903CF3B72,The New Black,Every Time I Die,,spotify,22EXrfNV0f9ZcWMpK2lF67
TRXWZCP128F4258B28,Mumtaz Khan,Ratatat,,spotify,3nPMAChyaf7SQGmzUKgC1o
TRDVOIQ128F9331B58,When You're Around,Motion City Soundtrack,,spotify,026v7zb0g0V8G6ZvAK6WKr
TRXCRMK128F92ECC46,Find A Way,The Used,,spotify,0cUAAo5yei4rg1uS3a12LN
TRKWLDU128F426EDC2,Bend Your Arms To Look Like Wings,Funeral for a Friend,,spotify,3N9ZntO9poYoBRXWMSfpAr
TRGZUHW128F93337A2,Work Me,The Black Keys,,spotify,3FqZIOcQ7yjojTnvzVo58j
TRXCZFS128F42ADDFC,1989,Mindless Self Indulgence,,spotify,2hii9MmQZVcSan0sUZm231
TROLUWR128F92E5858,Te Dejo Madrid,Shakira,,spotify,0IESLhxv5iqXvMH5mm3z88
TRILBBG128F148F97C,Everybody,Ingrid Michaelson,,spotify,05xaXtqDCSFR9OLS5tL5oQ
TRZWDBW128F4259ED4,Kill All Hippies,Primal Scream,,spotify,1WXFW6c18zK3ilBvbMxyVZ
TRWNCVS12903CF2A69,True Mathematics,Ladytron,,spotify,0BePwWw3dTi8JViNdpPLxE
TRXFEAU128F932AD76,Japan,CocoRosie,,spotify,1Vt6JgzrKqeoNZT6EAI0dM
TRDYTON12903CC8294,Suspicious Eyes,The Rakes,,spotify,5XNYPqs8jiJyzM4xy6O7dH
TRDWQAA128F149A190,I'll Catch You,The Get Up Kids,,spotify,0kPl2eUAy8eYet9w7Ck2y8
TROJUGD128F14632D5,The Band,Mando Diao,,spotify,0IqBLqRQXUOFy6niNswFCG
TRMIZRU128F423F040,Doll Is Mine,Blonde Redhead,,spotify,0R94W2EgnClA7FGRi02Zod
TRSDWCW128F14948EA,Calm Down Dearest,Jamie T,,spotify,0y8dL55iYQRvcSRvB1wYwK
TRCSAOK128F92DFA06,Armageddon,Alkaline Trio,,spotify,0okEeHYqnA5z3mDmOtz4Az
TRHDARN128F428C0AF,Da Frame 2R,Arctic Monkeys,,spotify,36vZJpd1TK3w0axK1exDfs
TROLNDB128F429EC91,We Dance,Pavement,,spotify,03HpOrA4NmW9j1zhVUOdQ7
TRLKZOF128F423F4EA,Out There,Dinosaur Jr.,,spotify,0JUxmFruSp0oCX8A7o5QmF
TRWKMSV128F92F0240,Sundialing,Caribou,,spotify,1d4wnRMmgjET3Bg0j7OKR1
TRXOWNK128F92EF08C,Moves,The New Pornographers,,spotify,3hd0qGEy8fLTbLeVYzv7VG
TRRRDCO128F1455B66,Mornings Eleven,The Magic Numbers,,spotify,0Sjp5u18aMuIAohDMVyPVo
TRAQXUJ128EF35163B,Tissue Shoulders,The Maccabees,,spotify,2OeFGrBZ2eLWaarrph8mm4
TRCOXEA12903CAF5E6,Break Out! Break Out!,All Time Low,,spotify,0KtpWbVfb5JUy5M4gyOyj7
TRRFEDE12903CBB1FF,Hi,Warpaint,,spotify,5MBCJXkXwOUPOoSS13831y
TRPFHTQ128F9345DB6,The Unraveling,Rise Against,,spotify,0ivXGYgF6jG5cnwt2RuozO
TRVHTVP128F92D3092,Turn Your Back,Billy Talent,,spotify,0mOG3Bc0uv5AeibsdidutY
TRRCJEI128F92C23B1,Good Morning Revival,Good Charlotte,,spotify,08IO4452Av4Wk6k9EW0a92
TRWJPSV128F147CD74,Like Cockatoos,The Cure,,spotify,2cjKmmxqtedZPvYgE8ULVK
TRJAPVX12903C9B633,Legal Man,Belle and Sebastian,,spotify,0cZ0v2Dy7zPyW0zoNyV85w
TRCQSKW128F146BDC2,"I See You, You See Me",The Magic Numbers,,spotify,03dDAzWL0OtmDywIGAuU8o
TRNSGVJ128F427CFD1,You Better Not Look My Way,The Pigeon Detectives,,spotify,5iA7XBt7ETRH9GhmvkCwAR
TRJPMWW128F930868F,Margaret in Captivity,The Decemberists,,spotify,229qmSGP6UE4tDkMu6kRoY
TRFMOUZ128F4289576,A Pillar of Salt,The Thermals,,spotify,0RMI1NLl5LjsMNs4WNvD9y
TRAPVWC128EF34B6B4,Anywhere,Interpol,,spotify,27LTxAiNu1cQkYfruGvNX3
TRSIOWL128E0793EC0,Perversion 99,Rob Zombie,,spotify,0jRVslv0khNy30R9eXLuut
TRTCYZY128F93311BD,Nosebleed,Maxïmo Park,,spotify,2cjHr49e1vYDYfa8u26KHb
TRPGJDH128F931E750,The Way She Moves,Forever the Sickest Kids,,spotify,0AbaY48jpi61GaNMRL0cCl
TRDFRQK128F42144DE,Ich sang die ganze Zeit von Dir,Tomte,,spotify,4PuECLfBuUlG3M3JVosPba
TRABFRA128F42722B0,American Music,Violent Femmes,,spotify,03K3XnMQyygc98XWib0kcL
TRNOMXN128F92DF469,"For The Workforce, Drowning",Thursday,,spotify,04rXDtLS0tkN6XjmTHka4O
TRQLAKM128EF34C269,Bring It (Snakes On A Plane),Cobra Starship,,spotify,2OVWLfIW22hmAPHDo2rlA7
TRUCQVR128F4267DED,Clean Town,Mando Diao,,spotify,1f1mQPl7z3JEHfxGpB47NK
TRLOBUP128F422A596,Futura,Battles,,spotify,3tya2wEV4nIjK6wJV3i8Du
TRHTFPZ128F9327249,Hurt Feelings,Flight of the Conchords,,spotify,2ViEnnYXmb3Bm0s7XdqWdY
TRXVYUS128F427F0D0,End,The Cure,,spotify,2DEk9xGgueXdKPTb6P3eH6
TRUDTNF128F92C8101,Id Engager,of Montreal,,spotify,1owDK1t7YyytTzHqvwwn1P
TRUFSZK128F4269B01,Tenderly,Disclosure,,spotify,0hc0JOawSEK5RBaTry6tKV
TRUENRR128F933B2C7,Stratosphere,Digitalism,,spotify,0gTcC1w6Lug3bKnGSikb7c
TRHCGXO128F93209B1,Archers,Brand New,,spotify,04masBW3SByhb4HrDxp28q
TRAJUZQ128F424BE8E,Breathless,Nick Cave & The Bad Seeds,,spotify,2ItSPobey6tT6ZTLwPssTa
TRFQNZO128F149B9D4,Don't Cry,Deerhunter,,spotify,4VLto3e33rjDLbrGjmSyxz
TRAIHKU128F93128F5,Last Night,Motion City Soundtrack,,spotify,0Ltk1bWSwMkK2UUz480RsO
TRRKOOJ128F429136D,Bastard,Ben Folds,,spotify,1oXQeLIHHADV9KBSp7QmDe
TRQFTMW128F92E7F53,Stuck In the Metal,Eagles of Death Metal,,spotify,0BrWjcMnDZC0YTmd52vQ4v
TRBACZE128E078D3C9,Naked in the City Again,Hot Hot Heat,,spotify,0QPaf0UYZ69km1A4l3PKhj
TRNIEHB128F427AAF9,Failure's Not Flattering,New Found Glory,,spotify,05zQ08T7fQbhxqot8qaQMW
TRULOZS128F426AC24,Inner Flight,Primal Scream,,spotify,02Bct3zLP83c00qP3kifB8
TRMOZCY128EF356B43,The Perfect Fit,The Dresden Dolls,,spotify,00wj7uXIbVEVX6ZfD2DZy6
TRRGAQY128F9300E84,Snake,PJ Harvey,,spotify,2OvY9hIyjmQJTcpi4rIXRq
TRFXCHW128E07984A6,"Television, Television",OK Go,,spotify,1GvFMyBdwiFrFIwKqTVbIG
TROGSWJ128F426247C,The Stomp,The Hives,,spotify,2OvNva0OITBnsR8hijaGqh
TRMHSAX128F42A0880,Bouncing off Clouds,Tori Amos,,spotify,3YfyE1WmOxyrISE7aBF1Ra
TRGPEGR128F42923A2,Ruthless,Something Corporate,,spotify,0k6SY4APUEyRkWfF9eAxam
TRLEAGR128E078114D,My Beautiful Leah,PJ Harvey,,spotify,36MvqwEx5FuE5fl9JeWKDX
TRIXHOS128E07861A0,Rites Of Spring,The Bravery,,spotify,1CpsO3eRY1sT6HBRmz7Ac2
TRWAMDK128F42A382D,Doing It Right,The Go! Team,,spotify,0meflFuXziSpWEug8X4SNA
TRWSUCH12903CFA98E,Northshore,Tegan and Sara,,spotify,0rkbrQ6t2mERU7thf4sszH
TRDBCAZ128F9329D87,Mountain,Good Charlotte,,spotify,0OlsimaDnbWnx2naatgwuF
TRJDZBL128E0798858,Find My Way,Nine Inch Nails,,spotify,0mf3sKZYffIRJaKxepJzd4
TRTFZEZ128F429E9A4,One PM Again,Yo La Tengo,,spotify,7kfhlEfiCqjkCRrFFq1syL
TRANCOS128F4267DFB,All My Senses,Mando Diao,,spotify,0RFcaPONHw4qLwKaSMdjr2
TRCWAGJ128F9320963,Reason To Believe,Dashboard Confessional,,spotify,0x8AsvZvWejr7RwvMerxoy
TRADOWZ128E0781EB1,Philosophy,Ben Folds Five,,spotify,0080GPzPyQZN7eyIkNwJV8
TRIOPKU128F42BC1EB,Dead Wrong,The Notorious B.I.G.,,spotify,0792oROt8nGAOKNtrrWvAi
TRUYKXX128F932AF7C,A to B,The Futureheads,,spotify,1vx8rqTcNQsjnN1DP64jCB
TRQNQFU12903CE7F14,Solar System,Crystal Fighters,,spotify,1Kdw9Cg1RVpSzHsDjIn2LS
TRXZFFO128F428ED42,Firecracker,Ryan Adams,,spotify,09KwsYdqoZUsa01p0XeBVc
TRLPRXA128F92EF8FA,Tin Man,Future Islands,,spotify,1c8HwPHOhOdjC8MAtijROS
TRQAFCZ128F42A52C8,My Rights Versus Yours,The New Pornographers,,spotify,5ycCcDgh58K3jB0LsL1iVQ
TRUEIQD128F425DCA5,Compute,Soulwax,,spotify,0YmW7XtbxnAyXULXsP87KI
TRJWLTU128F93084EE,Dejalo,Rilo Kiley,,spotify,1MJR4lxQptIDuQEIrCPOQ9
TRLLCYO128F4294802,Impossible,Shout Out Louds,,spotify,0GlVfwlkkCpXhiJQx8bBzg
TRNZFJY128F92E3C08,I Could Care Less,DevilDriver,,spotify,2CwVVqMhOkvYO6XjgvCWqH
TRMLUXK128F92E7F4E,Bad Dream Mama,Eagles of Death Metal,,spotify,6pgUeSnkVOoE1lK8cUPhcX
TRRTNPR12903CDD45C,The Drowning Man,The Cure,,spotify,0jFXA4JZXJ2CccZeSfH5nA
TRCAUIX128F4277AD0,The Backseat,The Gaslight Anthem,,spotify,056kHSE2n6cuPBMTA28rIq
TRFSRST12903D08C10,MLK,U2,,spotify,4z8mVrBIdpu3Og33nAIrC3
TRTMTZM128F427FD00,Prison Province,Broken Social Scene,,spotify,2Rj2e6pCKIiQx3e23xLfiH
TRNBLLH128E078286C,So Tonight That I Might See,Mazzy Star,,spotify,6LYrGx5a39RNfXbNsaDcHq
TRJUBPZ128F93228EA,Rapunzel,Dave Matthews Band,,spotify,1HLqkLuJA4sOC2aSrqwBPi
TRLKBDR128F93174FE,Cut The Rope,Mando Diao,,spotify,1TeWi9XABHQZeRof8kcCg2
TRUEDOZ128F92F1D28,Worship,Years & Years,,spotify,2OkMaoOy9Q1ggJrzuheWXp
TRDELHO128F428F612,Your Lips Are Red,St. Vincent,,spotify,4mwef5mpywLgMsKtSIGH5v
TRYAGEA128EF340D55,Parisian Skies,Maxïmo Park,,spotify,0UoJ4MVIEuO8yT2ZTmQRoh
TRIWQAQ128F92D261D,My Backwards Walk,Frightened Rabbit,,spotify,0cyIC4Tw4BcS2PizQAmAYv
TRAPYQD128F4273A45,Be My Baby,Ariana Grande,,spotify,0fonaf88IEDQM309zmU80L
TRAEOFB12903CB7900,Exogenesis: Symphony Part 1 [Overture],Muse,,spotify,4l0Abbp4N09XDG7pCWBcIN
TRYZIHU128F930C4EA,Kick In The Teeth,Papa Roach,,spotify,0cUrZGY8960foguTEkkIOd
TRXFAMS128F42914AD,Streetlights,White Lies,,spotify,0JsA7lWuXx7II6FqbeICkR
TRZNFHQ12903CBD4CB,Yellow Balloon,Twin Shadow,,spotify,5Tr5pnQ4eni5ToGfcECYY6
TROKIIN128F42664F5,In Other Words,Ben Kweller,,spotify,0QkCtlSSTYMY7kvtGydGri
TRABDEP128F428B3E3,Just Abuse Me,Air Traffic,,spotify,03oJNzdUM6KKOZNkz2jPTw
TRRWZEN128EF359E18,Subotnick,Caribou,,spotify,1f1veEYGHEetEqsDvSPGxX
TROTFCN128F934AF5F,Better Off Dead,New Found Glory,,spotify,0TPx1hV2vkdOaTtmGfuKBi
TRDWPLI128F4258B1D,Bruleé,Ratatat,,spotify,0u8TLzOnwjLHMHwpQTtXpY
TRFNFYV128F146EB5A,When You Smile,The Flaming Lips,,spotify,38sMh9wUDHbqLmsaoQDcqb
TRMSAYW12903CDA5E1,Romance to the Grave,Broken Social Scene,,spotify,0sa6iHoHygr4DEHaa8WXna
TRQGWVH12903CBDA9E,The Poison,Alkaline Trio,,spotify,01PvNtqKi1qwZRUh4RSsr5
TRHWAAM128E0781102,Yuri-G,PJ Harvey,,spotify,5GWUThGevo1l8nLQQx4wT6
TRPIVTE128EF356B45,The Jeep Song,The Dresden Dolls,,spotify,2UG1JcItwh6nNTEuTExW4X
TRFUUKS128F4259E77,No Ordinary Love,Deftones,,spotify,2lwkf3MVqTYmo5NoAoWFqN
TREIJTO128EF340D53,A Fortnight's Time,Maxïmo Park,,spotify,26eWJBgZzIBsbBF2ddozMs
TRCTYZY128F931F616,Lighthouse,Patrick Watson,,spotify,0dgPFnUWGbgp1h4l1Ky9P1
TRKBEFY128F42A6C92,This Disaster,New Found Glory,,spotify,2TAwQEdqpK6lrer6CIGoo7
TRDBJRM128F148BC46,Star Girl,McFly,,spotify,0M1JLR7QBSD1rybRyxBTDb
TRAYFTY128F92E7C90,Certain Tragedy,Saves the Day,,spotify,0ONf0hGZNQx0vIqGjBqXnU
TRRCCHK128F4281CF9,Tuff Luff,The Unicorns,,spotify,1R0gQgHxfgA0HLgGvvjHCc
TRDOOIK128F14903C0,Photosynthesis,Frank Turner,,spotify,0CbfVmL20fxizuQR6wyzNs
TRTUVGU128F9351A23,Modern Man's Hustle,Atmosphere,,spotify,19sn74U6Vbytbw5Wehf4Wq
TRUUOGQ128F428A236,All My Stars Aligned,St. Vincent,,spotify,12UACQsZQuwye9JzXOh4FQ
TRWIFBN128F9308699,The Hazards of Love 4 (The Drowned),The Decemberists,,spotify,2bSba8w4Wj6kpRb7tEdUi6
TRNBSEU128F92E2354,Dance for You,Dirty Projectors,,spotify,1DqqVMq8hN7Cv9C9oEzAgd
TRXLNNB128F429E9BC,You May Know Him,Cat Power,,spotify,7nqM5maIFzRpZZgyIUPZg1
TRYQZRH128F92F4918,Excuse Me Mr.,Ben Harper,,spotify,1ZzWnWWLubofH7JxqXBzZ9
TRWJMXT128F428B3B8,Bicycles,The Maccabees,,spotify,20c36yZB9CXlYGTnFBIybb
TRPKVAI128F930CAE8,The Pelican,Menomena,,spotify,1aP9ApWbAZOkssdkUL9dNC
TRAZRSU12903CFE52B,King Rat,Modest Mouse,,spotify,0xkqpsTVbQaYNlQXgxhRP1
TRGFBXT12903CF6AF0,Pacific Coast Highway,Sonic Youth,,spotify,2mB7YXlqWYi6kqcjTYzbOs
TRGGKWU128F4296772,Gauze,Deftones,,spotify,3nk43TVPGjIpBcqLluN0gm
TRCJHPA128F429EC0F,Beanbag Chair,Yo La Tengo,,spotify,1fYEuwJev8mly6Uxt0y3pO
TRGPWZM128F92E9227,Hurry Up and Wait,Stereophonics,,spotify,1iTveBhNbbXGDBdnquoYsf
TRVADOD128F4293F6D,Zina-Marina,Gogol Bordello,,spotify,2rcetmG9SrQPzACbFvX9pN
TRDOCVZ128F145C25E,Cold Wind,Black Rebel Motorcycle Club,,spotify,0AZxCOk5khs2n9cQuk7tBm
TRIPWLJ128F14825F2,Moments Forever Faded,Funeral for a Friend,,spotify,0FDL67VmVlxvkU970muaPX
TRONCXS128F42252FD,Bring Me Back a Dog,IAMX,,spotify,0K2BdeSOGug4JYaY8echTq
TRHEDMY12903CB6534,Sweepstakes (Feat. Mos Def and Hypnotic Brass Ensemble),Gorillaz,,spotify,2nFB8haIF1dAVboyz4xG6Y
TRIMMPS128F92D8234,Nonpareil of Favor,of Montreal,,spotify,3hVoM90EoIzZGyqMjiLnf6
TRASFDV128F9325F5D,Becuz,Sonic Youth,,spotify,2G2WTsOil5zwdP9GnUOVws
TRRWPIQ128F4247D65,Shake! Shake!,The Subways,,spotify,0QjCpxHF6MsWImJOH3BlYF
TRXEFZA128F931A431,So Much Love,The Rocket Summer,,spotify,3Q4mpD9y7v3Rro0aCuaAOf
TRWBEJV128F425B233,Golden Ticket,Manchester Orchestra,,spotify,3aDOSSIvETsBjKX51CBpzZ
TROZTEN12903CE4349,To The World,Strike Anywhere,,spotify,0gJBWF1YGsPKcZCvxNJw8y
TRVKUTH128EF34C266,It's Warmer In The Basement,Cobra Starship,,spotify,0rMFyLgLIMLB0uzOanTxxA
TRZFDVG128E079349A,Headshrinker,Oasis,,spotify,0nhFSpJu5M6zxaRsEtKxbR
TRUEOVO128F4271F31,The Silence,Bastille,,spotify,0beXu8n9O0d9j2L8H7Nkm3
TRYEZVI128F4256CE6,Black Out,Pavement,,spotify,1zDkHnCv2pwAjhC6vxJMrG
TRAQXVG12903CACB99,Someone Else,Miley Cyrus,,spotify,03J6HVFqevalEUf1UpdRW2
TRMLBXM128F42134D1,Alphabet Aerobics,Blackalicious,,spotify,4z5L0qDduw3w1apQ4Qa6KV
TRGHMRU128F1478067,"I Put The ""Metro"" In Metronome",Cute Is What We Aim For,,spotify,718VxOgHaLU7oGS9686hg6
TRSBWKF128F423F044,Maddening Cloud,Blonde Redhead,,spotify,2fHCIpzwmPDOZP9mTMRbeS
TRNCUYS128F429980E,Bella Luna,Jason Mraz,,spotify,01pgHbtziFmLnaIdTbz3FK
TRLQPTE128F42812B9,Fine Young Cannibals,Wolf Parade,,spotify,2uThy5CL5FvwXHqB1sPGk9
TRDPLXC128F145217B,Sympathetic Noose,Black Rebel Motorcycle Club,,spotify,06wjwMkXF4EK14lPRf5gex
TRPXTTS128F42AE1CB,Boa Constrictor,The Magnetic Fields,,spotify,0I4MLTmICYsbn1fBSDZO8i
TRJPYNQ128F424407F,Cambridge,Motion City Soundtrack,,spotify,3HiIExsQZpsAZkSePewCNk
TRIZHNS128F14825F4,She Drove Me To Daytime Television,Funeral for a Friend,,spotify,0gBEcyJNc4zwlGfWo0Vke4
TRYWMUB128EF3460C9,Ochrasy,Mando Diao,,spotify,05pdYb89C5Yv8tk0FK7m2L
TROPJXS128F4292456,Dick,Guano Apes,,spotify,12rROKzvyfF7j10Xa4hjQQ
TRROIZW128F93067CB,Cherry Chapstick,Yo La Tengo,,spotify,1qWrjm6OASciRDVLCK4apD
TRFWRRO128F1465318,Hey Jane,Spiritualized,,spotify,0EIPfcAM3viFtEg1rk2Lrh
TRXCVNF12903CBDE25,Fight,The Cure,,spotify,1npJQTZ4gdfydCxnNyHJGY
TRSXUGE128F9339EF1,Blue In The Face,Alkaline Trio,,spotify,0bfk9483ykobasS246BIjR
TRIUCLH128F9336312,Cool Waves,Spiritualized,,spotify,0tB6e40QS1eUAK13B7YYPc
TRDGPMN128F92E0600,Some Things Last a Long Time,Daniel Johnston,,spotify,3gtTpXNLNmadyCSiNj6h5r
TRDDGAM12903CAAC3B,Neighbors,The Academy Is...,,spotify,0M6qH8TrQm3z2JfB8QdxYu
TRGFKQO128F1482525,Ugly in the Morning,Faith No More,,spotify,1nQYp5oIS2WW1WYCQF41KP
TRBRHMR128F9325D51,Back Round,Wolfmother,,spotify,0KWyA3bpNjumsRoNUGC2gS
TRXFSVY128EF356B3B,672,The Dresden Dolls,,spotify,28M1tTIFvOCLwOq7ZqT5CF
TRCLZLJ12903CA5704,Starting Over,Killswitch Engage,,spotify,0mGfvN9vhKMz8bmjXiWJDL
TROIXFZ12903CB37FF,Sail Away,The Rapture,,spotify,017Kmr8i16V0KTxXgtezOE
TRTWWZK12903CB7902,Exogenesis: Symphony Part 2 [Cross-pollination],Muse,,spotify,1HQwHxj7917IHXVwbJ3V8v
TRHWTJF128F9339B9E,Belated Promise Ring,Iron & Wine,,spotify,2hukuGmfYpqOusMMigw4mm
TRGYRUN128F4269752,Aside,The Weakerthans,,spotify,0ixtGSJtFYkIHZTuvfZYFe
TRUUPCX12903CD11F3,15,Rilo Kiley,,spotify,659MgS7iMuKXPhCIZN3FIj
TRPXTHP12903CD6625,Greek Song,Rufus Wainwright,,spotify,2cIJOAGeHydyviOCgEkmmn
TRPAAGT128F935A6B9,The Ides of March,Silverstein,,spotify,0Q8LoYqrDVaRodCGLUFM2v
TRRPTTR128F93146D7,"Not in Rivers, But in Drops",Isis,,spotify,0ucuta6vNwcQan106Plvjj
TRUXQRW128F427ED75,San Dimas High School Football Rules,The Ataris,,spotify,012pb9Bn2paRFbL1gGljqw
TRDEWAW128F93033C0,Pantala Naga Pampa,Dave Matthews Band,,spotify,27uZ6YSJJgJpSXHY5x3Xg9
TRLFTVT128F425BCAE,Motown Blood,Mando Diao,,spotify,2hUI2a4X4VAdgjFvRgOblE
TRUZPNY128F147FD23,Someone Else's Arms,MAE,,spotify,1L4U5ikDKnskqKUpe1Knzc
TRIYULH128F92CB353,Counting 5-4-3-2-1,Thursday,,spotify,0lbGCNmvtoROOf6679xF9B
TROYQMN128F42671B3,Clavicle,Alkaline Trio,,spotify,0LuHIdoO3Yv4CRpCc0Y2vL
TRDXRIT128E0781150,Electric Light,PJ Harvey,,spotify,3c42SGbH1c7jPbJJUKXtpY
TREJZEJ128F92F2685,How Can Anybody Possibly Know How I Feel?,Morrissey,,spotify,0jfzXCSx96vD0ekvdVDlGM
TRMHXOO128F429E96A,Nude as the News,Cat Power,,spotify,1BSUkgdUe1TzrASV4sz3vA
TRKRUFV12903CB7907,Exogenesis: Symphony Part 3 [Redemption],Muse,,spotify,13ulgNngaR5dhPX0mlOpT0
TRWYNIU128F4295A19,Give Judy My Notice,Ben Folds,,spotify,0yVPjazIKxqp007RPmAJWt
TRXFKNC12903CBA578,Gethsemane,Rise Against,,spotify,2dVeQKYlgVTSK3n0fVdANq
TRXFBQG128F932CA69,Sunshine,Mos Def,,spotify,0nUquhnLIfjbivWQvJiuWS
TRRONNI128F428EFEB,Try Harder,Blood Red Shoes,,spotify,1RKCl0PSMaRgn7C0LeyXI5
TRKRICR128F427D31B,Cavorting,The Courteeners,,spotify,1dF108IhKLlRJ5zHpnSj4B
TREXITL128F421DF49,The First Single,The Format,,spotify,495BiaNeaqEdLrHXoFJPcq
TRGVQMG12903CAE801,Planting Seeds,dredg,,spotify,0JeCQ9zFlApQxV2bJFAw7q
TRDUUGR128F42484A8,Easy Tiger,Kids in Glass Houses,,spotify,1jR3NERB3SW4bkyG60DVeE
TRRZSRX128F931B0FC,Red Turned White,Architecture in Helsinki,,spotify,1cYFcBqRPNXMTeNlpl9mEj
TRNSSLK128F93038F1,Ticket Man,The Kills,,spotify,42vmUkuORgQM2cA6VIn13A
TRHKXJQ128E0792182,Only Ashes,Something Corporate,,spotify,21jQvxAvoptOwdUeGJxFQa
TRXRKNN128F930507E,Losing Streak,Eels,,spotify,01EvPUhVk4ZbNa2cqq2QiF
TRFNRIE128F930A926,Everybody Knows,Ryan Adams,,spotify,0pl0QFnT982MoMkNOG7Jhu
TRQVHAB128F4266501,Entertain,Sleater-Kinney,,spotify,01bLl3mOnHcEiywdhjoyK3
TRSBTZK128F4286392,Back in the Game,Jamie T,,spotify,1JFoeAu9mmxyCffX4qsUd6
TRZNGRY12903D0C3C7,How,Regina Spektor,,spotify,06fxpcALqd2av3EgbL7GAo
TRCBXKP128F423D472,What Took You So Long?,The Courteeners,,spotify,0fHgCkMdjUpgtrDBWaC1s2
TRKEJHI128F9330307,Die Die Die,The Avett Brothers,,spotify,1FZKxt9SOFvxKbhjzlBONc
TRXYKCE128F9337035,Evening Wear,Mindless Self Indulgence,,spotify,26odofgXCc51GorsFU10PZ
TRHXDPZ128F9308694,The Hazards of Love 3 (Revenge!),The Decemberists,,spotify,0qRHqLn1aeHT8JsgQIpaDb
TRLQQJO12903CEC439,We're All in Love,Black Rebel Motorcycle Club,,spotify,03jiJ0W7Kmjv9WBt1YkzXo
TRMDQGD128F42AE9E0,Right There,Ariana Grande,,spotify,0fzuGMwVSwno9I418pVF0Z
TRAAWOJ128F9329EE3,Sick,Evanescence,,spotify,0SDkxkyY2jhQU2MrrOlAvv
TRXPQPC128F42A0AB2,Big Wheel,Tori Amos,,spotify,19KdcFKdeUZsNVYcFghDVi
TRFTPXE12903CFB9C4,Taking Off,The Cure,,spotify,0sVQ7Z0vMuGuEP44xCBs6d
TRMUQQT128F426A527,Night Watch,Tegan and Sara,,spotify,0xJDAfOxAwQbPvrOn9qn6C
TRYTHDE128F426E5EF,Weird,Menomena,,spotify,00LbJKCLDJkZQ1cEL8ENEO
TRTWYNW128F92EFCDF,Louise Louisa,Mew,,spotify,1MxgHWqbCLbxyi2vTEsa4v
TRNDWHO128EF359E19,A Final Warning,Caribou,,spotify,006myFzHI1od4luCzwXXcb
TRDIRBW128F427F18E,Jorge Regula,The Moldy Peaches,,spotify,0jNqSfCA5VgVMvuf7olypH
TRLULQS128F9333C67,Cloud Of Stink,Biffy Clyro,,spotify,19NZ7nI9liP0A3suLrmo7U
TRXPOPT128F93138AB,Stand Down,Art Brut,,spotify,0fSXl4635j18fou2ET4k0z
TRUFBYV128F42ADD2F,Permanent,Acceptance,,spotify,0WtoCkMdvYHHmBW0VHENjr
TRVDJWT128F14840BD,Sylvia Plath,Ryan Adams,,spotify,0Vof9g11F4cbctYIR5UXTk
TRSHECT128F42AC94A,So Damn Clever,Plain White T's,,spotify,19lugV4bXUBSaBSxVWShHg
TRZMMLN12903CDEC83,Truce,The Dresden Dolls,,spotify,0mG3EdzE5NEcXyOSVNlzgW
TRDCFQQ128F4284308,Let Me Go Home,Camera Obscura,,spotify,3YzQmIwsXoLIwGz1LeQVHq
TROSBQV128F4238A77,Morningstar,AFI,,spotify,1ZQRxKu2P7CinQLcyJgrRG
TRJNMGP128F92E0427,Josey,Hey Monday,,spotify,3ELq7FVKxzWLmKvQQlmRT6
TRGCTFM12903CF3954,"Selfless, Cold and Composed",Ben Folds Five,,spotify,1YoZKyG8C5wV91ncHdMqEV
TRLNPMF128F9301EF4,The Void,Metric,,spotify,0zDaTdsGUEuhgRwnXJOhvZ
TREWNIT128F427B75D,If You Could See Into My Soul,Silverstein,,spotify,0cWM7ChgDbndKWIVkTc6sm
TRVYFNI128F4281A4E,Nothing Brings Me Down,Emilíana Torrini,,spotify,4dC46JL5wuZGpfGYY9OS3v
TRXQSKI12903CF9321,November,Silverstein,,spotify,1nAjv66eDgnQNGI6jwScFe
TRAOJMT128F92FD7E9,Tristeza Maleza,Manu Chao,,spotify,0D5kDzncleh3tjh877IbFm
TRXCMED128E0780E9E,Freak Like Me,Santigold,,spotify,2wVQdoFwHGZlorgDBnMu6A
TRTBFZM12903CEC6A0,Cuttooth,Radiohead,,spotify,3HIb6ztT5g2JOOaPwtHbVo
TRIQWCU128F92EB9D0,Whorses,Biffy Clyro,,spotify,1ucDytJh1opWFKAuw7w4iy
TROSOMP128F4295A65,Trusted,Ben Folds,,spotify,2TXE60tyhAJ1YvEUm8qKUO
TRMAVXK128F4281241,What Happened to You?,Deftones,,spotify,1AvmAar3DXhC9HywZcTS9D
TRKNQAV128F4267DF4,If I Leave You,Mando Diao,,spotify,1cPt5kSokvoy6sawJ845Gc
TROZZXW128F93416FF,Skyscrapers,OK Go,,spotify,0lhd4LsU2pfFULeupB46Xo
TRMNYMV128F4279D93,Love Natural,Crystal Fighters,,spotify,04MNyOQZDvLsW2gjAm9q2L
TRRFVTU12903CFB85A,Honesty,Editors,,spotify,1OhW6nFHybbODkvtHoRPVI
TRPJZYA128E0796500,Far Gone and Out,The Jesus and Mary Chain,,spotify,2Bj4ebhWQi5JU1PLylP95a
TRIZFXP128F9306E90,Formaldehyde,Editors,,spotify,0DOecOGbfYsC0mjzPhOuoo
TRCPWQW128F426FA9F,Underwater,Tegan and Sara,,spotify,0w08kbGDejhWypFa2KseWL
TRLKVRN128F9336989,For Now,Twin Shadow,,spotify,6fFtDVzuBAzW8Mphmg26tP
TRLYJRK128F42923A6,Break Myself,Something Corporate,,spotify,3xd0xmYJiDMfezQAtN9fLv
TRDARZU128F427FD07,Stomach Song,Broken Social Scene,,spotify,0n8fd4wc9wLbScih3ivwM0
TRMKFCL12903CD0A70,Mr Moon,Mando Diao,,spotify,2nFIbZbzkeMQ2Iu8znalRL
TRHYDIT128F429EA2E,The Slow Descent Into Alcoholism,The New Pornographers,,spotify,2Xuuvkd6AyVM8VQ5uiJwQc
TRXOJQX128F92F5C44,Help Me,Alkaline Trio,,spotify,0re0wUJc7GHOgzQamJW1xB
TRXCYMD128F4274F4F,Underground,Ben Folds Five,,spotify,08nT8qF5kq55XBypRz8wzJ
TRXYPFK128F92DF46E,Asleep In The Chapel,Thursday,,spotify,2w2Cfs42zn7x6toY5aDiTu
TRUIAYD128F92D9232,The Best Thing,Relient K,,spotify,0WEp45mTZo9ttsUqZ4ovNI
TRFRQPP128F427A7BC,Keep It Simple,Cobra Starship,,spotify,05HiemMnMo41q9pE1GTBjU
TRRGBYG128F42ADFE7,The Circle,Ocean Colour Scene,,spotify,12rNk2Z3S56dXcYFCXB8BF
TRZXFOC128F428FA5E,Disappointed,Nine Inch Nails,,spotify,1PPg3POmFheCNwjRF8gkWV
TRPIKYJ128F1488C8D,TV & Me,Mando Diao,,spotify,0fChICj2aaIEcgnmOhZWpx
TRFWDIT128F42615C0,The Astronaut,Something Corporate,,spotify,11uLBqOcdZShDL3CX9DRsZ
TRSRJOJ128F92EF2D3,Execution Song,Johnossi,,spotify,2q0YvVbovOh1S2kxay9jYN
TREOHMN128F429EA64,From Blown Speakers,The New Pornographers,,spotify,05AA5JbWq8J4k4lhyKhRlv
TRGEJRL12903CA7231,Birth,The Faint,,spotify,1v2CgE098EtTO9J96TtQx4
TRFQEQG128F92E636E,Dead Men Tell No Tales,Set Your Goals,,spotify,0MT49WMfqmNXBmgGyUtoqR
TRYFEUB128F429EFD3,Savannah Smiles,Okkervil River,,spotify,0TLyv2bdqemkSrYlK8Vs9U
TRXXOUE128F425EC1F,Are You There?,Anathema,,spotify,0CZMhSznxdw2BX0dtH0U6o
TROBNGW128F92FE31F,Firewood,Regina Spektor,,spotify,0WhfZdLd8dXoVXUTJaKR8a
TRJFDGD128EF340E06,Morden,Good Shoes,,spotify,2atM5vusU9gw85Bp27TOYG
TRGYFKV128F4263861,Festival Song,Good Charlotte,,spotify,1DZGf8JLhjlfy9nYJpoa5F
TROIILD12903CEDF03,The Fire,The Roots,,spotify,1iP5UMdOsGz6EdltGbbcb7
TRVBGWN128F93260FC,Beautiful Bride,Flyleaf,,spotify,1gvbBsOoytWx7SO0OiCWNa
TRIXNYU128F426601E,Sweet Life,!!!,,spotify,78SwLABUf9ksvBKutElKUY
TRWENNC128F1456B8D,Sincerely Me,New Found Glory,,spotify,2r4ANDbGuwFVv5zTjJPrTZ
TRNOCDH128F42812B2,Call It a Ritual,Wolf Parade,,spotify,1VQb8Pjos37bU9n0oWkcKA
TROSXKH128F4289268,Here I Stand,Madina Lake,,spotify,1wGvahAY7g1eB5aujdj6bo
TRUSJNS128F429EFD2,A Hand to Take Hold of the Scene,Okkervil River,,spotify,385Q4oEIYOhNhn6HpFW99J
TRGOYVY128F425CB96,I So Hate Consequences,Relient K,,spotify,4ockRV1ncBh3YhV2loNJI7
TRVCXWF128F931B101,Feather in a Baseball Cap,Architecture in Helsinki,,spotify,1lgT02oOEHfe1hxjLwFcXq
TRCSJKR128F92C2E38,Lenny,Supergrass,,spotify,0QDjfgOdzWumwTTaTjDi13
TRKYIJC128F4267DF8,White Wall,Mando Diao,,spotify,0IwSceoiiaY2vlBG7wVUWF
TRHEQDQ128F42B29EC,Cleo,Built to Spill,,spotify,1GQiiDMyoaNuPvEIVzMyBK
TRMIGOK128F9310AA0,The Whale Song,Modest Mouse,,spotify,3cADHnIjqsHiv0j9HMeGCs
TRYJVJO128F428AE5A,Come To Mama,Lady Gaga,,spotify,05C03gHE4ELVcOupy6VhfO
TRSYMGJ12903C9CBF3,Nine Million Rainy Days,The Jesus and Mary Chain,,spotify,0HiuGhdOhMpw8ZJvoYw5Yd
TRFOJKC128F4286AF2,Automatic,Less Than Jake,,spotify,6hxxNvnPcPZFUqQxtjHMG7
TRTWHAE128F42A01A0,Mr. Chainsaw,Alkaline Trio,,spotify,0MaRQiiosMu5FrRoXIgPjE
TRYONGE128F4267DF5,Ringing Bells,Mando Diao,,spotify,2jr4QIsQuQEVIEXtmrgl4s
TRLNLES128F932DA8E,Fool,Shakira,,spotify,0MttJjfO3pkTHJgVdXqPcP
TRMBKOS128F930F870,In the Wilderness,Gojira,,spotify,0HYvgq1zXPr4DpJ5CsCUF5
TRXPMHV12903CD930C,Monsoon,...And You Will Know Us by the Trail of Dead,,spotify,1osom9zlVWayqa3rwlnKcJ
TRFOOJM128F426896D,The Conductor,The Faint,,spotify,0oe7uhvAOYairo48vEMfwY
TRCGGQA128F4292BC4,All My Fault,Fenix TX,,spotify,0ddf9avsMIU4KrKDWB9SRv
TRVRSQF128F931F026,Poetically Pathetic,Amber Pacific,,spotify,0TPuMT6vaApLi2lKELvDBT
TRXELER128F145C207,So Right,Dave Matthews Band,,spotify,1EYYvuqxScQ9QPXb2xvxB5
TRMUAQL128F14664A7,Inchworm,Battles,,spotify,6GnrE5ebVjVrljGG0UI9Re
TRFNSZN12903CAAC71,Bad Mood,The Vaccines,,spotify,4u3h71kxkeBldHDwxh4rOj
TRUCHGD128E0788859,Obstructed View,Rise Against,,spotify,0t5CAcV3JkTF2rUSa0g24y
TRRJLHZ12903CE8491,Back to Hell,Alkaline Trio,,spotify,4HjIClJXDXITg7r9Ce67vI
TRJSLIQ128F421BD44,Sleeper Hold,No Age,,spotify,41SY3MIDqLyBXPOw5SnTCE
TRVAMBZ128F429EFD6,A Girl in Port,Okkervil River,,spotify,0wrJ4s1PIZ7I8bp8x1HcX3
TRCYHSH128F42933D1,Moan,Cute Is What We Aim For,,spotify,0t806x0yTCvM81Rto5au96
TRYOIRJ128F1489830,Chips Ahoy!,The Hold Steady,,spotify,0w6VXXdYk8UkGxwFljoBNi
TRJUYRT128F935A63F,Temazcal,Monsters of Folk,,spotify,0jyTX6cBjj6dVGJJx8zN6d
TRLAXNY128F42911F9,Trampled Under Hoof,Mastodon,,spotify,4GVrImphx5axkLmD0glDTH
TRBOEUB128F423360B,Blame It On Cain,Elvis Costello,,spotify,2PpVIhFaWO8KgUSLjj6gLJ
TRUIPZL12903CA0BFE,Rules,Shakira,,spotify,1f7TZQzs4UikFQIzeWOtOj
TRMCTLG128F1495C33,This Song Brought To You By A Falling Bomb,Thursday,,spotify,0aQ0ZOmI5hvCrfSmxDp1Fc
TRXCQTC128F93139F0,Crashing Down,Mat Kearney,,spotify,12ysFKQ0SCztv8ggh2pzpC
TRUORNQ128F4292878,Queen Of Hearts,Fucked Up,,spotify,2K6Zk9lKbzAGjjfZbg59Ia
TRXPYLS12903CC171B,Jessica,Adam Green,,spotify,0CVTOBZXQW7F3Cj0XKWGYl
TRRVJXY128F428AAEB,Hate Every Beautiful Day,Sugarcult,,spotify,3xEsHwYBF3z3NKIGMbNqrp
TRCAROG128F42660DE,Pablo Picasso,Citizen Cope,,spotify,03AHfpOxCjVVwQzS7zobqQ
TRAAAQO12903CD8E1C,Take Time,The Books,,spotify,46lwuNGtO8mKkcFwhzGib1
TRQDQLM128F427ED77,Unopened Letter to the World,The Ataris,,spotify,7CDfhC8NzdFO3fTDGWhExE
TROVYWL128F429CA65,War Machine,Black Rebel Motorcycle Club,,spotify,2BeYcYXdEyVKioQqtjDGmK
TRGTQVB128E07925F7,Sgt. Baker,Primus,,spotify,3K6RIG0NsZfR5biG1x9wtv
TRUGVSS128F92E154C,Satellites,Doves,,spotify,2dTRuVfwdq0wjaHIO0cx0C
TRBDUJA128F92F9EDD,Maybe You're Right,Miley Cyrus,,spotify,1dMNNDPxxCMS4VzHgbh7jT
TRHPAOX128E0792189,21 And Invincible,Something Corporate,,spotify,05BBLMPfLwlypuL5NYb1rZ
TRGECBO128F932EC20,Summerbreeze,Emilíana Torrini,,spotify,2dtzr3W3SdC1jJmQ7qSSYe
TRUKINS128F92F6239,Little Victories,Matt Nathanson,,spotify,1HjJmt16r3OGCJWH5DhZrJ
TRVHBLI128F42B9472,State Of Emergency,Papa Roach,,spotify,0mVUaDNSUQUcdvuG0yXIDt
TRAFHBM128F92EE7B0,Pariah,Lamb of God,,spotify,1qLIa7b9srnqBq0LNuZUuq
TRYSTRS128F92CE55C,Life Is a Perception of Your Own Reality,Chiodos,,spotify,16202MqtAXl55BIndOLGNl
TRBPGAP12903CE6E31,Life Is A Pigsty,Morrissey,,spotify,1zRxv0YOAxWr1Cco0wFLpl
TRJHJTR128F429882C,The Ballad,Millencolin,,spotify,0sr22iPu1g5IkldUKLoTpt
TRRRILA128F4259E2C,Empty Space,Air Traffic,,spotify,20Q0i2li8YXyWAmyvlxg5G
TRIPDWU128F934B957,Direct Hit,Art Brut,,spotify,06WeOisGh4VhSjtE78bKwH
TRBMMYH128EF348E85,Like It or Not,Architecture in Helsinki,,spotify,08lZu0AuhClHD9eK8IcqPB
TRLJWEB128F425BCA6,Sweet Ride,Mando Diao,,spotify,26QMjOM6hhAmyOTRdunpw6
TRVBBMY128F932E0D2,To The Lighthouse,Patrick Wolf,,spotify,0ncy8AK9K0NNdMn0XOmMau
TRMSVAA128F42647A9,Willful Suspension of Disbelief,Modest Mouse,,spotify,0OvcItsuZrHjM1OSZZfDbl
TRXYGPI128F93583F1,Slide Show,Travis,,spotify,0N0xHJrWb96N3IpxxqIOZW
TREUISW128F14AA17E,Augustine,Blood Orange,,spotify,4sln3hvqGxLEUCcAmTO4pR
TRDEWVL128F92EB2BF,Operation,Jamie T,,spotify,07IQu9EF7JQ6bxQuSN5bx3
TRMFKVZ12903D0728A,That Was a Crazy Game of Poker,O.A.R.,,spotify,0fbAMybdEBJm7DupsN18RX
TRRLCVW128E078F651,Anniversary,The Cure,,spotify,0B6v72ibntn0beRN4RnK3J
TRYOECH128F426F46B,Commercial Breakdown,The Sunshine Underground,,spotify,1rVA6UGAYzRKtc6o0YOcTa
TRGMULK128F934B5B9,Statutory Ape,The Black Dahlia Murder,,spotify,1qsi3PhstIgBXCmsu0oYFA
TRYGJHV128F145AAFD,Alone Again Or,Calexico,,spotify,1VHsnRXZl2GhI34fdhLD6B
TRDMVUZ128F1492745,So Here We Are (Four Tet Remix),Bloc Party,,spotify,0Sbb61FXVu8YJBu2fRdh3D
TRUYRCF128F4235B3C,Don't Let's Start,They Might Be Giants,,spotify,0cz7PdNdMbbk5wPLwprTqz
TRDUFID128F4295D8E,Can't Go Back,Primal Scream,,spotify,0k2tFFQbbrbdqxEeE2etUj
TRACIKS12903D011B3,Jetstream,Doves,,spotify,0HDlFe0QssMrsalug7XCKB
TRRRBHS128F933C15A,Wall Of Arms,The Maccabees,,spotify,0QkMarFV8j9Fq858P0R5y3
TRUDQMQ128F428F438,Bleed,Animal Collective,,spotify,2R4H6souZm9XT8naWQUUci
TRAQJBB128F4239815,Drone,Panda Bear,,spotify,0cYrSvxiZIJ4tHs9xvsE5F
TRUKNMZ128E078632A,Yesterday Threw Everything At Me,Athlete,,spotify,29bxOYrVTxc55SXjqJ1pbZ
TRRYLVP128F421A523,Golden Age,Beach Fossils,,spotify,2uFlxHqvIAibq6qtcbmD1A
TRAMRFE128F4267DF3,Annie's Angle,Mando Diao,,spotify,1DSAWP26RCVaqJjGy4sP0q
TROHKTF128F933BA43,Colombia,Local Natives,,spotify,1kvqzClcahvD6aAht8VCjx
TRYHEKU12903CBAE43,The Home,Portugal. The Man,,spotify,0860c318y0njrVwnmrtMeG
TRPCSMD12903CFB274,White Cross,Sonic Youth,,spotify,1qG5omOY4dqnOKDWcZU0W3
TRVTJCN128F931A458,Rough Steez,Fuck Buttons,,spotify,4TRFXXPbilJiuGf5HqwX6v
TRPPLTG128F427FE65,The Weapon They Fear,Heaven Shall Burn,,spotify,1S54IpJlwzTeUiHv9dNzd5
TRHHANT128F933E6B4,U16 Girls,Travis,,spotify,0MV28w3OtqvZBtaJ8zr1bg
TRHDNVM128F930CCC5,The Weather,Built to Spill,,spotify,4c3IKaoUrfP1YeUgojKJsm
TRITROT128F4281A5A,Heartstopper,Emilíana Torrini,,spotify,2hk6GaLo88w6beE2HQD2dA
TRUOGHZ128F9310FCD,Pride,Manchester Orchestra,,spotify,6gw7wvsEqHAihATnECGJBN
TRZLFPV12903CC0331,Oh,Dave Matthews,,spotify,3iTd77Elam5PWQGuarudiZ
TRDHPEO128F429E9F5,Red Apples,Cat Power,,spotify,5JccQk9UOKObDGJr3Vo2M1
TRAXXDR128F92FD8D8,Fallen Angel,Elbow,,spotify,1PtXb911Zu4ZEtS0Ury1Yy
TRPYOYO128F9332EEF,Here's To Life,Streetlight Manifesto,,spotify,0QlqRosRRw0ypqQuXF6UuC
TRDXGSX128F9308E45,Dear God Please Help Me,Morrissey,,spotify,0FwGsZ1MGzqXGpkkRjhLdv
TRFORON128F9343566,I Did It,Dave Matthews Band,,spotify,43VWB4TOhab9KpnjSErJZs
TREYAOP12903CF470A,Headlines Read Out...,We the Kings,,spotify,0A2k8jOrG9Scam4VH2fmDk
TRGAPSP12903C97A93,Idiot Prayer,Nick Cave & The Bad Seeds,,spotify,1cu5z2uVWQdt9saHN1B3NR
TRLYVQS128F429EA2F,Mystery Hours,The New Pornographers,,spotify,6v9iKPnllTqtwahGsj8HRx
TRKPIRY128F42A01A1,Take Lots With Alcohol,Alkaline Trio,,spotify,1u78nJTkj7NPfTg7qf0ASv
TRHUXQY12903CDCED7,Everything and Nothing,Mudvayne,,spotify,0o8tRseeTXnnG9LQuElknP
TRISNVL128EF3643A6,On The Water,The Walkmen,,spotify,18oflSU0imWP6zfjGk3Ajr
TRMIINJ128F4284E0B,No News Is Good News,New Found Glory,,spotify,0QMaY2MbGZ5kmgzrLQq6Ek
TRLRUGK128F425A1C3,We Don't Care Anymore,Story of the Year,,spotify,0hFIeqDFBsECBLC2gQ5ZAF
TRCVGNF128F429D19E,Going Out,Supergrass,,spotify,09uBgtETpsfHOrAiei6aBo
TRWWKJM128F931A7D7,Caterwaul,...And You Will Know Us by the Trail of Dead,,spotify,1VWsraSwF94tqYdHf4ZzVQ
TRDHGYR128F9365788,Don't Upset The Rhythm (Go Baby Go),Noisettes,,spotify,0CFeHYikDDmpRxbQYrFCL0
TRGCZTJ128F4259EDF,Jailbird,Primal Scream,,spotify,2KxebEt84dk8hR8fzvfann
TRLLKQR128F930DB99,I Still Believe,Frank Turner,,spotify,0FxlFTnN8Jd34lpLzXh5ji
TRFSDMM128F424C62F,The Birds,Elbow,,spotify,0Ign6QLwJc8EnY4vyS81Rn
TRLIVTV128E0782987,There Is a Kingdom,Nick Cave & The Bad Seeds,,spotify,0V9sMAwoXVtzZZEEMwclgY
TRJNAUN128F93563C2,Hello Houston,The Starting Line,,spotify,3lbfy6AavEGDudGKKpRNDu
TRMEGZJ128F42485BD,A-OK,Motion City Soundtrack,,spotify,1S9zqMcS8ZBEK1KzVynn57
TRXWATX12903CE893A,Titus Andronicus Forever,Titus Andronicus,,spotify,0Pd0g2d3WptOsrqLeWtdiw
TRCWJDW128EF35D9CA,Ha Ha,Emilíana Torrini,,spotify,0ayhYtmac9dvNLCQxkooVX
TRRVSHN128F42812B1,Soldier's Grin,Wolf Parade,,spotify,3qlivIKsGSn88bKC7b54QM
TRVPKSC128F424845A,A Modern Way Of Letting Go,Idlewild,,spotify,1fplcK4BIi4k5hzp2DJ0kt
TRFTTTC128F42530E0,Nothing's Wrong,Architecture in Helsinki,,spotify,20RiuhEYjZKzgpx2MQr8F2
TRCVPWU128F42993F2,That's What She Said,The Automatic,,spotify,21UJi6FHWYFOvtS8vfXBmG
TRJQRQO128F4262429,Monosyllabic Girl,NOFX,,spotify,0N23X9O6LHmbrm1IQtgmEv
TRMSPUF12903CE8512,Killer Kaczynski,Mando Diao,,spotify,2N86hdgiZ61oCXVDgeQQpv
TRIUVAH12903CB1025,Worlds Apart,...And You Will Know Us by the Trail of Dead,,spotify,1yxL5CRefQ6oiF7oQsVyis
TRLKVWW128F426457D,Fuck You,Bad Religion,,spotify,0Yk3FzkNpuZUYY59j9p6eN
TRDNMMN128F1489831,Hot Soft Light,The Hold Steady,,spotify,0tKCzdaM1VQ6EozYdGssgm
TRBSHTI128E0782B61,Needles In My Eyes,The Beta Band,,spotify,0AdDqUyU9nuMdlqnEUYzkN
TRXLCVM128F4274B8F,Get Me,Dinosaur Jr.,,spotify,6K7bKhh4RxxVJ6c0lUUCTG
TREXDDS128F4277776,One Man Drinking Games,Mayday Parade,,spotify,00AEISF3HZBB4AATNq9yZV
TRGUTUA128F428B4A6,"The Hives Are Law, You Are Crime",The Hives,,spotify,086fYDutCxMnyaOdFAabXO
TRYSWIN128F423D476,Josephine,Mando Diao,,spotify,1Xzc6TwG65c4d8suhek5MF
TRLMVPL12903CDB0DD,Let Me In,Beatsteaks,,spotify,0uFOr91gjvha0L71s3wzax
TRENJPI128F92DE1E0,Hey Jupiter,Tori Amos,,spotify,0mHYqj0QVITrAQLVeCup5l
TRUTXER12903CD2475,The Rest Will Follow,...And You Will Know Us by the Trail of Dead,,spotify,0S7DcP65BkdCIcELep2Ks0
TRKWALM128F147CD7F,The Snakepit,The Cure,,spotify,1mbqic2Ov1o2OEJC1W4eEp
TRXULGR128F145BC40,Mark On The Bus,Beastie Boys,,spotify,1C0ZqXUtLst06RLwSr20s5
TRZNHOR128F42A01A4,Another Innocent Girl,Alkaline Trio,,spotify,0nWSHMsOtca6hRBfm2u0Z8
TRYFSOA128F42947DA,"Hello, My Treacherous Friends",OK Go,,spotify,0KBbkxMsQMg8SYWhmVu4c9
TRYZXWU12903D0519B,Mrs. O,The Dresden Dolls,,spotify,0seLekhdGWNcbrv18Tj6g9
TRODZXN128F935013D,Kennel District,Pavement,,spotify,07xlv5qAUv3gVHRvDIf1UT
TRCGAFV128F4232398,Jane Became Insane,Beatsteaks,,spotify,1P1bJvM4MS1STwkcFLJJLY
TRGIGOM12903CE8965,Tobacco Island,Flogging Molly,,spotify,0vnT6odRtr8wnfh6ghbwYT
TRHMNGD128F9327014,Stab,Built to Spill,,spotify,2LFAzSMptl36Wr4jGRbYdd
TRHMNSX128F425A25B,Havana Gang Brawl,The Zutons,,spotify,2rPTTO4BvAs9P8crblrpEa
TRSNMOG128F92E899B,Stay Golden,Au Revoir Simone,,spotify,32k6Gc8PsiweuK1Hd4yqR5
TRUMNEP128F42252FA,Song of Imaginary Beings,IAMX,,spotify,0Bp24peL25u4MsNsIQalip
TRUVPVV128F4248192,You Part the Waters,Cake,,spotify,3yZgtLB64pkrk7AeVhnF1R
TRCQSIY12903CD3C84,I Won't Let You Down,The Subways,,spotify,0bW6kSSfkQrNEzPeBtePCt
TRAQHIY128F92EF28B,Angelina,The Bravery,,spotify,0yf5gpN1XpyayBIWWo4VGY
TRTTBED128E0782827,Be My Angel,Mazzy Star,,spotify,3R6kyOmqWcAsqZqqe9CGL0
TROQBTM128F9333661,The Stone,Dave Matthews Band,,spotify,05a8Gzp19pPLDRet6zUJbQ
TRXOQQU128F428AFC3,The Geeks Were Right,The Faint,,spotify,0frwwsvxiF2owKwPixKGEF
TRPFSJI128F422F31A,Wish I Could Forget You,Silverstein,,spotify,0y1DriqAm12zU1XNqOUnLT
TRUMPBM128F9331D4E,I Don't Believe You,The Magnetic Fields,,spotify,1ph0Yrcf4Wp93KcsaN1X1a
TRMMLLN128F9346265,Son Song,Soulfly,,spotify,6i9Sou6L400ZjA1Nb4Egmi
TRVQKCT128EF367655,Planning a Prison Break,The Receiving End of Sirens,,spotify,1fj6Qkw0kSIitdzYCORYKa
TRCTAHE12903CEF094,Static,Beck,,spotify,2ywqXYbTOjwGnLsYEDyhD7
TRLZLQE128F9309A50,Kalifornia,The Subways,,spotify,1is1Kn5hCZmy0rt4i4lMRi
TRRQCYN128F936145E,Time Goes By,Air Traffic,,spotify,07jhMZC57k6sZ6IQPyOpC7
TROWVHL128F93029AC,Bow,Kasabian,,spotify,0BFf2Py50qB2abvcSIt5CS
TRGOFAB128F4267DF7,This Dream Is Over,Mando Diao,,spotify,3no8GqLrhe03Mvj44ETXkO
TRTMOEC128F9332356,How It Should Be (Sha Sha),Ben Kweller,,spotify,0I6BKIgLN8pVESGWHaiHJc
TRKEKIS128F147FA15,So Cold I Could See My Breath,Emery,,spotify,0NRoMntYjWTefK3Pk7uiuQ
TRMVLKH128F4267E48,"Decisions, Decisions",The Starting Line,,spotify,1gMQmehFlHPEsOIIRulyIK
TRPYRGV128F4295A1D,Prison Food,Ben Folds,,spotify,1hObezCKHGllct0HifwRaQ
TRDGLFA128F426E407,Altered Beast,We Are Scientists,,spotify,0ngUwBKQ6yVZ6EwQUrVChc
TRQRWRZ12903CAC3D7,Sweet Feeling,Black Rebel Motorcycle Club,,spotify,2u7ICGASYB3InFCJKA61Cz
TRGOJAX128F930F88A,Wolf Song,Patrick Wolf,,spotify,0gzDw8st8WlNsA1aYMMKIE
TRAJJWZ128E0789D5D,On My Way,Ben Kweller,,spotify,0wOhT02FgPcBQewavAEMBR
TRFUHCC128F425D4D3,Playing With Fire,Emery,,spotify,1O3VVbsQqd0XN3axmvnACA
TRYMYGN128F1489835,You Can Make Him Like You,The Hold Steady,,spotify,02YakVnV6J01new6Lw44ID
TRDCOXD128F42707FE,Endangered Species,Sepultura,,spotify,1J339w8ZGvf8IiY7oLCEYa
TRDIHKB12903CD8D7A,Mad Man,The Hives,,spotify,20YQOeEOIRLDwbPTl5AKe7
TRRIBYA128F934D0DD,Swim,Jack's Mannequin,,spotify,08hh1QNXTUJ6cD9zEZ798r
TRDPDRK128F146A30E,I've Got You,McFly,,spotify,1SH5K2pg1c8mKxL5KJ7jhU
TREGHQZ128F426C8F1,Cringe,Alkaline Trio,,spotify,0rp47ZE0Ej8bc7KbgvoQRG
TRZQZNJ128F931C2A8,Shiny,The Decemberists,,spotify,2nPfDKxCOU9hBNOW4lQQAW
TRJYTON128F4293F7B,Your Country,Gogol Bordello,,spotify,0jUrT8VdIkm8sEgNmlDn5k
TROIFQS128F4242CC5,Me & My Friends,Red Hot Chili Peppers,,spotify,3f6FqunAo0kUtTnbd1ZCxE
TRGMVJU128F422C14B,That For Me,Forever the Sickest Kids,,spotify,11hx1k5gDMMinIDm3daKuL
TRLSCXI128F931D391,True Blue,Bright Eyes,,spotify,01bDGKdNQAuPkMgxk0ftkM
TRCYRAY128F146ECB1,Doctors And Dealers,Dirty Pretty Things,,spotify,0UtzhGS8yA3KgaVfquRgsz
TRDJTLA128F4288771,How Lester Lost His Wife,of Montreal,,spotify,0R6bRcmI5y8LamSXr0dADX
TRKMRET12903CB9FE4,Your Hands (Together),The New Pornographers,,spotify,04Opkz4yNUWew298eQReg6
TRATXCW128F92E0576,Take Care,Copeland,,spotify,1A6NowDDWDmvcosKCaV8Bd
TRODYLV12903CB08DB,British Mode,Goose,,spotify,10phiAEaxZqCOs2LSEIy5F
TRNBVER12903CCE261,Or,Sonic Youth,,spotify,3cpbOoyQ9EDUqjlQ4JmWML
TRXJRJO128F930F701,Massive Nights,The Hold Steady,,spotify,0IyjTZtjBP7pktwjh4OWgI
TRCSDPD128F42AD897,Father Lucifer,Tori Amos,,spotify,0frOimIHDhHcLIZcq4s6rA
TRQBLMK128F422DE5F,The Way You Wear Your Head,Nada Surf,,spotify,00745jzyTNmGl4cilzuMDg
TRZTRAA128F423E907,Flex,Dizzee Rascal,,spotify,2VLlceFcGWTpStWMmCYPd4
TROHSPA128F92DF96C,Reverence,The Jesus and Mary Chain,,spotify,1jVp70ETGCnVAB6d6pxFuO
TRFCBTT12903CE3EC0,White Daisy Passing,Rocky Votolato,,spotify,5AlFSrPHOtlEt9hOi62w64
TRMJMNU128F1460DC3,Saddest Girl Story,The Starting Line,,spotify,1cYICnAaOscYUotYdrLgxw
TRRLUTD128F9318913,Magpie,The Mountain Goats,,spotify,57OaBwbzmyIhVOmwRnHxoe
TRMIUAB128F932E150,Break It Out,The Rocket Summer,,spotify,1uhV7Y0juwdLAsAkSproCg
TRUNPNZ128F92C4EE8,Lose It,Cartel,,spotify,0hW3SghAd08BeIHa7sCEy9
TROFAEA128F932BD93,Maybe Just Sad,Mando Diao,,spotify,03OMut9SMJp5Q6jtuC8cog
TRDDOSF12903CC94C6,The Plot,White Rabbits,,spotify,3sKzeoh3l84HI0mtN1OsIt
TRLLPRT128F931BB16,Oasis,Tarja,,spotify,08w70oXDC3DmvCdRcY1DMa
TRXVQEM128F92E37C5,The Most Beautiful Girl,Datarock,,spotify,1OfgGcNrKF84dtLvpuGadx
TRYHTVG128E078298A,West Country Girl,Nick Cave & The Bad Seeds,,spotify,1wBhA9lSuAXm8Q7hfY7t1F
TROSINE128F931B731,Accelerator,Primal Scream,,spotify,0AtY3PmFa1Y85fz1OivEvZ
TROGWYM128F4292B95,Chasm,Flyleaf,,spotify,0Z9G6JQ2hXBxAOYXIIJD1Y
TRWFTBT128F4247F31,I Love You Golden Blue,Sonic Youth,,spotify,1m0bPG4GTAHNdqq7kbflij
TRQSMDD128F424793D,Comin' Through,The War on Drugs,,spotify,1fIKlhZ3f6XTM2YGpuZJX1
TRBYXDH128F92DE725,100 Dollars,Manchester Orchestra,,spotify,1Pj6mofZHlzra2H2OFDbZn
TRNQEIW128F92FED6F,Snare Hangar,Battles,,spotify,3YYO94wNxI4vbBO4i6eVUy
TRORKFK12903CA2760,Lewis Takes Off His Shirt,Owen Pallett,,spotify,0mlRzwQOyLW5whTudeDCfn
TROXHMD128F426A581,Debbie,Architecture in Helsinki,,spotify,1cakQppBGyHWXEvKJvqRQL
TRYNOVB128F42A7342,Missile,IAMX,,spotify,0Y7eEzlpkfc1rCJnjO8CLM
TRLWOZC128F92E4053,Future Days,Pearl Jam,,spotify,22sDLvlzAJzH0BHiMSOfRP
TRVXPAE128F9344B8C,When We First Met,Hellogoodbye,,spotify,0weYEl7yScmf3tsxK0OEVx
TRHBVKX128EF3460C5,The New Boy,Mando Diao,,spotify,2fSzkQsxGOr8wgfSXZ6E9X
TRGENNT128F424D67F,I Must Be Dreaming,The Maine,,spotify,1fljyIERlUP0ZjSffb7WLR
TRIXGGI128F92D9795,Beyond the Horizon,Bob Dylan,,spotify,3XRk0ku350tRQ8XBP3227b
TRDBKGS128F933428A,Icicle,Tori Amos,,spotify,0MyT53iaFESGbto9wPWWKv
TRLIRNE12903CC82F8,Down With Moonlight,The Rakes,,spotify,10dGdTOc6jcpt1pD7Hc58J
TRDANKB128F14B08E3,The Martyr,Cursive,,spotify,4qWtZ7Wid0oJFIafj5uXGB
TRDKAJI128E0781815,Supercollider,Radiohead,,spotify,72zeFQrDrM8rc73aJ7bJ62
TRUDNXR128F934FDC3,Grey Gardens,Rufus Wainwright,,spotify,2Cl5lWNb5pZORPLEKK0Tkd
TREKXJN128F92D2C37,Trouble's Braids,Tom Waits,,spotify,1CJdb8VtMVUJ8mVPca5MQy
TRDYFXU12903D05240,Waffle,Sevendust,,spotify,50drBkMd1ne3HSHQBJGu2W
TRXCTOE128F92F406D,Issues,Mindless Self Indulgence,,spotify,21L7M6ZcctTnkxA2wiNwpt
TRHNGFN128F92F901F,Almost Over,Elliott Smith,,spotify,16JsINvvfJderKYY1U8CCU
TRFNUVT128F92F9011,Ghost Town,The Vaccines,,spotify,1CzooskJKgUN9XLGibPTWw
TRLPKYL128F92E28A3,Walking On Water,This Providence,,spotify,2tZJkMpKlGGTUowctpBj9n
TRPRZUD128F93322CB,Mr Understanding,Pete and the Pirates,,spotify,0vaFQ0Zvh7cKKthGfXAbED
TRCDMTZ128F148B199,The Shadowlands,Ryan Adams,,spotify,25XC8y5LVUvCVtqvrCyLE9
TRXNTIN12903CFC72A,Forever,Dropkick Murphys,,spotify,0hN1eBgXWOft0odIcqa69v
TRVDRQS12903D08A3E,Happenstance,Miles Kane,,spotify,3YiJOUZOqerzfXvAfLQaLQ
TRXNQAP128F930FD59,Confetti,The Lemonheads,,spotify,1bd7KWyU3wnAaWYTrMIiI0
TRNHNVN128F934D644,Ghost Of York,As Tall As Lions,,spotify,2Qa7xQTWLjHozHNwnt1xEH
TRFUBMJ128F423ED36,Brat Pack,The Rocket Summer,,spotify,2d39eD4gnPsvJkbwPcuart
TREKDNC128E0791FBC,Anywhere With You,Saves the Day,,spotify,129rE2nAFIdl4UhDg1xMxo
TRJXDLM128F429393F,Wide Eyed,Animal Collective,,spotify,02foNxqKbYAJN1kMgomIlG
TRWJJOD128F424843D,Ebolarama,Every Time I Die,,spotify,2K1glj5RWIUVUqgY92A1BH
TRFZDCZ128F9300AC1,Hold Fast Hope,Thrice,,spotify,1VEZXi9tWwdJx6STNTouKR
TRGLIPW128F92DE72B,Everything To Nothing,Manchester Orchestra,,spotify,6Nyje8hnMHKNJI5t7Gsl32
TRFNYZW128E078EBE8,Sixteen,Bombay Bicycle Club,,spotify,5ha2Fw77dkeSJc9Hf8ML4S
TRXKGDQ128E078F653,This Very Moment,Set Your Goals,,spotify,1jy7GQO4gdFDToCzTfje8w
TRAKISN128E07819A1,Friday's Dust,Doves,,spotify,1iTTtCCY9G3dNghhvhTZgC
TRZUITG12903CB101A,The Guilt,The Rakes,,spotify,3cqUWyEyN7KYhZr9FRc2oc
TRCFDPQ128F4231DA1,I'll Begin Again,Dropkick Murphys,,spotify,0atpOl4fM1oMKvGgoG7Hpa
TRNNQLZ128F426E6AA,Houseclouds,Liars,,spotify,0h5NL6hDK0yuk2ArB4COyr
TRLRUFJ128F4273AD9,Foundation,Years & Years,,spotify,3w5WHAjLfyTaihHMtvlA6R
TRGSSDE128F149B8F2,Sophia,Laura Marling,,spotify,00aGv03oodELUF7NOIKj9z
TRIQUUX128F4289FD4,Orphans,The Gaslight Anthem,,spotify,0iaddg5Gfph5CS0qbH2D8v
TREWDAH128F42953C2,American English,Idlewild,,spotify,2RizlukAdrsfywXqkHZGIH
TRITNNT128F931E5F7,Homage,...And You Will Know Us by the Trail of Dead,,spotify,0eWRdpuLRwjAhS6bkUbLym
TRTWPJO128F92FA849,The Last Sunrise,Aiden,,spotify,3urVBWAe4HL8hmQ48aFsPU
TRUGMDK128F423588A,The Man I Killed,NOFX,,spotify,0xvVQlxxjvuVRa6HB3prZs
TRVHANH128F14ADC9E,Torches Together,mewithoutYou,,spotify,0SpeFYeZdNdZLmcqgRlRrd
TRKRHDB12903CB4224,Mutiny!,Set Your Goals,,spotify,2u68gsb3vk2dTuLdkXAHzo
TRKRRTH128F42A0754,Space Dog,Tori Amos,,spotify,1N5IKsGnTBLw6VVwos1Fl9
TRTFRVT128EF34C26D,You Can't Be Missed If You Never Go Away,Cobra Starship,,spotify,0PhfozBqDBoYjrwB7ATBG0
TRBOWSQ128F145E0F8,Why Don't You Find Out for Yourself,Morrissey,,spotify,0GaNjNdsn43yfUdwDQ3VXL
TRXNZFS128E078FEA5,Instant Street,dEUS,,spotify,0wLeXKBtG1wcpA86TyLLvZ
TRUFRDH128F9343D8F,Figure It Out,Plain White T's,,spotify,2vZpX2acN08xJb2ggziNZo
TRHFWED128F4289573,Returning to the Fold,The Thermals,,spotify,03Vu2IibjBgKIEqyjL1QCs
TRFSMZI128F92F6641,Staircase,Radiohead,,spotify,2O6h9bcoyqbg9OYTqHJ535
TRPKSEP12903CE2945,Magic Trick,M. Ward,,spotify,0zkNAWO4KiklLVahW5pRUG
TRAGELN128F428A6E6,Black Market Baby,Tom Waits,,spotify,054SIli6BURXOBp0zIRuPb
TROKQFM128F9333E85,What You Say,Sugarcult,,spotify,4WYhO5QZNYrYzzHEQ05Qgy
TRJQYRG128F930108B,Singled Out,New Found Glory,,spotify,0w1S04oEBNVyjN3F3YYpuO
TRCRFBG128F427C287,Bring It On,Goose,,spotify,09H6M9lU543wmhkpssGXhO
TRJGQCH128F145525A,Half Right,Elliott Smith,,spotify,07UxvosdwMiD43zVIqBxsR
TRLLJMD128F9329FCF,Into The Light,Papa Roach,,spotify,4cToVJUNzuvzVNKlpezpWL
TRGTBGS12903D06C47,You Can Never Hold Back Spring,Tom Waits,,spotify,0FmJEnZl6ef6ojOcEr5SZg
TRRGOAN128F4262685,One Great City!,The Weakerthans,,spotify,0ScmgeheUNCqyVo85yFKUh
TRORYMK128F148996F,Once and Never Again,The Long Blondes,,spotify,5cbqFKkSCQnS0QFC3j0MlT
TRIXGKV128F146A30A,Epiphany,Bad Religion,,spotify,0BpCWcH4HHmReHUNBZoaee
TRPDTED128F424DD35,The Other Shoe,Fucked Up,,spotify,1RMfsWLPWzMeNuNt2Dkgpy
TRGQOLS128F93033E9,Big Eyed Fish,Dave Matthews Band,,spotify,2t34JLaa7IMm07Ut0Z1Vi7
TRMXRQS128EF3460BF,You Don't Understand Me,Mando Diao,,spotify,108RyBjBPhmAP2BiIYr6m3
TRCRJXI128F425ACF2,It Takes A Fool To Remain Sane,The Ark,,spotify,2FJZoFkLrQyuhuMA2HCdrB
TRVFJZF128F425517D,New Ways,Daughter,,spotify,6SIwsg4DZx79ECsFgl6Xje
TRCVSHK12903CFC98F,Interlude 2,Enter Shikari,,spotify,1zMZZ8RTC7V9Ma1mWtmVor
TRGCKBS128F1482218,The Gospel,The Dandy Warhols,,spotify,1x4sxA3tlCf8ZVtKusrdyj
TRPDACR128F9326164,Under the Westway,Blur,,spotify,0ddEHU65abvEiyfv7q4QNt
TRCPCJM12903CBECD4,Scheherazade,Panda Bear,,spotify,0AknK6lZpOefP09hSsiBby
TRJYYUM128F933C15D,Kiss And Resolve,The Maccabees,,spotify,1DOXgsL1H7bWhS9Dqf5xUg
TRIXFZM12903CA2FD0,San Sebastian,Sonata Arctica,,spotify,26U973eTUBmmzRaynvLhEA
TRNOORP12903CE893B,No Future Part Three: Escape from No Future,Titus Andronicus,,spotify,0S1EakeRmbMBpGzPezQMJr
TRDUPHS128F92DDD60,Rocket Brothers,Kashmir,,spotify,0gz8d7jOHIxdtfO0IKSAIp
TRXEWMA12903CBE7EB,First Light,Converge,,spotify,0L4N7dzVdAXjJXpaaRz4vM
TRMAQCM128E078998C,The Food,Common,,spotify,1Ke6bqdvdGJF1ftvuO8qtP
TRWGYGL128F42484A5,Apocalypse Now and Then,Every Time I Die,,spotify,0wf2lzz8vlri3yU1QpgGzO
TROLTYN128F425099F,Duet,Everything Everything,,spotify,2HcfFIAAoajLrmhpDenfQj
TRBHQZM128F42A52D2,All The Things That Go To Make Heaven And Earth,The New Pornographers,,spotify,3HNgLSxtaQZzRNYScmvnch
TRBODES128F423D0C1,Thick As Thieves,Dashboard Confessional,,spotify,4caFBLL1NiYWDmV3dlpOSu
TRFRVCM12903CEE019,The Party,Regina Spektor,,spotify,1jZpN0gygeEGmjVFo4Q1Oz
TRLLIJV128F92FBFEB,Shaken,Shiny Toy Guns,,spotify,1EaQBZkk1sEO20UL2sfk27
TRNBOGV128F931B105,Lazy (Lazy),Architecture in Helsinki,,spotify,3GDmnzju1qSIM55oiefxLq
TRAOEUO12903CD4DDA,Manta Ray,Pixies,,spotify,0kfdZnXYBWPzaBderiOt5n
TRCYIAQ128F42B12C0,Lowdown,My Morning Jacket,,spotify,05gejFwEeqLRgeqoEqKQp7
TRPISEA128F930BBF8,So Alive,Ryan Adams,,spotify,1LRgRXXnGHv5YtmbquKihf
TRTXNIY128F932F1CE,Ocean In The Way,Dinosaur Jr.,,spotify,0kN9oECK1rBk5MkWLnVFUw
TRCPOYO12903CD2A46,Opus 40,Mercury Rev,,spotify,1FHMRVEqjCqqrAvvMgKhzN
TROLKMA128F4274A30,Phone Home,The Dillinger Escape Plan,,spotify,4A4WFWShfFMs64EBnaneMS
TRYGDJD128F14895B5,Yr Broom,Someone Still Loves You Boris Yeltsin,,spotify,23vZRZP9q4tPGjlKJppB1X
TRAGNMT128F427E642,There's Always Someone Cooler Than You,Ben Folds,,spotify,0g2jTlXGNCRVuAeJj1OJIY
TRAWHKI12903CF300C,One More Hour,Sleater-Kinney,,spotify,10ghLwVZQlOU4FznhC96a1
TRMHNKW128F42918B1,Double Vision Quest,Minus the Bear,,spotify,0QPUkKd7VuZ24ctENwCGmz
TRFQTSM128F427E2F0,Masterpiece,Bayside,,spotify,0yaK8trdW9x9ZXKIwXw2wl
TRTURIQ128F42A01AA,I'm Dying Tomorrow,Alkaline Trio,,spotify,15bBxTOFG03cvpyTK4RD8g
TRKUSEJ128F429E9EB,Tired Hippo,Yo La Tengo,,spotify,2GrkX8WaCFGMxoMBiR71P9
TRFTJNM128F4255C2E,On A Mission,The Rakes,,spotify,1BItBgUP6EYvLZu1vHHC5P
TRACCTE12903CDF524,Cross My Heart,The Rocket Summer,,spotify,2K80dPDRn4RUGjV9zl6pQl
TRKMJDG128F1454346,Treat,Kasabian,,spotify,1YUE9oVxGE3R88qMhi7odF
TRTSNNY128F93523D8,Loop the Loop,Wild Beasts,,spotify,0fbL0Wt7Jh70brfwmwi1Gw
TRDGKLU128F146C94B,Prime Mover,Ghost,,spotify,2TDh0o5ZjCMZpQtKbDbqIr
TRMCGSH128F4272541,Radio #2,The Ataris,,spotify,3RUy1m2LLhDUoCRdmwnUns
TRLKJQF12903CC5BF8,Never Stop,Echo & the Bunnymen,,spotify,0Gg0PMVFRktkvt6UyqulcD
TRAIHTX128F42A01A5,Steamer Trunk,Alkaline Trio,,spotify,2OzM7qu0ERcln4uKVPu97j
TRVVDCX128F147B0C6,Before She Does,Eric Church,,spotify,1bYBe7wkzvlwYHzEpoKllT
TRFOJEI128F9335A16,Friends of Mine,Adam Green,,spotify,1gA5gBoiJnQVMxu5eUCYH1
TRWCSVF128F9325AC3,Brian the Vampire,Xiu Xiu,,spotify,0OxVxLIfxxCPhUeodCksHC
TRKHQQB128F93112EA,Happiness Is Overrated,The Airborne Toxic Event,,spotify,0EXZwksDW6aRIM8K5o3jLy
TRXLXAX128F930DBA6,Code of the Road,Danko Jones,,spotify,07hcifnPSE9JOptDokutm1
TRXBUKY128E078F63C,Open,Regina Spektor,,spotify,3r9cusePbNP6D4XTB21CcE
TRCCMMZ128F424C67F,Heavenly,The Dandy Warhols,,spotify,37AxtuX6FjQ05PfPENXjj9
TRFUZKC128F93139D3,Coney Island,Good Old War,,spotify,5jnekVPgf12EsKtBX3JPTW
TRMOEYS128F9339DD7,Desolation,Lamb of God,,spotify,0asHedzNrLSCVDq0SW5gwy
TRUHCUV128F4267DFF,Next To Be Lowered,Mando Diao,,spotify,0klclWgQH7T0zSmEAZmYUa
TRMJRTT128F932724C,Sugalumps,Flight of the Conchords,,spotify,0RlygkwmzYlFSZ5ydtDgKU
TRSZNTS128F9325AC9,Clowne Towne,Xiu Xiu,,spotify,0NBMdDCIRtnlPxkDr2HN8f
TREDQOC128F1480174,All That Jazz,Echo & the Bunnymen,,spotify,1mCyado1ipb09hSLPCLgNt
TRIOQUG128F14ADCA0,Tie Me Up! Untie Me!,mewithoutYou,,spotify,3VduoRGZdym3rpyyQp7kYD
TRDCTLN12903CF9CB6,I'm Not Crying,Flight of the Conchords,,spotify,2tgx5j8yPdIbIfNjWeBr6k
TRXRHQO128F148CCA8,Westside,Athlete,,spotify,2Hd3QXV17cTctKxqHfSMGM
TRXMGKE128F429325B,Wink,Little Dragon,,spotify,09qrKDU4NHt892jtAcZgiU
TRYXNOW12903CA7A72,Monomania,Deerhunter,,spotify,0J2YX5sEIxq4WU5Cv5DZCd
TRUZSNU128F4235052,What's Coming Over You,Beatsteaks,,spotify,0tIQydUkVUACT2xIAPrkoO
TRLMTGO128F92D28AE,Downfall,Matchbox Twenty,,spotify,2mp5NtfuneZoxCZa8GzlhD
TRFLNFH128F92DE728,My Friend Marcus,Manchester Orchestra,,spotify,5Jo8isdr7Nq4zTeOhmKboG
TROIDWU12903CC5167,In the Dark,Flyleaf,,spotify,0Tjc5vBCaPQeNc3vHtQKab
TRHEUAY128F92E2110,Nishe,Muse,,spotify,21yJ7CyodxVIQz0EOYwsHp
TRINVXI128F4229D33,The North Pole,The Walkmen,,spotify,0YUlzRed9RuUh7g5aeUdZG
TRIPBDI128F92D1B85,Marianne,Tori Amos,,spotify,1tB0yEgZSAwHlaI8mD2SAn
TRHLCZD128F426AE94,Gamble Everything For Love,Ben Lee,,spotify,0NyEthy27SgbC0vvhdVt48
TRJHWUU128F42918AD,Dr. L'Ling,Minus the Bear,,spotify,0mHhTGv23yNZ3q7j8s6uXt
TRXGVBB128F4289933,Just One Thing,My Morning Jacket,,spotify,1m8AuDg5hkr9KT2n0IIgBV
TRCXFJG128F427EDC9,The Deep End,Scary Kids Scaring Kids,,spotify,2JakvAHJvHJaMm2MqYAQ7f
TRYZVAL12903CE7DD5,Factory Girls,Flogging Molly,,spotify,14RI2A1Us8TgSubDgp6obK
TRACKVU12903CA436F,Omaha,Tapes 'n Tapes,,spotify,1YaRkdMuUcFobknG4bibTJ
TRGBHNL128EF3460C6,Morning Paper Dirt,Mando Diao,,spotify,09q7q1e9U9GxdFE3YLPE46
TRYDFNJ128F1460DC5,Left Coast Envy,The Starting Line,,spotify,4JOmMnqpJWNkkutT3H5OD0
TRAKTYB128F422D852,We Came To Dance,The Gaslight Anthem,,spotify,2kSbU0AGxfAzFQwfQqMSGH
TRXOMZD128F9319516,Tornado,Mindless Self Indulgence,,spotify,1cDQcJOVae4NZa1BhyyRh8
TRMSSTA128F934F56B,Afterburner,Panda Bear,,spotify,0bntBdcjkEKtmJKK7E89QC
TROYHCA128F423EF5B,The Noise of Carpet,Stereolab,,spotify,0zOGJ90Z3Wm2Cs8sA0XFbo
TRELZQT128F14655A4,Antonia,Motion City Soundtrack,,spotify,0VbQ5tzqSipluVvTLxlOqS
TRSEPYS12903CB4232,Don't Let This Win Over You,Set Your Goals,,spotify,487W4wYfJ6Q7Cxa9CF7UUH
TRIGMRV12903CCB617,Strangelight,Fugazi,,spotify,62uCap25mL5XTZ8fd9tgSk
TRIRUZK128F92FAD23,"Surprise, Surprise",The Starting Line,,spotify,340WozJHoTsuUZyrW1UNYR
TRYPSCD12903CEA894,Wednesday,Tori Amos,,spotify,0h52s7wgRveFHuWFEWcGgu
TROJOWC128F933A330,Kung Fu,Ash,,spotify,2QN7lhAV6D9VaJ7HfjDg6Z
TRXFGSA12903CF530E,Themata,Karnivool,,spotify,4BlekeejcDoLYzv8PimDAe
TRINNBY128F9302589,All Or Nothing,The Subways,,spotify,0l7AcnCRZYlril3maG3jK1
TRXPQGY128F4262601,Contagious,Boys Like Girls,,spotify,2P49MQWTaYP6744d3BDD4n
TRCMUJA128F425E1A7,Who's Gonna Find Me,The Coral,,spotify,0MZR4I0uyb39hOJVgzo4yl
TRERONJ128F92F4552,The Mending of the Gown,Sunset Rubdown,,spotify,3nfBkWUA8Y6ogy0z6s7NJb
TRINBRR128F92F7B2A,Let It Burn,Ignite,,spotify,0FJ6jMyEdA4q2VRLr1Vkqm
TRRZDEA128F425DCA3,Any Minute Now,Soulwax,,spotify,00hvO4sYa4e0a198MDmHC3
TRQSBGN128F4266599,Frankie's Gun!,The Felice Brothers,,spotify,0OdNZXNkVr2NXEmMcgnNaV
TRLLHSY128F421E337,Remember Me,British Sea Power,,spotify,0cnPd5jvSCUSBrD7lckjdT
TRRGDVK128F42ACB3D,Meaningless,The Magnetic Fields,,spotify,0LStR6cVolTlAMycMOe0Oj
TRIVJPU128F42AE3C1,Total Revenge,Say Anything,,spotify,2tpCWiQmyMsCuV77V111e8
TRBZIBJ128F92DD6E3,Fred Jones Part 2,Ben Folds,,spotify,2Oq7FNjSS7hdVYqWqmDcQr
TRYKMUL12903CA275D,Lewis Takes Action,Owen Pallett,,spotify,06U5fOLcIQvp4Wl4wlAccU
TRUELBT12903CC2004,Waking Up,Funeral for a Friend,,spotify,2xQnHO2zK2KINLRfXi0Ioo
TRRIDFX128F429DB8C,Sweet Talk,Dear and the Headlights,,spotify,2N2RSVt0BmUfSU1MSdOvBM
TRCPYVZ128F9330FCD,The Bed,Lou Reed,,spotify,0HGNhSZifzqv0rXcfNkCiS
TRLVOGK128F92CD9A0,The Giant of Illinois,Andrew Bird,,spotify,2Kigix7mKw5wtIH8NzaqrQ
TRYWQDU12903C98A19,I Need You Back,Ben Kweller,,spotify,1efyfbicmmNXgpQZD9YBDk
TRLJTAW12903CDDF7D,Coming Home,New Found Glory,,spotify,0z7ERe337ocpNOOnxZLBGv
TRWCUJV128F92D823A,Women's Studies Victims,of Montreal,,spotify,1K20UFDFPzaPLRQRBRjZ13
TRUXABP128F930EA82,Keep It Together,Guster,,spotify,7dsKkDiMvdcGM6BpWU6mRC
TRDGVRE128F9343C17,Cheer Up,Reel Big Fish,,spotify,0pTFbMebfXozB3uhujICgB
TRLWEGM128F14632D6,To China With Love,Mando Diao,,spotify,0RaSlh34dQfjcBoskxs4Wa
TRCRXKG128F931F8EA,Hawaii,Mew,,spotify,1zxnPLFSmGv7iKMHISmthc
TRUEREK128F42731E6,Make Believe,Toto,,spotify,0ePH7xppBnS0f4lM3O7sKL
TRZGIEF12903CD5AE2,Want,The Cure,,spotify,3sig1llmylqwzF6CXKJBcc
TRSETOO128F42A6C9B,Doubt Full,New Found Glory,,spotify,0H9pTh3sjmmcpp0Rxlw00D
TROZJQZ128F9334B0C,Atomic Love,Beatsteaks,,spotify,4HpKTpkdiEXpswXmgGz7BR
TRJSXQQ128F429B0A8,How the Leopard Got Its Spots,Portugal. The Man,,spotify,20C9J8s198RlKn7gCxuN4H
TRHZOXJ12903CA71C6,The Darkest Places,MxPx,,spotify,08i9oFejJHqANJjbZqXEII
TRZGUYI128F42368DF,Point Of Extinction,Motion City Soundtrack,,spotify,0XKxKloEXxWIJtiKndybQi
TRFNJWG128F9314EDF,Colors,Portugal. The Man,,spotify,0cLn1lGTsPDLK4v8OlQd1W
TRWFWQT128F429B043,All That We Needed,Plain White T's,,spotify,0YjFRplhIcx3jhYQKcBemC
TRZWZGO128F1489837,Citrus,The Hold Steady,,spotify,09TmzHaZsQ4d8qLLJPVvV0
TRZPBNO128F42B7BEA,Party Pit,The Hold Steady,,spotify,0FUxxsKCLxNrdCQpLO5LqA
TRDDJME128F932B51F,Ike & Tina,Jamie T,,spotify,1A5vHPDiHEDYt8NNxoQ6Oz
TRRFXEM128F428A998,The Part You Throw Away,Tom Waits,,spotify,0oVwAx55dlupgRIKuTFcow
TROGLQO128F4247D66,Move To Newlyn,The Subways,,spotify,0B3mYrJERBTqdW03KR7BaI
TRLJRLF128F426229C,Narcolepsy,Ben Folds Five,,spotify,5lcDVrzB1aHA5C5kIhBZAO
TRTTIXZ128F93321D1,Penny on the Train Track,Ben Kweller,,spotify,1V2yqKGsH5kz9IYGq9g5Ua
TRLVAVH128F9300F2E,You May Be Blue,Vetiver,,spotify,2xF5BnwC6iANDbTwHR460k
TRJRMVM128F4259C12,Fuck You Aurora,Alkaline Trio,,spotify,33vLXrE3xkaW99rJKoaVNq
TRUNBVU128F428AB11,Spectacular,Graham Coxon,,spotify,1Fc7jmiSQ0H3LINlHhn4h2
TRUXGEU12903CBCB0E,Sailor,IAMX,,spotify,0bTOCAPEOqSCInYbp2GzN0
TRUKUBW128F426B4FB,Just One Kiss,The Cure,,spotify,29QgIO8Z6hkuz5uWBxnrqJ
TROTTIT128F4261F00,Jackie,The New Pornographers,,spotify,0pcRqW2l5QpjJTSEq36YSu
TRUCAPF128F421BD4F,Brain Burner,No Age,,spotify,15nB0sMqce0AnS7FXmNBjF
TRGCIEC128F932E722,Go To Sleep,The Avett Brothers,,spotify,2B4XxI08hFlQSSQtscRWa1
TRXHEMA128F4263519,You And Me,Damon Albarn,,spotify,0jm7k3F3OqF2ele4r8UN3l
TRQKXYP128F1495C34,Division St.,Thursday,,spotify,2nBfQX0AbR5dSgsdIrZLlY
TRLYCES128F9358D60,The Thing,Pixies,,spotify,0WVpDep4Phg30vkMTxe0pq
TRXNHTK128F42484A7,Bored Stiff,Every Time I Die,,spotify,15Ui1PgTVpDqAu8W9fBvLk
TRZRBIN128F4221039,Lightning Strikes the Postman,The Flaming Lips,,spotify,3cPGau9zZGhv9iTlREIy2y
TRMOSDV128F9310AD7,The Kind,Flyleaf,,spotify,0YhO82F5SQAGDgjhn2QpUi
TRUDQRW128F429AE0F,Nowhere,Therapy?,,spotify,0TdtdDsiyOzCN3ltMmIWP5
TRLXEQB128F92CC570,Blue Headlights,Shout Out Louds,,spotify,0DHWpbx3kzyP6oPdHbDKEe
TRLMFJH128E0791359,Poison Arrow,Sonic Youth,,spotify,21Da5ohcR2TxdDmrBcAe1I
TRDAVOG128F93049AB,The Dreaming Tree,Dave Matthews Band,,spotify,1om1Avyyn1emEctjwvR7Ms
TRYPYOU128F932A9F8,Sometimes Life Isn't Easy,Mew,,spotify,0QdpgQQNdO81yKshFbbYY3
TRJFLFX128F42771B5,You're Dead,Alkaline Trio,,spotify,1HRrOGvSBr8G4O4IKLrZSK
TRXCYYZ128F426267C,Reconstruction Site,The Weakerthans,,spotify,0aaLrvZs6YQGFP5dhg0Ysa
TRXCXCU128F932B151,Phone Call,The Faint,,spotify,3ot5HzKTiNxloOCt0k0WMK
TRETKEU128F428AFAB,Sweet Tangerine,The Hush Sound,,spotify,3fMxeVaHO93ENmGJtNwpfm
TRTBBNS128F92C3A0C,The Created Void,Underoath,,spotify,0XM6SBa7xYMWv3ng5QNvWq
TRHHUIA128F4293D28,Patty Lee,Les Savy Fav,,spotify,0jR6seiJJ6D835Edi9uXdN
TRKOCTA12903CC83C7,Leave The City And Come Home,The Rakes,,spotify,2dwRI2cFq3s3HJAbXTC6Zm
TRPMOXL128F4248486,Ghosting,Mother Mother,,spotify,1YHyHtQtcj8yJCGV11axeZ
TRYKRLM128F423EE4F,Another Pearl,Badly Drawn Boy,,spotify,1Z6cCc0QUJxUP9TVOlrPiV
TRSKDWQ128F9326107,Tiny Heart,Flyleaf,,spotify,3zwUIOIWhAoZDCGbeg4DWd
TRBYOJK128F425B4E4,The Fortunate,Cartel,,spotify,087iMBgZpCw2BE9gyPHDKh
TROLCCZ128F932EC00,Happier,Guster,,spotify,4jG5Cfg9Hn5ReXTHaGEW38
TRELGDI128F931AE1A,Suit Yourself,Shout Out Louds,,spotify,10vmbbdXnmSxDvsthgjYvB
TRYZNFS128F933A74A,Southbound Pachyderm,Primus,,spotify,2JfkQjQGxmhXEFnHlM3JJp
TRFMNEF128F92C5359,Lay Me Back Down,Portugal. The Man,,spotify,0eMKRVlYlSQfDHuiBW2UsR
TRCSWPI128F429EB8C,Season of the Shark,Yo La Tengo,,spotify,2DYqTYssZkkndAPjSWHieM
TRDSIVA128F424A063,Like I Needed,Rogue Wave,,spotify,0gswQNmV9AU8M3mKTZRyAW
TROKVZK128F4265812,Skeleton Key,Margot & the Nuclear So and So's,,spotify,0h1neAgbsZaHsxTkWA0I4g
TRFOLGM128F42300C7,Gone,The Bouncing Souls,,spotify,10FlWDMuZJUjxNkaXUr7G6
TRSZJYU128F426232B,Together On The Sand,NOFX,,spotify,1WuY6teKWhNUIVkJ0wLCGB
TRIXWUC128F932BC97,Since I Told You It's Over,Stereophonics,,spotify,1zy7KPub18CkQmx68EjXF3
TRFNABF128F930D68F,I Wish,Babyshambles,,spotify,2hacWarlXKbDedwHUXYkQS
TRKCBAC128F9326101,This Close,Flyleaf,,spotify,11SI0OkmNFak8xyj3coHPN
TRCQPKR128F428EB6D,The Promise,The Cure,,spotify,1qDAGR4oG82HPAqq54fSDg
TRAEOHW128F42A52D9,Unguided,The New Pornographers,,spotify,0hzw3oofQjjQpQ1oeDnBbe
TRNUWKT12903CBB785,Scissor,Liars,,spotify,0fWXlJRYLbGQPQOqrlPb05
TRIONFS128F9310043,Los Angeles,Frank Black,,spotify,0Y6z8SN88GydlQPu96PCpl
TRRHLLN128F930DF44,Trippin' Down the Freeway,Weezer,,spotify,0W5q2dWU0TuxU86oT0EHky
TRLVAQU128F423503B,Big Attack,Beatsteaks,,spotify,2s809UeoRm7jqgVDxW3jeK
TRMPDAT128F42368E5,Hello Helicopter,Motion City Soundtrack,,spotify,1axOjzRLTX5SlGr138N8uH
TRMWCEE128F426D0AE,I Thought You Were My Boyfriend,The Magnetic Fields,,spotify,0fKNI2Xd1v3mjN7GscMZAv
TRUDTAG128F427E9F1,Give It Up,The Format,,spotify,5SNQDWAWQwyusoRHJUZ50o
TRCQBJZ128F426353F,Love Like Semtex,Infadels,,spotify,0RTfFagALoWExxGPCzfaE0
TRJGJTH128F4291A81,"Oh My God, Whatever, Etc.",Ryan Adams,,spotify,0sUzPqm1gdsabzX5htMvf7
TRILDDE128F934A23F,Strange,The Feeling,,spotify,0pYFWjpVtzwPN5fV7Mu4R5
TRCUCJX128F92F3E03,New Direction,Gorilla Biscuits,,spotify,7CdGO6KJg20UAAXl7CW8q6
TRCVHFN128F1485FAB,What If We Could,Blue October,,spotify,1mgkZJY7MkVHn2bvMvpWCX
TRVRMUG128E0791E50,Jeannie's Diary,Eels,,spotify,5b7fsA14dQW6Y9i6wjIBod
TRMCGLK12903CE7B9E,Dead Living,Sugarcult,,spotify,1ooBC73alU4DfnR5DnpIOH
TRCPOMH128F4295A70,Time,Cute Is What We Aim For,,spotify,1bvyPBws2N70kAvYY0N41Q
TRRKJQI128EF351A4F,Look At You,My Morning Jacket,,spotify,16XBPXSbmu9KQA5knHgJMC
TRRUDBE12903CF1239,Tear Garden,IAMX,,spotify,0Ibc4mNHH7bC7ke3a02h3b
TRYMIDY128F934AB29,Black Magic,Jarvis Cocker,,spotify,3pwJ6q4TXOKSWLeAd9iKDz
TRYGKMF128E078466C,Paper Cup Exit,Sonic Youth,,spotify,1RA3sZChtDTVW4G9WEKy3O
TRROZYH128E07864CB,Shadows Of Salford,Doves,,spotify,1L4iBDweSvSlkZKm5oHho7
TRCPLXE128F4264B00,I Need You,Relient K,,spotify,0ZeKvU5Dv3GP0aj3WfdINI
TRBNIZC128F424D683,Whoever She Is,The Maine,,spotify,08X2d27wDj5TuJl3GpfJ9F
TRCRAXJ128F92C3170,Freak Out,My Brightest Diamond,,spotify,14KAFtmyYi8G8OCSjlw8bs
TRFDBCY12903CF274D,Fear Is Our Tradition,Ignite,,spotify,0wXRYRoSeyJDzvyImqw9gy
TRXQJOS128F425C831,I Wish I Was A Girl,Counting Crows,,spotify,024eoT5Xm00rY4YrpRIcGw
TRUWTEO128F93461E2,Options,Pedro the Lion,,spotify,3L4uj7Hh4N9tPjjMFhQlRF
TRAENGN128F426685B,Fannin Street,Tom Waits,,spotify,1tGEo5I20zHPW0E43yg5LM
TRMSZVZ128F148A1AC,Blowing It,Dinosaur Jr.,,spotify,51m67bH2MxFHvqWYjiVHzZ
TROYFGO128EF351C2B,Montauk,Bayside,,spotify,0YgmakzXPGhngUlLGBEXnS
TROLCGT128F92EAD49,Chop Chop,The Academy Is...,,spotify,3RFrFDum5wtaDO99iThq65
TRXIGTK128F930D4B6,Vegas,New Found Glory,,spotify,1RKmkQ1FyFyiTxUDLXhsvQ
TRBLMNT128F932A9F5,Vaccine,Mew,,spotify,034NyJwvOmnHsOWdohxVrU
TRCQGHH128F42A373E,No Regrets,The Von Bondies,,spotify,39Rrr9FoMKAgLQ0VAcXGYi
TRDEMDN128F930C014,Shaking,Sugarcult,,spotify,28F2xp42sM5aOCYmFk5aAS
TRZSCEP12903CD0010,Up All Night,Unwritten Law,,spotify,2l5KiC7moQwE1ljGZAOS7s
TRZGFOV12903CC2DC1,Turnaround,The Subways,,spotify,1hlwshbkewK9QTTOHOfT2l
TRHUSEC128F14ADCA5,Paper Hanger,mewithoutYou,,spotify,2i6ryQK1G1MujGFHw7D9aT
TRXFYPW128F426894A,All Along The Watchtower,Dave Matthews Band,,spotify,0AU54nX4FploMXKmfRLuld
TRFZUIA128F4269C8E,The Things That I Used To Do,G. Love & Special Sauce,,spotify,2DfPBw8VgiqEBkdpON4UV6
TRSDSME12903CD9D1E,See the Light,Sparklehorse,,spotify,26fZrUgHjQDUsjSqHsgKpC
TRESXCR128F932A9F1,Cartoons and Macramé Wounds,Mew,,spotify,03CR58a3Ms5FQpBm6a7UVc
TRISFCG12903CE28EF,You and I Misbehaving,Tilly and the Wall,,spotify,1NZSUHzjqhc2gBXCqlntMX
TREUMKR128F92DD6DD,Best Imitation of Myself,Ben Folds Five,,spotify,5aF8mr9BrOZujB5Nq59YqQ
TRWBFBC128F4258622,1930,The Gaslight Anthem,,spotify,064pUkkLH7PHrwE16WFGgD
TROLYZF128F1452048,Shade,Portugal. The Man,,spotify,2aZGnDWVAMGEzUx4UHQCEv
TRXCOBE128F425A3B0,The Conversation,Motion City Soundtrack,,spotify,1uA9I9dz5dw6U7xde1pRxD
TRUPOAH128EF351C45,At This Velocity,Thursday,,spotify,0O9oGMZh3euikWnn2EVlem
TRZGAKR128F4298E19,Don't Slow Down,Copeland,,spotify,1BBAONpcnL3sdXsT8k37i4
TRIXIJZ12903D140A5,Strange Terrain,Circa Survive,,spotify,07qbrtFWQrunDDWpBXF0zm
TRCQUBL12903CB2426,Pretty Things,Rufus Wainwright,,spotify,4qraiP9QZ8SPQMbtOVYzqC
TRHHUER12903CB9FE8,"Sweet Talk, Sweet Talk",The New Pornographers,,spotify,0vHAMbLjmvzJNlVh7zZLjB
TRXRJXB128F4237E56,A New Day,Volbeat,,spotify,03Cy5rN4zytI3zTz0waerd
TRJMUOT128F4275ED7,Schwinger,Seeed,,spotify,1XyFcaHfNymuyDHtry9XvD
TRPYLPO128F934C11E,Eternal Refuge,Whitechapel,,spotify,2LCfiSbNVznMNMnLcKh1zq
TROHPMM128F930AE86,Circle,Flyleaf,,spotify,0jDDFjnyyK3etasmjUVsjZ
TRIRXYE12903CC09DB,We're Not Alone,Dinosaur Jr.,,spotify,1zJvQ9Mz9CmAECbVJmB18Z
TRLQLLV128F930C411,Reality,David Bowie,,spotify,1HdBPqWuVBiBpF1xzikXJ6
TRLNBYE128E078E7A3,The Enemy,Paradise Lost,,spotify,11x9GZC58nUC2VHR87hCvi
TRNGQXQ128F93234BD,House Party At Boothy's,Little Man Tate,,spotify,1YI5kUak55CKeOgFnJA7cM
TRHFSKW128F42667F1,Good Clean Fun,Cat Power,,spotify,1HNAKyshTA5Fx0lcZeRgfY
TRRMBBM128F4263AF4,Motivational Speaker,Cut Chemist,,spotify,2jcQsCYBsAjH6Tkh1dTJDQ
TRJZBDL12903CD80BB,Black Girls,Violent Femmes,,spotify,0JQjisTQkXf6nR6oRfKUrf
TRCSIPV12903CFCDA7,Spinning,Jack's Mannequin,,spotify,0um5pmGt4T7wOM1FvxEnn1
TRXYXHL128F42AE3BE,Most Beautiful Plague,Say Anything,,spotify,2zaB83M71zgf0VHW6JY0Qo
TRHWFED128F9307C70,Middle Cyclone,Neko Case,,spotify,3g0ni4Emgtd6poWOv8TEfD
TRRZTMT12903CBB3F7,The Waitress,Tori Amos,,spotify,0eZ6XqrsqUcEKYbLx8zkU3
TRREYVK128F92E37D2,One Last Kiss,Madina Lake,,spotify,5MYLpCFlDBPQ312SLioQct
TRYCNBM128F4296FFF,Beautiful Child,Rufus Wainwright,,spotify,2BUXezV7oPD854FnSUgi9P
TRSZFLW128F4297F09,While You Were Sleeping,Elvis Perkins,,spotify,0GZpzMbGs6CkXzB8uxZEoi
TRWOIQD128F1489838,Chillout Tent,The Hold Steady,,spotify,0zvnxVyyBF3kQpijgi1sUw
TRNWUGI128F424E69D,Maybe I'll Catch Fire,Alkaline Trio,,spotify,0AFkMsY2UJ1mcgYbSvDkOf
TRLUDAN128F933A73D,Those Damned Blue-Collar Tweekers,Primus,,spotify,1VuvtCkhLkUPC8LHbOONMX
TRFQYGQ128F92D384E,The Next Life,Suede,,spotify,038yfpVNXW1Ztd4QNywK0a
TRZPHVT128F4298109,The Car Song,The Cat Empire,,spotify,02KkLk03Oj9EC49700vovn
TRREYGR128F145E707,Father Time,Animal Collective,,spotify,0LMx38a5gSE3E0nRZ9OWSt
TRHZQIW128F4217CB6,Paint Your Target,Fightstar,,spotify,2atx3LSWx5i4tXtaQv7MB7
TRGNPDZ12903CA2759,Midnight Directives,Owen Pallett,,spotify,07QpeXJG8DEeuSUN2YGw2x
TRIQIMI128F42B03BD,Mr. Right,A Rocket to the Moon,,spotify,0lqs4L8OY5E9wpdyygCtR8
TRCRAHC128F4296017,No Way,Sonic Youth,,spotify,2hIWDjYvEKCZW1i2Lvwepz
TRNHHNM128EF3663B0,Caught In Your Trap,The Pigeon Detectives,,spotify,01OvCk0ARpr7GYglcb7eFn
TRNTAXV128F92F9042,Walking With Thee,Clinic,,spotify,1qsG0oVDqXiQe7WkA5oTFM
TRYVOKE128F14AE21E,The Weakest,Emery,,spotify,0M6M2tsZX84wfm38zM09sT
TRBKZPY128F428954A,I Might Need You To Kill,The Thermals,,spotify,1IBlU8Xt76xFUWzw4pSGr5
TRGGHEU128F1469B4A,Defiance,Incubus,,spotify,1GjWXiHmfQyXGOsQl5lt3t
TRUJGPU128F1495918,You Got Nothing On Me,Mando Diao,,spotify,0laZcK2fTiVicDVPx2qws9
TRANMQX12903CB0280,Please Don't,The Courteeners,,spotify,13Bxv2HjC9S0OUqawxUKfd
TRYVNPM128F9348492,April Fools,Rufus Wainwright,,spotify,06Z4AWmite8dfJutNi42nX
TRMAMKW128F934B486,The Weak and the Wounded,Silverstein,,spotify,0alMKFds41wTRhPLmpusiS
TRVGETO128F4267183,When The Sh-- Goes Down,Cypress Hill,,spotify,0wkOfti3atuWOzClrUNPSZ
TRWXRAE12903CD2A42,Tonite It Shows,Mercury Rev,,spotify,1h5D8NQfmIfhvZ86octnDU
TRRFMHA12903D0717F,Let It Be Me,Social Distortion,,spotify,10jXRIhu6VubCOk8bttoNO
TRDYCVB128F9327262,Carol Brown,Flight of the Conchords,,spotify,0nlNf6h6vQANi1VSlh3Aau
TRILRDG128F425CEC0,Wave,Crystal Fighters,,spotify,0hMgWnm8eZUhrNE0lJVLXp
TRKBFWO12903CEAF7F,Lost Girls,Tilly and the Wall,,spotify,2it3Pwsg6vzAc8lMZ1i4qE
TRYUJWB128F426C909,My Little Needle,Alkaline Trio,,spotify,26dH0wTjAuyDCHfHEi6PPM
TRARUFV128F4271ED5,Bang On,The Breeders,,spotify,0xtQwi8fgCjPazrCtcEvTy
TRGGRBY128F1451DC6,The Sweat Descends,Les Savy Fav,,spotify,0QJaXJeS45XE2Wtxa6vu98
TRCPUVF128F423510E,Television,Hard-Fi,,spotify,0rEHwbZKXeDLGRVaUOBPoG
TRCJKHL128F427DE66,Heathen (The Rays),David Bowie,,spotify,0dKJCaV5qvsDl1WVLbY1H3
TRJGAOT128F1469AA2,Mulholland Drive,The Gaslight Anthem,,spotify,1dbLmUsZJFTbHCsAGE4x2D
TRCAJSM128F14650D7,I Won't Be There,Simple Plan,,spotify,1zFxfF11M312NQUT4fSWqq
TRCSKKQ12903CEA37D,The Messenger,Thrice,,spotify,0ht0vT6Uq3oa71a3wlOSrQ
TRXQTLA128F930BBFF,Graduation Day,Head Automatica,,spotify,3tltpyApgtcomEC6Rp1nts
TRPMXOT12903CB80CF,Red Meets Blue,Matt Wertz,,spotify,0rdPBIkM4G4g4hrt7Ze0TW
TRWHQKC128F92D7336,It's Not OK,The Enemy,,spotify,7yP7QlYp6XEiUmKXVJkJsl
TRSVGXI128F930A21D,Strange Vine,Delta Spirit,,spotify,1f3ASr4yeh8HNaxbO08kGx
TRDQNUD128F428AFEA,Black Jack,The Hives,,spotify,1SYQKicLKZsJKA0t8s4pH6
TRFPCUX128F149DA55,Newborn,Elbow,,spotify,1WptgpJpTre0Rd0YqcpCVv
TROHTJE12903CB8F60,System,Coma,,spotify,0Lxnb5DPBxBNieN2uZpKiW
TRDCNWT128F429E969,What Would the Community Think,Cat Power,,spotify,0noZzy9FhDt6Vy72MhksDd
TRFUNJW128F931F1DF,Wasteland,Augustana,,spotify,3NmjbbA6E0q1p1N4VSP2lg
TRHBVRC128F426613A,Hurricane Waters,Citizen Cope,,spotify,4CWupiUTfpfxWkQ1HIiczo
TRNJREZ128F422DE6D,Killian's Red,Nada Surf,,spotify,0B4ZI9nLeYUyI0OqfDRUWb
TRYZHTB12903CBAEFA,North Country Boy,The Charlatans,,spotify,0do7KTlM9AsE34FTHyAmHP
TRFNMNL128F92E0336,Memorabilia,Nine Inch Nails,,spotify,04Y6kqF1n3PzCYQyv9SHkU
TRUAHPG128F429EC60,Half a Canyon,Pavement,,spotify,0z2lfQVndhwB3jgn8KL7kt
TRPAJZZ128F146289E,Right Girl,The Maine,,spotify,2ujhgtkFSTUMsP5fNsEVPB
TRDHLLO128F9302208,Paddling Ghost,Dan Deacon,,spotify,2kEUnoIRejGTX3y8oH3euY
TRLNRAF128F930E112,Broad Daylight,Gabriel Rios,,spotify,0pj8ZZwPUUVZ0GPspsQyaI
TRFUQZC128F9321659,Family Values,Johnossi,,spotify,5Pk3XawuLa5A08ilkAQwo5
TRRFFFM128F427ED79,Your Boyfriend Sucks,The Ataris,,spotify,00qg7B6HIDhIqtmJbXz25c
TRVNEBV128F9346B7A,We Dreamt In Heist,Anberlin,,spotify,5bvBCqJXTrF8euBoODhDup
TRWGFKG128F4267330,Echolot,Wir sind Helden,,spotify,0clslUwiiC6f34tinrD53U
TRUEBEH12903CB53C5,I'm Yours,Jason Mraz,,spotify,02W2beC2rgyqMaYmiGsqEe
TRVFIRW12903CE7BEF,Dog Days Are Over,Florence + the Machine,,spotify,0FddOpVpK2Odf0aQ6XCWT8
TRXUWEC128F426BE3F,Skinny Love,Bon Iver,,spotify,0zP8BJOamm7Q9aNMwCby55
TRXYTME128F935FB51,You've Got the Love,Florence + the Machine,,spotify,04sidR7vxJuHMfT3E4Jqq3
TRPEXGX12903C9E165,Young Folks,Peter Bjorn and John,,spotify,0aavfoRVDGJXld9mgWcJ5K
TRAEWKC128F9325FA4,Born to Die,Lana Del Rey,,spotify,00eiH7PZ8gqLHpvAxc9TPz
TRYBFNR128F426BE3D,Flume,Bon Iver,,spotify,0SxjUar3kSzArD0dRloczB
TRUJOHU128F424E6A6,White Winter Hymnal,Fleet Foxes,,spotify,0PO75LIJQ5TukvKCmxtZMR
TRHLOHH128F1454C95,Hoppípolla,Sigur Rós,,spotify,0Q8fOnreSMzS7VUN8EAVPv
TRIPUXS128F42B7715,Breathe Me,Sia,,spotify,0ADtdiLIJvQlTIs7mNNAzn
TRXDNYE128F428D5E9,Blue Jeans,Lana Del Rey,,spotify,0K9tlCEGethn0Hdn1F76dL
TROQQRZ128F4296636,Fidelity,Regina Spektor,,spotify,04pFmhOHg1Pjp3Jtr3Uqxp
TRXTXMP128EF35F7B9,Grace Kelly,Mika,,spotify,026UBYXOMvW0V28IxgLXdD
TRJDNXY12903CDD722,Cosmic Love,Florence + the Machine,,spotify,04sO2Rg7eeIY9VZ3eZgCLN
TRJPZBS128F149798F,Mushaboom,Feist,,spotify,01zTbRpevfD7QT7PU1hyJL
TRFSABG128F92DC66E,1234,Feist,,spotify,05HuJItRYr9bvwX2WwhWNb
TRDZKXN128F92C75DF,Samson,Regina Spektor,,spotify,2bbhyUWJ5VjdfI3P4PRLu2
TRVIRHU128F9318770,Riptide,Vance Joy,,spotify,0AP5VLh5KWqgfCjPNChlTy
TRFOXNQ128F425A8D4,White Flag,Dido,,spotify,08ZeBUNes6fzQQmE7eBvbG
TROZEFI128F421E0D8,Disorder,Joy Division,,spotify,2WEw8oFZiANQzWdGElO3Mf
TRUKVCE128F426F671,National Anthem,Lana Del Rey,,spotify,00K2YLugNIEG4zCPoQVegm
TRIPLBA128F427200F,My Moon My Man,Feist,,spotify,0Bl1KVabXXXnLYf5ZNYawU
TRQOIAM128F4255677,Dark Paradise,Lana Del Rey,,spotify,03lw0C3V0vFqqjhVKXrpF7
TRFVNBN12903CFE37A,I Feel It All,Feist,,spotify,068Zc15pLxZiAJboDAlnse
TRKBJVR128F4243D06,Young and Beautiful,Lana Del Rey,,spotify,0Dy9tp7Lpejn84eYpsg9Lf
TRXBUEG128F4224E34,Lump Sum,Bon Iver,,spotify,0gRLa5AKCFSh9a5C9Phoqh
TRAFBTF12903CFF5A2,Blindsided,Bon Iver,,spotify,1n3acBlZIwe04b9fhIueSy
TRJHSKL128F92E4EC7,9 Crimes,Damien Rice,,spotify,08YEGpKt2LHJ0URCXKHEie
TRAWHNS128E0785B01,The Blower's Daughter,Damien Rice,,spotify,0aMrV93Z33AqiPyyNKrSd7
TRKBJVI128F146048D,Nantes,Beirut,,spotify,1j2xBvnfvDnxScznDyS2gV
TRBXLFU128F427A494,Creature Fear,Bon Iver,,spotify,1ybu2CSF26zyquwCWb6YQJ
TRFHZSQ128F1486DEB,Postcards From Italy,Beirut,,spotify,2nDfx5DL1NyrkM8DSchnto
TRGMRAT128F4228115,Delicate,Damien Rice,,spotify,0JkEFSSrN9FROC2ItobmQN
TROQWFB12903CB2B16,On the Radio,Regina Spektor,,spotify,0fkpztMq3o6AqJX5YWm96r
TRUTAIO12903CD6614,"Piazza, New York Catcher",Belle and Sebastian,,spotify,0WrRlCHmD7LzpJa8chDz2h
TRXCEAU128F4236671,Daniel,Bat for Lashes,,spotify,07vvz7BWTT7SytmE9hkCdR
TROMMMK128F92F7623,Never Let Me Go,Florence + the Machine,,spotify,0nxoeg8NEjSwgnJbfGLRH7
TROICCL12903D0D0D8,Mad World,Tears for Fears,,spotify,02JBaOfEz4OY6YLuHC7n4H
TRRNPBN128F42A9BE8,Youth,Daughter,,spotify,1JDMO4EVPHtm0xXhJb2IjR
TRIMHHO128F4232AB3,Champion,Kanye West,,spotify,0aEoUChzVgpIUIHn8BpHzO
TRAFRCC12903D069E4,Carmen,Lana Del Rey,,spotify,02IAIhlRbneWoTSpWwHORe
TRAVDOK128F424EA5E,Foundations,Kate Nash,,spotify,1ioZ47mJ82Svzi1j1riNGF
TROOOIK128F146A4A0,Cold Shoulder,Adele,,spotify,052itqSo15JRkOhyqMdVl8
TRPQVGA128E0781686,I'd Rather Dance With You,Kings of Convenience,,spotify,0I644Ww84235n8RUsOYyHL
TRLMWAJ128F9335937,Always Like This,Bombay Bicycle Club,,spotify,07mmc8R7VPQ488xxw5Spdt
TRXHOZL128F92D7A20,Zebra,Beach House,,spotify,1Wyp5OIFWMhkHWpFV0PVvp
TRXCUYI128F92F8C73,Us,Regina Spektor,,spotify,0jHuggE1BEu6e278g8JxbL
TRBQGOU128E07815E9,Misread,Kings of Convenience,,spotify,1dCI5LUqvigrDQRkEcfMYz
TRDAQIC12903CC8DCA,Something Good,alt-J,,spotify,0atIu1kHzJEAaqLgVqBzua
TRHIEOU12903CD634E,Million Dollar Man,Lana Del Rey,,spotify,0P11XLoH1nch5dDuYjYbnP
TRTPWWP128F1486DF3,Elephant Gun,Beirut,,spotify,1BgT9RK8C60xqTQ6h8cLtq
TRWMMXY128F424F065,Right as Rain,Adele,,spotify,0hcqzsEGHnI40ZYMSHs6JL
TRXLKTJ128F92FD7E4,Homesick,Kings of Convenience,,spotify,0WeqauIUZSjsupDGXsXWsP
TRGTVAI128F426AA6A,Truly Madly Deeply,Savage Garden,,spotify,013AWvizllIUEC2FOBzOnh
TRUHTEI128F92FA1C7,Lollipop,Mika,,spotify,0FVCzE9F61xVP9szUNbYrO
TREYOUP128F4286176,Your Ex-Lover Is Dead,Stars,,spotify,08wGwbP3qXNpJ3ZMgwAiNn
TRXOILO128F933B52F,Norway,Beach House,,spotify,0HHs5iEuFAHSAqu2wb59ah
TROMYLJ128F92DF97A,Matilda,alt-J,,spotify,1gpEvytk4pUtLt8VisYqzx
TRFXPBM12903CAF9CB,Don't,Ed Sheeran,,spotify,0W60q5GyTBOrrnOVE4lJlC
TRUFDHB128F425EBC6,First Love,Adele,,spotify,1iAmNqnBVFJvCpM0Qg9113
TRLKSZB12903CE5BBE,Only Love,Ben Howard,,spotify,0JzXMStwgQq4Z0aYh0J0mc
TRHPSJL12903CD9FCE,Life for Rent,Dido,,spotify,0Ikd7NxBGSXCLR9NcMX241
TRADJBU128F42951F1,Lolita,Lana Del Rey,,spotify,0y2kQkab1ajJP2uqV2CTcg
TRRJMDQ128F146CC0B,Spectrum,Florence + the Machine,,spotify,0a6HR0FYRZDBIg27Wbm7NH
TRPGPOK128F932E465,Hotel Song,Regina Spektor,,spotify,1ISrs7pWmqiODvM4EbFE2o
TREOBHW12903C9B62F,The Boy With the Arab Strap,Belle and Sebastian,,spotify,2N48HYNFih1pD1BkwnhZqh
TRRHLLR128F9343B12,Smiley Faces,Gnarls Barkley,,spotify,0eO7SWs88desmou6tFqW36
TRUWQDN128F425D7C0,Toothpaste Kisses,The Maccabees,,spotify,15afaQw34GGA5qf7B1Z5h9
TRSPXHB128F4268DF6,Lucky Ones,Lana Del Rey,,spotify,0wgw4V0thNlhXVudaZnGD6
TRAXLJX12903CEF3FD,Tired,Adele,,spotify,09fgZxShFPEdl0xBMmV3sv
TRDHYWS12903CD2405,Orange Sky,Alexi Murdoch,,spotify,1IJyBbZVJ9LwXFdhcFFT3b
TRTOAJD128F4265DCE,Lover's Spit,Broken Social Scene,,spotify,05J5tBOGYj2lbEbm68f7z6
TRLQUGG128F4261B0E,Olsen Olsen,Sigur Rós,,spotify,00LlKWWT70NKLbRf4PfSi4
TRGPFGH128F423C0C1,Pumpkin Soup,Kate Nash,,spotify,01OD2HTGVOOxDSu772DTsa
TRGRNZL128F1497984,At the Bottom of Everything,Bright Eyes,,spotify,09JRdZ11NAsmL4ppAXWddf
TRVIVYJ128F4261B0A,Flugufrelsarinn,Sigur Rós,,spotify,0CFrcpJu3gJjALCybJ5OmM
TRUCWXA128F92E4944,Janglin,Edward Sharpe & The Magnetic Zeros,,spotify,2WBRDsGuMQNui9c29KMJ4L
TRCURLC128F4294D30,Knife,Grizzly Bear,,spotify,0geu5InyhNrNjhfTo6pRHz
TRUHTZQ12903CC2169,Deep Water,Portishead,,spotify,0GctsBvIFq4v2a84YofESp
TRIXFCQ128F14530C1,Sure Shot,Beastie Boys,,spotify,1WrcUjLuMg6j1ap3vOHt6C
TRUDLLW128EF35D0C4,Falling,HAIM,,spotify,00xztcl6r7r8G3vSkn5Hq9
TRALECB128F42A35E8,Amie,Damien Rice,,spotify,2IyiXhl018e58pAKpxED5L
TRLMXFW12903D05CEF,Santa Fe,Beirut,,spotify,1SSzqYJJ6gIl1KYoCvi91i
TRIRIYP128E0796848,Breaking Down,Florence + the Machine,,spotify,0TGLF3ngGU4BNsOvFa4f49
TRCCWAA12903CE1790,Lover to Lover,Florence + the Machine,,spotify,0M2tMJUam5M96YfRUIfHnt
TRSKUZT128F4288BB6,Forrest Gump,Frank Ocean,,spotify,1ugfP4VcQixnRqIOBI2gW0
TRABFDT12903CADD73,Up Up & Away,Kid Cudi,,spotify,0InFAWpnO2z5ZcO2zJUtIH
TROSIST128E0798A28,Sierra Leone,Frank Ocean,,spotify,1fvYzOPFL15V7HNCPWijp5
TRFWHWN128F42978C7,Intuition,Feist,,spotify,0A2rC39lG6iaGYzZJlJ0hr
TRFTWUJ12903CD0242,Cold Water,Damien Rice,,spotify,0NdXMz0xhyL8EIZebMzypM
TRCOETJ128F14530AA,Ch-Check It Out,Beastie Boys,,spotify,3NIxiBEtnl1tXCUhM2Zxt8
TRSXMGP128F931198E,Shake Me Down,Cage the Elephant,,spotify,12sYWro0wGQpq0rjE0lKcm
TRXYWHB128F427E0C8,DDevil,System of a Down,,spotify,0aBoygsQXEWR3rNPslbzqF
TRAJHTL12903CC25E8,Americana,The Offspring,,spotify,5FAve3Cads5c1iHBo92K6u
TRDOZBZ128E078EEBE,Town Called Malice,The Jam,,spotify,01TgKDDOhKVTZWvRLjGf0R
TRKHYKB128E0789D42,Til Kingdom Come,Coldplay,,spotify,1wQXj5bgxyZQ2XmE2X9s6n
TRYETUW128E078ED85,Six Shooter,Queens of the Stone Age,,spotify,0gqjrg3hlZVBx1KOoMRdU0
TRVATRW128F932805B,Movin' On Up,Primal Scream,,spotify,0ABT14ZlKKM2u4Y48GUHv6
TRENTRY128F14708A7,Honeybear,Yeah Yeah Yeahs,,spotify,0TyQwCixdANul5j7w3Grqe
TRUTIYT128F933724B,Date Rape,Sublime,,spotify,0kD5goTrCibAzBcjIHqgro
TRMMIUT128F932DE69,You Don't Know What Love Is (You Just Do as You're Told),The White Stripes,,spotify,0UCUEiergDAv0JSIZZLoK1
TRMQADX128E0792A24,A Long December,Counting Crows,,spotify,082dIpm6D77hIhzhmrqX2U
TRMUIEN128F425A816,Running Battle,Kasabian,,spotify,0YdBKIoJ6xaV3OqxU9sjxe
TRHBGNS128F932A0F5,Festival,Sigur Rós,,spotify,1mvkbIUPRqK7ONlXcJ1LXS
TRFTUIW128E0784B9F,Bubble Toes,Jack Johnson,,spotify,1CFwwYZ58s34axN637i9Gq
TRTDLDY12903CF7FF7,Andvari,Sigur Rós,,spotify,0EdCt9PpsDneh4LeNIy5vp
TRSNOLU128F932CE58,Tear Away,Drowning Pool,,spotify,1fOtV035JtTOgZpE3awAep
TRRREST128F92CAC38,Handlebars,Flobots,,spotify,24XdhV7A3FS7Dln1LWQjf3
TRYNBZE128F9306B0C,Somebody Someone,Korn,,spotify,0bgN41wsFTVRXggiJwHVQN
TRASKOA128F4263764,Downer,Nirvana,,spotify,23G5DStPHmHm8V2cmHxKx3
TREOBUF128F4281B19,The Dress Looks Nice on You,Sufjan Stevens,,spotify,0ETuFKhBGQwq7NJ1pqMj4z
TRSOWJB12903CC87C2,Grass,Animal Collective,,spotify,0P15FEb4KXn5sPVClCI49T
TRMTSZV128F4267768,That Time,Regina Spektor,,spotify,0NOty42lZKNObLBpyP9dtU
TRHGZJC128E07881EB,Ultraviolence,Lana Del Rey,,spotify,0IYXY2xRAboqNtciiaj1Dr
TRIUYGE128F1492268,If You Could Only See,Tonic,,spotify,0WpMgeduD6lyM8QuOvN7xW
TRLKHJR128F93162BA,Drunk,Ed Sheeran,,spotify,0B14hEVWuos2NRdgVUpKtP
TREDEHW128F427C0F4,Twenty Four Hours,Joy Division,,spotify,1nMigqnI4NON2HNZIFSHIZ
TROKLTN128F934D499,Wires,Athlete,,spotify,0lEo2PGZMniNEUnylPLkEN
TRILPCS12903CE3C6C,Vultures,John Mayer,,spotify,1cB2E9doxWKps62rvjZ0lS
TRLRGQF12903CAA760,Wheels,Foo Fighters,,spotify,3KsatAMRt1a7iryhWt5I8U
TRLRECH128F427E154,War?,System of a Down,,spotify,0p7J799pmMGOHle0UHpJjE
TRXFEMR128F93056DB,Songbird,Oasis,,spotify,0KtOXilrnzmjoP0sYwbhDg
TRULBNV128F424830C,Clandestino,Manu Chao,,spotify,0toRKtaWUoApI5fGAV0Hfv
TRLODRU128F422DD32,Sweet Jane,The Velvet Underground,,spotify,08JVcK5SHpse5ovyhv1OQ9
TRBLDQQ128F92E58B4,Tuolumne,Eddie Vedder,,spotify,2X7geNPv8okwUwmNhADJqd
TRJIKMP128F424F547,We Believe,Red Hot Chili Peppers,,spotify,0VAqziCB6dhkhY9FR2MV2h
TRXNTCD128F9346730,Escape,Muse,,spotify,2oG793j2f1XoHkxURBtHyc
TRASLEI128F426BBE4,Medication,Queens of the Stone Age,,spotify,0NZFrWSk5OsdIBiiaA0aPi
TRHZSRQ128F429EB40,A Time to Be So Small,Interpol,,spotify,1tuobcx2zAPQtIItqJuQsX
TRAGACH128F92FFD51,Fever,The Black Keys,,spotify,1g5QOX8l9IX7Q4zdexYmYU
TRLWXSZ128F425D2E5,Underclass Hero,Sum 41,,spotify,19CEEPzuzsbzry0NDQdQcl
TRLLVHK128F14676AE,Breathing,Yellowcard,,spotify,0DxN6Ywom8nnndyQXdSBPy
TRSZABT128F4261846,Rock 'N' Roll Star,Oasis,,spotify,01dwMe0j58IlI9lxhsIYv6
TRAARNN12903D0450E,Rose,A Perfect Circle,,spotify,1yeXZK8FpejylbdGChJ66U
TRPXVJJ12903CE52E8,The Ballad Of Chasey Lain,Bloodhound Gang,,spotify,02HSEUuCs9wGA5IfFKkvmq
TRAPEUG12903CBD47B,Control,Puddle of Mudd,,spotify,0E7DoPGpfZoa8aidpWtcPq
TRTEXWQ128F4254182,H.,Tool,,spotify,5fYzuUxtcaJaRRaxMoM2DT
TRFUSWN128F92F5986,Reflection,Tool,,spotify,0R7HFX1LW3E0ZR5BnAJLHz
TRUUGEV128F428AB09,Suck It and See,Arctic Monkeys,,spotify,0jX26P4QO6BYvdH1vGXObZ
TRXITNR128F4255DF1,Get Over It,OK Go,,spotify,05Igbm0LMia57ksK6jXiPH
TRLOAHP128EF34BB51,Overdue,Muse,,spotify,1DaqwHixRNyjy5zfKWg4Rl
TRWTXJQ12903CF6842,The Black Angel's Death Song,The Velvet Underground,,spotify,0FPuusdLkvuUJsiB4waWec
TRJPJJW128F92E143D,What Difference Does It Make?,The Smiths,,spotify,0ooOd42Qvo4KpSHO4HNbqL
TRAEQFX128F9333D39,Evening Sun,The Strokes,,spotify,0FCW8Wo6tYuUKQg5biOjGE
TRCWRLK128F1499B7E,Josie,blink-182,,spotify,2wEIhiUjrVyEkS4vcwoTHo
TRYKHRJ128F4241941,Brick by Brick,Arctic Monkeys,,spotify,0Aa0G2l7rZpYUaIxsZ7uov
TRXZTPX128F42A9BE8,Main Offender,The Hives,,spotify,0fpEoeuQdc2t8Caqgbp8yW
TRGYGDC128F427E66B,Love It All,The Kooks,,spotify,2HajvohpOBh3lrgGl1alZs
TRWCKEI128E0780E47,Online Songs,blink-182,,spotify,20lYHVkDn4NIOaWcS0gdXp
TRNGQCW128F427B6E7,The Package,A Perfect Circle,,spotify,0pYEITNz4o9QjCwhCOlKyv
TRXRCNM128F42B9E62,Make It Mine,Jason Mraz,,spotify,0myvLBMkESZxuxkZ4mNdIk
TRXQRNI128F9311B1C,After Hours,We Are Scientists,,spotify,0GjxhqrUH4spauSQQLMYlg
TRCPXPB128F423EA6A,Velouria,Pixies,,spotify,5Ag21WWi8vzq9Zw8Z4tANV
TRISMJG128E07989DA,Sé Lest,Sigur Rós,,spotify,4GcNCgQa1X3mTHYZ9zNVqT
TRFMXWD128F145689F,Caress Me Down,Sublime,,spotify,0wWjWihr46S1gOB6KC2he3
TRFXFUI12903CFFCAE,Remembering Sunday,All Time Low,,spotify,0Bp5CYx4yUIrpU08C55IF9
TRVNYSZ128E0792A2B,Fire Water Burn,Bloodhound Gang,,spotify,1J8sOzsuhd13GVnrmDDuUE
TRFWOIY128F42B10B1,36,System of a Down,,spotify,11wPjjULWMaclai1ey3vQ8
TROKQYV128F1475179,Turn Into,Yeah Yeah Yeahs,,spotify,0CpVTSNROqjF2TKFYv8xfV
TRLJGTF128F92D3093,Waiting Room,Fugazi,,spotify,5FFowl1Ve4S5OehL6OywSg
TRINRXH128E078C8F1,Carry On,fun.,,spotify,11eLK5rrTKkjdEHqYK9uKr
TRXOXHI128F426A36D,Down Rodeo,Rage Against the Machine,,spotify,0AwE5fipQB6SuYUFuMDH4B
TRBDBEZ128F427255B,Exploder,Audioslave,,spotify,1YABB6JiaM1kTqN8mLdMRh
TRMIDUU128F42B0DD5,I Stay Away,Alice in Chains,,spotify,1KGXJsS6s4xxyM5H6RO7uo
TRDFKLY128F4214376,Cold Light,Yeah Yeah Yeahs,,spotify,1ddUUFFc29KZ9b6MkQvTv7
TRDHYVI128F4265DCB,Cause = Time,Broken Social Scene,,spotify,0JmxnYXpXEmm1E9subgS8h
TRRGMML128F934586C,Walk On,U2,,spotify,0ICAua07eesnK5lCHSnfRJ
TRLXMFO128F4241AF0,Fully Alive,Flyleaf,,spotify,2MGpDu11Ute4wFJxaM7m0u
TRAAFGQ128F427D884,One Last Time,The Kooks,,spotify,03jkJsC7rGi7CCUadl4UMI
TRBXXBD128F931E037,Floyd the Barber,Nirvana,,spotify,38TVeXWupX2jF6Sxz7A9OL
TRFTRRJ128F1453E3E,Mic Check,Rage Against the Machine,,spotify,00HfB6EKhfNxCyBhNFEPog
TRUFGXJ128F9322CAD,Maria,Rage Against the Machine,,spotify,0Yer5FAIsW99Tiqt6GICPY
TRPVKAY12903D06399,Runaways,The Killers,,spotify,0l0g6nOVnigiFe3YLGWEAe
TRFUKFF128F930A257,No No No,Yeah Yeah Yeahs,,spotify,0V7zjznQCDJ4jKLqiuAlzG
TRNIIMI128F42BB6C0,Beelzeboss (The Final Showdown),Tenacious D,,spotify,0bH15GD4CtxWvZW51EmDeD
TRLJIBG12903CA3818,The Fool,Neutral Milk Hotel,,spotify,1YlSlxcKloeGlBuPh3vRUx
TRXRYFI128F4264B68,Spread Your Love,Black Rebel Motorcycle Club,,spotify,0E2U0pNwjVNBrQDy5VOteG
TROSQJE128F4248AD2,I Will Follow,U2,,spotify,0B9HQp12lUw7cR0nBJKtQ2
TRYKNXL128F92E95F1,Swept Away,The xx,,spotify,1xw4KwQPBkc5nKvhW0hALV
TRDYWHE128EF344C0B,Golden Touch,Razorlight,,spotify,06aMDKw1zNra92edkj2QrY
TRVIOPH128E079894E,Walkin' On The Sun,Smash Mouth,,spotify,02YL1QA8KdYfekDjVkVmxh
TRXHUGX128F93279F8,Hey Jealousy,Gin Blossoms,,spotify,0OLPAja5J1gOek3NOnmwta
TRFNFNG128E0794B47,Just My Imagination,The Cranberries,,spotify,04Ho98yC2DMeyJ3dXcL2sm
TRDIISG128F425A35B,Wilderness,Joy Division,,spotify,3EKx19nFwUt3uIyz9USG6e
TRDAWGH128F4239F35,Cigarettes & Alcohol,Oasis,,spotify,023lXHKm0PN3hmbcUfX2Bj
TRPRTJL128F426AB22,Soil,System of a Down,,spotify,0oUbu3mHmN1yBJNQK2ZREM
TRIUXWM128F92E03B0,Hear Me,Imagine Dragons,,spotify,1c4wGo62FPdUMK6H0KtNLG
TRLPBFL12903CBE814,Our Song,The xx,,spotify,3pvHEWAY1XrI5bctqEPcPB
TRXHNET128F4245102,Love My Way,The Psychedelic Furs,,spotify,0bbhQ02L0WdUnyyV3Lizxt
TRMXCUK128F427B8CA,Consoler of the Lonely,The Raconteurs,,spotify,55rs5f3NvawRGMO666XqL5
TRSPEYL12903CA720A,The Headmaster Ritual,The Smiths,,spotify,1gzBJArO3t0r5Bwgl9jYAe
TRDSGKN128F425B051,Have You Ever,The Offspring,,spotify,1Sbg8XVzkUskvfbke5nDNM
TRYJKAB128F427D52B,15 Minutes,The Strokes,,spotify,0Sqi2XLLVk5JGfZnFnidM2
TROJAEX12903CD5879,Conspiracy,Paramore,,spotify,21aVkXDch0A1nXo9he3j8L
TRISFMO128F427F301,Breathe (2 AM),Anna Nalick,,spotify,0fzCDvq0smVd9tI6eh55Jj
TRHQPDK128F422D514,Salad Days,Mac DeMarco,,spotify,29s59akhVgJ6sQ5W6vze2x
TRPERTE128F14AA185,Baby Fratelli,The Fratellis,,spotify,1C607LF3GjH7n2Eh8rqgRe
TRCGDWC128F425EA7E,The Racing Rats,Editors,,spotify,0jVvVRRad54Lj4JNmB4wuU
TRQERAH128F1486DEA,Brandenburg,Beirut,,spotify,2FLFSPPH9Z6rx66xN4T3Ga
TRTVBIX128F4223198,River Below,Billy Talent,,spotify,058jY6QhOcs6zafxy6z03U
TREFLFK128E0788E15,Here Is No Why,The Smashing Pumpkins,,spotify,2Kx3Iq7becjxLdNDB3NONB
TRRGCQM12903CFD22F,Deep,Pearl Jam,,spotify,17nESayIx53w16t6fFNDpx
TRLMWFH128F933F069,Uniform,Bloc Party,,spotify,0etOZ6dINxK0l4EtBJfRV6
TRIVOHV128F9300DF1,Brick,Ben Folds Five,,spotify,1RoYB6HhPQ9rhEEq1Zooj0
TREAMWS128F42340AF,Mint Car,The Cure,,spotify,0LKAa5hdcdbITxQT6JBz1u
TRFWUOS128F1483C24,Big in Japan,Guano Apes,,spotify,06IJufBXTe8ZJcwH2H2YzS
TRMFHKP128F426A36A,Revolver,Rage Against the Machine,,spotify,04IRKVTU8unD09Rgh6koCu
TRRGWLT128F428F68D,Silver Rocket,Sonic Youth,,spotify,0GOHcxo5Z3ohhv4cM2YB2X
TRFAOTA128E07989E0,Heysátan,Sigur Rós,,spotify,4GZFE51CLMMtaqhAW4VC9f
TRYJABB128F429C8FE,Break My Body,Pixies,,spotify,1iDtPqBb7c9RywKL0SSVFC
TREOPOB128F427CD42,Little Room,The White Stripes,,spotify,0vtduJucSJWsBMGPzBHAIP
TRONWBE128F931B5FE,Shakespeare's Sister,The Smiths,,spotify,4dxLBS6hcqBqLRd7QJbuXA
TRPJQNJ12903CB9C0B,Up in Flames,Coldplay,,spotify,06t6JWrU05BxaKPtct2P2n
TRRSNDX128E0793B02,My Wave,Soundgarden,,spotify,08Pj4Y8J8iWgYuteumA1qt
TRUPOJW128F9344E59,Whoa,Paramore,,spotify,2f6wopjc38goVUV087wvln
TRAAGPJ128F428CD1B,I Never Came,Queens of the Stone Age,,spotify,2Oo9Cz9KakwaPUOpFinVsF
TRPOMJY128F1486DEC,Mount Wroclai (Idle Days),Beirut,,spotify,3SonaciCiY2VGnQpEkKdEv
TRNOQWA128F426E445,I Alone,Live,,spotify,0ntqFQEq2RbF3CJPi8W8eb
TRFXYQL128F424628D,Entertainment,Phoenix,,spotify,096eiuefTkv2HRuqNNQFU4
TRLQWRM12903CE7366,Summer's End,Foo Fighters,,spotify,0cA5yQFQAfKjf64QHbPqss
TRLCRRV128F4298854,Who Do You Think,Interpol,,spotify,2DmLPRqs3u37MN4hH5wiXQ
TRFRMDD128F428E0FA,Twist,Korn,,spotify,05LNP81k8LvPBYHeyH4XAa
TRBIAQG128F146EDC1,Heavy Metal Drummer,Wilco,,spotify,0CFRB69lEDzFJdmrhhJVbG
TRINQVU12903CA0D98,Echo,Incubus,,spotify,1sqkxy2WNAgpRtQfDP64MN
TRIWZFM128C7196DF5,This Mess We're In,PJ Harvey,,spotify,3Jc0zSemeLO9HIMeeTcoRk
TRVBLUP128F42A57A7,Perfect Situation,Weezer,,spotify,1D7UBHqaPWDbBHs2S5YXge
TRDJSUU128F427B372,Thetawaves,System of a Down,,spotify,09kDM0vkr6KVfLqYjpXML4
TRXWABM128F426E617,Dear God,Avenged Sevenfold,,spotify,0ObuteKlbiYy2mQJ23ATO0
TRLPGXF128F14A2E24,Heat Dies Down,Kaiser Chiefs,,spotify,0sg5UCvUPVsRDAUibPJ4no
TRLZGFK128F4235BCE,Kreuzberg,Bloc Party,,spotify,4crmHggsvlvIAaelNV4ueK
TRXQFQE128F425192E,Again,Lenny Kravitz,,spotify,0lrwj8YrRfN4F3AnweuwXb
TRGGCIU128F92F281C,Iron,Woodkid,,spotify,02WEzibf7f0l2GbtjE6nHe
TRDXIQM128F92FF624,Frank Sinatra,Cake,,spotify,1abNE7hvyT9RtkslEiERhh
TRYZAMO128E079125F,Waltz #2 (XO),Elliott Smith,,spotify,0xd6Bx4NzaJ0Mo7vupf8hI
TRNANYD12903CC98EB,Level,The Raconteurs,,spotify,0WnMW2UILFxMkAsu1NN0Ty
TRRFIJZ128F4245BDE,Second Chance,Shinedown,,spotify,05HbLwIt0GYetUGCKbPFg8
TRKTDXK128E0780E4A,Story Of A Lonely Guy,blink-182,,spotify,1qkSIbzjMKhmXsGOOjvQ2E
TRWTUAU128F1492444,The Impression That I Get,The Mighty Mighty Bosstones,,spotify,0aRJ2BlunfH7Da00uIz3vZ
TRFTSYC12903CCC32F,Behind Closed Doors,Rise Against,,spotify,0DJlwA89Xc3Noc5PR9RJbe
TRSAOXI128E0788E13,Jellybelly,The Smashing Pumpkins,,spotify,1NwQOWUxx9hJq4B2DxjcyX
TRXCMHK128F9329BEA,Out of Time,Blur,,spotify,1tYQlLQVzw9LchdhyKpapE
TRYYKFR128F933E57C,The Rat,The Walkmen,,spotify,15QCqwHIagEpWSA1D0m4ut
TRUZRFT128F42BC682,Little Motel,Modest Mouse,,spotify,1UR0lWHLSCx2naiD7bq9FW
TRCWPNJ12903CD4452,Caribou,Pixies,,spotify,0zuxPTeLS40a8lkzyAk95p
TRAMMYH128F9312F05,Santa Monica,Everclear,,spotify,0yL3FDFEjnwo1hiWUACMAe
TRNWEYN128E0793C6E,Luka,Suzanne Vega,,spotify,02cFDbW2Gw9r7oxJA9GcXz
TRECPSY12903CB637F,I Think Ur a Contra,Vampire Weekend,,spotify,3BLxSMHBC4DcMsTGFwjUH0
TRFNNFP128F146CB4B,Auto Rock,Mogwai,,spotify,0cDjlYNENwEuagaG3MoTeP
TRRMHLN128F92FCE56,She's So High,Tal Bachman,,spotify,0BfEWRibnRgjkmM0lPbrpW
TRIZXTK128F9326FE7,Fall Away,The Fray,,spotify,0FXRlUUzvsv0LGtDylU3HM
TRXYAUF12903CEBCCA,Trust Me,The Fray,,spotify,08QO70x3HsQOFdI3YpLbOw
TRZZOAK128F92F8D80,Fancy,Yeah Yeah Yeahs,,spotify,0BahcCbDZnixVswEifV6fS
TRKSBMC12903C980AC,The Golden Age,Beck,,spotify,01sM1zA7j3NzCnHdEMWRbu
TRGZFDG128F427EC73,This Devil's Workday,Modest Mouse,,spotify,1sTWuYELeZ2ChYF9DRkPRl
TRLQFFX128F92F4917,Underneath It All,No Doubt,,spotify,1e1gbU3YY8vSxcZRTEcGAF
TROXLCI128F92F25A7,Wind Up,Foo Fighters,,spotify,0hy2cZlcvrbHBhWOFuc84H
TRABLUU128F1463532,Unbelievable,EMF,,spotify,01M51iepGfV71Pr908CXDY
TRDJDUD128F931B10C,Gimme Sympathy,Metric,,spotify,03la1tJ6B01qp2EhFpeXsj
TRIZRZS128E078E1F8,If It Makes You Happy,Sheryl Crow,,spotify,02AfTApZAhaZEnjRqajqSG
TROKLRI128F92EBF98,Vicar in a Tutu,The Smiths,,spotify,6d8IjLfVxnKdFEhegiY633
TROSMJN128EF33FE51,The Lighthouse,Interpol,,spotify,5GUOYxEC5H3F13Zq0agiDa
TRDCGUN12903CE8896,The Runner,Kings of Leon,,spotify,0tKmuRbtWTj7SvFPagSfkD
TRIMPXE128F42584F6,U.F.O.,Coldplay,,spotify,3jc63Zf0kxPlGh6mEq9SZJ
TRKPONJ128F146D62C,Dudley,Yeah Yeah Yeahs,,spotify,01Uyn9yqhQccXBsqOnTysa
TRAMCGL128F92F3D87,Eriatarka,The Mars Volta,,spotify,1AhLaYyxsPh8KaQIuM1BzI
TRCCYUR128F9338983,The Jeweller's Hands,Arctic Monkeys,,spotify,0mYcFAeKiQEYM4eERDWcjn
TRSAVRV128E0784602,Televators,The Mars Volta,,spotify,23qnota5Iyg4f9LNdNIC1D
TRFMYEW128F92DDB84,Feelings,The Offspring,,spotify,2omCzfcRb2O7rbjFRE22Mo
TRDVXUG128F1456CBF,There Is,Box Car Racer,,spotify,1aBjeZAATqhXSxeIG14W6N
TRAIXFB128F423C5A8,Passover,Joy Division,,spotify,5SRoz3F0MWA2yo3CvFwRQ8
TRUTHGG128E0784ACC,Paper Bag,Fiona Apple,,spotify,0IVkP59yJ9GFF6B7IrvrxA
TRTUCUY128F92E1D24,Stacked Actors,Foo Fighters,,spotify,1vziI0NCJKrqKiG94COHBa
TRTEZYU128F425B7D6,Erase/Replace,Foo Fighters,,spotify,0io6Hn5oNBWjnhEiYrB0YY
TRKYJQG128F932A782,7/4 (Shoreline),Broken Social Scene,,spotify,1irajc8VshzFpCIXidixbR
TRADAUR128F9351B94,Stormy Weather,The Kooks,,spotify,13BuLlW99DKiawJCC7Ctp5
TRCRLUQ128F92E4C2E,Dream Brother,Jeff Buckley,,spotify,0YlleFgEzlnsk7o0KpHEsc
TRUOCWY128F427B6F5,A Stranger,A Perfect Circle,,spotify,0u0B4R9mRTu91YraY9KVF7
TRRYILT128F92FE4FB,To Forgive,The Smashing Pumpkins,,spotify,19PDLG20UVAn5LcBgA4uNU
TRKZTRS128F93065CC,Topless,Breaking Benjamin,,spotify,0FCCTnUJEczeSspOHfEmW8
TRILQFS128F4246627,Florida,Modest Mouse,,spotify,1rXpF3tVXLQSNQAu3vaavG
TREJPXI128F92E58AD,Setting Forth,Eddie Vedder,,spotify,28JamPf9eIzKeZJDdoxOM2
TRHLALF12903D078A3,Auto Pilot,Queens of the Stone Age,,spotify,1MtOnaG9LKxt2T7JgkrFio
TRCQYLI128F92F5B8C,Sleeping Beauty,A Perfect Circle,,spotify,0cGPyglLMBrf7fvrD3uPBd
TRLXSNR128F429361D,Generator,Foo Fighters,,spotify,592nTDJAy8AucV4KKIDCmA
TRCQOSJ128F931B044,Avalon,Sigur Rós,,spotify,1UEOLn0EEletx6aBq70gbR
TRMDTAW128F9306C49,The Warmth,Incubus,,spotify,0LkssuXRYPFYapjXH9pJBX
TRBPFFT128F426E4DB,Walla Walla,The Offspring,,spotify,0JFs5dx9uI3zaeoWCajjnZ
TRQHLSO128F146EC68,Colossal,Wolfmother,,spotify,0voGuQpNWWj6EuIN8jluyM
TRONZHU128F42A70D9,Some Say,Sum 41,,spotify,0stledYnarjj3ZcMEwd7hC
TRUEJAU128F14B0C90,Salvation,The Cranberries,,spotify,0dZuEQ2RIWAlDugqLI5V6i
TRFPLKD128F425AEFC,Famous,Kanye West,,spotify,19a3JfW8BQwqHWUMbcqSx8
TRMUZKO128F426147D,Elite,Deftones,,spotify,3jnYlchDDAiLzfkPPy12ig
TRYPXWG128F4284572,Work,Jimmy Eat World,,spotify,0sfdLPLiWJCtV7Qj9tdNtI
TRUQZXA128F42A5F85,Down The Line,José González,,spotify,0GixW2r7DQK76xOxMmKn8S
TRUESTN128F147228B,All I Wanted,Paramore,,spotify,0ugsN3C2LC2GaTgrWVbsZO
TRLMGUM128F92EB682,What Goes On,The Velvet Underground,,spotify,0u9L3Hjgf214uHbUuFvLkR
TRLMFVI128F4281921,Spiralling,Keane,,spotify,08c64B1Zf4nzXG45SkHQtF
TRNPUZJ12903CF51E7,Just Stop,Disturbed,,spotify,1XCLA1R2nCrfoHLmrDiWZ3
TROYNQC128F42307DF,Hang 'Em High,My Chemical Romance,,spotify,0kkXLp1bKx92pWMH9A1ZMB
TRJAFPP128F426AB25,Peephole,System of a Down,,spotify,0ln00tqirDLAkNsZ8RawGM
TRAAZVI128EF352534,Hangin' Tree,Queens of the Stone Age,,spotify,0CCCRAKJHgvhMK3RzsisiI
TROLSTA128F42664D5,Hey Baby,No Doubt,,spotify,069fd0VFvU9P4kNkrpujNc
TRCTSMD128E07993C9,Trains,Porcupine Tree,,spotify,0Y6ZINcWa73OI8u6EBv8pS
TREZDZQ128EF3518F0,I Can't Be With You,The Cranberries,,spotify,0758CM3PIqd97qvsK9cmSn
TRNGWSJ128F425DD98,Chump,Green Day,,spotify,1Cq8IdsiaMiieYuLN8iEm0
TRBROCQ128F426717D,Trash,Korn,,spotify,0gooc3d297QVTtpVUzYMbt
TRRKPKZ128F42AA790,Another Round,Foo Fighters,,spotify,3063nSMNEau6Hyku2Ujert
TRZZUTD12903CADD68,Solo Dolo (Nightmare),Kid Cudi,,spotify,2EHEQx2avP1fNBLJf5UGYy
TRKCDTK128F428191A,Hope There's Someone,Antony and the Johnsons,,spotify,09ZGF6mwJVzw5jxqbtT53E
TRZYSPG128F92CD2B4,Don't Save Me,HAIM,,spotify,02iCjWBd2cOMbTnMs5Zek8
TRAORLQ128F42ACE86,We Get On,Kate Nash,,spotify,0FN7LLfn97nxWtrXCkXCRb
TRMBRHA128F1469CBE,Little Ghost,The White Stripes,,spotify,179fS2C4G5dTFbXAM4eNZZ
TRRGHPO128F429253D,Memory,Sugarcult,,spotify,0ChpoNjXfJPjMvCIN6so6J
TRDADHG128F92F4B89,Jenny Don't Be Hasty,Paolo Nutini,,spotify,0ElwF0oVhQkdQszYZUckjM
TRPVZWW128F9366832,100 Suns,30 Seconds to Mars,,spotify,1diSFxNvwkKMOI2vcadxy5
TRUXWBF128E0785B09,Cheers Darlin',Damien Rice,,spotify,44zGAo63hhc3xo0rlBweRo
TRIWJDP128F92C1D84,Razor,Foo Fighters,,spotify,26WEGZQCduRlLHNtdS2HD2
TRNYNSM128F427A82B,The French Open,Foals,,spotify,1mwSBm0GO3YRvRSTUvv449
TRXVMZJ128E0792269,Voodoo,Godsmack,,spotify,08bir2SXVY00AfXneUqdWp
TRXEHKT12903CCEE80,Buried Myself Alive,The Used,,spotify,4sxyQ95DtPdqjeR9Jg1Kcy
TRCUKLZ128F427AAE2,Say (All I Need),OneRepublic,,spotify,0HdRhCrAFJjZBRah0Fc9XE
TRRNBJE12903CE6A76,Quiet,The Smashing Pumpkins,,spotify,16jsUAjoGR7Na1jVX3tTaq
TRUQAQG128F42748B5,Make Yourself,Incubus,,spotify,0W476y3t8MCf8KQ8n3MdnV
TRCKWGF12903CD2DCD,Never Let You Go,Third Eye Blind,,spotify,7mP4fGwTDxoTOfQtxeAiJS
TRYNBPT128F14915B8,Coming Clean,Green Day,,spotify,435j8ueVosOip0Vjm3vvj5
TRDUOIP128F147D5A7,Way Away,Yellowcard,,spotify,0sYbfcMY1r5sSKSLd56wQO
TRIUAOH128F4262592,Now Or Never,Three Days Grace,,spotify,2Viqjkxmiu8hGIhjwtqYvI
TRTZAOC128F932B08D,Expecting,The White Stripes,,spotify,3lS5srXPmDwl0Kxgj2V0Ld
TRLLJPD128F934B40B,Getaway Car,Audioslave,,spotify,0wZFW4fMb6l08Nn2MuLf3P
TRCRQEV128F4292143,Intension,Tool,,spotify,2ae6mkuD2gJnJQADl488et
TRLKXFM128F427A5AC,I'm Alive,Disturbed,,spotify,1gFrm3uL7UAtmjaPspYedU
TRYUJKW128F931F263,Revival,Deerhunter,,spotify,30wvVTkqA4Fp5ZCG0xGof7
TRXIAWA128F426B5B6,Unknown Soldier,Breaking Benjamin,,spotify,1K91wl6WzfSx8H5TOgF4Nb
TRCIFDQ128F428E45F,Bone Broke,The White Stripes,,spotify,131jk6I1rZfwxNPeg22OTy
TRCQCXC128F423CE66,This Must Be the Place (Naive Melody),Talking Heads,,spotify,0cAPfvvqFZsqsIz3ZDSKIa
TRREZVZ12903CBF707,Anthem,blink-182,,spotify,0tf5uvGacL1KMmB7E24BCN
TRDNAGB128F4224B88,All The Same,Sick Puppies,,spotify,0bHYVW240JigrvsuzsCCve
TRXFGMG128F931CD9C,Love You Madly,Cake,,spotify,13phwx0IZeYMWTlioZQVzn
TRYGXHI128F92C25CC,Heaven Forbid,The Fray,,spotify,0tOIq8GTu7Jwd9RnHH7hpp
TRBCYMP128F9304351,Take Me,Papa Roach,,spotify,2H1guMOx4qIJPV0M6rKrAS
TRUEBXH128F1466D0C,Bad Blood,Bastille,,spotify,04D2wKcN9ju5IY06nwV24m
TRCPQWI128F9334FBB,Far Behind,Eddie Vedder,,spotify,1bidc1OaLsIYUEsbRTfwwe
TRIOTLQ128E0789D3B,X & Y,Coldplay,,spotify,2rxp56vVQp1zzumJ0eHLmw
TRVJGMN128F4288315,Cactus,Pixies,,spotify,2n7P7HOghFuA9nNguChx1h
TRBCRXU128F92D06F4,Darts,System of a Down,,spotify,0GIvGfgr68OGkcCNFBAdrX
TRJCHJD128F427E2F6,CUBErt,System of a Down,,spotify,10Q47vU6l1DRz25W6VyOhz
TRIIARI128E078D476,Good Fortune,PJ Harvey,,spotify,1G1YJPV7THViQfOM9Gug7R
TRRXZKR12903D0A396,Sun Hands,Local Natives,,spotify,117XTs9axKflCk5FDwf2kI
TRTLNUT12903CF4704,Check Yes Juliet,We the Kings,,spotify,1b7vg5T9YKR3NNqXfBYRF7
TRUPJOI12903CFA4E8,Eternal Life,Jeff Buckley,,spotify,0i0N9ydYtcR2X56qjKxH1S
TRZFPUI128F147A02A,Love Like Winter,AFI,,spotify,00KDLKBfP7DzSDLqJICQtk
TRIPJYP128F934B7AE,The Cascades,Fleet Foxes,,spotify,0EvcphzyVg0YG2GlTYTeCn
TRDQTAD128F92DD0FA,Gods & Monsters,Lana Del Rey,,spotify,1TogTbSn3xkbapb6OUxRvq
TRCUPMW128E07899D7,Your Time Has Come,Audioslave,,spotify,1DTHuAh4zhWMc1KbfCy1iP
TRZGQCV128E0790E99,Come a Little Closer,Cage the Elephant,,spotify,3svWLPaQluGbxt8Fp0C4Pg
TRMWIYC128F92FD106,I Don't Trust Myself (With Loving You),John Mayer,,spotify,17Ei90A3IAlPWeFTwSZhJ0
TROJBBG128F92D21C0,Part One,Band of Horses,,spotify,2W4qrdHDOlYZBOSeYDil9C
TRKOBUQ128F425A32A,The Cave,Mumford & Sons,,spotify,0c51RTK2ZPBji7lhJOm68b
TRUKUDV128F93036D5,I Will Wait,Mumford & Sons,,spotify,0Nw923wF6vLLt9tJk3Am4D
TRDETJZ128F426E90E,Chandelier,Sia,,spotify,05WrF5VT1sb7ijUN8zH8v8
TRWBGFC12903CA43F4,Winter Winds,Mumford & Sons,,spotify,0FOS3yU2UGjcbJqif3pSk6
TRYOOMI128F92DE5EE,To Be Alone With You,Sufjan Stevens,,spotify,2m8FKsH9neajvMSggonD5f
TRXDFXL128F92C416D,Hometown Glory,Adele,,spotify,0iQRBodhuHy1n3b3wDtYh9
TROUBVX128F9324516,Blood Bank,Bon Iver,,spotify,1tlXPa2eOmj64as5cTLDFY
TRBDTIH128C7196C2C,Pink Moon,Nick Drake,,spotify,0lVIN0hZkIjzdOcSMQxsu4
TRFNDHN128F426BE40,The Wolves (Act I and II),Bon Iver,,spotify,13D6Dx2fuweoi26Te6S0E7
TRLLOEO128F9310DB5,Crosses,José González,,spotify,01S32fTDasXSuCXdgrmS0E
TRTXTXT12903CABB6E,Awake My Soul,Mumford & Sons,,spotify,0gAbZmzlEPPrWJci92xvO1
TRZATJN128F92FDA39,Towers,Bon Iver,,spotify,0jBGs06ZtIYzFbT5qZnFP2
TRBBONU128F92D630E,Ur So Gay,Katy Perry,,spotify,0Od4NQWgTpDMma1Lx5qigy
TRLSXYO128F14932F1,Myth,Beach House,,spotify,0agBriTy7L5vFjeFT4qXr9
TRILHDW128F425DD35,Budapest,George Ezra,,spotify,01oR91e0LAcZRiKYWq3zX8
TRBGPLT12903CEC67C,Let's Go Surfing,The Drums,,spotify,03ugM77FPCJds1QJp32rUu
TRBLZUR128F422AB51,After the Storm,Mumford & Sons,,spotify,0lJqRf7R9M0tUAyP9CHLUJ
TRLOMPR128F93030B3,Stubborn Love,The Lumineers,,spotify,01o3A8tgvSD5zAScBG0wvE
TRRSAOP12903CE6B72,So Sorry,Feist,,spotify,02iKuC5VLmQ3rxz4hPUB2M
TRODSAL128F42855B4,One of These Things First,Nick Drake,,spotify,0hNVjU6JKydHts0SAjHCno
TRRKZWQ12903CBC4C3,22,Lily Allen,,spotify,01UlEI3QPPIdQEL0woq58b
TREJMKY12903CD8915,Beach Baby,Bon Iver,,spotify,6bp1twiUg81a04GVGXHIsc
TROODYK12903CB5C2C,Big Jet Plane,Angus & Julia Stone,,spotify,01EaSrPBx56eLywB2KsmLu
TRBTIFY12903CAB63C,Each Coming Night,Iron & Wine,,spotify,0mh7eTsBmQj29bkgpQKoPj
TRLAEWG128F4227F4C,New Soul,Yael Naim,,spotify,0ftNY455J5XB6qyxa5BZ85
TRDWMWG128F42ACC18,Go Outside,Cults,,spotify,0V8jGgK39sLsj2yAHHPigU
TRAFQFM128E078EC97,The Way I Am,Ingrid Michaelson,,spotify,0swwbmnXfzeg2hbVI3cov9
TRMMCDR128F423AB03,Anyone Else But You,The Moldy Peaches,,spotify,0hu7SWGeiZsXpzOyM1XGyY
TRRRECZ128EF34DB69,Love Love Love,Of Monsters and Men,,spotify,0lxImPbUycjNtHHCKbyJdj
TRAWVRV128F1467FA6,Say Something,A Great Big World,,spotify,0AyYui2AXynakbuoZc9IKz
TRPEUZE128F42A24DC,Nicest Thing,Kate Nash,,spotify,0Idi0ebk13bjWUpnwaklKf
TRBIDXR128F92FA61D,The Park,Feist,,spotify,0dhwV6Jllwza53q7B5vudl
TRMFONA128F92F91AD,Needle in the Hay,Elliott Smith,,spotify,0OIMgDbvSjFq5TCMan3W6s
TRKGSES128F4285639,The Water,Feist,,spotify,0odZ1pXfIZWrbMxaaQ2TEm
TRSHJPA128F42535E6,Silver Soul,Beach House,,spotify,08RYKmDG4FlHkTNvmHLs7h
TRJMELX12903CD4328,Road,Nick Drake,,spotify,0aNz8vyYkBNVqnOlZhn4Ww
TRRYMFY12903CE1162,The Girl,City and Colour,,spotify,06Yl4Yeyt7teF1ys90R4Lx
TRDNMQD128F9325C24,The Only Moment We Were Alone,Explosions in the Sky,,spotify,0QQglK4d7NIPTrNthG8FGu
TRUDZVL128F9313ACD,All I Want Is You,Barry Louis Polisar,,spotify,0Ek2ymsc2CbWyGDKvojpQx
TRONIQB128F92E84D3,Song for You,Alexi Murdoch,,spotify,0CSgxKdbQShPbCC6KcUiMa
TRWWOKS128F9325C37,Six Days At The Bottom Of The Ocean,Explosions in the Sky,,spotify,01yME1FRjy985eErHTrVyB
TRAPELN128F92DA651,Used to Be,Beach House,,spotify,0T4741cgInh7D7YCUD05Ix
TRGXMBI128E0791E56,Somebody That I Used To Know,Elliott Smith,,spotify,0LtliXTRs1Ih2JGi3DW9Ts
TROHRHL128F42640AF,Let It Go,James Bay,,spotify,0ZXiIURFbDiGMcNQTGuFCi
TROUMHD128F9355B89,Obsessions,Marina & the Diamonds,,spotify,0X3VdkebZGTuL9sMOMoyHy
TRIYYFR128F429537F,Ain't No Reason,Brett Dennen,,spotify,0FSaq4WfIJ8RbG2Li1JD5B
TRFICFO128C7196C30,Which Will,Nick Drake,,spotify,019NceddI5Tt7bykqomVuL
TRPGHIS128F932A4AA,"So Long, Lonesome",Explosions in the Sky,,spotify,3865j5TKCiO3Vi3MfPqYVQ
TRCVBGN128F4276DE3,Realize,Colbie Caillat,,spotify,07HIgW2LER67g0MWd75MB0
TRAZFQT128F426D52A,Can You Tell,Ra Ra Riot,,spotify,0UkzoeHitCpKAY0ph1juH1
TRMJOZD12903CFE323,Gatekeeper,Feist,,spotify,0yUJMO7eM89ObOc8Rh6Kin
TRIRRSK12903CE5DBA,10 Mile Stereo,Beach House,,spotify,0cnI8gNpRyGbPAUClyJVul
TRNWFWR128F93501AC,Why Do You Let Me Stay Here?,She & Him,,spotify,0tQ1liRAAH5EyHT5butQis
TRKRADU128F92E17F6,World Spins Madly On,The Weepies,,spotify,0bAM9qivrntXnHyklRRx39
TRMRNIV128F421CBE2,Northern Sky,Nick Drake,,spotify,0bDS6qJ2cQ6Ud9iZzDMpuQ
TRUEYXO128F930BD78,Alison,Slowdive,,spotify,2W70vgf87uyNB2XRpRDEES
TRUDTRG12903CE3654,Slow It Down,The Lumineers,,spotify,014eSwghnrxfNEyXEyg3zK
TRGNYDW12903CCB94D,Slow and Steady,Of Monsters and Men,,spotify,0eIB9y8m8yFbpbsfX54jQn
TRYLKPU128F1456DDE,Memorial,Explosions in the Sky,,spotify,1CfhC3FC4PJ23OJs3ZjN6d
TRBMADI128F42ACE83,Dickhead,Kate Nash,,spotify,1fWsCx6OlGawSf3gIIHMGX
TRCWKAM12903CC0882,Better Times,Beach House,,spotify,0NQTLmCn8XSQt8v2gS5og0
TRURENH128F9308D09,Should Have Known Better,Sufjan Stevens,,spotify,4OEgP8HMGt7oIFAvk6Ydjo
TRVLGZX128F4299E1A,Slow Moves,José González,,spotify,100HyC8Cgonu5cIfzTs7Jw
TROJFWL128EF3523D4,Jolene,Ray LaMontagne,,spotify,1GjwC4ijDMQgAZZcRjqWjD
TRDAYXY12903CE3F1C,Ivy,Frank Ocean,,spotify,2ZWlPOoWh0626oTaHrnl2a
TRGDEII128F4299E32,Stay In The Shade,José González,,spotify,0o7EquUXX8Q3TFgQO0FRKU
TRCDHBL128F146571C,Inhaler,Foals,,spotify,0FKrsxXT6a2DktmfOETuiT
TRNOUCK128F9324518,Babys,Bon Iver,,spotify,3JyF8ScODLObqENFb9shYF
TRCWCET128E078B874,King of Spain,The Tallest Man on Earth,,spotify,0E30CEmlZdRx0KPuXZungn
TRJCSXV128F92F962F,Teenage Kicks,The Undertones,,spotify,0D82ptaLlMYUOZ0XzggIDt
TRDCFFH128F428E462,Little Cream Soda,The White Stripes,,spotify,0GBGEGB7j6ZQZUeA4Q5b8m
TRRQLWI128F92EF828,On,Bloc Party,,spotify,0PTedhVN7NLBjDrmkT9Wrd
TRKEDJH128F1486DED,Rhineland (Heartland),Beirut,,spotify,1zt3iOVOg3NkNH3fgR9rdi
TRCRCDT128F4247A42,Driftwood,Travis,,spotify,0DBSIGOLte1iNlTv5nQW8Z
TRRUQQW128F425045E,What Katie Did,The Libertines,,spotify,0GOZtyjqcrYDRBS55ITPiH
TROIEDD12903CBB465,American,Lana Del Rey,,spotify,0Tem3UhyVIYeKDUcSN0E3j
TRQLWDC128F42396CF,Cliquot,Beirut,,spotify,3Is25qMgJEyCM5w764pChe
TRPCUVT128F92CDEF7,Camaro,Kings of Leon,,spotify,25HAOBSZdgWZn64P1NhTO6
TRDDNUI128E0785CBF,Candy Says,The Velvet Underground,,spotify,0Bl57VLy60Zrld8MpzD7Wi
TRZEUSA128F148AE3E,Screaming Infidelities,Dashboard Confessional,,spotify,0w4eINpH6ZzZxYGgwSdyBX
TRAAFBG12903CFEA3D,I Will,Radiohead,,spotify,1ChHfS4vnp0krgS8arXJc4
TRYFWXX128EF340D48,Girls Who Play Guitars,Maxïmo Park,,spotify,64cUfm02HStJ0T1y9mc10o
TRUURJG128F1462201,Factory,Band of Horses,,spotify,0Qj7T74rxgK1ZRkf2DqrTl
TRPRZEC128F1486DD8,Broken Boy Soldier,The Raconteurs,,spotify,1rAAWbTAeqSUscgjPyHRg0
TRXTYBU128F9348268,Same Mistake,James Blunt,,spotify,0Di2Lz0si5f1k35Vy9wLud
TRUGTNV12903CB2B49,All My Days,Alexi Murdoch,,spotify,0l4clqQ4hCTKCRyqPCgjX7
TRBPEOE128F148299E,Everybody Knows You Cried Last Night,The Fratellis,,spotify,0vmzCgwycrdxnUlk0kgigb
TRRAHVK128F146DB0B,The Sweets,Yeah Yeah Yeahs,,spotify,0cpaXk7tM5Iq0zKDQ1DBt7
TRDDFFF128F93397D7,Blue Velvet,Lana Del Rey,,spotify,0B4AIlB1jjT9l6QjKCdSLG
TRLOTYM128F9330EDE,Boyfriend,Best Coast,,spotify,0AgXT29pP7K52JsXIjExI4
TRBNZLU128F92E16AB,Song Against Sex,Neutral Milk Hotel,,spotify,40ONNToS5aK77xAPXFlEFL
TRGZPFA128F4296878,Son Of Sam,Elliott Smith,,spotify,1YtBRtD7soozNA6DC3Q8Ae
TRCUCPS128F4272D01,You Can Have It All,Kaiser Chiefs,,spotify,0CVfQFI4VcmXdlHejIL4KJ
TRCSFPW12903D082D3,Fake Palindromes,Andrew Bird,,spotify,0HCs5RegOyUlsefkDzdJhP
TRRIPQV12903CF8E8B,Cruel,St. Vincent,,spotify,0e86GCByx08e8vc7jBpfmc
TRSGFVN128F92E063E,Did You See the Words,Animal Collective,,spotify,0i1WghzMrBaD20YCyvp1o5
TROMUSF12903CAF896,Afraid,The Neighbourhood,,spotify,6y6y7GCq8M4Uy8Tg87dTTJ
TRPMNUJ128F9338E15,About Today,The National,,spotify,0MUh20kYFOG1vN8R6GEAnR
TRUIIZO12903CAE3DD,Bottle It Up,Sara Bareilles,,spotify,1grp6KdSTgoUvryBbZLnKI
TRREYVR128F426322D,Real Love,Beach House,,spotify,06xnHwEBsDxhtWS7n0Q9ch
TRCZVVU128F425566E,The Masterplan,Oasis,,spotify,0CfzLjop91rbKNcw7E8HCk
TRAFLVS12903D035DF,Cry,James Blunt,,spotify,0JUPcC4oBVmJMt6nob4gwS
TRTWKAN128F425AEEF,Hero/Heroine,Boys Like Girls,,spotify,1AnesEZjtNHT7Nr2Y4BuNR
TRPGIRZ128F9334015,I Could Say,Lily Allen,,spotify,0qVCjNohW24a8wLwxhkJir
TRQPQEN128E0780CC4,Bulletproof Cupid,Placebo,,spotify,2jzOVlj8aqTPVQzAsXAeCh
TRIXTGR128F4277C85,Into The Fire,Thirteen Senses,,spotify,0wXYhZtSSoX2jbAfIP2N2j
TRGUQRY128E078286B,Into Dust,Mazzy Star,,spotify,2Lzf7HQvP1xEAtS5enEpIq
TROTPFC128F93182CD,First of the Gang to Die,Morrissey,,spotify,2mmW0v9WlODIf47PEjr6Ts
TRRUZLF128F42396D0,The Penalty,Beirut,,spotify,1Zing6R6yZoOQoN553rzzO
TRUGHFN128F4287373,Four Winds,Bright Eyes,,spotify,03tc8YarHb957QS3ZnCDm3
TRLYTZV128F424A59F,I Started Something I Couldn't Finish,The Smiths,,spotify,0BwrOoVstPkObBwsBVQiy1
TRJKRWX128F423AAF6,Tire Swing,Kimya Dawson,,spotify,28zWJNlTn2d9oKQaYK6uKm
TRXKOSP128F9310C6A,Dance With Somebody,Mando Diao,,spotify,020OOIP3mC7l1NtSvswVUo
TRDRMYQ128F4283F3F,Razz,Kings of Leon,,spotify,0oCIgdCWWq6gCCT5w4KYAP
TRFKVMH128F425854A,Run Boy Run,Woodkid,,spotify,0A33N1V2jzKvKsxr1HsL8W
TRYDUYU128F92F6BE0,Southern Point,Grizzly Bear,,spotify,78ABg5C3xyIdanydlBRdoi
TRFYNNE128F429E9A1,Autumn Sweater,Yo La Tengo,,spotify,1yLfDwktWMPH4nPjoOIzgp
TRLWHDO128F92C1CB2,She's Got You High,Mumm-Ra,,spotify,0r7dXQYpadl4gYkfgR9ix4
TRRNTXZ128F1466DC7,Damaged Goods,Gang of Four,,spotify,06xqatKO47gkigIUEo7kB2
TREQGQZ128F148F073,"Perhaps, Perhaps, Perhaps",Cake,,spotify,056bAgyXJrvqWzESDcU4CJ
TRGNJLG12903CC003F,Trunk,Kings of Leon,,spotify,0xT55Wqu3YiPxfWO2POT0q
TRJRLBW128F428E45C,300 M.P.H. Torrential Outpour Blues,The White Stripes,,spotify,0d718qWULIvfW1YgrMYFXw
TRAXFXT128F426A33A,Fever Dream,Iron & Wine,,spotify,0WJepicq4yeVWn68LpqErt
TRDYWLC128E0784B9A,Inaudible Melodies,Jack Johnson,,spotify,08siZUhoJyHF54pBGYrVVn
TRPQFPG128F424A09A,Goodnight Goodnight,Hot Hot Heat,,spotify,3uK1CxqbA7hB8Ico3CdOwO
TRDTHTN12903CDB1D6,Secret Heart,Feist,,spotify,0M2Qmv1lJ3UasdEiRUZ5mz
TRAFMBS128F423B54E,On Your Own,Blur,,spotify,0KnAihn2N1HSshIr1u7caT
TRSJEPI128F931B6B4,Mysteries,Yeah Yeah Yeahs,,spotify,16LfmfZ4G9TSUCuif9XhaF
TRDWIGB128E0794C2C,Dirty Boots,Sonic Youth,,spotify,1hBCnJZzmV93AYFjKwmMFl
TRCAVXS128F92FFB5A,Two Fingers,Jake Bugg,,spotify,01z3mrqt1bZqHjJcdPICOX
TRDATOL128F42690CF,Metal Heart,Cat Power,,spotify,0CgNaqSuBTeqCZ33N171l2
TRLPOQI128F92F88A2,Sign Of The Times,Harry Styles,,spotify,5ELRkzdzz0HvGpMDlfZHkV
TRJDOZY128F92D2147,Incinerate,Sonic Youth,,spotify,0lDoG5fQ9cmpvpenwR7Jln
TRFQDND128F9318A85,Back Against the Wall,Cage the Elephant,,spotify,11QSyg7oza6CJFsIy9Du6R
TRZXJNZ128F14A94EA,Stop Me If You Think You've Heard This One Before,The Smiths,,spotify,1mNIzFnYuuFpcIONr8UBAw
TRXCTBA128F421BC3F,Lost,Katy Perry,,spotify,08dyDutFOilag6z9YXkQsS
TRYJMTE128F1486A8A,Why Do I Keep Counting?,The Killers,,spotify,1rwNgMn4DxpDAs0Dylj7JU
TRRPLOV12903CA4698,Clap Hands,Tom Waits,,spotify,1Bmm4dCPjloRMr4GOuS7Pa
TRPUKNC128F93391A8,All We Ask,Grizzly Bear,,spotify,7HxXMjJ5CiZ8BkNpbZD0Nw
TRCKRPA128F933AD60,Love Is Noise,The Verve,,spotify,0P6YJv6QXReDChZBbpvFmF
TRGRBOJ128F930321A,Gospel,The National,,spotify,4AFPPswU1ffqbfW2ahIoMw
TRJIBDX128F4299E1E,Lovestain,José González,,spotify,0iqp8jTppmV9ZeHW7lYU5z
TRHDRUJ128E0781685,Love Is No Big Truth,Kings of Convenience,,spotify,3PuZLKitJljLTaLjwPvFik
TRCZTQI128F4225668,It's Real,Real Estate,,spotify,13YG6auRrYxGdaM2h5jjTv
TRGKPNR128F427A71A,All You Ever Wanted,The Black Keys,,spotify,2IsknM5KEbdD04VTh15z1v
TRIVGDE128F92F8FBD,Ballad of Big Nothing,Elliott Smith,,spotify,1ojlyZZJJsicC0T3XtBJTn
TRNSQPL128F424EA5B,Writing To Reach You,Travis,,spotify,1gbfWoer4UCThrwpEg8drM
TRGJBFN12903CC8151,Ole Black 'n' Blue Eyes,The Fratellis,,spotify,11HcRyfyVdUtqo30CJFa1J
TRWKZFE128F933F5F8,My Paper Heart,The All-American Rejects,,spotify,2CCaFbnGcOkSZIkgdmvXcP
TRWTRID128F42922D0,Where Is Home?,Bloc Party,,spotify,0nE5VQsw2dwPiXDbNh7eAY
TRATQUU128F148EF2B,Go Let It Out,Oasis,,spotify,07fa7gKhxlOCWgzn1FyDP0
TRLNWJO128F92D7A3D,Bratislava,Beirut,,spotify,1QtkPC2yngbhA6JdTRlwCx
TRLTZTB128F9310435,Woods,Bon Iver,,spotify,35zX9FPuA6qg9bqx79eskS
TRJTJAO128F42ACE87,Mariella,Kate Nash,,spotify,0SGQHmDB1tdq6eCdkDSn8v
TRBCQHZ128F428B892,Mexico,Incubus,,spotify,1b1KHcXW1YkhKRHNbJTMW3
TRXGMWU128F933BD7A,Blue Eyes,Cary Brothers,,spotify,1we6fKUZmxDbVxqs2n2qjw
TRFPENL128F92F6BF0,Cheerleader,Grizzly Bear,,spotify,1EiNusATPoJnAcOkVqDKiH
TRVEFZV128F930D6A0,This Is America,Childish Gambino,,spotify,0b9oOr2ZgvyQu88wzixux9
TRXGOXU128F9328372,Hey Now,London Grammar,,spotify,0GAaTaZC9Q1uXqbHegMA8n
TRXRMFZ12903CD0627,Unfinished Business,White Lies,,spotify,0GB3Ra22HSdQ9Ma2d38dHa
TRMMEHH128F4233322,Across the Sea,Weezer,,spotify,2UKuqcPkbpcQEXaTIMUJXn
TRUGJGD128F421B699,Fingerprints,Katy Perry,,spotify,0VFvRMPIr8SpTd3ICagHYC
TROPYHV128F9329F1D,All the Wine,The National,,spotify,2lVcI15xDXjTsTE1JUDepL
TRXOFIO128E0793EAB,Getchoo,Weezer,,spotify,11DKAyyrVwI8FSnbUiGtHX
TRKTFKT128F92CFC0D,Desire Be Desire Go,Tame Impala,,spotify,0sZrzOQwQxfI6uXOlzyrD1
TROHTEK128F93000C1,Turn It On,Franz Ferdinand,,spotify,3AO6B3PhD3Ymia9S9gMckX
TRDCJYB128F930388C,The Good Ones,The Kills,,spotify,20fqQmLr1Q1LAo6JOJ7Neo
TRARWBK128F1486DF1,The Canals Of Our City,Beirut,,spotify,1wHLpGMJgRTejM3E3vBSGs
TRTQAOZ12903CE9ACA,Shine a Light,Wolf Parade,,spotify,0j414ieyj8GdmzyRZ8adUi
TROMQBP128F4279306,2080,Yeasayer,,spotify,0oGyqx7WNzaqsx5yZztmep
TRVLHHW128F428E460,"Prickly Thorn, But Sweetly Worn",The White Stripes,,spotify,16lB9A8JqYZIwy2hO1kmXj
TRVQNQW12903D082C6,Imitosis,Andrew Bird,,spotify,09Ol6XBOug9TwvqQrKyYao
TRERDEC128F9305F02,Battle for the Sun,Placebo,,spotify,0nqoSzQDCaVhJkPfiVvruz
TRRGEKJ128F932A55E,The General,Dispatch,,spotify,0dNLjSkpxjgVB306B6FbmB
TRYVVCW128F429DB85,Tranquilize,The Killers,,spotify,19hz7Zad06j7XOuqjNkRIZ
TRPIDQR128F92E2976,Beautiful Ones,Suede,,spotify,0BmqRF5LZnwYMGAbP9G3fZ
TRBUOWV12903CA88E1,Warriors,Imagine Dragons,,spotify,02SOn7MNKnGZYxm8Yx1ViX
TRZAFAS128F4282748,All alright,Sigur Rós,,spotify,0st7wNsahVin8a7VMvFqF3
TRRFPVL128F4279CBD,If You Tolerate This Your Children Will Be Next,Manic Street Preachers,,spotify,0BEz6rOLBYe5ljp9IUzHvE
TRCQOAD128F42783FB,Saturday Night,Kaiser Chiefs,,spotify,0lB7GBBSsBQBZ7Mm0iSYAf
TRZRBGU128F423BB12,Pagan Angel and a Borrowed Car,Iron & Wine,,spotify,1az8rg8004fvTgZDWueo9n
TROMYWA128F92ED44E,Scarecrow,Beck,,spotify,0fhREmkuJsjaVi48aGngEr
TRYFTDT12903CC8072,Guest Room,The National,,spotify,2oCtEQQ6BezDWy8qPxo6Wk
TRPFXPK128F92F8FC1,Pictures of Me,Elliott Smith,,spotify,1G2YpaF7WFuWgB2kjb57je
TRYFEFZ128F4282745,Straumnes,Sigur Rós,,spotify,16f0oRsBHo88vgUbVqcteK
TRAKALC128F932BEB5,Meeting Place,The Last Shadow Puppets,,spotify,0mI0EAIv5bqVyLYYvMZtqk
TRFNKGG128F92F9689,Warrior,Yeah Yeah Yeahs,,spotify,0wkvcHKPhC8jLieCLIG4n3
TRDQZVF128E0786056,The Show,Lenka,,spotify,038ugslQTVB2GVeSytLzIi
TRVBQKU128F935A13F,The Great Beyond,R.E.M.,,spotify,203RSTkAY8BDu2nFj7usio
TREVFFO12903CFE309,Looks Just Like the Sun,Broken Social Scene,,spotify,0FLqcvxzEx37dikPjLxHsR
TRDNHAW128F429DB9A,The Ballad of Michael Valentine,The Killers,,spotify,0Q5ummJvgHYM7lrTUowCod
TRUFQQB128F4239D61,Graffiti,Maxïmo Park,,spotify,0cudy6WphzMcW5tbzT6nqZ
TRFWMVM128F4251754,"Take, Take, Take",The White Stripes,,spotify,1YDvMZI7NJzpKmRjWEZryo
TRCTNTQ12903CDCAB7,Stand,R.E.M.,,spotify,0GgXnAwUeoMFQxzIlkmbxU
TRGBDSB128F931AF53,Please Forgive Me,David Gray,,spotify,0iM1a8kfsctBZuubRPfUGF
TRADKAX128E0786B92,Romantic Rights,Death from Above 1979,,spotify,2PKgrfkc1HRaN9FnGlz9o5
TRUNCYA128F427073D,Last Dance,The Cure,,spotify,1Rhm6GwW6nfGFql1gwt7cj
TRELCTD128F92F4017,Never Meant,American Football,,spotify,0FuwQ5NAC1T8oGQYWlbhRe
TRDPNTF128F9340155,Heretics,Andrew Bird,,spotify,08VUrVUpdbVGkPAiUFJ8ti
TRRJKBP12903CE0254,Valerie,The Zutons,,spotify,084dlMOxwiTsAYguLEeqV0
TRGOHEG128F4284129,Velvet Snow,Kings of Leon,,spotify,0Tt7hSGlQ7pGkMlVrPTQiR
TRMIVAI128F9311EC1,Skeleton Song,Kate Nash,,spotify,1JNZv38iOMZ6MeAR7lvnnF
TRQZQND128F92E0643,The Purple Bottle,Animal Collective,,spotify,00spj46GmWL5YECqZIulqB
TRSJKWT12903CC55EE,White Moon,The White Stripes,,spotify,00tpA2ZDmHHeaRiSXm98xQ
TRYJQCF12903CB819C,Renegades,X Ambassadors,,spotify,06xyAmpvzbBqFZBCHez6uM
TRDTGPN128F425A856,When the Sun Hits,Slowdive,,spotify,02QVLdhj1Cnfykdjxk3wrV
TRLUIHM128F422AC30,Higher Love,James Vincent McMorrow,,spotify,0KzlUtXcQgPPsdX65N1ePd
TROPGXS128F4221DEE,Dead Sea,The Lumineers,,spotify,0vsh0BY7pAK2E4eWzlDEAr
TRUHXIA128F42819B8,I'm a Cuckoo,Belle and Sebastian,,spotify,2B1tOgoXOPQHj9p82LPQO2
TRISMIH128F428EFF1,It's Getting Boring By The Sea,Blood Red Shoes,,spotify,0Y1FLqg7c4YFCKP2F6HXsG
TRXHFFX128F423AAF8,Loose Lips,Kimya Dawson,,spotify,04yJM599jWnGQsrJPBLGaz
TRQXKEA12903C99C8E,I And Love And You,The Avett Brothers,,spotify,2f4BDah7WPF4rlnaHgsSuT
TROIRPW12903CB2D45,All Around the World,Oasis,,spotify,0CsfEXsyeiBJXNuiL5bDYX
TRUTVND128F934B4BE,Remain,José González,,spotify,36aEXTFPQE5RLfv7jlPuNE
TRRKFPS128F92D4030,Geronimo,Sheppard,,spotify,0IbpHDbZu6kKxlTVED5FLf
TRYUQMA128F92F11F2,Middle of Nowhere,Hot Hot Heat,,spotify,07qJ3q0PCBU1uVI6sL4JWX
TREYSLJ128F4265DC4,Capture the Flag,Broken Social Scene,,spotify,0UdWOiQunl1fI8b2R1feNN
TRZZUBQ128F9351D51,Take What You Take,Lily Allen,,spotify,1XfVJ6hq4iblTo4dKlqf8d
TRFGPLI128E078FC30,Dreams Be Dreams,Jack Johnson,,spotify,3aETh8OersbfiSdX4LsdCu
TRYBXAW128F425A376,Out of My Mind,James Blunt,,spotify,0J4m5ZlvgnDyPuBrHLaokE
TRXFHFY12903CB139C,You And I,Ingrid Michaelson,,spotify,29p5bpym0S5YTY1Eb75TBy
TRVBDTX128F422AFD7,The Ice Is Getting Thinner,Death Cab for Cutie,,spotify,13RxFU8T36aUmWXhLFGMD8
TRSJDAO12903CD1E76,Lakehouse,Of Monsters and Men,,spotify,2oGtIqSqW7lEPKn5lIIQeS
TRRSMXH128F427ED19,Funny Little Frog,Belle and Sebastian,,spotify,0pOcyaOfBGXedyC258qXSa
TRIKACZ128F92D2D77,Ada,The National,,spotify,0orqOteVmwEnwCpizgAHxk
TRYAPTM128F428199D,The Stars of Track and Field,Belle and Sebastian,,spotify,09q67coZIjnfAbwsNKeyXk
TRLNPGD128F146923A,Burn One Down,Ben Harper,,spotify,2QzMJkYUhThZxM94ahgOzN
TRUGMFK128F4266032,Is This Love?,Clap Your Hands Say Yeah,,spotify,1DGoklI5AAMMs1w3cIsYhN
TRWTOBI128F428E467,Catch Hell Blues,The White Stripes,,spotify,2sv4kPmZ6rVhzLberE3Nnu
TRXFQND128F931358C,"Dance, Dance, Dance",Lykke Li,,spotify,2HV5u6sbU4YelVFiqyowYJ
TRVQBBE128F9317677,Just A Phase,Incubus,,spotify,1BDpuIGP7ie9JGETiUULTk
TRQWHWR128F42819A9,If She Wants Me,Belle and Sebastian,,spotify,0LlTAvtOIP7VetkgBTt7Pn
TRBLUJM12903CD6ACA,Where the Lines Overlap,Paramore,,spotify,0ZgpvjwRIwTEUkDPWHhTE3
TRFPAAT128F92EBF8E,Girl Afraid,The Smiths,,spotify,38ZW90yqTca2NYmh3uy4xV
TRLMEDU128F427FE81,Kill,Jimmy Eat World,,spotify,0MNIzLEXKTcd5BvM0I2LiA
TRPPTLI128F92F8FB9,Alameda,Elliott Smith,,spotify,0xDjpgDl1FfReUunueNrqb
TRXPXDV128F92C315B,Happy Alone,Kings of Leon,,spotify,1uwrfqYKa8VlXeeMrMsXFy
TRRQNYI128F9354B4E,Into My Arms,Nick Cave & The Bad Seeds,,spotify,015XUc4jsnVt2BV1GefVHl
TRLJYSG128F426920C,Troublemaker,Weezer,,spotify,0gAWIcsjizYMB7iPUWkmde
TRSSDPM128F148D0B6,Sugar Kane,Sonic Youth,,spotify,0O3e2QM39kGmgnZg9WFeWf
TRLKEKF128F9303281,Little Shadow,Yeah Yeah Yeahs,,spotify,0udzP2fvwSn1TR7BNGiUpm
TRDFBPD12903CA9CF3,Your Touch,The Black Keys,,spotify,1ot8juPYjJZMRVVJuNKvl8
TREGWZH128F931FACC,Extraordinary Machine,Fiona Apple,,spotify,0UNQkURCcYHWy9Lmr3fVxu
TRXEYMP128F42935B5,Call Me Back,The Strokes,,spotify,2gQHBEKkhCZX113BEpKLq5
TRULNVE128F931B111,Edit,Regina Spektor,,spotify,29VqW9LPmuoyiFHE4X1Ofp
TRLMQKT12903D06047,Stolen,Dashboard Confessional,,spotify,0SHzyuGwJTT03OcTVJpO1e
TRCRTAE128F148B1D7,The Face,Kings of Leon,,spotify,1lu411ckjAVeJLtnBEkyoi
TRTETOH128E0785D48,Reel Around the Fountain,The Smiths,,spotify,39oR3YBk8fjOzoB9m3bdT7
TRZOUEV12903CB43D0,Yayo,Lana Del Rey,,spotify,0DMjfjjSarASsvf4VheeHY
TRMJCWE128F42396CD,Guyamas Sonora,Beirut,,spotify,4q414EFQesEcj6OrC5bu8c
TRACDHL12903D0C387,Radar Detector,Darwin Deez,,spotify,0HSkEFLfHioODDfwe77NIh
TRRHSQS128F42900FF,The Authority Song,Jimmy Eat World,,spotify,01jeT9SF8681DC6wW1QZxx
TRPCMBD12903CABD33,Downtown Train,Tom Waits,,spotify,00mb41y2GoEYmYpBpbeoej
TRJPEZX128F42396D2,In the Mausoleum,Beirut,,spotify,2BMIvQRueWytOqGdcYqzVe
TRJBZWH12903CE475B,Gone for Good,The Shins,,spotify,00Fzi67CbWOb0iWq7R465A
TRFUJMJ128F4265F45,We Cry,The Script,,spotify,03vfdQAKscdMeyJznumqhW
TRXCGNK12903CCA6E5,100%,Sonic Youth,,spotify,1REPbf8YO6sexLc6Mtotju
TRXEYKZ128F145C3EF,Acquiesce,Oasis,,spotify,0gAO9Ch6cow1urKull89pF
TRANCFS12903C9B61B,Like Dylan in the Movies,Belle and Sebastian,,spotify,22Gqv1Bqq5XDrjbEo5ZACo
TRIUNNZ128F92DD51A,Dream Catch Me,Newton Faulkner,,spotify,0ajqAdH2HNNpRgy9Je3uh3
TRYCUWB128F42AB9CC,Goodnight Moon,Shivaree,,spotify,1FIGcmqF44TCzBBRbHiQ7c
TRCEMHY12903CBD56C,Floating Vibes,Surfer Blood,,spotify,1mxqozpIELFEnfwEzTdjLs
TRLKRFB128F4261A17,Sunrise,Yeasayer,,spotify,0n7kvU24UYHh3zoDPc4nup
TRBUKPK128F92CFE89,Desire Lines,Deerhunter,,spotify,3jZ0GKAZiDMya0dZPrw8zq
TRCXHZZ128F92EF09E,Soldier On,The Temper Trap,,spotify,0nSDcFXRgTHnY6xpBPxlnj
TRSCRJL128F9316A57,No Buses,Arctic Monkeys,,spotify,09lkhAzJJrA7nFmMbKgO4H
TRACNVI128F4284635,Living Proof,Cat Power,,spotify,1MLBV4GFJr3YlpbARbL20j
TRZUKEW128F4240E07,Dark Center of the Universe,Modest Mouse,,spotify,3tuC2PqYsBplcBKKbl4X10
TRNBVLL128F428B763,Sleep to Dream,Fiona Apple,,spotify,0V6JHcPgxVrEzZd2i81hp6
TRZGREN12903D02C0E,Where Eagles Have Been,Wolfmother,,spotify,0YqmHLzrV2vlS1zmYbxAGH
TRSOLPH128F933C7FE,The Bunker,Beirut,,spotify,1vGFPX0rE5c0h8XJ7qfr5G
TRIUYOZ128E07831F2,A Million Ways,OK Go,,spotify,0Gzk5fPAZLqBlDZagbQacP
TRWCEKE128F93191BE,Who Knows Who Cares,Local Natives,,spotify,0WodLBGCcLscXx01xk2Rsx
TRHAKBM128E0780F09,Leisure Suite,Feist,,spotify,07VvGJiubfvIcaAWsUcRWb
TRIOIBG128F148ADED,Family Tree,TV on the Radio,,spotify,29MxG1OY675aFDmu4D19C0
TROHTJC128F92E5B27,Before the Worst,The Script,,spotify,0KiDi7Ma24ympCVioVKmg4
TRGKHLJ128F425ABFA,Little House,The Fray,,spotify,0pUhYmFRGjXkbufg6nlA16
TRFMVXO128F149C91A,Parasite,Nick Drake,,spotify,2xLKUES0G7OMfNsnlutNPc
TRXLDMN128F4265DC9,Pacific Theme,Broken Social Scene,,spotify,0lYNKMRwVpqwOGuxfOcJT9
TRZYUCV128F935976C,Matchbox,The Kooks,,spotify,12neqgXbe73JFQUhv9fgjO
TRQTPLM128E0781682,Stay Out of Trouble,Kings of Convenience,,spotify,5eswq0M0cFIbf6aICMhXOJ
TRASOVC12903CDCBE7,Broken Crown,Mumford & Sons,,spotify,0KLnUOlzv5jAYFVtrb8u1n
TRAERGO128F932BEAB,Black Plant,The Last Shadow Puppets,,spotify,08MiLRNv08y1deM7VSXnIj
TRCPZOP128F424D851,Georgia,Vance Joy,,spotify,1lAIOnTrwrsIqvw7KvIve7
TRIYSNE128F92F8FB5,Speed Trials,Elliott Smith,,spotify,0iz9lZXqaAzWzYZoCU9D95
TRUHHQS128F93015E1,Mountains,Biffy Clyro,,spotify,084hBJjLRwwvGFzkRtsTdj
TRQITJI128E0791F02,Your House,Jimmy Eat World,,spotify,0x8D3L0JDAxPHooR2CCMI0
TRGPSZD128F932E373,Live Alone,Franz Ferdinand,,spotify,19sTji8dUo7we8AWCq9vg3
TRLJWDC128F426036E,Babies,Pulp,,spotify,1pUNeXXcmAJOyK6TiVL49n
TRAMCZN128F146C762,Paper Aeroplane,Angus & Julia Stone,,spotify,0aQ56MxbyREJdXShPNKH6D
TRJECGK128F4293FC2,Your English Is Good,Tokyo Police Club,,spotify,0YZGwrTenyJCBvQ64MKqY4
TRXEHAI12903CF41CD,Let There Be Love,Oasis,,spotify,0f50vKCTRSOSi4NWhKy7Rc
TRGXFZI128F423BB1A,Resurrection Fern,Iron & Wine,,spotify,5FOACBQCAknwE3yUuKQkNs
TRXCUAV128E0793B6A,A Girl Like You,Edwyn Collins,,spotify,05o0Imnno0bovKscZ6hZ4w
TRXFISF128F933975F,The Weight Of The World,Editors,,spotify,16FOSVtYs9onIDqP9OU5ZN
TRYLCDA128F92F68F5,Submarines,The Lumineers,,spotify,1DSksb1FjQfd44MP1nSi62
TRNHMYU128F4281B42,Dramamine,Modest Mouse,,spotify,3dyAeVpD95xiRGAp9SQpNg
TRYDVJR128F4284E2C,Siren Song,Bat for Lashes,,spotify,58zUb6qAU53hg0revACyHZ
TRJFBRW128F425D3A3,Killing For Love,José González,,spotify,1dA3UwaF8vxGHs3spN1spY
TRWVTCQ128F92E060F,Everything I Wanted,Billie Eilish,,spotify,3ZCTVFBt2Brf31RLEnCkWJ
TRPIZYO12903CBF3B2,Lived in Bars,Cat Power,,spotify,0cOxqpPqJYxGlSD4oIMQMT
TRCLYUJ128F932F490,Coming of Age,Foster the People,,spotify,1yzbqrSF0vuaO7nuKYSd6f
TRCQMPL128E07819F0,I Can't Wait,The White Stripes,,spotify,6ajsnZg13W9kyLULvP2XbG
TRTKPWK128F42B91BC,Leaf House,Animal Collective,,spotify,0EyNp6BFlYnaTzzSuat2kX
TRSWRNS128F9358D3C,I Want You to Stay,Maxïmo Park,,spotify,1t0pBxGA1zxbRpFEcH3x4w
TRAQUZG128F92CEFED,The Mixed Tape,Jack's Mannequin,,spotify,18WGOPbU4FN3VY12BWKb2q
TRLTJNN128F92F6C00,While You Wait for the Others,Grizzly Bear,,spotify,42TW43fmV4KyLPTf4Llq3E
TRNEIDS128F932A7A8,Swimmers,Broken Social Scene,,spotify,14ZkAvqVShOpcx5vhuZvOX
TRTDWNH128F14859BC,Consolation Prizes,Phoenix,,spotify,0EJ7sG7n2mRpTBv4MAHsQf
TRFXVJG12903CC66C9,The Only Thing,Sufjan Stevens,,spotify,0eVYGqIPngJQUeRwGeVeXG
TREVTOT128F425DD50,Hunted by a Freak,Mogwai,,spotify,00T4B8zhYdA3tEGmu5tu26
TRXCTDB128F427A832,"Two Steps, Twice",Foals,,spotify,04EZkl6zsQsmOfRxLfoGe4
TRZVMYA12903D0099F,No Other One,Weezer,,spotify,3A5yU8aLFwqnMVWH1mQEzq
TRBAMCO128F42902AF,Von,Sigur Rós,,spotify,0m31WPCcDRslP6QMGBi9oj
TRDIQSV12903CECFF4,The Immortals,Kings of Leon,,spotify,1zvkOzi0gefRF6gS20moWP
TRCFVBI128F4235BD3,SRXT,Bloc Party,,spotify,09BYs8ZpIDqWCBqdtCyNii
TRLALLH128E079125D,Sweet Adeline,Elliott Smith,,spotify,4BmPfxVAZSJCiwqfsuLuJG
TRADVZX128F426BF79,Sun Giant,Fleet Foxes,,spotify,0vRFVUzAb9HFViwPrz0bKz
TRCTQWZ12903CB2B8D,Men's Needs,The Cribs,,spotify,0e7oBHChLvAWMMedFHjceZ
TRPFVVD128F4287A67,Aluminum,The White Stripes,,spotify,4ojnjgf8Ycm0gXQAuXh2u6
TRRIBBZ128F92F6C0D,Foreground,Grizzly Bear,,spotify,2MTQDSB9XLD1ejc6tAMQfv
TRNCOMP128F933B4C7,Drops In The River,Fleet Foxes,,spotify,1CGlnvwAVNyITyokJSivXm
TRYWSWT128F42792A6,Postcard of a Painting,Maxïmo Park,,spotify,0IQgEwufwC989dgz6COSuO
TRJJYEI128E0791261,Pitseleh,Elliott Smith,,spotify,1Q0sk7b7PAGjgC3R5zyuWt
TRPTMYN128F146236C,Upon This Tidal Wave of Young Blood,Clap Your Hands Say Yeah,,spotify,0DOHvGroU4NYNlYnylbsix
TRJZEBT128F92EBF9B,Half a Person,The Smiths,,spotify,5DZoFRq1glhgK1tm5LnRSi
TRTFPKD128F931B49F,Apple Blossom,The White Stripes,,spotify,19LP2263QGfUJrisTReVG0
TRQELPH128F426FFEF,The Con,Tegan and Sara,,spotify,08oyfqPMJmOvfZma6VEi6g
TRGAEEK128F42BC5B0,Education,Modest Mouse,,spotify,19qn4RFoali0Gm82E9UDlz
TRFTRMP128F424CD2B,Supersoaker,Kings of Leon,,spotify,07IhxltY136OY8FFHvCSHm
TRIYKXW128F92FDF08,World News,Local Natives,,spotify,0yeCTb6RJGwWReSjq040o1
TRCZWJA128F42396D4,Cherbourg,Beirut,,spotify,651k8L9hROsekUm9UMjqMH
TRCTJER12903CB76E9,Blue Moon,Beck,,spotify,2uWwCU5X1TjJiiN6BbUaB8
TRVAJRE128EF343907,Vince The Loveable Stoner,The Fratellis,,spotify,3sER3wFKjJ0wgTHHUREyCe
TROJIKA12903CFA605,Allison,Pixies,,spotify,6IJjnilEkzI4CQMXcPgrmx
TRFORJL128F427EF89,The Infanta,The Decemberists,,spotify,0rTLQ66N2titBZy5zTqDHk
TRYQASX128F425B830,Cannons,Youth Lagoon,,spotify,2ND5S36VRuvqLt2nGA1rLF
TRRPUED128F931127B,Twilight Omens,Franz Ferdinand,,spotify,0T9EnmmQVErVTJCjjuyHUX
TRADNNN12903CDCF3C,Twilight,Elliott Smith,,spotify,09yCqloLSdSZU4Pko6ddt9
TROOJUG128F9336CAC,3 Rounds and a Sound,Blind Pilot,,spotify,0ROKraHEf4F02IyaudmAt6
TROIQRM128F9332497,Monsters,Band of Horses,,spotify,3HmT4DE0Kkie4Z98UrZrt5
TROHDFD128F148DAC1,Coconut Skins,Damien Rice,,spotify,29ZwHWh3lI43nAFnVBOagN
TRIWRIG128F424CC89,For Tomorrow,Blur,,spotify,4tS1IcYP6LY3ksX5pBfp1I
TRYPNUU128E07912EA,Jack-Ass,Beck,,spotify,1Ku9obaCEw8HLOJW6qklaz
TRVIXZC128F93119BE,The Chamber,The Last Shadow Puppets,,spotify,0G5I786LfLRxHEvbA8Q5Ql
TRYXNLG128E0781687,Live Long,Kings of Convenience,,spotify,65KCnhz5dXue7hPdhZEIvL
TRLUFZD128F92FF6CE,Down River,The Temper Trap,,spotify,1Ks7tVO4tHE1PI3MvRZr9e
TREKSOC128F935172C,The Crawl,Placebo,,spotify,0rNUGUBibZ5yB3VAbjYEzN
TRLXEYM128F932907D,Whatever's Left,Snow Patrol,,spotify,0gdCXYdHOmdYdMHehPRc5T
TRREZTZ128F428272F,Góðan daginn,Sigur Rós,,spotify,0VxvAlBYgt8EWHngUcn6JZ
TRIOJGC12903CD2464,Deadwood,Dirty Pretty Things,,spotify,0FfXhBR3uOE5eOGUM2RasE
TRLKHOO128F92C5A7F,Dancing Choose,TV on the Radio,,spotify,0omo0sOnWYsbj1Z9To2DV9
TRGWHLM128F4283594,Thick as Thieves,Kasabian,,spotify,0gCWOmxmVgKptxQx64GBIU
TRFITKN128E0791260,Baby Britain,Elliott Smith,,spotify,1eX9Yx6hr9qWTDInn7d4zw
TROPKFU128F9320E14,A Place to Hide,White Lies,,spotify,0SCUqbpy9OjrJWNNGpE5wh
TRLNTZC12903CB82A5,Wire to Wire,Razorlight,,spotify,0EU96oQwxfNns1ytxZvX8y
TRPFGGH128E078638E,Every Night,Imagine Dragons,,spotify,0CpQCN7nEz6tH6THwcJdzw
TRXBWKC128F4234D1D,Half the World Away,Oasis,,spotify,0AnWZlQFR5BVWzh8PE9ERb
TRJEMIL128F932BEA5,Only the Truth,The Last Shadow Puppets,,spotify,17LQ8dzwHyOS19lX5NR5Uk
TRONLPW128F9305DEF,Love Drunk,Boys Like Girls,,spotify,1Fe5i6jz5D9pma85jwQPCP
TRAFHRS128F14599C0,Secret Smile,Semisonic,,spotify,0MDFxmAR70DIyoxQycFjka
TRAOHCA128F92D31EC,Pot Kettle Black,Wilco,,spotify,7fRAo80qMQjm6sr21gQTXp
TRKXTNL128E0792813,Guess I'm Doing Fine,Beck,,spotify,47LmDVFcqhs7XNfZ3MkHNO
TRSIKBR128F4247E8E,Sad Girl,Lana Del Rey,,spotify,0Exol9FBV2EXFuQouQQswj
TRXZUUT128F92F7BF6,Middle Man,Jack Johnson,,spotify,0c3DgjxG9JZOkxE89nUTWN
TRKARMP128E0780D7C,Brick Shithouse,Placebo,,spotify,2SVJdlgez88GqQgXalet6G
TRDSZKJ128F42AAE39,At Home,Crystal Fighters,,spotify,0cpEaPJPIRt8SA0x68KftE
TROJNMT128F4279AF7,Somebody Else,The 1975,,spotify,39Su9qsYZKeHNnoBf9tom7
TRXXJAA128F9318243,Naomi,Neutral Milk Hotel,,spotify,2XkIPGKXR2maByIwACrN9x
TRUMFLI128F9301FD6,Gleaming Auction,Snow Patrol,,spotify,0C8er3rHNAe5vRcXybysMn
TRCYVEZ12903CC5971,Incubation,Joy Division,,spotify,1FQPnyeJkvryJka9RUXUn2
TROPJGN128E07989DC,Mílanó,Sigur Rós,,spotify,0xD2z1B4qcwoNxaV4v6OIA
TRIODPP128F9304DBE,Turn,Travis,,spotify,0u2JidstNdCwiU1WmneFyf
TRSFREH128F932A3E4,Roscoe,Midlake,,spotify,0Bc5GvazThHcu0AoIadWgr
TREDABQ128F92EBBFF,You're So Right,The Strokes,,spotify,22iKX3jvZwZNW7RlrwQ822
TRLLEHQ12903CF55C2,Can't Lose,We Are Scientists,,spotify,5alup98TGxndabb7zRYItv
TRBJYJO128E0791E58,Everything Reminds Me Of Her,Elliott Smith,,spotify,3nkdVXnH4xC6f3YZS0C8pC
TRUJLMG128E0781689,Gold in the Air of Summer,Kings of Convenience,,spotify,3lN3SlIwjFaIIlnYSmdDqC
TRIOFRI128E0780CC0,I'll Be Yours,Placebo,,spotify,3nZ9WcS0hb2l5JZv6rHqxm
TRFFFLL128E0791F06,Get It Faster,Jimmy Eat World,,spotify,0KluR30SS8YIn9Iyb9thko
TRCOKND128F92F6BED,Fine for Now,Grizzly Bear,,spotify,3UXYj62iqpmifH3rALUcpu
TREOWUU128E0780D7E,Ask for Answers,Placebo,,spotify,5vlIKo35dSEBvemHW7adEQ
TRMFTNK128F146EDBF,Radio Cure,Wilco,,spotify,228YynTknNvvj5DV4fBbKn
TRWBBLM128F930F4AE,French Navy,Camera Obscura,,spotify,0xVU3b2ZWl8cq8QuZ6oYPl
TRUFYNK128F42685B3,Late Night,Foals,,spotify,3VEmt3PtYnKsGrINV70AQq
TRUJGCW128E078EEDA,A Letter To Elise,The Cure,,spotify,2PjLhPhONGGT9LdTHfbbGB
TRDJNPV128F42988B3,Could We,Cat Power,,spotify,00M7ubGfWmbT0UvggMgxmD
TRCQYZU128E0791B19,I Found Out,The Pigeon Detectives,,spotify,0KbB1n7pH6QvROWeUFmJBP
TRIFBKY128F930807C,Radio Free Europe,R.E.M.,,spotify,0f0U6i3OkV5zEJGCJ0zCEL
TRXOLFG128F9301FB2,Atlantic,Keane,,spotify,05j3Zk4xhgnhJxOhGQNqFF
TRCUCGD128F92F5AA8,Keep Breathing,Ingrid Michaelson,,spotify,0lBIraoEnrnsF78JYjBzSS
TRXBXOB128F933ECF8,Ashtray Heart,Placebo,,spotify,07iWjOgfrQxxhZKWxXnNsr
TRXZAQP128F424F304,Sex,The 1975,,spotify,0Mi2k7DoI8gU8FiW5zUQs7
TRXVZKC128F425AEEE,Five Minutes To Midnight,Boys Like Girls,,spotify,1rBHGDXR91hla4cUo8LVth
TRLBJWG128F4296FC0,Lovesong of the Buzzard,Iron & Wine,,spotify,1kUoiXdyLdjhW3wlFY0Nbz
TRJCBRL128F9311279,Send Him Away,Franz Ferdinand,,spotify,2LNS8wVE93tOLXjWxIATrQ
TRDNWEA128F93242A3,Red Rain,The White Stripes,,spotify,0BdgiaVPKtyWSve7gpqx2F
TRTJSAM128F429B015,Pattern Against User,At the Drive-In,,spotify,04dbgvD5I7f2KVPLHdYqQB
TRVGTGW128F426EFFA,Apartment,Young the Giant,,spotify,165lX6DbMhTzqODVZKLmkm
TRPJDTA128F427EFBB,Summersong,The Decemberists,,spotify,15pd4dEAAkDi9haem9cdeB
TRBYYZY12903CA81B6,Sick Muse,Metric,,spotify,22jKyPuiupcY79OVTiZKv2
TRSGYRY128F425AEF6,Heels Over Head,Boys Like Girls,,spotify,05Nx4xV5lDEQAovUcAndFz
TRLSNSV128E0793DC6,Best Friend,The Drums,,spotify,0jTkwamrUbnr3j9qqPenBc
TRFDCQP128F92D31E9,Ashes of American Flags,Wilco,,spotify,0UHNpPpmTm7J1YxJRfRGZw
TROQCBP128F428199E,Seeing Other People,Belle and Sebastian,,spotify,1TmbfY5aMgoJgKUg4kIzME
TRROFHS12903CAE09F,Just Say Yes,Snow Patrol,,spotify,0NLMTwdtea5BvVdqx9CpSj
TRUXHWC12903CF8772,You Know What I Mean,Cults,,spotify,0Vbp9n2YaXiQiS2tHLZSKl
TRYQZYT128F4263BFD,No Rest for the Wicked,Lykke Li,,spotify,0DJZtb8ghBDpBJ2qXxlPBK
TRYFLGR128E078A71F,Stab My Back,The All-American Rejects,,spotify,1j0FJGKv1ZEaTjNz7wAPwF
TRFIPFO128E0781684,Sorry or Please,Kings of Convenience,,spotify,46IjrP0FjFTVRVWh3kl32D
TROXLXH128F4289FD7,Modern Guilt,Beck,,spotify,02Ths5ois3ERay9ckpzPFR
TROITAX128F429E9FD,Werewolf,Cat Power,,spotify,0IxRMDAABtb3st5RH69aCT
TRJUNHB12903CF2D6E,Open Your Arms,Editors,,spotify,02qCHMCm3wS8sYSfu9fsXn
TRXCWWJ128F425E99B,Crossfire,Brandon Flowers,,spotify,0T8ibs120UwmNjAjaUg3XV
TREMUWU128E0788E1B,Galapogos,The Smashing Pumpkins,,spotify,0iRosaWd96Ny5wBXFJuCKJ
TRFTHIF128F933925F,Same Jeans,The View,,spotify,09gkVdGetWfW9e65jSmVlF
TRFTCTU128F1463A62,Excuses,The Morning Benders,,spotify,2ARB3fKvRkMGhAtZuTnE5J
TRXQVCN128F425C3A8,I Need Some Sleep,Eels,,spotify,0KEjnHsuzVMkQZUNaCMElT
TRDDCPQ128F422B522,Lonely Lonely,Feist,,spotify,1h8rky2PGsOjPEsVW9Uy3a
TRHMMXW128F42BC1E5,Hundred,The Fray,,spotify,0dxHW40vDRSATmskN1xovg
TRXEZPF128F42422D9,Billy,James Blunt,,spotify,0hJgaBSwIEJj8uAb5QvykW
TRPFXJN128F1459AE1,Fireproof,The National,,spotify,64zdnlftDUEpPQbOut0sV2
TRGFZXV12903CB2D80,Toxic Girl,Kings of Convenience,,spotify,0rsBD0i25NBvaufWXefH7V
TRIPTAY12903CB56F6,My Kind of Woman,Mac DeMarco,,spotify,0i9I0hDZbOutLjy9DAzblE
TRSQWMY128F92F8FC7,Rose Parade,Elliott Smith,,spotify,1T1WzJnV9FPVK4PmRAw0dL
TRJATWN128F92E43D9,Monster Hospital,Metric,,spotify,06IHXXEzTUWgLkN2Qhv0SM
TROJIRA128F932B5F0,Comin' Home,City and Colour,,spotify,0Nz8wPuVHNTIWK8fHYrFtH
TRDHRFQ128F932A79A,Fire Eye'd Boy,Broken Social Scene,,spotify,1Nhq6Xe9et1os3zULY5grk
TRJDQNH128F4252C5E,In My Room,The Last Shadow Puppets,,spotify,33x5d0QTRriQ2nWKHmun53
TROPNCR128F428B856,Dry Your Eyes,The Streets,,spotify,1DlCpos9Lj8pK6cYMRjipp
TRRUPLJ128E07886A3,Cash Machine,Hard-Fi,,spotify,0pUZzSsvCyNz35qI76DAAf
TRBDDKF128F426BF7B,English House,Fleet Foxes,,spotify,2p5gSu8hbWliFLSzFGegNe
TRLBGIO128F42BC688,Spitting Venom,Modest Mouse,,spotify,07mBYR4KQ2cL9265GED7pp
TRGGBKA128F428E461,St. Andrew (This Battle Is in the Air),The White Stripes,,spotify,0Dqz0vz1ZnhKe5gTWP0xel
TRAFSIV128F428342D,Thank You Very Much,Kaiser Chiefs,,spotify,16FGQHSyAc709JstFDH75r
TRJANQY128F4244152,Bear,The Antlers,,spotify,1EYrwKQ7kPIzOfk8MFpsn9
TRCRVZT128F932C081,Let's Get Lost,Elliott Smith,,spotify,05xpS40JN91km5yb7XRxhw
TRMFBGF128F92E285F,See You Soon,Coldplay,,spotify,1uKzAldJYlwje9HstlwTie
TRHFIMS128F427EFAE,Yankee Bayonet (I Will Be Home Then),The Decemberists,,spotify,0GkgkRJ3aK2V0tJJYJVDGy
TROQWCW128F4283F40,Rememo,Kings of Leon,,spotify,0ERc7QW6huGL2aif7RABqa
TROUAVY128E078E1EA,C'mon C'mon,The Von Bondies,,spotify,0YPDp1KIxVLTdh3vnvk6wd
TRIMZZR12903CD83C4,Fresh Feeling,Eels,,spotify,03lPLUok13BDqkbzFUHNHh
TRERPQL12903CE435D,Take Pills,Panda Bear,,spotify,0aliP5pFt6DMZChqguVSVM
TRUZLTE128F92F4B88,Mr Rock & Roll,Amy Macdonald,,spotify,0AXJRWrbncQICf5pi0Zr1d
TRDHCEZ128F9354210,Gila,Beach House,,spotify,05JKeY7eOH7Oh3VdE6Asie
TRXGWZE128F429DB94,Move Away,The Killers,,spotify,0b5mt9Sl0x81GXEIzqQ3Tp
TRREYFF128F93048E9,24-25,Kings of Convenience,,spotify,75apix2UAgpUaEGlUzHDCh
TRINNKH128F424BDD0,Sleeping Sickness,City and Colour,,spotify,01vfFecxUWzwPtX8an8P4p
TRXJOGR128F92F7991,So Nice So Smart,Kimya Dawson,,spotify,29B9YB5NyfTWIBl2xkRCQB
TRLNKSV12903CB4508,Girl Is On My Mind,The Black Keys,,spotify,0IDM7ruoglZmlRDffaKRdF
TRSPJBM128F149B0DC,History Song,"The Good, the Bad & the Queen",,spotify,3NNQX4orAyZ0nRkQAqgh1D
TRAMDAK128E0791DEC,My Beloved Monster,Eels,,spotify,0GXPDJCtVhrgZFuVlepFLp
TRFNNKE128EF3523B3,Cash Cow,We Are Scientists,,spotify,0pH5Zt9YN4dpjqoqKInnLI
TRLQXAG128F42235B0,Sacrilege,Yeah Yeah Yeahs,,spotify,0jZ70G0K9q00Gyof8tA3Ml
TRXNOES128F9301FD2,Time Honoured Tradition,Kaiser Chiefs,,spotify,0NZ8oFilok1Wg0tXStmbfZ
TRDMOXQ128F428C4C0,Cupid's Trick,Elliott Smith,,spotify,0bmvGlyJ3HjDgdIj5pC6Mh
TRZUIIA128F425DDA5,Friend of the Night,Mogwai,,spotify,54h4svKANGVPCkFNHZDDRt
TRZURYT12903CAC936,The Sprawl,Sonic Youth,,spotify,0HBFjYpjzeJdjguVwZIN3z
TRYBQJU128E0780FDF,Tiny Little Fractures,Snow Patrol,,spotify,0Klqdefr7jyOL9JG2Ink0j
TRGDOLT12903CC2FA0,Laredo,Band of Horses,,spotify,1Cff9UJuopb6ai9qXfhgPP
TRJOLVL128F4262D6E,Comfort Eagle,Cake,,spotify,2qQCU22yQXKjhytKUBxa59
TRDZYNW128F4260F5D,Electrolite,R.E.M.,,spotify,0IoWJvNBwLcrjhk26yBbg5
TRXDXLQ128E0785D4A,You've Got Everything Now,The Smiths,,spotify,2WG37WRBYfGfnTrk1G3hED
TRXSLRK12903CBE263,What She Came For,Franz Ferdinand,,spotify,3uIE49oWm621AkJVXflKqk
TRCCZWQ128F930900B,Day Is Done,Nick Drake,,spotify,0n2mcWqWbk5hnC4FEJezwM
TRRKXFG128F425DD52,Kids Will Be Skeletons,Mogwai,,spotify,1cFH6bxEc9M10kTADnTRjQ
TRAYYRH128F42854DB,Add It Up,Violent Femmes,,spotify,0cPG46AXee9irogwyMjSYx
TRUSUBS128EF365FB8,Poison Prince,Amy Macdonald,,spotify,0b16yPev6wHJlZJ7AMZqH5
TRXCHZD128E0789005,Invisible,Modest Mouse,,spotify,0b5IGFFvHS32PSoFg4x3aH
TRXNQJR12903CFE371,Tout Doucement,Feist,,spotify,2hIdwIqij0dJhXvhvqYxFI
TRHWKRN128F9332210,Yellow Sun,The Raconteurs,,spotify,0e9mR1uDZFTU5btfvJQQnP
TRBIRKT12903CA6EAB,Tap Out,The Strokes,,spotify,182xvGZJJQDgYJ6CH2NIOa
TRGHMMR12903CA15B5,In the Sun,She & Him,,spotify,0HfzNJv5ZsXnbiuQBxsbm0
TRHGDZB128EF34F68E,Big Parade,The Lumineers,,spotify,02KOHBUzZg9P8LQto5JIr2
TRXWKOE12903CD1E11,Love Spreads,The Stone Roses,,spotify,1vW6lAtewJNs7oezT8wDQd
TRARRTI128F93112F1,Sometime Around Midnight,The Airborne Toxic Event,,spotify,2Oil8e1FeVWvFuC8bgoK97
TRUIZET128F42AE2CE,Be Be Your Love,Rachael Yamagata,,spotify,1unNHJ5554RvbAYqSPHQDx
TRJNSTA12903CE620A,Expectation,Tame Impala,,spotify,0nxDUW8r3gAnwxiVQ3mQ8u
TRZVXIL128F42792AF,Kiss You Better,Maxïmo Park,,spotify,3bOy1r200dK3vpSttItCCn
TRQKOYC128F92E4945,Up From Below,Edward Sharpe & The Magnetic Zeros,,spotify,2HSG9xaWyACkQWlyhmCKJO
TRUZDJO12903CE7118,Columbia,Oasis,,spotify,0NfKnIWgB8AsPIKF9QMzha
TRDAIAV128EF36759E,Impossible Germany,Wilco,,spotify,1og94h7NusFYQfDz8PtWxq
TRITABJ128F932BEAF,I Don't Like You Anymore,The Last Shadow Puppets,,spotify,04v8aayOquLQ3CVBuarNWy
TRKQXCC128F93501B5,Sentimental Heart,She & Him,,spotify,1LdOt2dCyVHK4mMjaBUfGV
TRWATZG128E0780CBD,Something Rotten,Placebo,,spotify,6whhbMBMMsCmbZoyHeBlXu
TRIXMPL128F4262784,Billie Jean,Michael Jackson,,spotify,0dQSOy6CUlC4cS9AjfC904
TRLMANG128F9339252,Rehab,Amy Winehouse,,spotify,006gv7BPqegVAGaAN6RhSf
TRRJQES128EF35675B,Back to Black,Amy Winehouse,,spotify,00lrq8cwFd6R61giLZQWhA
TRFVRRO128F426294C,Heartless,Kanye West,,spotify,0GLBW9ihaIGGtj5MCqHqOe
TRLQLLH128F1496080,You Know I'm No Good,Amy Winehouse,,spotify,0DMRKqrpd0QO4RWiEdMib0
TROOLRD128F932EC49,Someone Like You,Adele,,spotify,08Uk80Gq2uLHvhnilVExfv
TRFPEDA128F930AE14,Toxic,Britney Spears,,spotify,00c5Yvh0m43e3otzvmZ4rI
TRILRDV128F427FD1A,Umbrella,Rihanna,,spotify,03aMcKXMcMHvoN6IMMBoxN
TRJJJAM128F930C686,Don't Stop the Music,Rihanna,,spotify,01TmDlryJcATnFjzCJv8JP
TRABRXB128F92F3F94,Hey Ya!,OutKast,,spotify,07UHauuQnCxBIOQcDImuNx
TRSGADZ128F932FEDE,Ms. Jackson,OutKast,,spotify,0BEAsPXIOANP3x2AA4aQGL
TRDHBPQ128F425EA1E,Bleeding Love,Leona Lewis,,spotify,00rjh2BKthoILRIEV7lJ65
TRLLPDJ128F931FE4A,I Want You Back,The Jackson 5,,spotify,01ORJWX07mmBWecsYxe8Bw
TRWJHCC128F92CD356,Teenage Dream,Katy Perry,,spotify,02Vxyghaksuhi73BKKccYI
TRADLMJ128F930C7E4,Irreplaceable,Beyoncé,,spotify,07lxDm1s8FVO4GF54Nooiz
TRBMRAI128F427B204,Chasing Pavements,Adele,,spotify,00vMXujgjcTCTYomkSMrqM
TRAASJN128F9332151,Rude Boy,Rihanna,,spotify,02FtkJqlXfxolq3om9zOYm
TRIPWME128F9323019,Disturbia,Rihanna,,spotify,01BvT9GPtThEzcMxkptkgN
TRFTHJX128F92F094F,Dancing Queen,ABBA,,spotify,01iyCAUm8EvOFqVWYJ3dVX
TRVDUZU128F9314993,Cry Me a River,Justin Timberlake,,spotify,024YU7tQQUDkLLFXlarP4X
TRDYHSN128F4267081,All I Want for Christmas Is You,Mariah Carey,,spotify,071yCLe4yvJir8S81owpbC
TRTLBQP12903CF7F95,Girls Just Want to Have Fun,Cyndi Lauper,,spotify,0000korRHja9p9XaR5UA5m
TROKGKX128F92CAA4B,Single Ladies (Put a Ring on It),Beyoncé,,spotify,05VEfwlxoHklVqvQsfBxNW
TRYQZKY12903D027EA,Mercy,Duffy,,spotify,010h9JM17MrNbk6M5dyUbt
TRLPHMM128F9314FD7,Womanizer,Britney Spears,,spotify,04nF8THk6dbndO9AjJYFEW
TRAQWII128F93307C2,Just the Way You Are,Bruno Mars,,spotify,041FMkpdZns8K8VUtBCnN3
TROINZB128F932F740,Crazy in Love,Beyoncé,,spotify,0klMKiGV38IRaBo3jjt3oC
TRORVCG128F932314D,Say It Right,Nelly Furtado,,spotify,0UBJWHZbvMGNosnqqREJvm
TRIROTV128F92FEB97,Make You Feel My Love,Adele,,spotify,0mqTcM8kuu2IYPotMt7AzS
TRXPRMB128F1477426,Love Song,Sara Bareilles,,spotify,02PMyI1Iz2zfQUV1wOjtVI
TRFQZCX128F92E9563,Let Her Go,Passenger,,spotify,02CACS88do10KIvNPYnv8k
TROQAQO128F426BFE5,Superstition,Stevie Wonder,,spotify,04bz0Jfyl3U9TSCZgmuPkb
TRUELLO128E078CE0A,Time After Time,Cyndi Lauper,,spotify,00Eo2qI8RALfHooYgxDc9s
TREKBPD128F1463B05,Unfaithful,Rihanna,,spotify,01a8o5xDLczZ7ZmrGbcMn9
TRFRCPX128F42544AD,Pump It,Black Eyed Peas,,spotify,0CjEYqWZQOMuJ43z3XRJMV
TRYASGZ128F42645C0,No One,Alicia Keys,,spotify,02j6U8Uyv1xGVt9TULrOhe
TRMOUAW128F93230C3,If I Were a Boy,Beyoncé,,spotify,0BzQbMdH2EJMYbXADIjAMF
TRREZGG128F932CA14,Maneater,Nelly Furtado,,spotify,03kqIF10Eaf8NlZ91jbjfH
TRXCMWK128F92FBD53,Dynamite,Taio Cruz,,spotify,02F4OpXNizircjDEkKVMdl
TRADCTM128F42BADA7,Last Christmas,Wham!,,spotify,0BGhgH1UmS9oXo6lgiKcxu
TRUFEXI12903CA6BB1,Love Story,Taylor Swift,,spotify,0460DnY3vkBNNvKy2SPXLg
TRINMEH128F4260592,Where Is the Love,Black Eyed Peas,,spotify,0uqPG793dkDDN7sCUJJIVC
TROVEVL128F932A447,Put Your Records On,Corinne Bailey Rae,,spotify,09NcHPBR3ljVEEmF4CzyhG
TRDCXRU128F92C77E5,Bubbly,Colbie Caillat,,spotify,0C4oyLmmWp5Ik7DMjf03Fm
TRJXXJT128F92DD3E9,Rumour Has It,Adele,,spotify,1SMR86TMAhMQuqRYj0mliQ
TRXDEDP12903CCEF05,Like a Prayer,Madonna,,spotify,0jKVG8nTcH5ZVLwjW1tVbr
TROHCIP128F931DE0B,Sweet Dreams,Beyoncé,,spotify,01bEfbwT6nP3ajmme0gjJo
TRUYOSV128F4263179,He Can Only Hold Her,Amy Winehouse,,spotify,03pmuCL4F8U9Wwc7RMPn9u
TRUELCH128F92C4797,...Baby One More Time,Britney Spears,,spotify,04HLE1LWw4VVdwrUTmI5D9
TRLKHRU128F424ED72,Apologize,Timbaland,,spotify,00pL9TGIvVG6qMA4vp5l6Q
TRPQQEV128F4287031,I Want It That Way,Backstreet Boys,,spotify,09aIM3vVml4p06AFailNqJ
TRLKHWW128F146DB15,ABC,The Jackson 5,,spotify,00Y6j6FJCEI9hbgXcEj2Rl
TRMEBVU128F92F64DB,Some Unholy War,Amy Winehouse,,spotify,0LfDiNqxZxNmcjBZt7bgfl
TRVDWIE128F1452CB2,My Humps,Black Eyed Peas,,spotify,03Tm89xwZ33MfFah9OE0rz
TRXGDOA128F42712BF,Buttons,The Pussycat Dolls,,spotify,0bwNTjZGhlD0mhePV6om1j
TROHYKR128F9317025,The Fear,Lily Allen,,spotify,092TkDss93FwsnbE2UuBrg
TRIVGWU128F9336834,Rock Your Body,Justin Timberlake,,spotify,0g8l8EjcVjAN8uPGFsCcl5
TRLKNNV128F4236C04,Happy,Pharrell Williams,,spotify,03KCqAgS1hnrRlciPKQ3NQ
TRUDLIO12903CAFF48,Beautiful Girls,Sean Kingston,,spotify,05vWXE4QiZGCnbx6Uh5Oui
TRADKXG128F9331063,Replay,Iyaz,,spotify,01B6NHhuxlsOM5oCmBFPqt
TRAAKDG128F42A0ECB,Hips Don't Lie,Shakira,,spotify,01Yj2MCGpjZs34PRlGgz4K
TRAAHTT128F42801EA,Fallin',Alicia Keys,,spotify,0b5l4IOG8QhUppADSzOW0C
TRZZNTT128F930C38B,Not Fair,Lily Allen,,spotify,0dqLRzVBzoeklYNCW1GEEG
TRIUACQ12903CEF7AC,So Sick,Ne-Yo,,spotify,0E6utjaYvjj4KjruRo2SdS
TRDWEDZ12903CB3C09,U Can't Touch This,MC Hammer,,spotify,005aYNQ3EB15e9IBjhTu7I
TRAEINL12903CBAC41,Man in the Mirror,Michael Jackson,,spotify,03Tq4ABFPRMIcb936O2v8y
TRZKDAX128EF34B768,Roar,Katy Perry,,spotify,0gozceJkgJ4khnfWTh9Iqz
TRFQEII128F421CE36,Unwritten,Natasha Bedingfield,,spotify,0PPq6uKeNvFpYEe52pD72v
TRLVBUA12903D09E35,I Will Always Love You,Whitney Houston,,spotify,00LehBy03rvfocgdvmNxCb
TRRLPPC12903D05239,Ride Wit Me,Nelly,,spotify,02dsNRo3Z0FpyH9U7Am96a
TRYJYID128F42B79A9,Mamma Mia,ABBA,,spotify,09HRWfCyVVW0WgIh4tYLdS
TRFRYTH128F9313431,Thinking Out Loud,Ed Sheeran,,spotify,0k4nrrCsMr0Tao5WvQ8Osq
TRYEOWZ128F92CBBC9,The Way You Make Me Feel,Michael Jackson,,spotify,061xiHYcyrwj38uRW6Z34I
TROTYIF128F1461B9D,Russian Roulette,Rihanna,,spotify,0amhTy4TN7vjr8oA9z6t2F
TRNIGHI128F428C2B5,Stay with Me,Sam Smith,,spotify,02swFKBOVOi5itT2LYXLVr
TRRXGAK128EF349F1A,The Way I Are,Timbaland,,spotify,00kWD5epu4wiM22phqiAB5
TRDCVAX128F42558CD,Careless Whisper,George Michael,,spotify,06ZhxOb8LsJlPqb48H5wal
TRUWANM128F1485EE2,LDN,Lily Allen,,spotify,016gjTKLZX8Sgaos4DRq3S
TRRGMZX128F4252CF9,Forever Young,Alphaville,,spotify,0CtLXSrEoHoR24IDa7uNYE
TRMUXNA128F42770EE,Super Bass,Nicki Minaj,,spotify,0078RzcOcS6zcimXQHAiC3
TROKIZT128F932ABF6,All of Me,John Legend,,spotify,02wGE5SUqbS0n20eHrAycN
TRAQJHQ12903CEAFFC,Milkshake,Kelis,,spotify,07DZlUOvNPatbx6lzOGUlB
TRHLMGR128F1456EDA,Like a Virgin,Madonna,,spotify,12UpTr74w2f2hFOEbTrL4b
TRLJKNE128F42798F1,Don't You Remember,Adele,,spotify,0PqL6cL0qM4bb0YBoaRHwO
TRXIOPN128F4274D50,All That She Wants,Ace of Base,,spotify,0D3cLroF6oaIoylKOc2jKV
TRLPRXW128F92E043B,Stayin' Alive,Bee Gees,,spotify,04kgBOwedqmR4hQkYNIfyr
TRUDTGZ128F92FD9E6,If I Ain't Got You,Alicia Keys,,spotify,03n2qdw71Hiak0yFJ2klhg
TRWBTFY128F1484B23,Fergalicious,Fergie,,spotify,069g5yCadDD0mg2rBpj67q
TRRFEVH12903CD3865,The One That Got Away,Katy Perry,,spotify,0dBIsYwlAt1GGTReu2HANH
TRRNMEU128F423285C,Human Nature,Michael Jackson,,spotify,0bot0R7ankIxCw52kjuaXd
TRUTSFJ128F92CC09E,Wanna Be Startin' Somethin',Michael Jackson,,spotify,0GOqwamfYoB8P1Q1HWnqUa
TRGEKHE128F92EDBDF,One and Only,Adele,,spotify,0ZUHoyKB4dPqXG7MGvnQGm
TRGIFKH12903CFB80D,Waterfalls,TLC,,spotify,073gOe0sLPmJ00cpAvHHWN
TRDEIZC128F4257458,Material Girl,Madonna,,spotify,0e1VL3FZmkgjKQ7wNmIHNc
TRIOINC128F93085F5,Thinking of You,Katy Perry,,spotify,0fl99uYQjZHSjjOQD5RS5Z
TRJISWY128F931707E,Miss Independent,Ne-Yo,,spotify,03im1ULUG06lcJ6n4RbgKa
TRUECNG128F92D23AB,Dark Horse,Katy Perry,,spotify,0bMrqsftMPXYcM79EALxmr
TRCSRYN128F92EB224,Ain't No Other Man,Christina Aguilera,,spotify,0CTvoAtH1wLWfjYrIDa6FE
TRPHYWD128E0786D57,Wannabe,Spice Girls,,spotify,0n6FMFq5bE22tNTmd6L9U4
TRCNVDH12903CD682A,Daydreamer,Adele,,spotify,0HE2BctjuC6am3Mro2imhw
TRCNMCI128F92F37F8,Take It All,Adele,,spotify,3VZu5lnZoiBW27Rfhe1eqG
TRFRMMA128F9329810,Candyman,Christina Aguilera,,spotify,07JlAIuMWKMe5wwCeHSKcZ
TRGDVRO128F92F5994,I Hate This Part,The Pussycat Dolls,,spotify,08FWHd5L33x1wTn7LLlXfs
TROKRSJ128F92E08D5,We Can't Stop,Miley Cyrus,,spotify,07bIq23j2xO9JSjngkILT1
TRAHERZ128F92ECA0B,Survivor,Destiny's Child,,spotify,0CHg4E91CyJSbtFrxiOmeQ
TRCQZXN128F14A2417,We Belong Together,Mariah Carey,,spotify,0MtFUqaaEIqImt50RgfqZ4
TRDHIMY12903CBFDB9,The Climb,Miley Cyrus,,spotify,0e9yNhxYfJul6sQ8Cizr1B
TRCBSQC128F1468934,Sir Duke,Stevie Wonder,,spotify,0NjSk4fG1j3S6RSbiX82RX
TRUUKXF128F429B2CA,I'm Like a Bird,Nelly Furtado,,spotify,026BonwT8IX1y7z25yjeV3
TRVKGMW128EF3406A5,Glamorous,Fergie,,spotify,0aGuDj9GgI1BLYsKVyfxTr
TRPOBUZ128F92FF14E,Give Me Everything,Pitbull,,spotify,00b4Ehv6CXySRPTXFQQzDi
TRYPSFO12903CA84F0,Stickwitu,The Pussycat Dolls,,spotify,0C4C1ATNSxtBzaJGB54Msi
TREHENJ128E07953C7,Don't Cha,The Pussycat Dolls,,spotify,071Z2UhHEzxoyRe0mV1nHP
TRUDSHQ12903CB0CCD,It Wasn't Me,Shaggy,,spotify,05eXqCtAEXlXInnAoMDfOM
TRMXIPI128F930F536,I'm Not the Only One,Sam Smith,,spotify,0b1ELP5LjpzQEm4jbPvBbj
TRZTVHK12903CDA440,Barbie Girl,Aqua,,spotify,03vDFbYdBW23F1X9669uV3
TRFLCLG128F425FD9B,P.Y.T. (Pretty Young Thing),Michael Jackson,,spotify,07Sth0DD5D23bC2TCdOUEP
TRCWXFW128F426933D,Take a Chance on Me,ABBA,,spotify,0A0yhqtpFQ70aNWZYIWkOu
TRDBYWP128F92FFCB9,If U Seek Amy,Britney Spears,,spotify,0f0lWRAs9kdAFZu8mAI9K2
TRMOLYT128E07914DA,Pon de Replay,Rihanna,,spotify,043gCzfZBVdyJBqysSekxl
TRIWRJT128F1458645,Treasure,Bruno Mars,,spotify,008TwdGikuFPfFdxyPtKLi
TRSQIVT128F424E2B6,Rich Girl,Gwen Stefani,,spotify,0ALV8l7nqbjwSZ2w9hS2CI
TROTHQC128F428AF65,Ice Ice Baby,Vanilla Ice,,spotify,05IHtOtt4djLVZuT9oLPCo
TROMWDE128F42994CA,Te Amo,Rihanna,,spotify,08cLFRjSfmrWaI4XBSjLUB
TRLKWOE12903CC8034,Karma Chameleon,Culture Club,,spotify,01IN3N45jVQdxpK4ymwtx7
TRDDKMQ128F426F5E6,Bye Bye Bye,*NSYNC,,spotify,0boY3zUSvEZ0vwJEAFNinZ
TRAAAHD128F42635A5,I'll Be Waiting,Adele,,spotify,3QEYmDt1FwOkFBFD74cEzZ
TRJRWMD128F4263174,Me & Mr Jones,Amy Winehouse,,spotify,0gU2VBeGIIZ27xsdNdVcQ0
TRCTPDF128F1483285,London Bridge,Fergie,,spotify,16sCpYZijw99i6lRWIMOBk
TRIDXNH128F428A229,Marry You,Bruno Mars,,spotify,076AZGPza2gV5lW3tzQRfc
TRIRAVE128F932B02D,Señorita,Justin Timberlake,,spotify,030Al7QOHPw6dzornL2cVV
TRYAJRM128F4272059,Shake It Off,Taylor Swift,,spotify,0GG7ei637NDIN2w11TWtLC
TRBPQUG128F428A645,The Winner Takes It All,ABBA,,spotify,091p4rlaEcAEY0Tr4MK0Wt
TRIOUUX128F42794BC,I Try,Macy Gray,,spotify,00cP99zN0bsUZSpXbAlQXg
TROULHK128F4243EC0,99 Luftballons,Nena,,spotify,04xpGfBANUBPUw9UMgtAUY
TRGZIMZ128F930A016,La Isla Bonita,Madonna,,spotify,0rpndqrkU9y9nckNCfjcq6
TRXRTQY128F4262EFA,Cheap Thrills,Sia,,spotify,0ctFeRHVyrzo8ssMPJAoiM
TRAHMGH128F4250C63,Vogue,Madonna,,spotify,1oE3n4VAn4of5vlVzJGynm
TRCTJVE128F4266283,Man Down,Rihanna,,spotify,0aniSRt4Bo26qUcWsl9Ht7
TRRGVPW128F92F7B65,TRUE,Spandau Ballet,,spotify,01N2LcJNji7TzHEA4sngLl
TRUIVPK128E0786A6C,Speechless,Lady Gaga,,spotify,0K6FtVODswtGTXxSeIdZxp
TRJFLIA128F426B195,Love Me Again,John Newman,,spotify,0c95z7oMvsfKuFyH11KGWT
TRLGYDI128F148A99F,Rude,Magic!,,spotify,00AI8bvF3wigCh88jkJn2j
TRBAUVN128F932FEF8,Oops!...I Did It Again,Britney Spears,,spotify,095uakqDYR50Uza0mxvPWB
TRXOKGH128E078407A,Do They Know It's Christmas?,Band Aid,,spotify,01fCjLuKS4S9e785De9SQL
TRCQDOK128F9327436,Don't Matter,Akon,,spotify,0FhFFKttf0TF4EkbjB8BiE
TRKAAQX128F92ECA0A,Like a Star,Corinne Bailey Rae,,spotify,044ehTsiji5HuquSufdGuj
TRDXCSH128F92ED4A1,Bootylicious,Destiny's Child,,spotify,09mkdGhqb5ySKVsnkx9hy2
TRFPXSG128F93175FF,Everytime,Britney Spears,,spotify,00Q7sDUdF3r3zRZaofMhqw
TRILYAB12903CFF257,Bang Bang,Jessie J,,spotify,07gkifPFDcNkfcmqsq7weQ
TRXQURQ128F92E2C54,Unchained Melody,The Righteous Brothers,,spotify,01KhVyMrqiB5ery2BMHYrh
TRUFIFA128E0785542,How Deep Is Your Love,Bee Gees,,spotify,0UW7iflqJYC9NuKlYeMKXD
TRSGPKK12903CD6623,Whistle,Flo Rida,,spotify,00WjYOf0MnjRQVVHC80rDW
TRORWVF128F422A968,Big Girls Don't Cry,Fergie,,spotify,0jCngLoA2fNm3oNM2eQ0fM
TRXCWSH128F92EB687,Just A Dream,Nelly,,spotify,085YHhGhsc9laGNwI37HUo
TRCQFKQ128F93369F7,3,Britney Spears,,spotify,07zO15gIE6ZWcGGmAtnKGO
TRXGJKE12903CBFCB3,One Dance,Drake,,spotify,12VWzyPDBCc8fqeWCAfNwR
TRXNBHC12903D04F7C,Problem,Ariana Grande,,spotify,0bmeNGbWwVHoc4dOscnpcd
TROBRBD12903CC2E12,They Don't Care About Us,Michael Jackson,,spotify,0MaqXznq1YAgQDciSA24VS
TRIMRYZ128F4273B6A,Shut Up,Black Eyed Peas,,spotify,01owzZ9b0xjfOprN2R4OzG
TRXHRYZ128F4264957,Don't Stop 'Til You Get Enough,Michael Jackson,,spotify,04ZW7F6C46fuTWDSdIIcHW
TRZGTZF12903CC562D,You Spin Me Round (Like a Record),Dead or Alive,,spotify,01kqiW5WalyfXhhlZJ3lrv
TROHDEA12903CE32F1,Baby,Justin Bieber,,spotify,04ZliB3T4zKREejZTpk0CF
TRCJECT128F4296AB1,Peacock,Katy Perry,,spotify,0rXw5rWZpOdfeeCbMln8MU
TRIQSAY128F428A83D,Diva,Beyoncé,,spotify,02VJB2XHHP6kV0QiYcgwOf
TREHWMA128F92D07F6,Hate That I Love You,Rihanna,,spotify,0apEA66kHlVuVXh019fOTG
TRFRPMT128F428231F,Bang Bang (My Baby Shot Me Down),Nancy Sinatra,,spotify,1DfFP1dVOqS1j5Px2cQAS1
TRLYEXS128F931470D,Too Little Too Late,JoJo,,spotify,0VSHlr7Nq9oY5eDdoRWAVj
TRCPPJX128F92DCE19,Alfie,Lily Allen,,spotify,08qopuhR1TyfKIHLhvkAqT
TRRFAXJ128F9300ACE,Waterloo,ABBA,,spotify,04rW2GITOOJQpD7rvjyMmo
TRRWRFD128F4238AD6,U Got It Bad,Usher,,spotify,0iioXadudRN7VJH5jxKZOt
TRVZZTO128F428A55C,Shoot the Moon,Norah Jones,,spotify,2jJ02EdYa9chjXDj7ouGpY
TRZRMMZ128F92FEB98,My Same,Adele,,spotify,1FnyrILnh3YyucBMybppJs
TRXESTC128F9344514,Relax,Frankie Goes to Hollywood,,spotify,066MF0Rwsssq84mG3ZI06n
TRLLBPV128F428AAF5,Happy Ending,Mika,,spotify,0Gall9FImZhtiorsvFIAON
TRFMWLS128F4295EC7,Everybody (Backstreet's Back),Backstreet Boys,,spotify,00QuOo8dAjHVbx74E3SQ0V
TRVGKAI128F42535E2,Part of Me,Katy Perry,,spotify,0cmERCYHa37e1ERJZa3bBP
TRUJRZQ128F427EDFB,Am I Wrong,Nico & Vinz,,spotify,08SxltHeEkQqgx5foDRRqO
TRRZWNB128F92CFEF4,Yeah!,Usher,,spotify,0p3DumQzqaDsW8YG0vSVhV
TRCUKBY128F92E458C,Naturally,Selena Gomez & the Scene,,spotify,0w7On9rxuDeHUio892Whl2
TRDCZAJ128F426BE73,For Once in My Life,Stevie Wonder,,spotify,00dOkxRSGOw9ZtM8Q74L7J
TRLVVJW128F92ED5AA,Break Free,Ariana Grande,,spotify,01mR2QsFw0ffpT3EKza0lH
TRVCRZA128E079241A,A Thousand Years,Christina Perri,,spotify,02QVVoixJaK9e1ciHEn9Nh
TRQZUJD12903CA76A4,I Know You Want Me (Calle Ocho),Pitbull,,spotify,08JCrgQwomqW65HjjuVwG0
TRUEZQD128F92C9297,Can You Feel the Love Tonight,Elton John,,spotify,05EJRmVxdGDBBK52sIeUE3
TRXMFKJ128F92F3C2B,Gimme! Gimme! Gimme! (A Man After Midnight),ABBA,,spotify,004M89SAkTZSL1A9VqEzGj
TRRIMRJ128F93231FF,Clumsy,Fergie,,spotify,0AL8ihg5SXsLymqCqLKUq0
TRLOWQK128F9309D00,Isn't She Lovely,Stevie Wonder,,spotify,0JfBARCAMpxf6885SrC8bj
TRISGNG128F1496924,Eternal Flame,The Bangles,,spotify,01kmLsXYzJj0CeajbvLXwB
TROIWNV128F42ADF0D,Mad,Ne-Yo,,spotify,0pmdVhgbwYhAcOF3V7QwJO
TRLKOKT128F930984C,Don't Lie,Black Eyed Peas,,spotify,03EVgbkZTWdXQGvVbHAOv4
TRRSTGW128F9333AD3,Lose My Breath,Destiny's Child,,spotify,0oEKI2Vrd6hNQ1jGNUU71N
TRUDNRB128F42598CA,Smooth Operator,Sade,,spotify,002dcNTbYNed2wEmFMm3kI
TRXHBIJ128F1456C58,Feliz Navidad,José Feliciano,,spotify,02Z79HEIW1B8EXdlOubiyI
TRFTQWV128F92C3270,Earth Song,Michael Jackson,,spotify,0FEc4FTc0wzU9k8mCOkChv
TRDOTRY12903D0F758,You Sexy Thing,Hot Chocolate,,spotify,07SEbHwUtNvF7vr0fNb0ZS
TRGOSDR128F4233A8A,Cool Kids,Echosmith,,spotify,0YnqT6B89ZgOwbSz8SKX0G
TRLKWLF128F42650F5,You Are Not Alone,Michael Jackson,,spotify,03NJ9UZR8WqvKNTdkoi3jF
TRIMQVQ12903CD6E79,9 to 5,Dolly Parton,,spotify,04j5eT0GvkUUAkeL73cH44
TRUFEZZ128F427F28B,Love Yourself,Justin Bieber,,spotify,01XyfzqnXyx6rar5aFPJc6
TRCRGBG128F4271B37,Head Over Heels,Tears for Fears,,spotify,01GSvTDBC148Egg4De8qYc
TRAOEON128F147AFBF,Littlest Things,Lily Allen,,spotify,0m7jPsnVDK3bH4inzQLIkr
TRXCWIX128F92D39E3,Hey Mama,Black Eyed Peas,,spotify,2bxeL8SqDC1zeMnP8dekD6
TREAZWN128F4298484,Fuck Me Pumps,Amy Winehouse,,spotify,0jwnvOY58xwTZGSYG25o5D
TRXMJMD128F146AE5B,Don't Worry Be Happy,Bobby McFerrin,,spotify,0cjsyr2vQ6oFC6L617bZAy
TRAFNLB128F422AD92,Super Trouper,ABBA,,spotify,024R0c78xwhd3wfgK8FUWy
TRXQGXT128F4270E8F,Get Right,Jennifer Lopez,,spotify,02iimT2BIX1psZjJHIldd4
TROHLKW128F146B3D3,Baby Love,Nicole Scherzinger,,spotify,0g8k4jCgjSNpjVfOrrXJlu
TRGBDVQ128F930A38C,These Words,Natasha Bedingfield,,spotify,0G7VtSwxAVxCWT2ZWaQl5k
TRLTBAY128F92CA4EE,The Sign,Ace of Base,,spotify,0hrBpAOgrt8RXigk83LLNE
TRLMGLE12903CB42EE,True Colors,Cyndi Lauper,,spotify,08qbRGvsxAxjyG3FXT8muw
TRUIRYH12903CA54F3,Stepping Stone,Duffy,,spotify,0pcEISms7RYpZ6fTrA8EYg
TRXCMLP128F427FA60,Big In Japan,Alphaville,,spotify,00SEOr0OvlOj12cMhMnmUi
TRGELPA128F9327BCF,Naughty Girl,Beyoncé,,spotify,0CPLnPUUHh44vAzDSM5ZlR
TRUQTEN128F93367EB,Fire Burning,Sean Kingston,,spotify,0EiR71Ef4CHZ2YocyRPam8
TRGWWIQ128F148FE2B,Wind It Up,Gwen Stefani,,spotify,0Co2VGrJyB5BbkivBu3Jzb
TRDFJZK128F426FA56,Always Be My Baby,Mariah Carey,,spotify,0lQ42OSsGkagErSwe1KlAU
TRUJWXK12903C99654,I'm So Excited,The Pointer Sisters,,spotify,02mU5IQGUMi4fzCWvaHf7i
TRUHHRY12903CDD59B,You Can't Hurry Love,The Supremes,,spotify,014qNbnvbsb81Z5GbkvxJq
TRRLJFH128F92FCDDA,Money on My Mind,Sam Smith,,spotify,012l2BANUkQGaS6u95640I
TRUDQWQ128E0792724,Dirrty,Christina Aguilera,,spotify,0cNkFmeEnUxqe3a2l9C2kw
TRBIBLJ12903CCF436,Papa Don't Preach,Madonna,,spotify,0Oa9Qtd0FuhcmLi3sWTF9F
TRCTVZW128F92EE6DF,Sweet About Me,Gabriella Cilmi,,spotify,0aD7W8KD1aX3xH6y1an7y1
TRLJZHN12903CDA834,SOS,Rihanna,,spotify,0iRW0IzjNxaRis1pezjqFe
TRVUHZI128F42A0DEF,U Remind Me,Usher,,spotify,0QKrdWfK2P6u4wUpkEAbyq
TRNQXTM12903CB1E9F,Gettin' Jiggy Wit It,Will Smith,,spotify,0223WhxBF1JUWzKHB9h6KI
TRPSBFD128F426762F,If You Had My Love,Jennifer Lopez,,spotify,0j3aKEXshkSK5MH69GGDdU
TRCIZLW12903CC7C2E,Fertilizer,Frank Ocean,,spotify,562hgk3GO9NzKsZ8sf6Xpd
TRXXQQD128F92EC9F9,Wonderful World,James Morrison,,spotify,062GGxx90X7Aq846EzPtLr
TRXUDBI128F4280218,"Knowing Me, Knowing You",ABBA,,spotify,07DL6buPmkMtliCpQHSeLx
TRLOYBW128F42A506A,1 Thing,Amerie,,spotify,042yNOYu7UC1LZc3WY3ceL
TRMVLCU128F425D72C,Livin' La Vida Loca,Ricky Martin,,spotify,0gb28BiYgnDrlrnfoSbPas
TRUEQYZ12903CCF8DD,Touch My Body,Mariah Carey,,spotify,0Wc3zexugI8mqBL3zQGW6W
TRTSHLO12903CC8DAD,Step Into Christmas,Elton John,,spotify,00vgJU6fSYPEWj1Q6bn55y
TRLQMGB12903CE3133,My Heart Will Go On,Céline Dion,,spotify,0B1Iy3Lr7ToweQSibkbryF
TRXRYGT12903CC4285,"Signed, Sealed, Delivered (I'm Yours)",Stevie Wonder,,spotify,04d87B0owSKHqwz5AoIgNy
TRFZSYC12903CC14B7,Hot Stuff,Donna Summer,,spotify,00YURRHPy0KwZHyPRgpzrQ
TRACULH128F42287AB,Fernando,ABBA,,spotify,00rMj0dfJIWNh26jbdWYXO
TRCRLNA12903D05EE0,The Nearness of You,Norah Jones,,spotify,03gk2zRwm8uUZDbyZJtPgh
TRNAGMS128F42A6C7C,Suga Suga,Baby Bash,,spotify,00LfFm08VWeZwB0Zlm24AT
TRPDPXX128F932752C,I Just Called to Say I Love You,Stevie Wonder,,spotify,0a2oCApCRYbjVV1rA952aQ
TRYPBDW128F42624D7,Faithfully,Journey,,spotify,03IFWF1bt5OTM0mavMA7mi
TRFSRYI128F428F98B,Un-Break My Heart,Toni Braxton,,spotify,03aKHBjoQpXUjAkDexONgw
TRGGBNB128F9342205,She's Not There,The Zombies,,spotify,01eu64VgPLcaw6lekUyvq1
TROJMKE12903CEF307,Sexy Love,Ne-Yo,,spotify,0w0XiaBka8ouc6tPraUHTE
TRFOPKG12903CA8C58,Daddy Cool,Boney M.,,spotify,003NHTp7N1zg1Pw3gynt2Z
TRUWSOT128F4292472,Nothing's Gonna Stop Us Now,Starship,,spotify,00kSLWaeXycORiozpHw320
TRDBTGJ128F4288089,Graceland,Paul Simon,,spotify,0aeaKHM4KCULhqKk4QZzjT
TRPWLEH128F9351949,Here Comes The Rain Again,Eurythmics,,spotify,0mBrsKTaQggijHgeZLAuHF
TRGJDWW128F932302C,7 Things,Miley Cyrus,,spotify,0FpT75cRdvf6va1TARHrl5
TRLJYUZ12903D0C6B0,Take My Breath Away,Berlin,,spotify,05MHoCaHytmBtEMVe86NuL
TRXCBFX128F934D33F,Friday Night,Lily Allen,,spotify,0EEQaBKoOz6e0Fi4u3tHcc
TRMJIFW128F92FD29A,Watching the Wheels,John Lennon,,spotify,0r0jqo1BCxHzTBH4HTTJox
TRPGMHB128F92FFD24,"De Do Do Do, De Da Da Da",The Police,,spotify,04Ehd3r9LFBV5fLbtFS4qc
TRYQZOU128F92F30B3,Kokomo,The Beach Boys,,spotify,0eCoO5wjidq3nxYr9kG8VK
TRHFAQV128F9309756,"Bills, Bills, Bills",Destiny's Child,,spotify,027puauDjNWo1YQsvtqu1t
TRONZIS128F92D7033,Nine Million Bicycles,Katie Melua,,spotify,0CiAeDgkCl9kGlIzm4raNq
TRNKAEL128F4258232,I'm Coming Out,Diana Ross,,spotify,0ew27xRdxSexrWbODuLfeE
TRDAWDU128E078634C,Lay All Your Love on Me,ABBA,,spotify,002YLzrKcaa6R9nsgo4FkS
TRRJPNY128F1480B61,Smalltown Boy,Bronski Beat,,spotify,0BVaUlIIgG5hSNs3qOGsmB
TRLSCOY128F93268D3,Stitches,Shawn Mendes,,spotify,00fWVEsQaBtPVH4WKoerGz
TRRKBNJ12903CC11D4,Start,Frank Ocean,,spotify,0GAE689kVy7sFT2QWZH1Xa
TRCTINT128F932A80F,Into You,Ariana Grande,,spotify,08DdGlFzxAe4yQB6Jzg8pF
TRCQTSP128F1494D0F,Lonely,Akon,,spotify,0HSlieUvRMkOTpJeYYDGd6
TROILSM128F930F6DB,The Letter,The Box Tops,,spotify,028Xmx9xjce4aFFdioANaS
TRAOALO128F427CB1D,Everyday People,Sly & The Family Stone,,spotify,00h9ZMWkTeiBjByu4D4yio
TRCUESA128F92F60D5,Killing Me Softly,Fugees,,spotify,0TWVgNirStyhsUedPNeRcW
TRALXGM128F92C7D26,What's Love Got to Do With It,Tina Turner,,spotify,0383W2suLZ4FhpTt4UN3RS
TRKAOXY128E0781237,One Flight Down,Norah Jones,,spotify,0e502JxKbRwKNDWmoODAUr
TRYCEEK128F42A2C7B,"Money, Money, Money",ABBA,,spotify,02m7fZ2KKcRzdMskeEbgmU
TRKHKQO12903CB75E6,The Girl Is Mine,Michael Jackson,,spotify,046ZUw0nwwv1M3vy7pIP6m
TRLJNXB12903D09C71,By Your Side,Sade,,spotify,0AbTVRaYBB6b3KCcuiijP0
TRCRMDV12903CE8973,Come & Get It,Selena Gomez,,spotify,0F1jtLBcn3q7X5XveEP8Xb
TRXRKUD128F9310665,Story of My Life,One Direction,,spotify,0B0sl8U1AcmG4rbNdydN7P
TRISPBZ12903CA5AC4,Self Control,Laura Branigan,,spotify,03aVEADe8kShO3loSSfs7p
TRGYKEX128F934B058,Pieces of Me,Ashlee Simpson,,spotify,0VMYQeglCZRJ3cFgI7xTwy
TRISWSR12903CB9ADA,Turn Off the Light,Nelly Furtado,,spotify,13rH92OpO0KIdBnmlnnLEh
TRRCOVO12903CA444B,Spice Up Your Life,Spice Girls,,spotify,1L9tTg1i3XYf6McpJCJlnc
TRDTRNR128F424ACD1,You Are the Sunshine of My Life,Stevie Wonder,,spotify,08DiEiucr5uI0eQBTIy3VW
TRFVTQN128F92FA2AD,Nightingale,Norah Jones,,spotify,0U5ef344e5mRJLNNMcVGFx
TRUHUDV128F4285591,Promise,Ciara,,spotify,0aZL4t2q32dqkzdwHGXlgX
TRUYCUQ12903D00F03,Waiting for Tonight,Jennifer Lopez,,spotify,003Kqnq2RVc4pJ2Jf2dIXe
TRJZRII12903CF74BB,I Just Can't Stop Loving You,Michael Jackson,,spotify,010pjBz1nDlxsNxT0Otana
TRCIGPN128F92EE788,Mambo No. 5 (A Little Bit Of...),Lou Bega,,spotify,02Ct4A1FTuR2YA2ojcZjrV
TREOHKX128E0781239,The Long Day Is Over,Norah Jones,,spotify,6o5LJxDnSgLsXK4pcIOsQg
TRZMUCN128F14A2D88,One Time,Justin Bieber,,spotify,08HinTVzMaBTnMV7nWdAIr
TRIMWJV128F92E9154,Big Girls Don't Cry (Personal),Fergie,,spotify,086Gay8xxH36AfPQQii2er
TRGNDSJ128F422D827,Come Undone,Duran Duran,,spotify,01T44lfGLR0FfaYmTw75Mp
TRVPISY128F4272965,Daydream Believer,The Monkees,,spotify,04CTOyD9xvcMYbd7R5JjSx
TRAKLHO128F9359E2B,The Power of Love,Huey Lewis & The News,,spotify,053BPUYU87HRP1wQHUw3C2
TRCBYUX128F4257CCB,Pure Shores,All Saints,,spotify,02oI8HOMtg3HgpMoGzwvN4
TRFPSVP128F42746E1,Dreadlock Holiday,10cc,,spotify,04sxdrz7CBiUnB4Wz8smjn
TRUIBQN12903CC1B92,Sledgehammer,Peter Gabriel,,spotify,0N39MpVtDi3Or5uHFge90P
TRQJLCO128F42BCC0A,"Jumpin', Jumpin'",Destiny's Child,,spotify,00d4LaLc5pWPeQRJF4kPDj
TRZLZJE12903D0C512,White Horse,Taylor Swift,,spotify,04g3rUk3RzqaXi02FJT2Zl
TRMGOBF128EF352C62,Rocky Raccoon,The Beatles,,spotify,3DxRFU1BpFtP2nP5uzfmp5
TROLEXN128F92E450A,Right Here Waiting,Richard Marx,,spotify,03pM2lRuTilYmZ3famdog0
TRCUJQU128F9310C06,Manic Monday,The Bangles,,spotify,00vYs0qZA40Z8AAaN7xmMO
TRIMKJF128F92ECFA4,Just The Way You Are,Billy Joel,,spotify,00PT9JPmLn2yVFaZzDZbZj
TRXRAQB128F92F8EE5,The Tide Is High,Blondie,,spotify,04s5wVM69EeKyU7XcdZoaC
TRLORSN128F4283B1C,I Believe I Can Fly,R. Kelly,,spotify,0AIfr4oi192dWLRJZrRz1O
TRZJJHG128EF34A3F9,Trick Me,Kelis,,spotify,03obQpbRm2JsmEg8jnmMgL
TRLHSSR128F4257654,Girls on Film,Duran Duran,,spotify,00xt0dy9uyRDKuM9AXAXya
TRUTZQB128F423CFEC,Not Big,Lily Allen,,spotify,0kzPLalXcxQJHQ9vatnKE5
TRMXNCL128F4288A44,La Camisa Negra,Juanes,,spotify,05tvHSih2PkHewZPPfuPvB
TRBCTPS12903CA7CB0,Baker Street,Gerry Rafferty,,spotify,04dZvKYtM5FXinffxPAKi9
TRRFXGD128F424C219,Black Velvet,Alannah Myles,,spotify,00jNtHIOyBU3Sw7WhlfhN6
TRGDLYG12903CB0D32,I Can't Dance,Genesis,,spotify,0wuqYOmshMKLifw2CTn9dG
TRONSWK12903CBEEBA,Red Red Wine,UB40,,spotify,0u3uYZuemrE9TykrtiUhJm
TRGJRLL128F92FCC78,Funhouse,P!nk,,spotify,02VKLLtZZSl3R6ssWArBBe
TRINNGI12903CC4D67,Burning Love,Elvis Presley,,spotify,018ARZ12DC5KsWm0ozUn7o
TRHAUAN128F425C687,I Want You to Want Me,Cheap Trick,,spotify,00xNyq7ZkVZwBcmBctuhG3
TRLJTRX12903CC36EA,OMG,Usher,,spotify,0AmHtySNwge65nHyM1FKZo
TRCZMBU128F42A631B,I Ran (So Far Away),A Flock of Seagulls,,spotify,0Iokyuik61HAtWBgEtrJW3
TRADNTE12903CD42F8,Maniac,Michael Sembello,,spotify,013tnkyQWPkIlPtcmj4aUY
TRXSETQ128F14B199F,7 Years,Lukas Graham,,spotify,0IdSeKlXtLvQFPcbDgQR82
TRLXPMB128EF342C12,Don't Go Breaking My Heart,Elton John,,spotify,0bV4WoGRzmYV6y7OojZvqr
TRUNCRQ128F422F16E,What Is Life,George Harrison,,spotify,1qwCQyZxRemFTBd9x8oH2W
TRROBFZ128F4283CB5,Heart Attack,Demi Lovato,,spotify,0B84P27yShVnMsodp7OmkY
TRYHNMR128F92C5DD1,One of the Boys,Katy Perry,,spotify,0P60XUYSaBIupe65Fj7iYX
TRADJCF128F428AD54,Mine,Taylor Swift,,spotify,0dBW6ZsW8skfvoRfgeerBF
TRRQLMQ128F933D7A3,Jack & Diane,John Mellencamp,,spotify,0k6VC0H9SfXF3U8s9UWtqC
TRAVVZW12903CCEEE7,Into the Groove,Madonna,,spotify,1p0KiLu6wqcnl16rtZVEH8
TRCTBGL128F9359235,Energy,Keri Hilson,,spotify,0AOsBdpS3E9zg5PSYeuFNM
TRLTTJW128F9330CC1,Unconditionally,Katy Perry,,spotify,009ImBOrIUlWgla8U05RAC
TRCSHYY12903CBB6BA,Anaconda,Nicki Minaj,,spotify,00RUdXfJFAU5LvIGnABNjo
TRTSBWL12903CB04EF,The Remedy (I Won't Worry),Jason Mraz,,spotify,1cizWDfcVijzdLdm9eyeSL
TRFRBMR12903D09516,How Will I Know,Whitney Houston,,spotify,0f827teq6fANGy7wQq9zbZ
TRATQHP128F421CDBA,In My Bed,Amy Winehouse,,spotify,0TFg0LKj7JWJlrcxvIWhVl
TRUMEOF128F931573E,All Out of Love,Air Supply,,spotify,01zQYDP569WHsnd7o8kOHS
TROIQLA128F426402E,Neon,John Mayer,,spotify,0ivU2MtPt1kpfsqYrYFcTC
TRANRDL128F92F25B2,Fifteen,Taylor Swift,,spotify,07gxAwYjBbZdhmkxpMM0GP
TRACSAG12903CD3666,Gimme That,Chris Brown,,spotify,02MUkkjN2unQ5toKpByyqe
TRWDEGM128F146B830,Young Americans,David Bowie,,spotify,3a3vjoXeWPjJomqPSYJ21Q
TRXDNGY12903CA8385,More Than This,Roxy Music,,spotify,085gBTfLxKjQWar6yNZ0YY
TRQWCNQ128F9329CA3,I Belong to You,Lenny Kravitz,,spotify,02UjN28wB5uyeqUhZTiuZ2
TRCYVJK128F92EFB38,When You Say Nothing at All,Ronan Keating,,spotify,02FpWrGTVcjUNjfrxl7YLq
TRIVUPI128F149F9F3,Smack That,Akon,,spotify,03sfE1NVYItpNRaY90hcK0
TRQCHBV128F9364CC4,Maybe I'm Amazed,Paul McCartney,,spotify,1I5NCZPyL32gSX3E0pmfEm
TRMEPKL128F14995C3,Eyes Without a Face,Billy Idol,,spotify,0ev1wDEHi5bpGOuCwYmSd2
TRZHZLN128F42902CF,Classic,MKTO,,spotify,09phcxHXWRkWxIfvdlS2Bx
TRCUGGX128F4292E35,Baby Be Mine,Michael Jackson,,spotify,0He6tN7ogVafpIYq6dXQtd
TRIMNXX128F424E8CA,Kung Fu Fighting,Carl Douglas,,spotify,04XdCMi1WhAjVyRJbAtaq0
TRRJDMK12903CAFF51,Second Hand News,Fleetwood Mac,,spotify,1YSqoDlCU6HYVYVb4MwExM
TRLOURC128F4263A9C,My Stupid Mouth,John Mayer,,spotify,3D66JX7uEXSMxi7f9mtFYP
TRJAAFV128F426C35F,Breakin' Dishes,Rihanna,,spotify,060prGAlPii66FsTciI1Dv
TRXXROF128F92F4B6E,You Make It Real,James Morrison,,spotify,0bzhmLpizDs4d6NZc3nw7c
TRIYDYH128F9324624,Real World,Matchbox Twenty,,spotify,70fe354BpVKEvMY0de78YO
TRYCIEQ128F92EB062,Things I'll Never Say,Avril Lavigne,,spotify,1zfeF22IkVTnPG9siKRfMN
TRVSFIB128F9347281,Hanging on the Telephone,Blondie,,spotify,09xtR4NZarbZn5FI3i1ntN
TRFTIAG128F92D128F,Baby Can I Hold You,Tracy Chapman,,spotify,2DjWsDGgL1xNbhnr7f6t5F
TRFUFGY128F425D7D2,It's Raining Men,The Weather Girls,,spotify,05BBHLR9dW7qoRqqiQLkuN
TRRIBCD128F92FDA31,S.O.S.,ABBA,,spotify,0dNu5dTDX9IMKoztH8j0I4
TRWAVLB12903CAF606,This Is How We Do,Katy Perry,,spotify,0Avh2IIY6863z3aQ6OYwrE
TRJMIEG128F4281E89,Meet Virginia,Train,,spotify,092U8sETQPeWZTEWVWqrnT
TRCRBBS12903CE5FC0,You'll Be In My Heart,Phil Collins,,spotify,0eEeub4ZVgPG37TrNVWlFo
TRAEQCK128F93131F6,Count on Me,Bruno Mars,,spotify,069Rnygm54bM94vwzFiBfh
TRSYNQK12903CFB3CB,If I Had Eyes,Jack Johnson,,spotify,0yGpf3rrAiWdNlvK0Wy4nL
TRUDPLV128F423AB1A,In the Summertime,Mungo Jerry,,spotify,01HgHXgLiPNxgBmHPYfbwe
TRXWROS12903CCA1AE,Do It,Nelly Furtado,,spotify,0abVYjqboC82jtAU1fDtld
TRFQSHQ128F1466145,Battlefield,Jordin Sparks,,spotify,07MpWzfNdu27d4TPqwk5Ki
TRCXWEF128F92DF4B9,Tom's Diner,Suzanne Vega,,spotify,086CIrG6cVvnisTjmYrZVq
TRGTVFO128E0784659,Dip It Low,Christina Milian,,spotify,00FsgstEgsAtnfHujWE0dB
TRZFTJM128F424E9CB,What Hurts the Most,Rascal Flatts,,spotify,125neFCBWT0C7BB1zMVCX7
TRUEXES12903CE8578,Clarity,John Mayer,,spotify,0L8VtVdCmvDMACi85RYiXq
TRFVEBC128F934B8D6,Next to Me,Emeli Sandé,,spotify,08m0f0Rt2pxH0hlrIPT2Nu
TRFXYDO128F9313F12,Broken-Hearted Girl,Beyoncé,,spotify,0CsNCjQXNcRCHrEux3z5kj
TRCHKYT12903CA3FF0,Ghostbusters,Ray Parker Jr.,,spotify,0AYrbyV40MMt3hEYjSwZM8
TRKZYED128F92FA379,Passionfruit,Drake,,spotify,5mCPDVBb16L4XQwDdbRUpz
TRXHXZJ128F92DD518,Save Room,John Legend,,spotify,0IANqI0jVBbDx0MI8fprPQ
TRIOZQM128F42AC55B,I'll Be There,The Jackson 5,,spotify,01IPH7unup3Jj3cgDHJmQx
TRXTPBS128E078FE03,Tattoo,Jordin Sparks,,spotify,0eIfBjs1pMiRNkbngEATQi
TRFYWMZ128F9338BF4,Sowing The Seeds Of Love,Tears for Fears,,spotify,07BULgb7eyfeL09HY1jaO8
TRFRMJC128F428D15C,Hold Me Now,Thompson Twins,,spotify,0AJhq9bdUo4thnQQ08bVKj
TRNDDHS128F4279764,You Rock My World,Michael Jackson,,spotify,0qoJTPUh72EOAcyy8FMYsQ
TRDKOUZ128F932EE8B,Carry You Home,James Blunt,,spotify,0UZCOrPFJbi3a6g22s5ZbG
TRILHIX128F9336017,It's Too Late,Carole King,,spotify,09SEC8h08e4M9mjnr78nxt
TRGNINA12903CFB895,When We Were Young,Adele,,spotify,7A2eDNBgJrEVE87C8pOMqN
TRHUNZT128C719654E,I Heard Love Is Blind,Amy Winehouse,,spotify,047ZO2M7hI1iSi6SYdOxO1
TRYVZCO128F426964B,Jumper,Third Eye Blind,,spotify,6gkD0tbTaBy9t6meSK4aIL
TRIWJGN128F9300F60,Supreme,Robbie Williams,,spotify,13UrA11IfBlyfAt6kf6XLi
TRLKHBR12903CC05F0,Santa Claus Is Coming To Town,The Jackson 5,,spotify,012mGdSYIBEmERuScm2iOl
TRJFBHM128F426712A,Let's Get Loud,Jennifer Lopez,,spotify,0CquBljEb9C5Bui75A3T4L
TRFQATY12903CFB8AA,Havana,Camila Cabello,,spotify,0ofbQMrRDsUaVKq2mGLEAb
TRILXTF128F9300743,Wasting Time,Jack Johnson,,spotify,0Y8qMh9Ftb8eA4iXyPgbdH
TRPDNXG128E0792502,Foolish,Ashanti,,spotify,01ztMACM0o90TEIQbhEAJR
TRTLJQZ128F92F2A7B,Closedown,The Cure,,spotify,0bBa3rZTcPurSJxsYO1u0T
TROPOWY12903CB745A,Obsessed,Mariah Carey,,spotify,0CtCxNNQgfatGKrtDtV7cG
TRAWDXS12903D007D0,Dangerous Woman,Ariana Grande,,spotify,0odJ7WQIdFkA73QFDybe4o
TRUIIXZ128F4271766,The Way,Fastball,,spotify,0rQnz7AdNAievjFJ67bHlm
TRLKPUW12903CC160F,Bold As Love,John Mayer,,spotify,0tyS5ZdOU53osl9uTWJ6DY
TRUDTIW128F93307C9,Tomorrow,Avril Lavigne,,spotify,01hGRCPRCX2TvHAzgZqo09
TRSWPBX128F1452584,Take You There,Sean Kingston,,spotify,06EVz3UbAruDHJWNYDAhNU
TRORJHH128F9335F7C,Nothing Lasts Forever,Maroon 5,,spotify,0A5zhjmnffs3WvyVOfrWpQ
TRATIXN128F428F684,Rain King,Counting Crows,,spotify,0b0VITkNrAjgyi0aO4ewnC
TRFNGJS128F92F9EEE,Already Gone,Kelly Clarkson,,spotify,0Ex36tdx3hZ7gk0tAbJ8Mc
TRXGDKK12903CB13D2,Who You Are,Jessie J,,spotify,06rT4FFjH9hPsuGqvyUAmH
TRXCYEA128F930F230,Malibu,Hole,,spotify,0yYx6eKJJrFJK1Qrsw6Wqg
TRRGEYW12903CBBDD3,Sacrifice,Elton John,,spotify,0A97GqUPZvQHQq3km1ftxA
TRIPVGP128F92C1F9C,Keep Your Hands Off My Girl,Good Charlotte,,spotify,0VDEyPXTdlofMaSKWd6aui
TRIPAYV128F930A09F,You've Got a Friend,James Taylor,,spotify,0V8c5t3rNwdy8b0oX3hcFB
TREAKML128F93315A5,A Hazy Shade of Winter,Simon & Garfunkel,,spotify,03CHLRd9zX9fQtpuMY2TwF
TRAPHYP128F9341FE1,Hounds of Love,Kate Bush,,spotify,0iluWxTpC9QOdVPg3PROvm
TRNMVOG128EF35F997,Not Coming Home,Maroon 5,,spotify,1K1wHJCeAaw6y9Cz8kwCtj
TRCXLUM128F4294816,Big Yellow Taxi,Counting Crows,,spotify,02GF9DnOcpwEgtebARaQVz
TRZHIIV128F9339AA4,Find Your Love,Drake,,spotify,01t48wbOdTcit0sfujyLvh
TRFQAEE128F146A63E,Everyday,Buddy Holly,,spotify,0011FqYSGe77YMISCD2lM6
TRLYCFG128F4291683,Fashion,David Bowie,,spotify,0RdkdUjVhk9bVWpR3NcVRO
TREJNRA128F4249EFD,Sunglasses at Night,Corey Hart,,spotify,19sjg0Jl2lIeqESOLNQbS9
TRSUWJV128F4280B9F,Bigger Than My Body,John Mayer,,spotify,0Jh9EBGN205Yc7JN2zZ2f1
TRCEEJD128F92EF830,Road to Nowhere,Talking Heads,,spotify,05UPa1DcgjnUk1k1MpzwKw
TRLPBXA128F4226913,What It's Like,Everlast,,spotify,0jppMsz4vlYaxy0NK3eiEV
TRRRHSF12903CAC461,Wall to Wall,Chris Brown,,spotify,0aj9YCy417tfHi4T47jm5s
TRBASEQ128F93155D2,All I Really Want,Alanis Morissette,,spotify,00je6xE2kHw7czY8bJkZaC
TRVXUCH128F4262700,Dance Monkey,Tones And I,,spotify,3HCfLj84q3qXdArLlA1dV5
TRSOZCN128F42438E8,I'll Make Love to You,Boyz II Men,,spotify,07VgbQO52OQJI5urkvwM6W
TRJHNYK128F42939AF,Cloudbusting,Kate Bush,,spotify,0EmzuH8gUlhQPC90qvhhKy
TRXILHB128F9339CD9,Amazed,Lonestar,,spotify,0059U55uHgFFtX69ZcY2dl
TRVKVNV128F147FCBC,Sussudio,Phil Collins,,spotify,07zkNvtcmPOFlMOXbma13k
TRLVUYF12903CE53DA,Be My Lover,La Bouche,,spotify,0bVIfeOi4kLjBa8Puw40dh
TRACQAU128F4284DC7,The Safety Dance,Men Without Hats,,spotify,03JfMHqgXWMRvTbUE34ZL2
TROMNZL12903CA2590,Serious,Duffy,,spotify,0ORYdeEuaGh2KSnGgYSnJX
TRFPFHY128F4228140,If You Leave Me Now,Chicago,,spotify,08sECc0bALCgHp8JCho9Gz
TRDOPOQ128F92F13A3,Everything You Want,Vertical Horizon,,spotify,0ik8rk5iIqbocvIO07Xfc4
TRJFZVB128F9337406,I Have a Dream,ABBA,,spotify,0c6beZJUsGw9t3D5D4IE0D
TRGFBBX128EF357A82,What a Fool Believes,The Doobie Brothers,,spotify,01WSZRwcgIKWJRAMZIggmJ
TRIXUDA128F92F6F01,One Step at a Time,Jordin Sparks,,spotify,00AhfhiDZV9DH0SrGpk334
TROHNEP128F4291635,Friend of Mine,Lily Allen,,spotify,0gXtmnEbUQMgSLNZ4AjUzm
TRLLFPS128F9349AAA,Take Me Away,Avril Lavigne,,spotify,0wcxt2jvbs77bIZGfb53Xk
TRXZGMM12903CDD296,Escape (The Pina Colada Song),Rupert Holmes,,spotify,0SEpeqWD5SJre9zBIskPHE
TREULYE128F4262C35,Syrup & Honey,Duffy,,spotify,2ehYH0mjWB8nFVZhFYN5Vn
TRIQCVP128F42438E6,"You're the First, the Last, My Everything",Barry White,,spotify,00OCaes7ZC9Gm6l5kXAKPO
TRLZYTT128F931136F,The Best Damn Thing,Avril Lavigne,,spotify,0EPEERD0z0LAWZt2lbiz5U
TRZEEBX128F931391E,That's What I Like,Bruno Mars,,spotify,0KKkJNfGyhkQ5aFogxQAPU
TRIWJGQ128F42596FC,Wrapped Around Your Finger,The Police,,spotify,0Ft9jAS4tzb2vQIwZgUUEl
TRYBYZX12903CE6FF2,Soulmate,Natasha Bedingfield,,spotify,06oo7e2NDZzMcWuwHH81oc
TRSEMPR128F14AA64A,Mobile,Avril Lavigne,,spotify,38WEympdzLx1VDOMUw0pzR
TRFZNBH128F934CFF8,The Miracle,Queen,,spotify,00epWNBMGtCWxLJrbVJNbc
TROPNMN128F9326626,Spotlight,Jennifer Hudson,,spotify,02QQXgeAghpU4smdM7l7We
TRBHTGQ12903CCC046,Angel of Harlem,U2,,spotify,0d4IA7JzKTJmE0fW2pHMWn
TRFZZXF128F92EF279,The World Is Not Enough,Garbage,,spotify,01RbbKTFfDIKjPVckn0C9C
TROUKZL128F92F37FE,Hungry Eyes,Eric Carmen,,spotify,01XP9fUnI0Hos764qywowR
TRAAMZV128F42AB2CE,Stop,Spice Girls,,spotify,0hYwzIZmHSVHMpnSj28GjP
TRUHPRO128F426A3EC,Turn To Stone,Electric Light Orchestra,,spotify,0FWj0HqwwO69wQWTLDWuyk
TROIQUT128F427787E,I Like It,Enrique Iglesias,,spotify,0ADbb7ueYb8DAuYogMVzkh
TRFVSXD128F4249FA7,I Have Nothing,Whitney Houston,,spotify,0LZFDnsJLpQojN1zDHHJtz
TRPDEOP128F426199F,Never Gonna Happen,Lily Allen,,spotify,0AmwgYV7vsw6VOgnRD96Xp
TRCPRBI128E078AB87,Dreamer,Supertramp,,spotify,0FfQXt7hlB9MfhIBO9tWFK
TREHRRC128F931D67C,Only the Good Die Young,Billy Joel,,spotify,0g0B9WQETtQVQnyRuHoCFw
TRXWXIN128EF34A5F2,Barbara Ann,The Beach Boys,,spotify,08pFOfAlmu6po1HszsBeXZ
TRAXTMV128F934B234,Rapture,Blondie,,spotify,0C5n6Clauxan8Zfb698fAY
TRNGMCS128F93388A5,Foolish Games,Jewel,,spotify,1VbpTmzLR2ki1L8CwT8t9g
TRFOXAG12903CFF23B,All For You,Sister Hazel,,spotify,00QaxYyPHDzNp8VSheM1xV
TRTLBXP12903CB9797,Why Don't We Do It in the Road?,The Beatles,,spotify,3BOMaaOFlOXCu00eyMbajU
TROIMON128EF34A5FD,Merry Christmas Everyone,Shakin' Stevens,,spotify,02s1Un52LzyfuRGY4dNeSH
TROKPJE128F42B0D20,My Love Is Your Love,Whitney Houston,,spotify,02FWNZ3NX354k1lMt5cDAe
TRLJFYV128F92D0DF3,Lay Me Down,Sam Smith,,spotify,08FnOVS7t82dErqZwaA1nH
TRTDCOU12903CE3267,Mean,Taylor Swift,,spotify,0dPO7IJwusEbdgDccSKUMV
TRUUPZN128F92F4727,In Repair,John Mayer,,spotify,0j0TZtgavmcZF9MrboPuXT
TRYJSKN12903CC0339,Lucky Star,Madonna,,spotify,2hWI9GNr3kBrxZ7Mphho4Q
TRGWSJJ128F4294081,And It Stoned Me,Van Morrison,,spotify,02NBVqJtSYvbiuRrDrXpUS
TRRJJMN128F148AD0B,Cupid,Jack Johnson,,spotify,0Jp2lC9XW64vyB2xsNC8hP
TRJGOBR128F92E8776,Good,Better Than Ezra,,spotify,0ttHpMs250dpFkCYAnuhnE
TRAFGUI128F93298D9,Big City Life,Mattafix,,spotify,0GXW5wr5Mn0XdcSy9NmptL
TRLSMIU128F4297569,Rasputin,Boney M.,,spotify,07d256Zzx9SIPmteRPFUGa
TRXRJZZ128F42BC247,These Boots Are Made for Walkin',Nancy Sinatra,,spotify,0Uuc5BXwq8ZIq0NAaP7AQZ
TRLUQVE128F4278E36,I'm Scared,Duffy,,spotify,0ZaIBQIa1MjMMw8lEc8G2O
TRGCTOI128F42AFA7D,Working Class Hero,John Lennon,,spotify,1BG8V9eHMFN8xwY1qODUur
TRIOJTX128F932DDA1,Chinese,Lily Allen,,spotify,1GtArd5jgGmLQAU2Cxzo4b
TRPDLUO128F93124AB,The Reflex,Duran Duran,,spotify,03ckvZtp6eSnR4ei8dmSVX
TRXDWII128F426317A,Monkey Man,Amy Winehouse,,spotify,03ZqVIwQU9F3CEHSQpeaen
TRVAJHM12903D0418B,Style,Taylor Swift,,spotify,1fo2ctLqj3zBhRQKOXprol
TRAPFBE128F92F491D,Ex-Girlfriend,No Doubt,,spotify,0X4jasCEeToBnmdXT1RRPN
TRYYPAZ128F4272C4F,Rio,Duran Duran,,spotify,000GaMAK3oXGucK2yu171X
TRDEOSW128F42435D0,Sensual Seduction,Snoop Dogg,,spotify,0DLcx4HAoDQw2LfZX7M9Jy
TRZAWNU128F4282119,Good for You,Selena Gomez,,spotify,1MfRXRUJsQK40GjFV0Sm0t
TRXEHWF12903CBEB83,Here,Alessia Cara,,spotify,0mifojV5JIoBHdvavviBn3
TRRGSEZ128F92E5885,P.S. I Love You,The Beatles,,spotify,00DI9QWXRdyaXov43iNvPX
TRAMDPQ128F92EB9B5,It Ain't Easy,David Bowie,,spotify,30P4DN5GWMlPWVcpYMCajW
TRNOFAT12903CAAB09,It's Gonna Be Me,*NSYNC,,spotify,0trdtLRyKAX2ZDKaI5wMz0
TRXTBAP128F4284C61,Without Me,Halsey,,spotify,5p7ujcrUXASCNwRaWNHR1C
TRMPGZL12903CA6936,Take Me Home Tonight,Eddie Money,,spotify,03Q4Yj4Bzz7TBOgQh4LMpt
TRRJCQB128F92E2782,Express Yourself,Madonna,,spotify,09rZ7xC4mioI3HQBpyxpi3
TRCTPRI128F147799E,Uptight (Everything's Alright),Stevie Wonder,,spotify,094h0O0XhqFidsxGIhFQNw
TRCWJVG128F93333C7,Worth It,Fifth Harmony,,spotify,0TFQ3xcUwZCig2JDxumlun
TRRKBTP128F933B666,Against All Odds,Phil Collins,,spotify,0h2eUllhMdQHiZgTZx2mqu
TROTOCQ12903CAFFCA,Mannequin,Katy Perry,,spotify,0cJkX5HUrwtrQpFjoJrjBt
TRRJIYC128F14AB33A,You Are So Beautiful,Joe Cocker,,spotify,02vRnIXt2L5hHV3OTAjM6Q
TRRLHMB128F4213D15,Uninvited,Alanis Morissette,,spotify,3mwFRWyGzNsaWeWw7jfdsU
TRLKXPG128F932D80B,The Man,Aloe Blacc,,spotify,04qoDDXCsxVV5uim2kBP1T
TRWGTDH128F9314900,Ayo Technology,Milow,,spotify,08d3QHLxOqgyVKgSMDR7Gm
TRSVDQS128F92C3174,He Wasn't,Avril Lavigne,,spotify,0CbTKVIa1L9d6cMpmyId0i
TRBKFKL128E078ED76,Hailie's Song,Eminem,,spotify,00t8f0jxCP556HvIoMulCZ
TRPDQMY12903CBB78E,The Lady in Red,Chris de Burgh,,spotify,00jcBxGXyeDlMR1bFHTxSR
TRLQSJY128F4275BA1,Don't Wake Me Up,Chris Brown,,spotify,09oRtV3BEbARYy7bmz9kVW
TRCQOMM12903CEA78F,One Thing,One Direction,,spotify,08sUSODK4sCaTCPKPVJza4
TROXMUA128F1491A41,2 Become 1,Spice Girls,,spotify,0gE9HRQZ1fLj5s1z6xb84x
TRJILZI128F4281E98,New Sensation,INXS,,spotify,0DsnsgmhnN4bJ0PRXjXCND
TRJBNYB128F9329BC2,Almost,Bowling for Soup,,spotify,32gwbpUtHYYgaF7oP42k1k
TRXNOLO128F424B745,Broadway,Goo Goo Dolls,,spotify,0RZuCBV900eNA2FXCQ3uUM
TRZKBLR128F42A34CF,Take a Picture,Filter,,spotify,0YYagwwKCBcEKUoVlnv7LM
TRUUQOT128F932BF39,The 59th Street Bridge Song (Feelin' Groovy),Simon & Garfunkel,,spotify,0dTf4DQmAmucmdbrrtYP7G
TRXGFHL128F42B9CE4,Birthday,Katy Perry,,spotify,0ktV2JoOsoTGURzKaZnjJL
TRAMBFA12903CD5F5D,Nothing,The Script,,spotify,0c3yfC8zMRJGvmqphczhZb
TRECMFY128F42666D9,Rodeo Clowns,Jack Johnson,,spotify,0OFcoiFDh118pP7L1c5skn
TRIXAJH128F92F91F6,Refugee,Tom Petty and The Heartbreakers,,spotify,0KYgJ92y08SnoZmeDSiweu
TROLEMG128F932A52A,All I Have To Do Is Dream,The Everly Brothers,,spotify,002fFqodxyTZ2dHeoLNepi
TRYCASO128F42BC512,Rock Me Amadeus,Falco,,spotify,0AaWuFRakOI1oa0wlaIcZ4
TRFOZMA128E0788BF9,Leave (Get Out),JoJo,,spotify,08LPcpcqOusLdxM3SzuPql
TRAQXJV128F42AEAEC,I'm Sprung,T-Pain,,spotify,04yQT8Iy6n4lpKWQzvni13
TRXGYVW128F933205E,Mistletoe,Justin Bieber,,spotify,0aBMCAv0lEVEO1QvOehmu9
TRFUUAY12903CF041C,December,Collective Soul,,spotify,2O2iBPxO37v8CUYnem41JF
TRIXLWX128F92FFB5A,The Best,Tina Turner,,spotify,028xXAFcYTSYGYXhciZDjP
TRAZRUW128F4269ECF,Straight Up,Paula Abdul,,spotify,0Eil0ZQ0knCa6qRjfRBAxJ
TRIHAFP128F4274681,A Sorta Fairytale,Tori Amos,,spotify,0ygHAyMKoNMlQelP1YZWcn
TRXIRSK128F4291D4F,Gold Dust Woman,Fleetwood Mac,,spotify,1gMhBUN7seBhoVZs36q39j
TRCPNDZ128F42256A9,Only Wanna Be With You,Hootie & The Blowfish,,spotify,1EfDYmdfVvXexUUbo8R5uH
TRRFZLM128F429C295,You Got It,Roy Orbison,,spotify,0d9u51RYoGvGQVa4KStZbg
TRCXCZE128F4298758,Walking Away,Craig David,,spotify,08LOsoJ1wjBe9XOOCjhtFk
TRENQCE128F931224A,Boombastic,Shaggy,,spotify,03cbNCaqNZIp6ciNMIDVVN
TRAHKTR128F9312B08,Boys,The Beatles,,spotify,0miMP8QMYC1UvSZA4dMgm9
TRLTGLK128F428A710,Posters,Jack Johnson,,spotify,22iLGZ7ugHpKq8kn2eCtQG
TRRJEHJ12903D063A2,Wildest Dreams,Taylor Swift,,spotify,106R7Z57WYzBAfrXImV30y
TRFPZQF128F427B14B,End of the Road,Boyz II Men,,spotify,0G6hhXCWzAG57fcNHfdPMs
TRZLHQC128F1454184,Babooshka,Kate Bush,,spotify,01qQEvjJ2togu1ZZYVWOuv
TRUFMVZ128E0792519,She Said,Plan B,,spotify,0HdEtTGM6qaLVEi08gvHCC
TRHZVDJ128F4274EE7,3005,Childish Gambino,,spotify,1yHqQ7ABCM4GbsprRs8NGO
TROPYIR128F4269975,Lazarus,David Bowie,,spotify,2pEfM4ipdRlvZwfEHMhDcr
TROIHOR128F93368CC,Chasing Pirates,Norah Jones,,spotify,0IRdRoPz49Da3d4Y6ZDzGX
TRTNTCR128F429258D,More Than a Woman,Aaliyah,,spotify,042a15awy1DJ10fwmGSlq2
TRPWXXX128F4214A8A,Undiscovered,James Morrison,,spotify,0jXFiGyXbQTeqLiKxv26MZ
TRWKVVL128F92D555F,Trumpets,Jason Derülo,,spotify,0BxXxU5JbJeg6ufbMwRZAv
TRHLAST128F933A95F,Want U Back,Cher Lloyd,,spotify,0aH6itGyk3W3uC7kODXSFi
TRXPTDD12903CD82E8,Video Phone,Beyoncé,,spotify,1IXLdSltqdeT2GRt1jFtua
TRPTHBX128F1467237,Little Green Bag,George Baker Selection,,spotify,02pNy2MvNkoKoJRkDxifoB
TRZFSCV128F92D95FE,My Cherie Amour,Stevie Wonder,,spotify,05iEl2Py93qhbbkEqPYz9n
TRYRTLC128F149409F,Come Home,OneRepublic,,spotify,0bJfgUyjfPJYqRgUxb12Eh
TRXWIUB128F9326901,Invisible Touch,Genesis,,spotify,0A6NJZrtws33qeWg8ReAtN
TRHMVOQ128F1472E6D,Trouble Sleeping,Corinne Bailey Rae,,spotify,03IXSQbbKsGIaxU2ma4c2t
TRXDYEC128F9306018,Skyscraper,Demi Lovato,,spotify,0eKM3Yrd3S0rh3Cd0OAyCu
TRXHWIA128E078A9BB,Cruel Summer,Bananarama,,spotify,0BmUCeyXpTrUVahHKVFxuB
TRUEAER128F92D9244,Caught Up,Usher,,spotify,00SDtJsz2jcDSa5sGmXqEO
TRRNGHM12903CE8494,Back to You,John Mayer,,spotify,3brCbW1KbGBUvMsqUhHQEy
TRMUBGG128F4239713,The Pieces Don't Fit Anymore,James Morrison,,spotify,036ja1b2xtvqsLW8QxV9kT
TROSDJS128E0784D32,Drag Me Down,One Direction,,spotify,2K87XMYnUMqLcX3zvtAF4G
TRRTIKG128F422BABB,Birthday Cake,Rihanna,,spotify,1fZBH3FsiPnmarnLezb88G
TRLPKXP128F9306E92,The Little Things,Colbie Caillat,,spotify,08fJVed1zHA7yhb8tTtp5k
TRCZHNT128F428565B,I'd Do Anything,Simple Plan,,spotify,1c3CpBLeIuvXMEZLBD7iOS
TRXCIVN128F9366353,Never Again,Kelly Clarkson,,spotify,06jo4YcJrZZCfKzobqsAd5
TRSESKC128F42558D1,Your Love Is King,Sade,,spotify,03rqQTlFEzYDGt8ds5zw8r
TRJDMZH128F423A439,About You Now,Sugababes,,spotify,00d5RdSCLkdGo97XGwrXrY
TRXULVH12903CFD3DD,In The Morning,Norah Jones,,spotify,3Y99RpBAwKyWy2xdJArADG
TRFQSST128F4262F04,Little Things,One Direction,,spotify,09qbyQUukSdVO14kVzMftG
TRDCOOI128F42AA13E,Burnin' Up,Jonas Brothers,,spotify,0w2mvdWfkhnG5r546ZmXWa
TRLSPMR12903CB3903,Too Shy,Kajagoogoo,,spotify,01oLbFr4uCb5WYBg1iJoE3
TRUECPO128F9304306,Say,John Mayer,,spotify,0BgDe2FYEDMuxPI0OEBJCj
TRLJJXW128F92EF360,Red,Taylor Swift,,spotify,0aOZRuUen9qUrxZ8BZplue
TRHAPZF128F92E8C13,Everything's Just Wonderful,Lily Allen,,spotify,0BQpLvZcPjEI7aoDoYNZb7
TRZCZXZ128F931B2F8,Good Girl Gone Bad,Rihanna,,spotify,0egGg53n2vQ7sUrEBnPBx6
TRRMVBR128F92F64BA,October Song,Amy Winehouse,,spotify,0koXtDobxWuK3sLg3r05tT
TRLPOPG128F92DE61F,Him,Lily Allen,,spotify,0RfOO7wbSgGaF23dEGWmL1
TRPBRGV128F930981A,America's Suitehearts,Fall Out Boy,,spotify,00jGZUoHNbB2crm4ryyoIC
TRIQOAA128F92E4FCC,Kayleigh,Marillion,,spotify,07Fuh8c12nFT9KEyEaxV6y
TRSBSSC128F9339E73,Don't Leave Home,Dido,,spotify,04rNFvOw77gBPqvs8ZJNUO
TRBKLBX128F1453E64,Santa Baby,Kylie Minogue,,spotify,0B8KJ6oWg8JpUqNxrmW4WF
TRRGBMM128F1454737,Star,David Bowie,,spotify,0hoIIWVkOTp6KYrkbFcUnj
TRRNLDR128F148D454,Thong Song,Sisqó,,spotify,01CfRKLqtW7ejcKWaec2EC
TRCLXEB128F9321858,Chanel,Frank Ocean,,spotify,6Nle9hKrkL1wQpwNfEkxjh
TRFUDOC128F421A27E,Truth Hurts,Lizzo,,spotify,07BhlNh2EfpueinIglsXYt
TRIPNLN128EF359228,Joy to the World,Three Dog Night,,spotify,0DlZMSOLq3XDiBoON3aa7v
TRXDVAS128F92F50EA,End of Time,Beyoncé,,spotify,0ABkRGhPCM4ITyDVajCE0C
TRLKZXP128F4251284,Disease,Matchbox Twenty,,spotify,3POcdaiPYoL4peuFyKWRJE
TRLDHFZ12903D07387,Save A Prayer,Duran Duran,,spotify,0kY93fxsk2xtKmQJIWYF5a
TRQVTDU12903CCF866,It's Now or Never,Elvis Presley,,spotify,00fKPQN6xB5uxNcnvQpykg
TRISNGG128F934A8A2,Dancing With Tears in My Eyes,Ultravox,,spotify,07y6GrayvSSpKImos0Vp8H
TRFXTZX12903CD4858,Tusk,Fleetwood Mac,,spotify,1iKVDnBTqmZErf96ldGrZe
TRXYNCJ128F4269ED8,Viva Forever,Spice Girls,,spotify,2SJB0AMlx6y0JBN66y8eRz
TRILCHO128F933805A,Galway Girl,Ed Sheeran,,spotify,0afhq8XCExXpqazXczTSve
TRJIFNX128F42A8B03,Ain't It Funny,Jennifer Lopez,,spotify,01ITmYotdoow6gqRXv7oMo
TRLJYXK128F4290376,Word Up,Cameo,,spotify,0bmsLjucLZ6BvBJGnqBvOh
TRLTTQR128F9321342,Sweat (A La La La La Long),Inner Circle,,spotify,0AwSSNvYmOk2mAU0fnhrVA
TRLQKWT128F9321291,Early Winter,Gwen Stefani,,spotify,0WEhrN3Z9OsTBnTHZdcO6j
TRUQUJX12903CB4426,The Phoenix,Fall Out Boy,,spotify,0aMYdPDKBfHH0zO5IuGOkl
TRURGDV128F930A3A5,Unwanted,Avril Lavigne,,spotify,0oQcIRBkUFYSyqhs1R279D
TRCYPQV128F428CB1C,I'm Too Sexy,Right Said Fred,,spotify,0dmVER03uU8ZAaQwIxTh3h
TRDKOTK128F42946A0,Save the Last Dance for Me,Michael Bublé,,spotify,0bqKbPW5sbjsLvQRYsoraB
TRWEYIN128F4269338,Thank You for the Music,ABBA,,spotify,00BF0TaKYFRs6uowRYnA15
TRFNRGN128E0791E0E,Borderline,Madonna,,spotify,0mx1IpcgziXENQOcqpHeMp
TRCVICO12903CA1A2C,The Invisible Man,Queen,,spotify,0h15VlXIzD1MwKwNi12ois
TRIRIYU128C71968EA,The Unforgettable Fire,U2,,spotify,1cMsZtpEhvgSbsQixjT9yn
TRLPNYP128F42AE618,Raspberry Beret,Prince,,spotify,0wu7Fnbr5J2CUGiYatlkoz
TRBOYTH12903C9CC6C,Shallow,Lady Gaga,,spotify,5lK18Pt33xNudq4qYDxIm8
TRJSLBG128F428C1C5,Push Up on Me,Rihanna,,spotify,0c7OuVgdiqn5jMe0GzOV71
TRUYKXX128F426C2F1,Know You Now,Amy Winehouse,,spotify,0eD6U6PG4Z0iIrP4Azfrw0
TRRJHSW128F4223219,I Wanna Be Your Lover,Prince,,spotify,2uYCwZTphVUfQ4eEsz7yDO
TRLUEAA12903C94158,The Sweetest Taboo,Sade,,spotify,05aASSVNG9bXZTLSD0ExFF
TROIHSE128F14ADED0,Be The One,Dua Lipa,,spotify,10wLbWArxM5PXV77OcNbLk
TRRQDTS128F9312683,Bel Air,Lana Del Rey,,spotify,0e53YdXW9rJSxAI07UpO1s
TRIMMUZ128F4286178,Ageless Beauty,Stars,,spotify,1EnDYhR3oxGxlel3ybKM0E
TRRFUWB12903CF50D9,See You Again,Miley Cyrus,,spotify,08H8S0ZLBnPo5XZ7HpFJcO
TRDAPYV12903CD776B,Love Is All Around,Wet Wet Wet,,spotify,009wdTILwU3DnPvQldto9F
TRGGALK12903CB68E5,3 AM,Matchbox Twenty,,spotify,5vYA1mW9g2Coh1HUFUSmlb
TRCPJYS128F42725DC,All At Once,Jack Johnson,,spotify,2pLH2sqyaQ21bfNKxmpIRy
TRKHXZU128E0783E2A,Luxurious,Gwen Stefani,,spotify,0W3sTOscCbNx9Z4DlfVE3f
TRJEQYC128F931A80E,Beep,The Pussycat Dolls,,spotify,0QAYxWTFz9s5TeKMKPPh7n
TRYXLLP128F428652A,Karma,Alicia Keys,,spotify,0rDIC1C029RkylAYRJIcqq
TRYFWJM128F4273E65,Old Money,Lana Del Rey,,spotify,0G9BZ87c2n2ZXk6KLVHHY3
TRNEWWX128F9336A1F,Doesn't Mean Anything,Alicia Keys,,spotify,087P6XyLyLI1njRoE0qP2z
TRNGKFA12903CA8C90,Bust Your Windows,Jazmine Sullivan,,spotify,0e8H68HC1exbWU1NdR05FR
TRNCSKU128F4265639,Movin' Out (Anthony's Song),Billy Joel,,spotify,05A9RbtVV0FGcYDz5vf2XY
TRXTAWE12903CBA93A,Morning,Beck,,spotify,1OwsEdxJPJUiEFBghLz2C6
TRAJYOD128F92DB0D5,What I Like About You,The Romantics,,spotify,0bfUnJVBkSQ5mT865JWxq3
TRLMSHT128F4286255,Wings,Birdy,,spotify,0alxgcg8S0jMG3xB1sdwmB
TROJVOC128F92EC9F4,Bird Song,Florence + the Machine,,spotify,2xPx3DLjEmJeI9HN7M46o4
TROLDFD128F92F8C6A,Fairytale Gone Bad,Sunrise Avenue,,spotify,0EyhkQUhRrhvji7df4WG6F
TRAWGRW128F4285171,Together Again,Janet Jackson,,spotify,0NOoEWLx5MoQqEusdOLU5F
TRDGAGU12903CE6C8D,Something Changed,Pulp,,spotify,023r9iNra8SNtIGLAt109n
TRULCQT12903D02EA8,Hurricane Jane,Black Kids,,spotify,0LWcrobiNNYPopN5IRn4cw
TRRHAAU12903D0FB9E,My Life,Billy Joel,,spotify,025PRuxWuDE2v5G9LWVt3B
TRUJEEC128F9337A97,I'm a Mess,Ed Sheeran,,spotify,05AXbdKlVvkT6IJlYAfuap
TRAWDRA128F1464B55,Carnival Town,Norah Jones,,spotify,3T4pMhHBQiDZMb8G9BB9QJ
TRASDIN128EF35FBD0,You're A Wolf,Sea Wolf,,spotify,2eiuumi6SdF4CvGCfEt8V0
TRBPWSS128F930F07A,The Longest Time,Billy Joel,,spotify,0DR2MM5Yz8LIU0rCijY0gq
TRUKHNV128F149ED32,Sister Golden Hair,America,,spotify,0cQ4169fOGGgAI9ZDagHTk
TRUHCGC12903D03AB4,Tell It to My Heart,Taylor Dayne,,spotify,04xVJswvyImqU7ZfDxryxd
TREJROQ128F930DF3E,(If You're Wondering If I Want You To) I Want You To,Weezer,,spotify,09aDV0TC2RfWFU5IwZfIdG
TROPUUL128F42384A6,Kiss You,One Direction,,spotify,0AkQbXGN4KG34TS7xLrM68
TROIQML128F9303644,My World,Avril Lavigne,,spotify,03FyXnoflenOJmrCB3BtEm
TRAOEMM12903CC6771,Ride It,Jay Sean,,spotify,0dl6Xz4gNflCW0Gxg11ejF
TRYCASO128F92EC56C,And She Was,Talking Heads,,spotify,0yDtHovDK9u2wIEtSe6cRy
TRITPZQ128F4265036,Follow Through,Gavin DeGraw,,spotify,0nCSIIfrolecNqG2TU5YaS
TRGHQCV12903CCB203,I'll Stand By You,The Pretenders,,spotify,0MNQEoIDjBDERo6z9VgmvZ
TRXDHEF12903CB601B,Why,Annie Lennox,,spotify,03PT19oUc5JwZ1oe20VdVr
TRFKBIQ128F93221AB,If I Could Change Your Mind,HAIM,,spotify,056mbYcqyQo86Rfr9XfyYm
TRXNSUX128F9348C88,Telephone Line,Electric Light Orchestra,,spotify,046rwSEwYsreSv1XpAkRNb
TRQCTOL128F42A0967,Same Old Love,Selena Gomez,,spotify,3nQO0LVglw1TQFegLlcCsp
TRBFZTE128F428037F,Left Outside Alone,Anastacia,,spotify,0E75kZRTQHhHNwkzTOXCES
TRCWRLZ128EF34B400,Everlasting Arms,Vampire Weekend,,spotify,5WbmgRh4WP3dfmcrPUDY4O
TRKFEWW128F93190CE,He Wasn't There,Lily Allen,,spotify,0Sgcwa08NL8V33IlC5yugR
TRUFSYB128F4218857,Will You Love Me Tomorrow,The Shirelles,,spotify,004oFu9jzxj1Sgeg2xKSry
TRFOVFC12903CA1A4E,Stuck in the Middle,Mika,,spotify,1Sm3GPvgo7HH1yhYMflhNW
TRRUCYC128F92FEB6B,Glass of Water,Coldplay,,spotify,0Qi7g1DNSEa7ldfAdeYbWx
TRIUYDT12903CAA22F,Nobody's Perfect,Jessie J,,spotify,0strY4sf5wp9ehO0pefkhX
TRYBQHB128F92E4FEF,Pretty Girls Make Graves,The Smiths,,spotify,7zv1oGrjcxIG7e6cDRZPhg
TRNNUMY12903CBA308,You're Not Sorry,Taylor Swift,,spotify,0HmCuN0Z3OX1Qrz43FLOPL
TROHBHB128F9320D02,Bathwater,No Doubt,,spotify,0I0uVTQL4FYYiU5aRodScs
TRPLYQQ128F92ECB8F,Sadness Is a Blessing,Lykke Li,,spotify,0xackSaYV0sPeQIAxeuhTh
TRQGZTL128F426D084,If You're Gone,Matchbox Twenty,,spotify,2f5N826udWfjT9iomeaBJt
TRQMBNX128F932BEBA,The Time Has Come Again,The Last Shadow Puppets,,spotify,01StqWbrYnvBTPbP6qtgHP
TRADILM128F92FCB10,Say You Love Me,Fleetwood Mac,,spotify,12XWUpeTAuyOGqouj5SMkW
TRYKZWH128F92E20E2,La La Land,Demi Lovato,,spotify,0M9VqYG0wVun054JIdwFO8
TRCQJNM128F92FE599,Solo,Iyaz,,spotify,0b0iMeEZAHDuV9yHcJXGol
TRLPHCE128E079183B,Be OK,Ingrid Michaelson,,spotify,0DugzphDm9z8kphqhLAX0w
TRHYZNH128F4260F35,"Cheer Up, Boys (Your Make Up Is Running)",Foo Fighters,,spotify,0OnB9UwKkBzl6jyCpY8942
TRAJKXS128F42340B5,Cut Here,The Cure,,spotify,0gc8isVBmOWaDwaR39Akms
TRXFMML128F4291604,Self Inflicted,Katy Perry,,spotify,108sOkvznbPMWRBFbs7mhR
TRPARUT128F42BA0F9,Sleep Through The Static,Jack Johnson,,spotify,04OoWXmyKrSna72fEwat2y
TRDUVUH128F146BA65,Stephanie Says,The Velvet Underground,,spotify,0lXXjXf8fwMATvZ8cKiS3t
TRFNJWT128F42695C9,Chains,The Beatles,,spotify,2J8AgWy7nvbXRaLgiIcqp7
TRSRDPV128E078FC38,The Horizon Has Been Defeated,Jack Johnson,,spotify,2wAwgcRn4bu3YTtyMXCP1F
TRFODUT128F930BE4E,Naked,Avril Lavigne,,spotify,2InJMhFyRdc4Ht6Y1GUTwc
TRSEWTB128F425FE68,Sunday Girl,Blondie,,spotify,09fm5kNqaL2iv8LOtOJcDV
TRXVXJR128F92F405A,Ain't Nobody,Chaka Khan,,spotify,06Lay8QzHp6TYk9fzVtZXy
TRLPOSL128F4269516,Holding Back The Years,Simply Red,,spotify,08yHzQYtxcCB6KdIBfLwE5
TRUQVFR128E0793B36,Top of the World,The All-American Rejects,,spotify,1QQnvdyl1b4x6Eou2fT1t6
TRDABQJ128F93229F0,Do It Well,Jennifer Lopez,,spotify,054LsO5dsG7oeLfHFtRV1U
TROIOCN128F4226ED1,Don't Know Why,Norah Jones,,spotify,07Vk2ivjFTKREFjdAlVibq
TRXCUPG128F426D3DD,Respect,Aretha Franklin,,spotify,06AWgLu162FlzVavaAYys6
TRJQUHB128F424AD55,Come Away with Me,Norah Jones,,spotify,05vgXUBr01YCWbSuZPCTrC
TRRGKHJ128F92F64DA,Wake Up Alone,Amy Winehouse,,spotify,0Ekcj8E3l9na7G5lXwRHM1
TRIOZMY12903CE27D1,Turn Me On,Norah Jones,,spotify,0XwAUQ7kRf0hyUAsZ42qMG
TRDJNLG12903CE8FF8,I Say a Little Prayer,Aretha Franklin,,spotify,008Uwf4vGqg3KTPb34fsXa
TROJBVF12903CF1E8A,At Last,Etta James,,spotify,00JzGEIDuiiIx4OB9MGisn
TRXLACM128F427FD9D,Nemo,Nightwish,,spotify,0tbbaYdhiFLFH0YUvvajI8
TROHQDN128F930110B,Think,Aretha Franklin,,spotify,02H0NXdhSRxKgFCyzD5V9f
TRWAKDQ128F932C802,Get Ur Freak On,Missy Elliott,,spotify,08WAf26q8DCUVcI2Y4ctqP
TRQOMTS128F423AB0A,Only Time,Enya,,spotify,62Zg3WBpM4euiYc07QLdSG
TRUMAUM128F92E6575,Amaranth,Nightwish,,spotify,098X7HKOfXriXyiGogxr9U
TRPRUYX128E0781234,Lonestar,Norah Jones,,spotify,2rS97rclZkp687HFfE0rPR
TRFPRFR128E078122F,Cold Cold Heart,Norah Jones,,spotify,0telVAjxC2c3uEhiZMOtHi
TRXSSAQ128F9346501,On & On,Erykah Badu,,spotify,01UmVzhw853rUydbhoegkc
TRLKWZT128F42B28A5,La vie en rose,Édith Piaf,,spotify,00n3B8glmrmyRw3yL7h3V9
TRLAXYW128F427895E,Chain of Fools,Aretha Franklin,,spotify,05730oXZqb3cNMhNYfhroL
TRVZTPE128F1453A9A,Orinoco Flow,Enya,,spotify,0Fyj9w0HVfjoxm9S8nGClt
TRDEHJY128F9342584,Edge of Seventeen,Stevie Nicks,,spotify,0uBJ4nU3XjJ4Fk63tKCCgD
TRDBOVM128F4268BB9,May It Be,Enya,,spotify,0efVCd2usbdvcewm6JEd7U
TRFRLPN128EF35156E,Strange Fruit,Billie Holiday,,spotify,00CjKbPw0GUFLb6wP1JEEp
TRBJDVZ128E078148A,Painter Song,Norah Jones,,spotify,4fMuMCf6OSL9NaQZdnhsAO
TRKMCAV128E0782298,Those Sweet Words,Norah Jones,,spotify,00zbbtN99AUtRTwFq6WbKU
TRCPZUE128F931B6E2,Move Over,Janis Joplin,,spotify,03su8zUB6PHFZoxweVWE4F
TRLVTYQ128F933AAD1,Sleeping Sun,Nightwish,,spotify,02cvT8rWPdRmXF3YPFVb5C
TREORKD128F9301A4C,Turn It Off,Paramore,,spotify,0q99swv2f9L5m8JHkF3sDC
TRPTPIY128F92D8B40,Stand My Ground,Within Temptation,,spotify,12OeHXqg97JzLXCI80L4Yt
TROKGTS128F93366C7,Riverside,Agnes Obel,,spotify,09eJJtoExjFIx6X3cINvDq
TRCSMNZ128F4238ECA,Work It,Missy Elliott,,spotify,0kl2l4L2pMflJAkEXgkWDs
TRQOFFY128F423EE12,Feeling Sorry,Paramore,,spotify,2F9JloTNvfkIvwXJP0bZUO
TRUEINI128F9320F62,The Kinslayer,Nightwish,,spotify,0ePxSaJJbDpH7Bavz3gucs
TRMQLUZ128F427ED78,What Kind of Man,Florence + the Machine,,spotify,09Ua1o00SlYsiN7Mn3t7ji
TRCNIME128E0799376,Ever Dream,Nightwish,,spotify,04wg4rT0WgQxdSNzuPJEwW
TRUCNBC128F42682CF,Caribbean Blue,Enya,,spotify,1luXAWbL1lUbGSFBwlIKlK
TREKHEF128E0783E49,Dance Me To The End Of Love,Madeleine Peyroux,,spotify,0s3JO6dkRBrkAVPenxNSOJ
TRRIFRC128F930A234,Looking Up,Paramore,,spotify,2vfYs0MWqvIjLhWFoYkPSZ
TRUFOPK128E07929AC,Doll Parts,Hole,,spotify,0H153tDv0TuDRJOOaVPnsf
TRQEJKP128F9343E68,Bless the Child,Nightwish,,spotify,0i7eLLOjubQPARKyahzrxA
TRPCMLS128F92D0C45,Woo Hoo,The 5.6.7.8's,,spotify,1Wr2sdW1hvXmUazCTZSkSw
TROWPXR128F934A81B,Dancing in the Street,Martha Reeves & The Vandellas,,spotify,0BRwGZC4I3MZKqjNQccT0a
TRFOOZC128F4279A97,Violet,Hole,,spotify,0lmIifpaKKwxpUhIjCCGsX
TRUKNMB128F425FEA1,My Guy,Mary Wells,,spotify,00SV55MGIsBa7IMHLmXULB
TRLEHEM128F429200D,Dark Chest of Wonders,Nightwish,,spotify,1pMCMRn112Yo0FElLaoW2O
TRDVZYL12903CE4265,Planet Hell,Nightwish,,spotify,1XCpJ3JCQP7cZ2jixl1aAv
TRZSFIP128F930A58F,Let Me Blow Ya Mind,Eve,,spotify,0bjD1KZlu9ZylvCbF8J1xE
TRCZMML128F4244AD8,Lacrymosa,Evanescence,,spotify,0jtF9TwfE2DmIgdDBW1q4G
TRRFXMM128F42537AE,River,Joni Mitchell,,spotify,0DAmSYQW9kq9gQNDI002KP
TRVEVFW128F145F94E,Ridiculous Thoughts,The Cranberries,,spotify,042e0OmFFtPir1mzvStuqj
TROWQCA128F427A423,She Is My Sin,Nightwish,,spotify,0RXfaBL6s79Sb9uiTnazUG
TRCZPKD128F427BBB7,Killing Me Softly With His Song,Roberta Flack,,spotify,1U1xdCEZYkr6e1stqhaR2F
TRXOTFM128F428B0AC,Both Sides Now,Joni Mitchell,,spotify,06lrkRVO8HOP6JkJvXeObg
TRFNAJQ128F9304D72,Spellbound,Siouxsie and the Banshees,,spotify,0H2TdcFir5Xs4AVNywLc4q
TRGWGOF128F4241B03,Cassie,Flyleaf,,spotify,02KDKKuIepzAeeGTC6ud29
TRFSZND128F93519EF,Good Enough,Evanescence,,spotify,06h3NjC524IdYvJpLcvNGm
TRXGJSU128F933EBC6,23,Blonde Redhead,,spotify,2u7vJ9wosDz0aO0hzbSF8Z
TRXXDSI128F9332613,Too Drunk to Fuck,Nouvelle Vague,,spotify,3dz8B7It7WmCn0EpTozbnL
TRUEPAM128F426ACFD,The Look Of Love,Diana Krall,,spotify,028vz8aiIRMNcOooaTRzo2
TRPCYLP128F42565ED,Fast As You Can,Fiona Apple,,spotify,0zgCpJcPNPXrjI7ruy5UGY
TRHXOQN128F42AC27D,Love Me or Leave Me,Nina Simone,,spotify,009ILuCWxGgOOUp0rW1WT7
TRXKCKA128F426A553,Shadowboxer,Fiona Apple,,spotify,09X4MOtWJL3HKfEKuLhVlz
TRXIOKM128F92EB8C0,The Hours,Beach House,,spotify,0lSYThW2T8fxo7xIgeiKc4
TRCRQLN128F9303401,The Fall,Rhye,,spotify,0NRa9SlCxp7jx3CPZWixF8
TRJRVON128F42A06CF,Emmylou,First Aid Kit,,spotify,2e2Z8FeqqvUClWqc23nuX1
TRLMFMS128F4281BF4,Please Mr. Postman,The Marvelettes,,spotify,00OW02g1RTB7EhhFRKo2b7
TRFSSMX128F4267256,Get It While You Can,Janis Joplin,,spotify,0KM7RfwcOCfIGHw5Gyrv3J
TRUWVYW12903CA741D,Christmas (Baby Please Come Home),Darlene Love,,spotify,03rLLs4wBrFruPoMegFJj7
TRGDBSF12903CBBD6A,Devil's Spoke,Laura Marling,,spotify,3dhLTGgw1EvjXExJYxTfWw
TRDMWTY128E0793A93,The Phantom of the Opera,Nightwish,,spotify,0hHyigHNvddYcK7OgDfeD3
TROYTYV128F42695D7,Billie Holiday,Warpaint,,spotify,0wPaEdoeNYyBOYtthwRqXh
TROKOLM128F147F217,Cloud Nine,Evanescence,,spotify,11RNFfvwZrGM74njTFtkws
TRRFSTX12903CD1861,I Wish I Knew How It Would Feel to Be Free,Nina Simone,,spotify,00YgAn8jLveW16tc16mdPe
TRLLZRQ128F93309D3,You Were Meant For Me,Jewel,,spotify,0uX9TLaaN9GMTAnaK09p1V
TRFRRRF128F427B236,Shower,Becky G,,spotify,02RuxwElxheC6ygAAivpcY
TRFNRZN128F931FE51,Spooky,Dusty Springfield,,spotify,04DrIV43FWDWQ3PN9SCesB
TRRTEBJ128EF342E9F,Give Me One Reason,Tracy Chapman,,spotify,1DNRzelv2XvXXq2ISApGhp
TRAGEFF128F427F0CF,Never Ever,All Saints,,spotify,06WHYcwOG9n18YDPeEtB9L
TRVYJCY128F92DE225,Hey Stephen,Taylor Swift,,spotify,18kSJU5j2OsV8ZX0zmpsXg
TRSGDWJ12903CCE282,Snow White Queen,Evanescence,,spotify,1bYkYG7UUinhtczcc7e3SY
TRIKBLR12903D08156,Pretend We're Dead,L7,,spotify,35U3WR7ISeqlnFVXA4zosG
TRXCMOR12903CFB321,All Of Me,Billie Holiday,,spotify,00LL6396jktZ7pEM9B6pev
TRCWKXP128F42742AF,Open Your Heart,Madonna,,spotify,1AMZVcZvuPKqxm822W8PGV
TREOYDI128F42A3E44,Slipped Away,Avril Lavigne,,spotify,0szAHbysIT0xJT5zVGz7O9
TRDCCJH128F429EF80,We Are Family,Sister Sledge,,spotify,01hiLy8GUjM77lEy0BlSxk
TRUDFCZ12903CC3E61,Je veux,Zaz,,spotify,0DpJDkrJMj27TRMbZblfFR
TRTGQPF128F429508F,99 Red Balloons,Nena,,spotify,0aNhV4PRIG2g2Tzf83qlUQ
TRCXROG128F4285836,I Found You,Alabama Shakes,,spotify,2r1RfvbLuSZY9vix9iUNPw
TRLUKKL128F4284EEA,A Woman's Worth,Alicia Keys,,spotify,02eDzlOm2oRVgzZft1xUvq
TRCSOJT128F92F7E5F,Crash,Gwen Stefani,,spotify,1HYa2Lg0TvK3VhS7vGmsGE
TRANFUR128F92D30FC,Adia,Sarah McLachlan,,spotify,02H6dWvE81irMnt1ErwZQL
TRXGMJC128F42A8248,Damaged,Danity Kane,,spotify,0YdOsT6VbUltNYcsSyVjBe
TRYVSOM128F933FA92,Cross Your Fingers,Laura Marling,,spotify,3TPdnAumZb757p3xxP3s84
TRSNYBB128F9356339,The Name of the Game,ABBA,,spotify,0j7WRFEyn4CLhmfsuxI3SI
TROKSHH128F429201C,Ghost Love Score,Nightwish,,spotify,0mQeIIgdRRkcY4YiIraBEM
TRZOGPE128F92E7C13,Now at Last,Feist,,spotify,2LE3VFruGauWc3nbReGYs9
TRBSLBY128F429BEF8,Trophy,Bat for Lashes,,spotify,1Nvn8ClYMWGUH7GvGKehue
TRJXBXO128C7196DEF,Big Exit,PJ Harvey,,spotify,0ajM5tgGEf5sL6tQIIV8Xn
TRSMGBP128F42AF375,Brass in Pocket,The Pretenders,,spotify,044k2djvZjpWIMzpUc3WfY
TRFVYAG128F92E1520,No Air,Jordin Sparks,,spotify,05cDiyB11m5M25cDsJYEMS
TRPNPZK128F92DFA4D,Just Tonight,The Pretty Reckless,,spotify,0JaCpPppNvZnSFtA2V5uFy
TRISTGF12903D0DC6F,Stronger Than Me,Amy Winehouse,,spotify,1O92Kw6CTPxdp3jzdbUaEN
TRLVDIF128F146DF00,Brave,Sara Bareilles,,spotify,08xyWHUCT92DnEXGFhVfEK
TRCUPUN128F42792D9,Help Yourself,Amy Winehouse,,spotify,155thvMlfQQUxSGGBul0Py
TRUFQQH128F147747C,Medicine,Daughter,,spotify,3JkmP3bd3ObqktNeadIZI7
TRIWOBB128F425D5BB,Night Terror,Laura Marling,,spotify,00aCUm8h8jUwMKKEsDleOm
TRLUNGT12903CC1BC0,Peace of Mind,Bat for Lashes,,spotify,1kwFDF5zBlcNAhvJPSmKLn
TRUPVJB128F9334C3E,Mad About the Boy,Dinah Washington,,spotify,00PXjOnXHQ8C5iPF4L940W
TRORPXB128F4267015,All for You,Janet Jackson,,spotify,08f4ZQekvmfwldVc2rwdDn
TRKFUHZ128F425BADD,I Feel the Earth Move,Carole King,,spotify,0crCVxaDJhjkyfGG3G2qQ7
TROTDKP128F9322C74,Forever & Always,Taylor Swift,,spotify,0AXwcrtfYGYgQgmzyk8PA1
TRITASQ128F4259A9C,You Gotta Be,Des'ree,,spotify,0ahKvbXnoBy4eJPfHMgVFh
TRYEIQQ12903CB2071,Cater 2 U,Destiny's Child,,spotify,015J7ArlNXcrum6RWV6oa4
TRDJHBO128F4240C0B,Potential Breakup Song,Aly & AJ,,spotify,11dxtPJKR4E0wlSr0A0t47
TRFNFTO128F4279C63,Superwoman,Alicia Keys,,spotify,0oG8R9w1KQnMEwEAqeVsvg
TRLSYIO128F92E62BF,My All,Mariah Carey,,spotify,0aU1CWxRi1ftW3wNMp7Lyu
TRXQKSQ128F42B2E03,All That I'm Living For,Evanescence,,spotify,08yHOpKlMSZUcrkQr3ZyQ4
TRLIIWI12903CA72B5,Don't Believe in Love,Dido,,spotify,0Npsi4KMrZubEcfnKC6sRi
TRXLZRG128F42836AC,Because You Loved Me,Céline Dion,,spotify,0FOBmBRdyFmqhsxh5smHPm
TRDLCNU128F93173BD,Satellite Mind,Metric,,spotify,0OkjbthVrVNdzApaGJNPLR
TRTUGFA128F4264EFB,Not About Love,Fiona Apple,,spotify,0WDARMlKHcDBm1r0PGaFCI
TRIXTRT12903CDFFFB,Dream A Little Dream Of Me,The Mamas & the Papas,,spotify,0cB2tHiAlvilLqUV3y04xB
TRGHELO128F425D3CE,Sara,Fleetwood Mac,,spotify,0q1exbzIDRxqJ6VUKH3seg
TRXRGIP128F4255D86,My Manic and I,Laura Marling,,spotify,16GikgZ0rzhwLJnRS1CNwV
TRADWLM128F42678B1,Where Did Our Love Go,The Supremes,,spotify,02WbBCYNkLmWCee6VdmBgb
TROPOGX128F42B9D0D,Watermark,Enya,,spotify,03UgOGgeAt2qOqnx4Q91Ix
TRCSXWU12903CA07E4,Mother Earth,Within Temptation,,spotify,0Ggzy6UEomashfAkKHzcQr
TRAEUAE128F933AE38,Kozmic Blues,Janis Joplin,,spotify,01X7511CD3A7YMJ9Gl6oHR
TROWAPV128F42687CA,You Had Me,Joss Stone,,spotify,0bWhORWSP65j24DAsSl9O9
TRKVASQ12903CE343C,Sparks Fly,Taylor Swift,,spotify,0No1Y6c0d08cHcfbgq0uFA
TRLNEWQ128F424FC35,Like You,Evanescence,,spotify,04wcROstV22VxlsktIw0mZ
TRUDWWC128F9342E1D,Downtown,Petula Clark,,spotify,009mUlfjsMrgdUhOfzJQOl
TRBWDJH128F429E9FF,He War,Cat Power,,spotify,5ExKQmyyEsGaqFRsc0DWOX
TRAMFJR128F92C1DB1,He Wasn't Man Enough,Toni Braxton,,spotify,00XWuEKV9WVmZyQzRJ7ZrY
TRFTSQY12903CBA4CF,L.O.V.E.,Ashlee Simpson,,spotify,0yyZQK7XXCJWDGPCxTIlLS
TROEGNO128F92F4B79,In God's Hands,Nelly Furtado,,spotify,04PNfCYc6V5PfmKgUzEhOj
TRXWYFC128F42888E8,Me & U,Cassie,,spotify,1HElnTtmScAXkL4wn56Ih0
TRCPUWS128F92FCB0E,Dance With Me,Nouvelle Vague,,spotify,1M1WKNeAAJqWMgZboO4YIe
TRCPKXI128F4230810,We Ride,Rihanna,,spotify,06UiwoocIccTTpxcILrBif
TRPSFMW128F42AE12A,Not Ready To Make Nice,Dixie Chicks,,spotify,08gZCvHWbohAmR7gAUczMm
TRDJHAP128C7196DF2,One Line,PJ Harvey,,spotify,4pi4ALVH55uuzWAXb8Tkb2
TRQRMHW12903CC80F9,i love you,Billie Eilish,,spotify,6CcJMwBtXByIz4zQLzFkKc
TROJJZN128E07936FF,Crucify,Tori Amos,,spotify,02chkVEapUj0KsUvLDvwqU
TRFSDIG128F42970D4,Enjoy the Silence,Lacuna Coil,,spotify,1BzR9RW8Ff31D97LkVY0Mw
TRONXXY128F92DD510,I'm Every Woman,Chaka Khan,,spotify,01NUsrPCfuYY0ch4kHF60P
TRXEVOK128F148B488,Strong Enough,Sheryl Crow,,spotify,0iwmEwcYv5tmYYSaLgQHPV
TRMGGUO128F427F15E,A Place Called Home,PJ Harvey,,spotify,32AjpZZ2ntPPNjUZB7YBYa
TROMPEV128F92D2BEB,Say So,Doja Cat,,spotify,3Dv1eDb0MEgF93GpLXlucZ
TRZDPGI12903D003CA,Hush Hush,The Pussycat Dolls,,spotify,00WsmOpm6a1QgWisw5GL58
TROSXXX128F9348C28,Ruin,Cat Power,,spotify,0vMhnM0jWdeOkD452RBVHc
TRRKBXC128F92EAA4F,Stillness Is the Move,Dirty Projectors,,spotify,0No0vgWyp8URBsOHbysmyg
TRFOPHS128F93351E2,Ever Fallen in Love,Nouvelle Vague,,spotify,0ehSg6Qnt2UpGdAYgppcQM
TRODDLH12903D0617D,Unrequited Love,Lykke Li,,spotify,1Fl6Dchrb991KsHZ16H91T
TRIQGHN128F93141E8,"Mama Do (Uh Oh, Uh Oh)",Pixie Lott,,spotify,0CNxlDpMQnCIPwQQU1dxd7
TRTQUQJ128F14520C2,Under the Weather,KT Tunstall,,spotify,1aPa2oT4uoSpp2KuNfN8fw
TRAELLR12903CF2E42,Our Day Will Come,Amy Winehouse,,spotify,01hv2QcBvXZ0yOzZ3Kzlek
TRASUJG128F92D6316,I'm Still Breathing,Katy Perry,,spotify,0O7yz12uINSU1mCrV82dgR
TRSIJOP128F9314929,The Howling,Within Temptation,,spotify,0FbKlWevHWFauTmpvoCWFF
TRCTAEF12903CDE884,New Year,Beach House,,spotify,00Lbd2M3gAIpoR7kakyF3t
TRIPHXT12903D008F3,Don't Get Me Wrong,The Pretenders,,spotify,02CbbxH4dADGgCeORqYnvd
TRFZPOL128F92C47AB,One Sweet Love,Sara Bareilles,,spotify,2TXZTIEk67pURmzvQVu84I
TRDKAKF128F9308DE0,You Don't Know My Name,Alicia Keys,,spotify,012CtAkXny4bLUuXTWncvT
TRZEYHH128F4293009,All You Want,Dido,,spotify,1brtIaR9409R7eVTo1dgQx
TRZITYW128F428256E,Don't Wait Too Long,Madeleine Peyroux,,spotify,0KvxCoojbpenjozvak3p2V
TRBFDBZ128F427EDCD,Sunny Road,Emilíana Torrini,,spotify,11hyKK2qqkhVg97erGUF5M
TRFOEVK128F42807F0,Breathe Today,Flyleaf,,spotify,1HlddrEAbwWvMBmyHowEQ1
TRRHQNT128F4294124,How Does It Feel,Avril Lavigne,,spotify,0fQYlnt2HQpXjsNB6Saadq
TRCQRWT128F92E494F,Desert Song,Edward Sharpe & The Magnetic Zeros,,spotify,3Azd3uB3lOVls6aXjF2q6o
TRBAHID128F4278EAF,Objection (Tango),Shakira,,spotify,0p9QhtUdbyDAQ6k14hQ2i3
TRXCCWL128F4291517,Ave Maria,Beyoncé,,spotify,06NQmQh5sdJSLOnlce8kXc
TRYDAVD128F4259453,You're Wondering Now,Amy Winehouse,,spotify,0A8mTU0yuk6pmks2JEbX5F
TRONMVZ128F4285939,Juice,Lizzo,,spotify,0k664IuFwVP557Gnx7RhIl
TREJQHN128F92E0A4A,Last Day of Magic,The Kills,,spotify,0JAKbQmdRiSMEGTqe5uFqd
TRFVAVR12903CB0A14,Beautiful Life,Ace of Base,,spotify,0iQX7tmr8HSbG1FaLSUOEK
TRWIDTU12903CC474B,I Love Rock 'n' Roll,Joan Jett and the Blackhearts,,spotify,0guirz69qgav1mL4sT9tce
TRXNLLN128F4238BDD,Good Woman,Cat Power,,spotify,4hFRIwvYg46dhI6Fsn87VA
TRWVCST128EF356B3D,Coin-Operated Boy,The Dresden Dolls,,spotify,2OcJNw7K8cYs4FKoh8aEow
TRABSKR128F9329415,Miles Away,Madonna,,spotify,0znvlHYbiJWtYeivDXyFkA
TRDANKN128F4296D10,Tahiti,Bat for Lashes,,spotify,30dU6P5holUH7QPqiIDOPF
TRLPOXM128F423165C,What Now,Rihanna,,spotify,0aUWfpD3PlSv3FTTKcT2rN
TRDPQRZ128F427DEF6,Hotline,Ciara,,spotify,08Ccw3R8T93ovC14Yj2tyn
TRBDUPB12903CE6C36,The Way I Loved You,Taylor Swift,,spotify,04LDcz3RX1P5sIlzQGqgUN
TRCPQKX128F92F9088,Tonight,Lykke Li,,spotify,04LJ121wnBEnN5jrNQxiZR
TRYNJGV128F933D5EA,Nobody's Fool,Avril Lavigne,,spotify,0dMsnr9FJ3zBE42byyM02b
TRUFWMN128EF361C3F,Lose Control,Evanescence,,spotify,0uS9di5Qc9DJSVCX7qqWLR
TRJUAXZ128F426933B,Voulez-Vous,ABBA,,spotify,00Pa9aP8LHpEyOx4nasW5x
TRUGDGO128F93231E9,Black Sheep,Metric,,spotify,1CBQ8XGwcu7BcsT8iByvwE
TRRFDCN128F42436D2,Free,Cat Power,,spotify,0iJH1jqURrzxH8rLgCoUn9
TRRGJNQ128F425E498,Wonderland,Natalia Kills,,spotify,0n6f2lXTKnQJu1JWMm6daB
TRFNPDF128F92EF997,Maybe,Janis Joplin,,spotify,07S7oAm8ZcFP65vWqq5G1D
TRCMTOK128F92DEF8E,Lorelei,Cocteau Twins,,spotify,0HIDWGhJPSUZ2JxAKkDw9V
TRYNZAL128F1464B5A,Humble Me,Norah Jones,,spotify,7BboupyTdAr1nmMJZw0V4h
TRGIWPZ128F931ADD9,Nineteen,Tegan and Sara,,spotify,3vxZcawC4daxdZ1e1mczeD
TRFNBSP128F93098D6,My Prerogative,Britney Spears,,spotify,0jikXT98C0RCVryFozwvXA
TRINQAC128F9354AA2,Empty,The Cranberries,,spotify,0leHsIGDnnUcFyjVwqkUly
TROHZDE128E0780CE9,Marathon,Tennis,,spotify,1jX9YhwnbwTTe1WWZg6wTr
TRMHOIY128F423ACCC,Sealion,Feist,,spotify,070MOKL7ldcKgyfdh3P2Lb
TRIMVJY128F428E936,Who Knows,Avril Lavigne,,spotify,02awa9gWGFYue9dk5jL5PS
TRFWHZB128F92EB885,I Don't Blame You,Cat Power,,spotify,5DtT2BqKXGOng6qEZnaMb2
TRUGEAA128F4235B88,Running,No Doubt,,spotify,07OjJ31t4ytD8J4F24lSyz
TRIAKRZ128F147E193,California Soul,Marlena Shaw,,spotify,03fWZL0rLQk2t3D9pkZpJW
TRAINIF128F426416B,The Call,Regina Spektor,,spotify,0ecUziAQmfCWEjTyF6ELex
TRXLVNQ128F933ACC0,Possibility,Lykke Li,,spotify,14AEE4PDBif8oFMrc6qr0D
TRYBFZK128F4226826,Hang Loose,Alabama Shakes,,spotify,0FUz8Fxklmxnx3gLogJ81q
TROUZEZ12903CBEDB8,Eva,Nightwish,,spotify,0eHRSEEWuw1jaqYhrLL6G4
TRYCCJZ12903D078AE,Say What You Want,Texas,,spotify,0aqxSe0wq1zZF82v3nDqKu
TRHUILT128F424BBC6,I Think We're Alone Now,Tiffany,,spotify,01C8H9CFpnp7bqc3YDmj2A
TRCAFZU12903CC9AAC,Nowhere to Run,Martha Reeves & The Vandellas,,spotify,0GKdv8iUDhpiEe7L2S2NZk
TRBXODF128F931290A,Elvenpath,Nightwish,,spotify,0yRSGN94A8Eyy6a2hEYsRJ
TRYYPXL128E0791FB1,Your Star,Evanescence,,spotify,0ChrO5J79KM5RmEhmTYPHb
TRILWJM128F9317AEA,Hate,Cat Power,,spotify,0MlNGC8LTl0Hh8w71S1ZVb
TRJJVBR128C7196DF6,You Said Something,PJ Harvey,,spotify,0zkDO0X420agzReIEmKonb
TRCWAQE128F428DCBE,Silent All These Years,Tori Amos,,spotify,0CkRKHvxPHRIQ6Kc8KzUGZ
TRLQWKH128F93306F6,Whirring,The Joy Formidable,,spotify,13dt49xLGUhtS0xFUQAVJN
TRDXXNM128F42850FC,Jump (For My Love),The Pointer Sisters,,spotify,0BtQLzZe4ZpRxXF9ceWwv3
TRUISME128F92F63EF,Rambling Man,Laura Marling,,spotify,15HQREjXNyYzXOPPamYoLj
TRQRBJK12903CCC08F,American Honey,Lady Antebellum,,spotify,0KZ7a5L9Q9aBLAINBgDsWq
TRCUFGF128E0790F04,Call It Off,Tegan and Sara,,spotify,0Bo7grcJ9Api986n2RNcA8
TRYQGND128F92F9DE9,Rock Steady,Aretha Franklin,,spotify,090MTg605jCGi09BfZCFXa
TRGIILN12903CE46BB,1+1,Beyoncé,,spotify,0b4bcwV5QWTzgza5u1gh5C
TRHNCAB128F933C40A,Swamped,Lacuna Coil,,spotify,2aloiNO6kKpIA9FGhLGwXt
TROMOTR128E078DF27,Next Lifetime,Erykah Badu,,spotify,1U5Tap0QEGh70nbSttjkrz
TRREEYE128F429B5D1,Our Solemn Hour,Within Temptation,,spotify,0bh6At266xJmoJ5P9o6UJM
TRUMMUQ128F422FE88,We Belong,Pat Benatar,,spotify,0bFYO6F7OKYR3GAdoytRkE
TRYEANK128F428A5C7,Glow,Nelly Furtado,,spotify,0di5nCWI5MuGeAm8ERAURL
TRABVQN128F92C7C73,Cat And Mouse,The Red Jumpsuit Apparatus,,spotify,1349zhqBoOE0rKo6GqaJKj
TRCOFIC128F93173C1,Collect Call,Metric,,spotify,1sijAbo8HCEFIsD4NBpaxm
TRXUESY12903CFBC21,Have Yourself a Merry Little Christmas,Judy Garland,,spotify,00K9OyXyIHm7PVBzDMm2IK
TROIRNZ12903CE5D91,Window Seat,Erykah Badu,,spotify,0M5rCWWVh9SIqXdvNXl4cE
TRRGTWM128F42BCBE9,The Other Woman,Lana Del Rey,,spotify,1KuVEZR4xuQVNr1KkanAV4
TRGMCJU128F92ECA10,Slow Like Honey,Fiona Apple,,spotify,1nbV1U86Cu22uV2tOPurUH
TROYDJJ12903CEC2D0,Be Without You,Mary J. Blige,,spotify,0yN06sNXXkhF6zPKNXezmA
TRZLRLF128F428F685,Kissability,Sonic Youth,,spotify,1aHtIo5fgaQi8D5JelgokY
TRXEHKK128F4248E25,Simple Kind of Life,No Doubt,,spotify,1bOUi73vKpUIfZbP6QzpXQ
TRVSTFJ128F1489309,Take Me Anywhere,Tegan and Sara,,spotify,01x614Ia3hUYr0UB5fv2zk
TRFVBCI128F423C372,Toes,Norah Jones,,spotify,05SZs9JZLaGaXb28qIMV9c
TRAYFDQ128F145FB6B,Daffodil Lament,The Cranberries,,spotify,00UPPMmPpsvp7kwImpKdik
TRFNDNS128F427AB38,The Devil,PJ Harvey,,spotify,2E87RH7tcP5b57ZefK1O6P
TRFHKSE128F1464B5D,The Prettiest Thing,Norah Jones,,spotify,6eT08jQH8w5BNfAec85k31
TRHROKJ128F42891CE,Wait a Minute,The Pussycat Dolls,,spotify,0LuXDAf5qLisuEII1iI81y
TRARNEJ128F429A1B8,I Feel For You,Chaka Khan,,spotify,00YA1hARYTGW77mh8gUXyf
TRINVSQ128F42792EB,Soldier,Destiny's Child,,spotify,0xDO3pMbNs5URkYyRuM5Yy
TRUTBPH12903CED482,Breakable,Ingrid Michaelson,,spotify,2S5ksK5hkT8KCzxWTeZ3fm
TRUORKR128F933BA33,Happy House,Siouxsie and the Banshees,,spotify,08NyT4kTqgLDXvBP6cRCSJ
TRAASDW128F9310F64,Let's Fall In Love,Diana Krall,,spotify,09Xcgt3UxmwskjV36lD3Kj
TRRDYQW128F9302C5D,My Lover's Gone,Dido,,spotify,0DPGXilt8uQiDwVZ9ZJQbm
TRDRVJA128F4267831,Miniature Disasters,KT Tunstall,,spotify,19XlDhnlWOiM2evmkWGIW8
TRLVOXF12903CB26D0,Come Clean,Hilary Duff,,spotify,0zN16vHWt77RW2wF7bW0ZA
TRXQYTS128F149904C,Forgiven,Alanis Morissette,,spotify,33Y5vdO35HEta1ctVhgMay
TRCWYJA128F92F27D6,Baby I'm A Fool,Melody Gardot,,spotify,0jKOQF8a4SjSxVZX40lAlx
TRXQJEX128F429C4F3,Beautiful Feeling,PJ Harvey,,spotify,2pCRZXPcKiB4UZMvqS4ZYw
TRVPPSC128F92EC9C2,Midnight Bottle,Colbie Caillat,,spotify,2a2VEHsDL9QQroBeO2KGC0
TRDLLJO128F93216EA,Dead Boy's Poem,Nightwish,,spotify,09ciMATlCzB0GMnaBeESg2
TRSUQJF128F426A552,Sullen Girl,Fiona Apple,,spotify,0SwFEvNAEXIB0TafSRl0Op
TRMVROV128F9339A5C,You Don't Have To Say You Love Me,Dusty Springfield,,spotify,06MPejoAVHrkTyjOXZDdCw
TRGGNNH128F42599C3,Guns of Brixton,Nouvelle Vague,,spotify,04JzgTB30t4J48LNqZVbzc
TRROBYI128F4289344,Where Is My Love,Cat Power,,spotify,0nsjHqHSbXHcdeiSX7PVlH
TRIPAVV128F1456A0F,Losing You,Solange,,spotify,021zACzX57MF853a8ABS3B
TRIOJAK128F1468778,Lovin' You,Minnie Riperton,,spotify,04F50XU6n90odiHqkdvd5B
TRGPPTI128F425AC8C,Thank U,Alanis Morissette,,spotify,0JU9wiABbxlPgrOZaN1vPN
TRGAVZQ128F423AAFF,Tree Hugger,Antsy Pants,,spotify,2kjXv7GvB0S92NOjw7CkbR
TROJCRC128F92D5D2D,Oh Daddy,Fleetwood Mac,,spotify,0GT3sVok9dY92eGH1H6JtU
TRCVNHI128F4272299,I'm No Angel,Dido,,spotify,0BC3bCBB3Z4nBvjsAu9PBA
TRLUDNG128F428D5C7,Heaven or Las Vegas,Cocteau Twins,,spotify,0WLy3r1CQgpq3x2eN5YyDG
TRCKKEO128F42269F9,When Under Ether,PJ Harvey,,spotify,08Xoi8pwsEaXZvHUdAE8HQ
TRCMUDX128F4287E43,Honestly OK,Dido,,spotify,1VF8o20AOMNLLDCyZcgQyV
TREHVBX128F92FD8DC,Between the Lines,Sara Bareilles,,spotify,1r68i1ZE6u74Fz74mDJwYH
TRPJFDM128F933363D,Vow,Garbage,,spotify,1P5NQAm1F2vs1sIDiKtPZt
TRPBUVI128F425E680,One in a Million,Aaliyah,,spotify,0EpLJtmEh2HPIk2uQE0zTY
TRVHUZM128F42AE2C8,Worn Me Down,Rachael Yamagata,,spotify,09RO78JxKByk5LaFWy0Di5
TRHSFAS128F1464B5B,Above Ground,Norah Jones,,spotify,59afPl901jbO8uT8XHgxkq
TRFNHYA12903CDD4DD,Mary Jane,Alanis Morissette,,spotify,3qmLgkFN1rChCH6CgfNOKD
TRRIPIF128F9306293,Wild Child,Enya,,spotify,2BKlTJdbIpcN6NCHR1QR8h
TRABUPB128F424670C,Cheek To Cheek,Ella Fitzgerald,,spotify,00rJn4PpMLyBj89n39qFQ2
TRFOUPP12903CB813D,The Moon,Cat Power,,spotify,0nEa0ATOk6woOx4VlNyPeN
TRUWQQF128F9309966,The Boy Does Nothing,Alesha Dixon,,spotify,02EI0RYN6UwuIuxoAY64R0
TROITAN128F92F2918,Fallen,Sarah McLachlan,,spotify,1g29ddn20BGgppnjkQ6qix
TRACVIX128F422E9BD,Empty Shell,Cat Power,,spotify,1isTOfpE3DwfhhvVFpZynK
TRGMZNT128F92DE267,Tim McGraw,Taylor Swift,,spotify,0boy2Iv10PJhYX458KPPtG
TRCTRKL128F92EFF0D,City,Sara Bareilles,,spotify,1IqExbuUT792MOy7bLCafq
TRLPVAG128F42AC553,Dreaming My Dreams,The Cranberries,,spotify,060exgH0XTJFVQedPRShsf
TRDVGFW12903CB5FC7,Gotta Have You,The Weepies,,spotify,0YNNfiKJb4yqUDtCcX1cHK
TRDDKKL128F9354070,Cry Me Out,Pixie Lott,,spotify,02wquDSO1GytnDDbRV3rRu
TRAIFKE128F92D5D36,Should've Said No,Taylor Swift,,spotify,03pF3TQn62xUl74ww9yQxq
TRINGWE128F932F023,Candles,Daughter,,spotify,0FdwPnd8X3pH9OsNascVMt
TRFQKTZ128F932A1CA,We've Only Just Begun,Carpenters,,spotify,0i2HrtX9trLdLdnYoO5raR
TRXIHSM128F931FAD2,Better Version Of Me,Fiona Apple,,spotify,03uqpPmKly3h5Mfrybcbd9
TRUPAVU128F92FD9A1,You Really Got a Hold on Me,She & Him,,spotify,2DCbCGV7pOqOsnt4BTPCtO
TRXIYWP128F42759A0,Settle Down,Kimbra,,spotify,00VljkUtL8ldHmO6pgVD95
TROJUKT128F932EE2D,Black Beauty,Lana Del Rey,,spotify,1NAkjMi6MINo28Qaip4qe0
TRHBVZH128F428D3DE,I Love Rock 'N' Roll,Britney Spears,,spotify,0AUsdiXW1yiVsEwURMFQWK
TRLMPWJ128F428C0EA,Fairytale,Sara Bareilles,,spotify,00x87yQyIR4ooAteOsNLOW
TRVUMRI12903C94C8B,"I'm Not a Girl, Not Yet a Woman",Britney Spears,,spotify,03wir2BE7WmgfrU3dSkSIR
TRINXUC128F9303C28,Confident,Demi Lovato,,spotify,0GISER1XAOtdojNiZj4L6k
TRUEFSW128F931610A,Heaven Sent,Keyshia Cole,,spotify,0JVEpLj6fptu0VNBJcIygB
TRLLUYD128F426947C,Free Money,Patti Smith,,spotify,1wP1qnWy0cZWxnbWkzf9La
TRXTAPY12903CE8450,So Jealous,Tegan and Sara,,spotify,2cQbDcDX6NWurIPwu8koyS
TRRHBZV128F933DD94,Then He Kissed Me,The Crystals,,spotify,01P63qDk3PErCqPVGrGFzN
TRJLCPQ128F425BBB3,Like You'll Never See Me Again,Alicia Keys,,spotify,07NxXJ5SA7OhY9MXkW2jm5
TRXIKZX128F92ED297,Good Friday,CocoRosie,,spotify,28h47lnWwwOoooOXqdNyNP
TRPDNZQ128F92C1E98,Freakum Dress,Beyoncé,,spotify,0Yrj80qqK8F4RHADXseliM
TRLWKFT128F4216E3B,Pack Up,Eliza Doolittle,,spotify,00iRTzyeQEhMmlZPchRE0b
TRUPHMJ128F42980F7,Feelings Show,Colbie Caillat,,spotify,0TwGhS5DnqCDO3OKncHrIb
TRDMCMX128F92DCC63,Willie,Cat Power,,spotify,06ewVRAQM721pBRIV4pbPd
TRDQOKG128F4280AB3,Winding Road,Bonnie Somerville,,spotify,2t74da7Q5jbg2kNQcxeHFP
TRBDPVT128F92FDB2A,Kill the Lights,Britney Spears,,spotify,1bluAqKEMwinF4U4sifjQB
TRMVXUR128E0782492,The Man With the Child in His Eyes,Kate Bush,,spotify,00hnxVdM5guql1L8CkD5s6
TRXZIMW128F92DE236,The Best Day,Taylor Swift,,spotify,0aT208oxVDxyiaB2JAXPv2
TRGXNSH128F92FAE6C,Enchanted,Taylor Swift,,spotify,04S1pkp1VaIqjg8zZqknR5
TRDDVQI12903CD11EC,8,Billie Eilish,,spotify,6X29iaaazwho3ab7GNue5r
TRBPKZQ128F145850B,I Touch Myself,Divinyls,,spotify,03hFqDqTOOHFIDxO7yX1BT
TRSNAWU128F92E657E,Cadence of Her Last Breath,Nightwish,,spotify,05zHXXidUcvWnKo0qWkOwi
TRLVJHB128F92CCFF8,I Was Here,Beyoncé,,spotify,0gdzXKkOMuajNI0UJ1ki9t
TRASBJU128F9324EFA,Wish I Didn't Miss You,Angie Stone,,spotify,0cG9YGS0BdtOwMiZMzOsOE
TRJROFE128F932C497,Sailor Song,Regina Spektor,,spotify,787gq4ruJ7dvxxv1gijJtV
TRKZPTT128F42AF5A0,Kiss Of Life,Sade,,spotify,0rRLM4kWgMqoBtCHNdS0VX
TRPGZZE12903CDF71A,Teenage Love Affair,Alicia Keys,,spotify,0H0YlBAWQ4TZpnWjf1zyRD
TRPJHAC12903C9852C,Spider's Web,Katie Melua,,spotify,0dGD0j19GQIIZTd619Zjfp
TRKTCDT12903CD6CCE,You Lost Me,Christina Aguilera,,spotify,0bHMefY7KIYuCPwTLaU1ph
TRYHJYQ128F92EFD3C,Don't Hold Your Breath,Nicole Scherzinger,,spotify,0iyyx1TyAAbxWgh2CnQXbc
TRXBZNQ128F934B139,Somedays,Regina Spektor,,spotify,1VrCD1NPFFHUBk6Lew0Kkz
TRUFMFP128F92EECE8,Stoned,Dido,,spotify,0Vqq9pZ85Y6oE5BCFflOa5
TRSMQXY128F93216E3,Come Cover Me,Nightwish,,spotify,0K7vFv0Ttb3t8ee3jRt2a6
TRYXAKG12903CE9206,Who Do You Think You Are,Spice Girls,,spotify,0tlihmBdwSjb6NluTM3QDd
TRNAKXB128F93501B8,This Is Not a Test,She & Him,,spotify,0cgo2kSLI8hQipgBowXDza
TRXKSLJ128F42287E9,Only Hope,Mandy Moore,,spotify,1MXrhQBpUw6ipx2Zr8n1R0
TRHNPZU128F934846D,Spoiled,Joss Stone,,spotify,08ydcS9NTm1a2csSppGsJT
TRAUPJB128F42625B8,Someone To Watch Over Me,Ella Fitzgerald,,spotify,01kHAQOKEXYbQcF3rfKrxB
TRCZOWB128F4264582,If Looks Could Kill,Camera Obscura,,spotify,04OePKC6C3WS7uRCtwMWeS
TRXOQTE128F4255662,Oxygen,Colbie Caillat,,spotify,02kqLdEhIw9JYKqRGldzm9
TRBFIWN128F92FC442,Turn It Up,Pixie Lott,,spotify,0zQ3uSRafS0lt2FAc52m1Q
TRGEKGQ128F1467E2A,Universe & U,KT Tunstall,,spotify,00b4fX1wQnsRnsUJ1XW0q3
TRBQRPI128F9331F5A,All Too Well,Taylor Swift,,spotify,0nWn40QE17X0qKfGkLP4Fc
TRXQMQE128F42268ED,I Go to Sleep,Sia,,spotify,0JMo0arQuMc9jTby0sIpRZ
TRLQUBI128F92E7449,Joyride,Roxette,,spotify,08hXWQlS6wjswMDiSpvl58
TRQAOKJ128F93501BB,I Thought I Saw Your Face Today,She & Him,,spotify,1mXevseGs7puLR4CxKKLPr
TRKICLF12903CA381A,I Never,Rilo Kiley,,spotify,29gtJmxbICNuUU3kaWB38w
TRRNWBQ128F14520BB,Piece by Piece,Katie Melua,,spotify,09hzvF6eJBFL7rjTspkWlN
TRWAYOE12903CE75D8,Speak Now,Taylor Swift,,spotify,0FWqRrAe1uFFiHZBJQrmYZ
TRBLUUP12903CEC671,Elevate,St. Lucia,,spotify,0kkCx6Yf3Cq4xm36EoLVWf
TRSJBLT128F429EA02,Maybe Not,Cat Power,,spotify,32JA2qW96IsAmYAnEky5rY
TRWZJEM128F93501BF,I Was Made for You,She & Him,,spotify,07NLq7udWxrL5pLZBVH1BW
TRAUVRN128E07838DF,I Hope You Dance,Lee Ann Womack,,spotify,09k2b6shEz5Xd6cuo8DHWu
TRYABEV128F425CE78,Jerome,Lykke Li,,spotify,10SERTUPuJbDvRe4PLNmS7
TRFPAJZ12903CE0306,Failure,Laura Marling,,spotify,0NRZb0E41b6hqeIOlU8rdE
TRMHJHM128F42618AD,Enchantment,Corinne Bailey Rae,,spotify,16GfVRLDzdK5Q7lZNWLtpN
TRXBUCC128F93279AB,Dream,Priscilla Ahn,,spotify,0KTzHlShgIYZc9biMge30r
TRCPZHL12903CDA83C,Cherish,Madonna,,spotify,5OKScc0MSa9Wl8g2zrulLn
TROIZTP128F9304382,I Do Not Hook Up,Kelly Clarkson,,spotify,0AtnEh7bpJfGrzCZiytGBZ
TRFOMMO128F426E970,Lady Marmalade,Christina Aguilera,,spotify,0WeM70hkHomP10xHUup39A
TRULHUP128F9311225,Get Me Bodied,Beyoncé,,spotify,0hRrvhNX5HYtNtKvO4wLrl
TRXRBYB128F93471D5,Heart of Chambers,Beach House,,spotify,0OJg49HsdAioiSRTY8giLS
TRKUOFA128F934B92D,Wait Your Turn,Rihanna,,spotify,0Y3geEdu5Gwpr9LShhOaRC
TRLJGTG12903D1442D,Carnival,The Cardigans,,spotify,0FfbWzimimqhAutk1HlgTi
TRKSBXZ128F4259809,Worrisome Heart,Melody Gardot,,spotify,0S1ULGUltdW0tyTNIimugG
TRKXDCR128F4264EE5,O' Sailor,Fiona Apple,,spotify,1kJVLcJHZOVgwKdScQ1hV5
TRWBFJR128F42333EB,White Chalk,PJ Harvey,,spotify,0LNSLRnPd45E04XZbdYVIa
TRHEBDB128F92E9FC0,Don't Bother,Shakira,,spotify,08cuRs7v0vmBrYttD3BEPq
TRABLVH128F1478E2D,Change,Taylor Swift,,spotify,0RdcBnAXyH2YZZvcBVu2k6
TRABCUQ128E0783E2B,Harajuku Girls,Gwen Stefani,,spotify,19xD7uLLhA5DNCvXxpjt2J
TRFORGS128F931EC6C,Kamikaze,PJ Harvey,,spotify,2ldaIDFggoUhuLC10gumHe
TRKIQGH12903CB5C2F,And the Boys,Angus & Julia Stone,,spotify,0o5xe7yZEFkhhRIOKQnQu5
TRADNZM128F9300DF3,Sunny Came Home,Shawn Colvin,,spotify,0ctXjTl73374l2JiR2LMIR
TRHNPUA128F4298120,Down Boy,Yeah Yeah Yeahs,,spotify,0afF5ZsEWpZOpaACIMeQOX
TROLRDM128F146C6E0,I'd Like To,Corinne Bailey Rae,,spotify,10DoV6DCubuVuDZ3Fcv4CE
TRTVXIH128F426625A,Come Round Soon,Sara Bareilles,,spotify,0jkVXytWSisMUtrBEej9mi
TRGZPQU12903D13A07,Don't Wanna Dance,MØ,,spotify,1fVNXW6gczmx3ETmlb4BQ1
TROWBSD128F4257BA8,New,No Doubt,,spotify,0IKGay6QHzB1A0P00h60Gg
TRDEUPA128F4229A8D,Nobody Does It Better,Carly Simon,,spotify,1CfmUSOJBrZwq5iOlTX548
TRVYYDA128F93501B9,Change Is Hard,She & Him,,spotify,1RogUgMdfPbWQ4U6Z0kci1
TRKJNRW128F4297CE1,Turtle Island,Beach House,,spotify,02KTxxkQ9y2mi6R5rKFS5m
TRRWDAG12903CC69D4,"Me, Myself and I",Beyoncé,,spotify,1zzydEHUiUliSOdas4rxxd
TRETMVG128C719634A,No More Drama,Mary J. Blige,,spotify,0Eeadq97H49k3RSijW8ZMr
TRCTYLH12903CF23CD,Go Slow,HAIM,,spotify,0I5Jcw052jW6qvj0VUgs3S
TRFFZHL12903CBE0A9,Blackberry Stone,Laura Marling,,spotify,0bZOn7hO3BPicHlAbPNPJS
TRQCASO12903CB545A,Sympathique,Pink Martini,,spotify,0iFGngReqpesoiLhpqKvDh
TRDQQTD128F92FC41D,I Care,Beyoncé,,spotify,15SyofppHxVS4qj2CFzNHt
TROIRNT128F92ED644,Smash Into You,Beyoncé,,spotify,37Sb6JgoMzbMoysUGYvuec
TRTXUFB128F4233439,A Wish For Something More,Amy Macdonald,,spotify,0EjxpW0hbbtA5SedX5g3s7
TRANCID128F934BFF9,I Just Want to Make Love to You,Etta James,,spotify,00WbxeiVQ3FSLbPtpuXEI7
TRCRWHC128F92C260B,Gunpowder & Lead,Miranda Lambert,,spotify,00mlk5Yx3Rxof3ei6Zozmx
TRUGATF128E0786B08,Disappear,Beyoncé,,spotify,03LDjOt38LwvM9choMGGWU
TRCYTYR12903CE80FF,Sarah,Bat for Lashes,,spotify,0DqLPlBHNykYxp8aK0bvTM
TRAVBNE128F1464EF0,Breath of Life,Florence + the Machine,,spotify,3WugaFdR7L2x2P7ax5vL0m
TRURKSD128F931B892,Spinning Around,Kylie Minogue,,spotify,0DHnl55WECCOahiPnuuMzU
TRKRJDA128F1467E2E,Heal Over,KT Tunstall,,spotify,1inTMPmckYAR6LlKOufH4R
TRRILZA12903C9AC3F,Graveyard,Feist,,spotify,0zoHzM4bKGQ8Q6wze334Qs
TRUDVIL128F92CDE26,Release Me,Agnes,,spotify,00l0fmfP1ct7WhLV6NJQr7
TRTQRHY128F4241AFD,So I Thought,Flyleaf,,spotify,1tWHds20HMLjczwO2CRBq0
TRRGQKD128F426BE41,Lemme Get That,Rihanna,,spotify,0hQXnMhmracbskAOaVeX8R
TROKBWE128F425FC22,Gloria,Patti Smith,,spotify,5vyaICnQQCcOROnetueDDT
TRYRZFF128F933BBBB,I Never Told You,Colbie Caillat,,spotify,0APq1pwGxJFTBw9mHwwnKx
TRVNBXX128F4268933,Shattered Glass,Britney Spears,,spotify,0bkoicap2vpbuHQ8kIkStX
TRRPIFU128F9327097,Rebel Girl,Bikini Kill,,spotify,0gXpfKuJEVqQcn8rjraBWr
TRAKCER128F932BE98,Are You Happy Now?,Michelle Branch,,spotify,0IeWeUSyPOzWNC3pwRJQIU
TRCQPES128F9317C88,Blindness,Metric,,spotify,0II00psnrOdK47aehbgIHy
TRYBBZU12903CE31D6,Ice Water,Cat Power,,spotify,3yzgZ0o3k96gwX4siL0Faz
TRBZCSN128F42AC858,Redondo Beach,Patti Smith,,spotify,5sVdHEv0K5ylhHkRRxfIZt
TRRYZHB12903CB5E18,Sick and Tired,Anastacia,,spotify,0hsnm015KdGJ9CShnQtRAb
TRCQIRC12903CD9446,Bad Influence,P!nk,,spotify,06NfzRcjMmcxUkZ65r5T9g
TRJFGJD128F426408C,So Gone,Monica,,spotify,0I1OPSHHtwgIloNsoeEP9b
TRFPOVL12903CFF152,Sahara,Nightwish,,spotify,0EkNGMdqcPcIWqwN652cZ4
TRRSMGE12903CF42FA,Fields Of Gold,Eva Cassidy,,spotify,0t2TvOhTEOCmdIxthDcFhH
TRVJBFW128F1456FAE,Creepin' In,Norah Jones,,spotify,6NFKEDkZtmAulocCBfdDhl
TRZFHFT128E0794C2E,My Friend Goo,Sonic Youth,,spotify,2sxyzPfpgJ9v77CvvjohYI
TRVOWGV128F425A823,I Bruise Easily,Natasha Bedingfield,,spotify,07oGwmKiafSaASSNZTYbK2
TRISIUU128F1496F4D,Love Me Or Hate Me,Lady Sovereign,,spotify,02g6wf7zDEgRDw8AokQwUw
TRXFLMC128F42999A6,He Said She Said,Ashley Tisdale,,spotify,0ByinM8ncctxEaUb86Gg3k
TRTXHAT128F423D480,Soon We'll Be Found,Sia,,spotify,02kxfjlaQ6yYjTZAFfn2Kh
TRVANGN128F4231E22,What About Us,P!nk,,spotify,0Qh38w01QRXK6KHIv0e3hb
TRJAWQS128F42988C4,After It All,Cat Power,,spotify,64B1DOs8gn8owMfRRlgUoD
TREQJGM128F145EBEE,No Hay Igual,Nelly Furtado,,spotify,0DDQZ47eom1XvbzHvhDmaZ
TRUJZKR128F42BC713,Sweet Love,Anita Baker,,spotify,04gNf0NBOsgY0C0eeBFHYD
TRLJMPY128F42981E6,Fly,Nicki Minaj,,spotify,0pkSSrfNkdL2yBTNxovHO1
TRNOHFS128F92E0F00,Just Hold Me,Maria Mena,,spotify,0SFtaXGWGxtzXDrUw0jm06
TRQIBME128F93173C5,Stadium Love,Metric,,spotify,1BES2sFt0m02D38zKhZvyS
TRXGCVO128F4258BF5,There For You,Flyleaf,,spotify,0pDwoEECTG4VVUH33XmpyE
TRFKZHE128F149F632,Choux Pastry Heart,Corinne Bailey Rae,,spotify,0cnN3KGE5sunaWjKn6kUeX
TRXBWZX12903CA9461,Say It,Rihanna,,spotify,1X0PGm7eJoC6LmXpczYeaN
TRAZZDZ12903CBF29A,Stranger,Hilary Duff,,spotify,1k5ZsWM9mbBPcNOAkTNM0v
TRFRLJF128F93139E4,Hold Up,Beyoncé,,spotify,0rzNMzZsubFcXSEh7dnem7
TRNLQMC128F9313F49,Cowboy Casanova,Carrie Underwood,,spotify,0o2YG93W182JSdlbxcUizG
TRDQIXB12903CAC507,Between The Bars,Madeleine Peyroux,,spotify,1Ruu3nnNWpJco0WHSueeiT
TRUDKSQ128F4264F03,Get Him Back,Fiona Apple,,spotify,1mr6isK6JrhrE5TS0JV8Ne
TRLJQRX128F425F5CB,Weak,Skunk Anansie,,spotify,06nEH4gs2DkGhRhz1OLM7D
TRUHMPD128F932F183,Twenty One,The Cranberries,,spotify,1I4kRCjNKbF3LdRGUdU8QW
TRHCKFN128F9309D48,Ain't No Mountain High Enough,Diana Ross,,spotify,03MzkYGHzoQcrxqPT146U1
TRBUIFW128F4279978,I Turn to You,Christina Aguilera,,spotify,08j8OkJch0GuuGik0dK1IX
TRKCHFS128F92DBD23,We Float,PJ Harvey,,spotify,0FTdrBz10BKS1LI7rXAjFp
TRABKEH12903CE5BE9,J'Ai Deux Amours,Madeleine Peyroux,,spotify,004QXOYVCCzS9XndVR5ert
TRAYVEL128F149F631,Call Me When You Get This,Corinne Bailey Rae,,spotify,2KTPl195TxcS4zywV8p1EY
TRHYDRB128F427FDA6,Dead Gardens,Nightwish,,spotify,3413x78WlnmnfK0toDIJkl
TRILUJT128F427853D,Got To Be Real,Cheryl Lynn,,spotify,03yHQEsomoLRkYwsiAWdf9
TROUKEH128F4260526,Connection,Elastica,,spotify,0I01xevxgG8EcjrfOBcrX1
TROHZNR12903CE7FDF,Dear Prudence,Siouxsie and the Banshees,,spotify,05uI1w9BFqXXljwFBeDf6w
TRLKWVB12903CF5998,Front Row,Metric,,spotify,0Tle7wg8kTuUbi6WsabHnn
TRWMTES128F423F03D,Elephant Woman,Blonde Redhead,,spotify,0mfBY09RKsPclVMVmrklrn
TRFNZMP128F42796B3,Stand By Your Man,Tammy Wynette,,spotify,00nftEvmiY5Yd15w8ZqHSm
TRAWCUK128F92DE15C,The First Cut Is the Deepest,Sheryl Crow,,spotify,0DVJC8dp4KDR5Tbcr5tDT3
TRCXNFI128F92E2FF6,Toy Soldiers,Martika,,spotify,06VL6OfqvvWXQiQzv1d5Tp
TRYLTVQ12903CA2A5B,The Big Sleep,Bat for Lashes,,spotify,3bmO7MORKuQrzYMLfRwkVQ
TRCARFJ12903CA4FC4,Eye of the Needle,Sia,,spotify,0fFmWt8wCn57V1yTIwNY97
TRFORFT128F932BBBF,Black Hole,She & Him,,spotify,0CDD0QzLKAazRijc9WYAId
TRLGENP128F428DCC4,That I Would Be Good,Alanis Morissette,,spotify,0jqTLHIqqh6oEP9iWef98c
TRUUHPC12903CB38CB,Secretly,Skunk Anansie,,spotify,0iyR2lYfBmuryfgx27J4PW
TRRFDST128F92DE1DD,Precious Things,Tori Amos,,spotify,0BJ5g3BLvRfsTpd5rHrbxN
TRCSQOC128F92E4433,Battle,Colbie Caillat,,spotify,3eJsDc9A5oo0fdggkBHZZu
TRFOZAS128F423E617,The Real Thing,Gwen Stefani,,spotify,0iqZ4dOgbvNofCebH3zwXU
TRRNICB128F9328D66,Little Green,Joni Mitchell,,spotify,11ZNWD9Xzq9p3n07NbWSZw
TROSKLK128F145806A,It's Like That,Mariah Carey,,spotify,04IdDZgaqRWRnEYObK28h6
TRURCDR128F4257524,Raggamuffin,Selah Sue,,spotify,0cqCjkdShD5FWL4ltT5g8Q
TRQODEY12903CF7594,Why Do You Love Me,Garbage,,spotify,1bLWk41yvsBRWQ9MkSEsBy
TRSVIBC128F4262FF2,Limp,Fiona Apple,,spotify,104YdibC7VQy78xAVmgRYr
TREJSGI128F9333A46,The Mystic's Dream,Loreena McKennitt,,spotify,0HRarugfolEhJNxgIXxmpe
TRECJKD128F42774E0,All by Myself,Céline Dion,,spotify,20EpQjfV7B4ZQJkIdHO1Tw
TRDANEQ128F9302C89,Who Makes You Feel,Dido,,spotify,00m9Vcj1LHR7ga1BdvFtS0
TREPNNR12903CEB8C7,I Cried for You,Katie Melua,,spotify,012MduI8DpweY5aWoKFGft
TROIZFW128F92F0243,Irene,Beach House,,spotify,1CCSPr33FIeZ3gk2rIUCoZ
TRASJNI128F92FDB29,Out from Under,Britney Spears,,spotify,0P0UVa2D7EjAmraFzwszzT
TRJIAFZ128E078113C,C'mon Billy,PJ Harvey,,spotify,1YE23JastcLYCdbgUmTvoA
TRTSXEO12903CF2B44,Leader of the Pack,The Shangri-Las,,spotify,01xVWjoGuvg9aiT7m2ZQKu
TRCQDRT128F931B62E,You Keep Me Hangin' On,Kim Wilde,,spotify,06zAcTERy6OnugGpX21apj
TRJMCOP128F425C14E,City of Angels,The Distillers,,spotify,0sAIljILdEo8Ku4tPLQ7dF
TRIZYCU128F9301621,Afrodisiac,Brandy,,spotify,0Ne4hO1xYIaLeEcKALJXqg
TRMNXUT128F429BEFF,Seal Jubilee,Bat for Lashes,,spotify,0t45mb03hgFRolu2tSLJou
TRXCTIT128F93408CE,Down On My Knees,Ayọ,,spotify,033AHUsshO8fCFac2w8Y0V
TRPUFWK128E0786B9C,Supervixen,Garbage,,spotify,2mBUApzkVFp2QnJxUuyjjt
TROMNMH128F1459DF2,Almost Doesn't Count,Brandy,,spotify,2hiUQZsa2Qe3dHZQkgjzer
TRRWYTU128F9300060,Miss World,Hole,,spotify,1FGVi9mq1dKV1RVq7a19dG
TRLPNUD128F9345228,I Loves You Porgy,Nina Simone,,spotify,00DYDK6hdIDbOWShCoY4z0
TRNQHGL128F4289D56,Rusted Wheel,Silversun Pickups,,spotify,1DszWEwOYRCMeSI88kJBNZ
TRDQCMF128F4279490,Wait for You,Nelly Furtado,,spotify,05nBrvCAShm2UndIQ68G2L
TRVHWEP12903D0AE35,What a Little Moonlight Can Do,Billie Holiday,,spotify,00qGKPV7arGB6eoxE4UAYD
TRSGCST128F426A9D0,Love Ridden,Fiona Apple,,spotify,0eRw1thpWDU7tFt6NfVU4C
TRYWEGR128F92E0420,How You Love Me Now,Hey Monday,,spotify,4hIY051enSBBJ5fzZUzTSU
TRMANAA128F9300574,Summer Holiday,Wild Nothing,,spotify,10lZdO8Om1oB3K1pvXTx44
TRGNAGR128F145418D,Army Dreamers,Kate Bush,,spotify,2duFyIqY9RHzOMruitwPkq
TRRKBHX128F1467D6C,Patterns,Band of Skulls,,spotify,2pO4ErpRFy09Rh15b6ZQST
TRGRZNT128F4268A82,The Whores Hustle and the Hustlers Whore,PJ Harvey,,spotify,05U2oBdr0LfKS4HcByvLrQ
TRRGADE128F92E10EA,Brokenhearted,Karmin,,spotify,0jNU94jwOFABZRK9Zq6Vat
TRLXHDK128F931DCB1,L.A.,Amy Macdonald,,spotify,0aduESLRNhgISCWbGWEBBm
TRDHRQY128F145BFC0,Denis,Blondie,,spotify,0i25Z9DmHP1g5IM4VNum6j
TRLOJGN128F934C05A,Oh Well,Fiona Apple,,spotify,3FFZrw76fPNYRTMHzYA7rb
TRBJVVL128F931E1BF,Red Blooded Woman,Kylie Minogue,,spotify,0kGYrpU0kiqmrPwIG8boOk
TRCWWFE128F4247131,Be Alright,Ariana Grande,,spotify,0zVcsPsy4WViFnskD3SXjc
TRZKEBC128F92DF0A9,This Kiss,Faith Hill,,spotify,3JeWDRswMqFOomQ474oW4U
TRLKXJC128F148A067,The Songs That We Sing,Charlotte Gainsbourg,,spotify,05F0ovnG0l2kEgW1CRGazW
TRXYINB128EF354601,Faster,Within Temptation,,spotify,09whmgWfGHPys6k3M9Athv
TRXOLQS128F932D1F3,My Favorite Mistake,Sheryl Crow,,spotify,0ENcZ4R6awvqrTxEBJ2QnD
TRKDWZI128F429AE10,Soldier of Love,Sade,,spotify,0bgsj8kz5zWbQ6njk2Oqoz
TRBMKQX128F424A54C,Pull Shapes,The Pipettes,,spotify,0BZNg65AD2xPlze0SRuL7E
TRISQAP128F92F6E38,Oh Mother,Christina Aguilera,,spotify,0aFWqA7PFhsVrfo1GtPPPg
TRIXXYP128C7196826,Video,India.Arie,,spotify,06ubgoiQZkXhRBcJOQRF29
TRXTJJV128F427C54E,For You,Angus & Julia Stone,,spotify,0IZXocroErYuC4VoOvDq2B
TRURAKZ128F92DEFE8,See You When You're 40,Dido,,spotify,17KF8ClCmKiFGefqSt4nxJ
TRRYWBC128F9345509,Something's Got A Hold On Me,Etta James,,spotify,007f4DUQZKOMGKzhuhXeX9
TRNGAUB128F92E65FF,I'm Outta Love,Anastacia,,spotify,004WLg37EKd6pzK2zitLRq
TRINJXN128F42494CC,Christine,Siouxsie and the Banshees,,spotify,0zMTHmqCJc250G0juL0FLc
TRCZQBZ12903CCC1A5,A Sunday Kind of Love,Etta James,,spotify,00xCI9eGFPz0uaZ8XFCLfg
TRRGEGT128F93119E9,To Love Somebody,Nina Simone,,spotify,0492J6ZmeKcoPTaiyO0UoT
TRLFUMC128F428F0D3,"One, Two Step",Ciara,,spotify,143ooyB4Y1AtPGreNAJYAC
TRBRDNA128EF356B37,Missed Me,The Dresden Dolls,,spotify,2BK4RO4S66gu7Nb8LF4ANc
TRVNZTW128F421D41B,Pale,Within Temptation,,spotify,08u3Ov2s7fQxmabpBm9Hn4
TRVOWOG128E0783E33,White Houses,Vanessa Carlton,,spotify,1nRu00JSzs5aoUtcwnhuSp
TRIITXF128F147EFD5,Anywhere Is,Enya,,spotify,2aE4e4QFbLfHtT8OZDgWJH
TRMNVLK128F930F4AF,The Sweetest Thing,Camera Obscura,,spotify,0OS5jdecJI3xmAvlYJmPVJ
TRJGRBA128F42A3830,Bull In The Heather,Sonic Youth,,spotify,2FBYBhd5kW9kaBKZLMTiYT
TRLTJAZ128F428C009,Gunshot,Lykke Li,,spotify,5l9kAoWxOD9GfiPzeX9WL1
TRBXLAP128F426C345,Twist In My Sobriety,Tanita Tikaram,,spotify,09SVyCdR3spPQSAnjSWK2J
TRLURZY128F425C31B,Sweet Surrender,Sarah McLachlan,,spotify,08jZQqZYXacrd9T1zHTUfz
TRUXLYQ128F426B41C,Whoever Brings the Night,Nightwish,,spotify,00rpgNCYIrXon1HUsPeN0u
TRPWQKH128F9306D12,Certainly,Erykah Badu,,spotify,0ZpAK0kBE6YY9LOJsDWmyJ
TRAEZOD128F14ACD3C,New York,Cat Power,,spotify,13LcSnd0oqQmSPEDCQpqf9
TRJQVNX128F425EA29,I Will Be,Leona Lewis,,spotify,0IxKnA1wZlN6nK99CtlGE2
TRXKGUY128F14A300D,Praying,Ke$ha,,spotify,0jdny0dhgjUwoIp5GkqEaA
TRLXMIB128F425DAA9,It's a Heartache,Bonnie Tyler,,spotify,0EEhvhmd7Cl6FWXFC0TVij
TRCWNBH128F1468E6A,Honeymoon,Lana Del Rey,,spotify,6sDOl5JJtYy1x13t2iTyRw
TRMTGPY128F1453AD5,A Day Without Rain,Enya,,spotify,0y6DSMwFO6cLKN1XB85cGV
TRMLNTN128F9330FC7,Actor Out of Work,St. Vincent,,spotify,0I2o6sjV56XztcDEqVQAnJ
TRXGGQV128F92E176C,Hedonism (Just Because You Feel Good),Skunk Anansie,,spotify,0fikuivk5sONpg20LQdX0a
TRRXICZ128F92E6862,Many the Miles,Sara Bareilles,,spotify,03kCR9HZpX5muU7D8xYPOL
TROJQDL128F92CA511,Ordinary Day,Vanessa Carlton,,spotify,0ua956J0x3UIq9xL4qtRcY
TRLQBEN128F92E7415,Wild Things,Alessia Cara,,spotify,0RgHkNpqtAHGGBVro6mmqD
TRFFPQL128F42333EC,Broken Harp,PJ Harvey,,spotify,1eqENjZS8hTmOJWRUb3yp2
TRCOBDF128F426324F,Origins,Tennis,,spotify,03HpzzH36FRs8zYONAwFJb
TRILIFJ128F9321BB8,Somewhere,Within Temptation,,spotify,04SAiuyqkFWJUSrmiEMgVo
TRTSYUX12903CED849,Not for Sale,CocoRosie,,spotify,0Yw2i8L42mh3WOuWlfzZVg
TRBHHDJ128F427CD27,Sinkin' Soon,Norah Jones,,spotify,0WmnYLJMaTucZBAseJ6avm
TRBJPXD128EF3518F4,Everything I Said,The Cranberries,,spotify,1tQs0Vs4gKDwA5FCViTPoV
TRLSPDJ128F425BB45,Now That You Got It,Gwen Stefani,,spotify,0ioWJHnK5CCC3A7grOucbl
TRIOHIN128F426B42D,7 Days to the Wolves,Nightwish,,spotify,0gwF76jZAWAIx0ABQVXzrK
TRNYILG12903CDE93B,Your Heart Is As Black As Night,Melody Gardot,,spotify,0B8Xfc9Pr54L52sf6tgjRn
TRUEQWJ128F421CD83,Intro / Stronger Than Me,Amy Winehouse,,spotify,0cUqWgOeD1cAbAPNiCc1wd
TRYQIUH12903CD9D02,Vision of Love,Mariah Carey,,spotify,0d5s5a19LzJybwnXeEQ6Mn
TRIRQTS12903CA77C0,Hard,Rihanna,,spotify,0JuXk6f1YnBz7uhNzhXPj3
TRDHMZL128F4247371,Elephants,Warpaint,,spotify,15NszgL9jvHbHN8QsZkQBj
TRWKVYN128F146247D,Angels Fall First,Nightwish,,spotify,0p2opfHVNy17USpsw83KRj
TRDIGGZ128F9314606,Erotica,Madonna,,spotify,18hiT7VEeP2XJrVWizpDMk
TRFQCLP128C7196B5B,The Bully,Sia,,spotify,0jRYtnyASfN0sD1w4Yiyg7
TRRJVDE128F932A6CC,Goin' Down,The Pretty Reckless,,spotify,09t7UrhqCZVyciLjW9RKPQ
TRAOBUS12903CB5589,Jezebel,Sade,,spotify,0EDk1SXo5NpVRzYMbNL1my
TRFOSKJ128F93462DD,Summertime,Ella Fitzgerald,,spotify,003qeEsmQCL4nuJQ3XWMK8
TRLTLMG12903CD0D54,goodbye,Billie Eilish,,spotify,3LgWsmilsrWXiPYQFRD0T7
TRLUXWC128F429E9FC,Speak for Me,Cat Power,,spotify,6ivvq3uMSBzzXhbFZiM8bf
TROMFTN128F422B700,State of Grace,Taylor Swift,,spotify,1tkwew0IpOYbeBS6fGKdjH
TRDFBMH128F92F0A38,Walking on Air,Katy Perry,,spotify,0RCsGhR44nFVAd5WiZZcGq
TRIMOXC12903CB6643,Take It Back,She & Him,,spotify,22Eg1I4nEsOdFeeLWFp5nz
TRFRRSM12903D018C2,Forever Yours,Nightwish,,spotify,0YXXOVAhE1dVAgJHTUfvs4
TRJQINZ128F4264F01,Red Red Red,Fiona Apple,,spotify,08OBdQEJPU2rwbEtfNj6fJ
TRYHOFM128F1455495,Silent Sea,KT Tunstall,,spotify,1bLK09uNs6doQmKHkzopM8
TRDAISF12903CF71DA,Only When I Sleep,The Corrs,,spotify,27kgDunBw1s4OrhHlgu7eh
TRTRZRN128F93501C6,Sweet Darlin',She & Him,,spotify,175vKNCbT5dF2D1u9wB5Hs
TRJHFXC128F427DE00,Appletree,Erykah Badu,,spotify,0OFIg5bZ6bY03gcr5nk56r
TRQNADG128F4292452,No Speech,Guano Apes,,spotify,0E8ncd5U8hPYWl7CT4UALq
TRCRTSC128F92E9CD7,Ring My Bell,Anita Ward,,spotify,01nlopwPLHQv87rzSJhvMo
TRFTAPP128F9346FB0,Near to You,A Fine Frenzy,,spotify,45TG6fZHlKoDABeKrRUH3q
TRUHWDF128F426A9CD,On The Bound,Fiona Apple,,spotify,0oqiNJF2rS8axcGTJLoUoJ
TRNKBJE128F4245103,Beautiful Stranger,Madonna,,spotify,1b3xq08wsISW0ESannuF7t
TRJAOVU128F4226A6D,Lost On You,LP,,spotify,14YHNl2Ez9AqIVv6MddS6c
TRCTMJS128F92D1737,If You Want Me,Glen Hansard & Markéta Irglová,,spotify,1m9BUzFjFjeaPsAub1hXo1
TRUDLBI128F92E530B,Conga,Gloria Estefan,,spotify,00jx1VtNWos0PuQLs9koGP
TRUYHSK128F425B009,She Bop,Cyndi Lauper,,spotify,0uFyj0gAkTPK0GMviX3i1q
TRYBFZK128F932FBA0,The Night Is Still Young,Nicki Minaj,,spotify,00nSilwiplxpLe3Rx0VPQn
TRBHFFJ128F42B90E5,"I Need Some Fine Wine And You, You Need To Be Nicer",The Cardigans,,spotify,0fl8CI2y8nAf3VINwJjR20
TROPMMK128F4285AC8,Christmas Day,Dido,,spotify,09D3J2UjnMCu23BA6lQBeJ
TRUGUIU12903C9482A,My Old Man,Joni Mitchell,,spotify,3WMBvo64N1rBx58y8Y6glo
TRXLLKN128F92C2E7A,Pretty,The Cranberries,,spotify,1eTcJekSzlrGzkmlm07C3I
TRGVESG128F424A12C,You Can't Stop Me,Guano Apes,,spotify,1PUcLUXAlwT6SR6SBVLegw
TRXSQZT128E078EBE5,Different People,No Doubt,,spotify,0fhpDeZa6Vdz9js1vSh9gx
TRLLHGR128F4258FE0,Wish I Could,Norah Jones,,spotify,1KVGoPcyFnlmcATzEhwqZT
TRWEPLO128F425D5B5,Tap at My Window,Laura Marling,,spotify,0FZ9ejcGcKJPxANTjWONnw
TRPWDXC128E0781A49,Flowers In December,Mazzy Star,,spotify,0G6Ws8Gbdt0S7pZeuYmkmm
TRAWPAC128F4235EAF,Raw Sugar,Metric,,spotify,1LOjOTOYn2DPu7JVgpEHtF
TRXFVJX12903CAC4CF,Footballer's Wife,Amy Macdonald,,spotify,04VnqELOFHTZelk907h3kW
TRFQLBX128F4263C57,I Still Do,The Cranberries,,spotify,0gVbOFzoTfqWpWhwOQHrmx
TRWKEXF128F93471CF,All The Years,Beach House,,spotify,0Rp8vL3j4QbECwxGIPRkNQ
TRLNKNL12903D0315D,Machine,Regina Spektor,,spotify,0CuWKLkUI8b3dBTh6Sz1Wz
TRLMJPH12903CB5617,Our Love,Sharon Van Etten,,spotify,1BaL2BKu90vwq97y3L3eoo
TRBFTYH128F93471E0,D.A.R.L.I.N.G.,Beach House,,spotify,2q2fRHoZrFM5WDTisxrYUZ
TRKCKCN128F426A9CE,To Your Love,Fiona Apple,,spotify,1g5YINH18NhIsZmmhHNZ9l
TRCUQED128F42355BD,Forsaken,Within Temptation,,spotify,06hOG5EdofXp67Q8jD3Cq6
TRZOBGT128E0782866,Five String Serenade,Mazzy Star,,spotify,7pfqtkZsNheOoDziqquDT3
TRRQVMQ12903CBDFCC,Heartbeat Song,Kelly Clarkson,,spotify,095u7qOW0hhENy4OswitwG
TRWCIAX128F42925BD,What Is It About Men,Amy Winehouse,,spotify,0HffjFltKvymsjJzIx7v0G
TRHFAHH128F429556B,Skellig,Loreena McKennitt,,spotify,22E5yjsmy3xvt5XJwaA89f
TRWKGSC128E07984B9,Hairy Trees,Goldfrapp,,spotify,3VuygWZ98uyUdSHXKnqFyK
TRRFRMH128F423AB28,Breakin' Up,Rilo Kiley,,spotify,01Q8bAneKdVSjgTcRo9uCO
TRACIEF128F93279E6,Rachel,Sleigh Bells,,spotify,4N3qJ6KSDEw9l1YJcy5qJE
TRILXHK12903CE9B3B,Like This,Kelly Rowland,,spotify,09zXrWNOK86D9hQPiLN3EZ
TREOWBF128E07922D5,Natale's Song,Sia,,spotify,0rRN1xyemUpNNDXBKojfBF
TRBGVFO12903CDA891,I Get A Kick Out Of You,Ella Fitzgerald,,spotify,00E7TsO49i6uLm68EK00uy
TRAABXA128F9326351,Brain,Banks,,spotify,0aQvfHHZb8UqooZxeIGmzw
TRCWBIU128F933AA56,If This Isn't Love,Jennifer Hudson,,spotify,0o6IWuQ9Uxt69jKdVZ1eg2
TRCYHJP128F42902F5,Quietly,Guano Apes,,spotify,0p53WBFeKBQGY2qFa5k9lT
TRDUJDH12903CB2677,Kitty Kat,Beyoncé,,spotify,0gd5I8DTm1NNSCz38wfneA
TRZASSN128F4285F07,How Come You Don't Call Me,Alicia Keys,,spotify,09oPdIGjxiJbzyX8AcHply
TRUHKPP12903CF3077,My Man,Billie Holiday,,spotify,002K9abAjsfXm3jnsNMqFn
TRLGXTA128F148B2C5,Suga Mama,Beyoncé,,spotify,09MEBotCdkiJa1Ujsaerdp
TREYOJA128F4299262,You Picked Me,A Fine Frenzy,,spotify,7CVSvz7dbVKLzFGYgD0x1c
TRCQDTL128F426785D,Stay Awake,London Grammar,,spotify,0oyHnlGzgJJATpLf6SH0xE
TRQJUTI128EF3460B3,The Power Is On,The Go! Team,,spotify,0jj39Oo1mnjnTBpOMQ3d5V
TRMBARA128F4288751,Arabian Knights,Siouxsie and the Banshees,,spotify,07O1nJSNj3w2tFuesbDhPV
TRCQKHP128EF35424B,Street Life,Randy Crawford,,spotify,0d9V9KUETQDmK2P5HjwceK
TRCYFPB128F4277D81,I Want to Know What Love Is,Mariah Carey,,spotify,0eglUq9D5O8G6DSYmf2f9a
TRJJCSO128F424504B,Hole in the Head,Sugababes,,spotify,0ei6GEDD2dV6U2507Po9ma
TROHMGT128F425A9E2,Picture This,Blondie,,spotify,0GvAxpqy9X6o3fAfj2m5PF
TRAJXKC128F933E29A,Thursday,Asobi Seksu,,spotify,11rSpQYzz8ecQtaLdcNIih
TRFNAGV128F92E0A59,What New York Used to Be,The Kills,,spotify,0QDE3FJPHrze5ZfzaD1wQW
TRIOTOX128F4265886,Possession,Sarah McLachlan,,spotify,0CDUp0lDA2CMyD4hHKXPMb
TRSZUXR128F92F5F44,Cowboy Take Me Away,Dixie Chicks,,spotify,1kxFX86j36ifUyFHVCmsGV
TRAYVGW128F1485065,Bright,Echosmith,,spotify,172FRKucnRtdwKCfpUrVIz
TRNQAUW128F930A77C,Breathing Underwater,Metric,,spotify,05p9UgX0aXimJMdXxUWCHu
TRQDAXE128F9320F69,Swanheart,Nightwish,,spotify,03KenX91EGP4FRawufRfxY
TRINBTN128F932A569,Bingo,M.I.A.,,spotify,1f3tJcUXQyEbSalO7vRg18
TRLNRBR128F422A565,Disappointment,The Cranberries,,spotify,0DdNhynBS5A418F63PzJ0T
TRCGAVX12903CFBC61,Rock Wit U (Awww Baby),Ashanti,,spotify,0Fvwx6hiJJhKx32cMGzbBv
TROSUYA128F92C4E75,High Rise,Ladytron,,spotify,0Mm2P3yFrj82jlU9rIh1Zl
TROIVJW128F92D2C6F,The Power Of Love,Céline Dion,,spotify,0G7tuiEzAQNgY6WE0TFXlB
TROINBI12903CDB2D8,Thieves,She & Him,,spotify,0NVDfMErqXFbZWm8jEhRhm
TRECLUX128F425E8B2,Get Naked (I Got a Plan),Britney Spears,,spotify,0GXfdEIFO4eQnaMUy64bDs
TRAFPEH128F4281ED1,Until the End,Norah Jones,,spotify,0kgdaEHlUTwg7jc07ulHp3
TRONPKJ12903CB6539,Kiss and Make Up,Dua Lipa,,spotify,7jr3iPu4O4bTCVwLMbdU2i
TRSDVIC128F42B4D97,If It's Lovin' That You Want,Rihanna,,spotify,1IWV7G11o4JzWs42mQGrxU
TRBLAVQ128F9305BBE,I've Got You Under My Skin,Diana Krall,,spotify,03KSGqJFDxeomCaWUmND7B
TRLLQRV128F4255BB3,One Fine Day,The Chiffons,,spotify,03W8uXTq8HydYOx2OweVcw
TRRPEJF128F932779E,Neon Lights,Demi Lovato,,spotify,15Iklb4kJO3sxQcQClU7zD
TRIOJNW128F42B3076,One Sweet Day,Mariah Carey,,spotify,03C6j5Vxu7CuD0wWGyx9VY
TRIHRUV128F9347267,Better Than Revenge,Taylor Swift,,spotify,0PWgAyoxsjwGRuFSO0fyya
TRRFZLO128F4263D08,Astronaut,Beach House,,spotify,0OlVAMuiE5nvBwZm7MBdyd
TRLKCWE12903CBFF06,Dear John,Taylor Swift,,spotify,0r62J5faXfsvd7vYM7g3kd
TRHPHOF128F9306A2E,Here's Where the Story Ends,The Sundays,,spotify,0J4vSqVT54uRo4tLnRVc1G
TRFTFQV128F4233F76,Melatonin,Radiohead,,spotify,09ofOxgriApRsZk5Q4AWyx
TRAAGJV128F1464090,It's My Party,Lesley Gore,,spotify,01OT9X3WgZzLmG3VY0rHZB
TRJCKDH128F428C725,One Fine Wire,Colbie Caillat,,spotify,02Rku3sO5BIbP9yj1xrnZ1
TRIIXEG128F42784DF,Playgirl,Ladytron,,spotify,0gPIoe88PCDn2UipfmsdWj
TRYJGLG128F9329478,The Piano,PJ Harvey,,spotify,0G1iNvJ5vwQ9uHL4WxREYl
TRFRGTX12903CF7AB1,Dreamlover,Mariah Carey,,spotify,03yJ9FD6MOSdoiVrgqSfwH
TROLTAK12903CA0DDD,Get Gone,Fiona Apple,,spotify,1dqFPFF3LzD5FIZLYKgrCa
TRUDSEY128F425AC3C,All Through the Night,Cyndi Lauper,,spotify,004oCSy4OmxPYHyFR05NwL
TRXOQSV12903CB185D,Nothing in This World,Paris Hilton,,spotify,1zn3bGfizyb1x48Q9IXoCP
TRLMWNL128F9355D03,Hanging Around,The Cardigans,,spotify,0xbbaVcOYgsuEecPn94ux4
TRQBFOA128F4279197,Hand of Sorrow,Within Temptation,,spotify,0fXvmYn2YICfswjEw943rV
TRUEPWH128F92FE61F,Bloodline,Ariana Grande,,spotify,2hloaUoRonYssMuqLCBLTX
TRDHUES128F145EF0A,I Will Remember You,Sarah McLachlan,,spotify,0HWP0zWAUviRgsXdqCCOSc
TROIKJE128F4226A0E,Guilty,Marina & the Diamonds,,spotify,0jS1vnnaESYnu6rhZBjfJT
TRCQIZK128F14697D5,Save The Best For Last,Vanessa Williams,,spotify,03VvWO6RVDdznpyx9cLVIb
TRRZKQF12903D09D0F,Rootless,Marina & the Diamonds,,spotify,3ucMtVJWoVgKbloqSNYU1V
TRAHVKF128F427E70E,Original,Leftfield,,spotify,0KPg3FITGToUAB5h0Y8LZj
TRSEABV128F92C4717,Dear Mr. President,P!nk,,spotify,05HbS2CkHYbIuKZtCovvat
TRIZWXN128F423C6B4,Boadicea,Enya,,spotify,1HcbSDxnR6xluEmzeu1oRO
TRPBDNM128F932BD72,Alphabet Pony,The Kills,,spotify,4AF4MSnrxvNkh6Cbx5OKEG
TRILFUE128F4262293,The Cross,Within Temptation,,spotify,0CIAcI1kvYOiXTSE3QBXCM
TROPUXV128E079640D,Outrageous,Britney Spears,,spotify,0F0hfJE83rI1l9q8ikLkvT
TRAUJRL128F9302062,Whatever U Like,Nicole Scherzinger,,spotify,0bhcoMEKNsWeZRKc6EUyWK
TRRSKRE128F92CA523,Don't Turn Around,Ace of Base,,spotify,04FYYfQuSuZrt81Mlxs4zE
TRCXHNZ128F42637E2,Over My Head,Fleetwood Mac,,spotify,1AAPAx2A9yMusDvKhcG9dl
TRLOHWT128F42598CF,Love Is Stronger Than Pride,Sade,,spotify,0oneCGouDqYCFwUgqV6EVZ
TRKUKYN12903D13D6F,Skinny Genes,Eliza Doolittle,,spotify,0BUpfmTzzi8FEwDj1t9mol
TRFCKJT128E078E9AB,Tom the Model,Beth Gibbons & Rustin Man,,spotify,1BAiFIrzp1umGBo8H2WEfy
TRFMXKD12903CCE6C3,Eden,Hooverphonic,,spotify,0cRxzyCkfKxDw79vikJ9C9
TRAIKRJ128F4275BED,"Yes Sir, I Can Boogie",Baccara,,spotify,0Dnit1kY1GGFSRECgdImoP
TROVYRS128F9342044,Titanium,David Guetta,,spotify,0CYw6Aut62CX3cswlPybcR
TRIQJQL128E078D9B8,Bleed Like Me,Garbage,,spotify,0cjDqW4LhKoq29w94UpJdq
TRCSXFE128F4286181,Celebration Guns,Stars,,spotify,0eeQWXxRL6a73AoBiRB3pg
TRXRBOX128F147281B,Let It Take You,Goldfrapp,,spotify,06QCg158K9NktXiNIhEfHE
TRFFTSS128F92E74A0,Raining Blood,Slayer,,spotify,01Mpj13vURSO3cCLprPt5T
TRCUFBM128F421B7BF,Angel of Death,Slayer,,spotify,0FgAKuN2RbBnjdrXl2M1Sa
TRCVOKD128F9301DCB,Blackened,Metallica,,spotify,0TFOCYeAh8SnKziv4ghEd2
TRDRTNQ128F93313A3,Ride the Lightning,Metallica,,spotify,0k2aFgKEo2pNUmqOsm7OO8
TRGATPV128F428BA9A,My Curse,Killswitch Engage,,spotify,0VCOn4Cl7y9nRFAgcFnzNM
TRCAIWU128F932209D,Painkiller,Judas Priest,,spotify,02Vtpax091GN9EXR1Thtgu
TRRFKYL128F4275989,Laid to Rest,Lamb of God,,spotify,0lCwaZYSRy6q0jLmnYiQxi
TRSEJZX128F429B2DB,Harvester of Sorrow,Metallica,,spotify,1Jao66ItfmEEraK5uUZu6b
TRITJAQ128F426A108,Fight Fire With Fire,Metallica,,spotify,0ugeMT5SbW6uWCNdRL1KrW
TRULFWB128F932FE49,Hit the Lights,Metallica,,spotify,0Vq1F1rLzpoNMuVDvb4Rzx
TRHYUAI128F149542B,Take This Life,In Flames,,spotify,02Ldz6s7reMiMFThegV6Gu
TRNPEXS128F1460294,The Wicker Man,Iron Maiden,,spotify,0jkdNvQtBni4dgVURpmlcB
TRVSVJM128F93337AE,This Calling,All That Remains,,spotify,0Egej8HZSh39kuOOAtQVlN
TRZPVQS128F147CBC1,Motorbreath,Metallica,,spotify,0ad4Pt4vd0cKlttWgVbokA
TRDHNBY128F42B8688,Redneck,Lamb of God,,spotify,01frrTyBRDoLZ4MRLHJqJN
TRMJSHT128F422A802,Come Clarity,In Flames,,spotify,0nqgGLFR00i0LpqEj9nlcU
TRXBCTL12903CE4023,The Nameless,Slipknot,,spotify,0UkzFqErRHKwgsRw8jsuCo
TRYRTTK128F428A27C,Heaven and Hell,Black Sabbath,,spotify,0TmkPYldgB3e62gw6yUxCr
TRZCWIS128F421DBD4,Trapped Under Ice,Metallica,,spotify,172CoobSMMiVpUbDI9MRXl
TRPMBBD12903CDD716,The Evil That Men Do,Iron Maiden,,spotify,08AierwfyCXE3z3ztpOKo3
TRCRUHY128F930FFF8,Nightmare,Avenged Sevenfold,,spotify,05OETNd1vpYstkGTUK3REp
TRLMPIE128F42BA126,The Shortest Straw,Metallica,,spotify,1ruJPR7YmwxihuhgzmXHZQ
TROVTES128F4236A50,Rocket Queen,Guns N' Roses,,spotify,0PdQL1PzkOA3SUqhedZ0KL
TRGEBVV12903CDFB36,Domination,Pantera,,spotify,0BhwpxCgeFNu6S3e7EF7Dq
TRCRYHB128F423AEA0,Sehnsucht,Rammstein,,spotify,0sPVVpo3BLEGtfMwCOyhSc
TRTQVYM128F426F9FD,Peace Sells,Megadeth,,spotify,1gG9QPcGa0jz6YxmAwnG5l
TRIUUZT128F428B83F,The End of the Line,Metallica,,spotify,2FkslPCxPnBio0mnfgTJn1
TRYQDOC128F92D92B2,Spieluhr,Rammstein,,spotify,0KFwkmCpsFqUs09Bs8iVFP
TRFZIHS128F425A019,Cherry Pie,Warrant,,spotify,028CYKjq6Y82GiKULJLf1l
TRMODDC128F92EA2E4,South Of Heaven,Slayer,,spotify,1f2nJKg780VxYIveVq6Xej
TRAGIAI128F933F173,Cyanide,Metallica,,spotify,2iPWT27TCiLkMrOAPLigAk
TRZEWHX128F92D92B3,Zwitter,Rammstein,,spotify,17MFMI1VV7krl9mwMaCG42
TRYWSUD128EF3601E3,Everything Ends,Slipknot,,spotify,04YFKAaJeLOX10snpIkZwk
TRFUOFT128F4253DC8,Bye Bye Beautiful,Nightwish,,spotify,06zT57qREdgVGXtyShKFr4
TRUJYSO128F92F3314,When Worlds Collide,Powerman 5000,,spotify,0pewgyN1YGlzQdYsGhT6rf
TRNOEDP128F930540D,Surfacing,Slipknot,,spotify,0iget4icTqUya9wtpvCTF2
TRSIRKX128F4291CAF,Only for the Weak,In Flames,,spotify,0IA1niYbc07zuW06KE4QZU
TRILREU128F930313E,No More Tears,Ozzy Osbourne,,spotify,0gnp365b5NqUCk9vaMbfXK
TRVGLDU128E0791482,"Girls, Girls, Girls",Mötley Crüe,,spotify,09FB5BbqfuS5p10S8p7Wff
TRCFRTP128F930276F,Mann gegen Mann,Rammstein,,spotify,0GxIAMtKFYTQZpR1avO6HB
TROOJWQ128F1468EB4,Mama Said,Metallica,,spotify,0hAKD3hdy0RUPiPJFz270S
TRGUSWI128F92EBA20,Scream Aim Fire,Bullet for My Valentine,,spotify,0Mtn2Zc8tHlWwpirPAZjCe
TRPPXBT128F931711C,Bleeding Me,Metallica,,spotify,1mhj2eYIHvCy95MuusQDSO
TRUEOIO128F930A7EA,Overkill,Motörhead,,spotify,00O8NPDUbmPq9bI27D6bOY
TRIUHAI128F4262591,Piece By Piece,Slayer,,spotify,12wVrDsD8T89aEI4bOlfBK
TRKPWWP128F1491B8D,Room 409,Bullet for My Valentine,,spotify,0S1hclXDdOvvqA27V8wLPM
TRXEAGI128F42408AC,My Last Serenade,Killswitch Engage,,spotify,1dt3Afg6XkhZwfQHmwX9TI
TRFUEYL12903CB8038,Devil's Dance,Metallica,,spotify,0I28X80VDQ7gLCc8YhTgdT
TRRIEKN12903CF7D35,Bad Company,Five Finger Death Punch,,spotify,0ThMpRQtWVDaEkfJTZKZ20
TRAVIUE128F932FB87,Dyers Eve,Metallica,,spotify,0L4nCZWUghJXcmDFIlO8pK
TRLZXWB128E078393E,Morgenstern,Rammstein,,spotify,0gf9HMeZDXRexbuM5CihZg
TRUDQZR12903CDA9F3,Fear,Disturbed,,spotify,0QsfauakhhSfDwwSH2bF91
TRHQCNG128F42590E6,Shout at the Devil,Mötley Crüe,,spotify,065KxjTN25jrlGiWPKprsb
TRXLCSU128E0792391,Think About You,Guns N' Roses,,spotify,267z5eJwlfiP5FZ3CklTtK
TRXFRWO128F4293A9E,Truth,Seether,,spotify,11U0C5lsP3PJC6S3OrjcZp
TRUNGAK128F9359FBD,Madhouse,Anthrax,,spotify,0nwfvskzarf7h3ZkXz1bH8
TROWFMN128F4268150,Cloud Connected,In Flames,,spotify,0fUXXpjIt4RcwCFIGU49VD
TRIRWVI128F4293FBE,Adios,Rammstein,,spotify,0zezdvjxPYkJOLrh1P8lTZ
TRGCQRV12903CD013B,Asche zu Asche,Rammstein,,spotify,5COizzcCQD4LCNbHVPi4MP
TRIPGPQ128F423BF59,No One Like You,Scorpions,,spotify,0Uqlqjd38fF5Yb2NeLO2HR
TRJUEVI128F92EA2F4,Postmortem,Slayer,,spotify,0rltlimeEHy696UlF7hXfh
TRZZQHZ128F429471E,Shake a Leg,AC/DC,,spotify,044z65AxnRyfv9yepgqDEI
TRFVZQW12903CABEDC,Jesus Saves,Slayer,,spotify,02TnbyTjofMSpDAa1ywHKH
TRAIDXG128F423ECB7,(Sic),Slipknot,,spotify,1g8lVIsEkDaGD1nKw6fwUb
TRXHVPP128F9314410,Triad,Tool,,spotify,2D9rd6TIpqmDkog5Mx8kxl
TRXJBRL128E0783941,Amour,Rammstein,,spotify,1pOkWIJCshtoREcAcXmYSk
TRFYSFH128F148957F,Estranged,Guns N' Roses,,spotify,1KZDbad6DHjvuz25j8rftj
TRXVRTT128F931D667,Sooner Or Later,Breaking Benjamin,,spotify,0SWzGt2kPdOk55GYBkFlJD
TRTMMVF128F427CFF2,Youth Gone Wild,Skid Row,,spotify,0wkQ1NGp0D1QjC59vmbYNY
TRGHEVK128F425EB78,Not Falling,Mudvayne,,spotify,0ss3ny5ZmAYMpTWJDLgnV8
TRRWLYL128F1456CAA,Get Inside,Stone Sour,,spotify,1LyJicc2FFcQpUoajiY2my
TRLSUSW128F425B9B7,Let You Down,Three Days Grace,,spotify,06v0krSbXIddPfHCqCO5Xs
TRIVOMU12903CA3B23,Gunslinger,Avenged Sevenfold,,spotify,19DkfVyhFdGw4dCCdTaOKl
TRTNPJR128F92EA2B9,Necrophobic,Slayer,,spotify,1aUICsjyJgPKNlK4SaM1xM
TRFSEJJ128F92D50B0,Mind,System of a Down,,spotify,02f0SmVmtai3YfLfM5Xw7S
TRSDDHV128F426A370,Roll Right,Rage Against the Machine,,spotify,0150BHDcoxpstucS473s5L
TREWDIF128F930ABE0,Hot For Teacher,Van Halen,,spotify,54s7NH3Lnu8nlrX08VPwFI
TROXHZW128F427B6F7,Crimes,A Perfect Circle,,spotify,1Zp0dgzrGls0dfrug1jN1V
TRVTSBL12903CBAEFD,Eat You Alive,Limp Bizkit,,spotify,0DmB0tpKmGiNRsy8UuXPm2
TRSZWKY128F92EA2BA,Altar of Sacrifice,Slayer,,spotify,3ci1aGelb4y8BxI5abOwCH
TRPTPKD128F426A91D,You've Got Another Thing Comin',Judas Priest,,spotify,0at9Ta3zED61pIRcdSO4Y8
TRDBEDZ128F4259F3A,Windowpane,Opeth,,spotify,09j6BZeo8FKRPaYvdYLELU
TRAFMQW128F4240CDE,Thomas,A Perfect Circle,,spotify,0XHND7yK0AXyP1m9EhV6pN
TRPZIII128F92D5420,Tier,Rammstein,,spotify,0jMlgpZV6lV7jZ2eeDirLS
TRRZQSK128F4260B9E,Hearts Burst Into Fire,Bullet for My Valentine,,spotify,1OqDUHFotTmZQ0khBRHnK2
TRIYKKO128E0783939,Dalai Lama,Rammstein,,spotify,1pGZIV8olkbRMjyHWoEXyt
TRLLIBA128F92C9828,Shoots and Ladders,Korn,,spotify,0b8N6fGvoDM7GWY2kT4K0w
TRFMXJI128F930738B,"Broken, Beat & Scarred",Metallica,,spotify,091iseuCPKpTwjhqXNKLhC
TRAWUNY128F930F9C3,Pussy,Rammstein,,spotify,1v3pdq57tLg8Bzxdv8UZMY
TRAWNRK128F92EA2C2,Criminally Insane,Slayer,,spotify,0k6IeznWwrNnfNcsSKQZWE
TRRHGXP128F92C269E,The Last Fight,Bullet for My Valentine,,spotify,0VbBUsBSjQDIKOI9oDrNBR
TRLOVTV128F92E846E,Wrathchild,Iron Maiden,,spotify,13gM71Xug3FhLnBGigaqri
TRGKAFQ128F427B6F8,The Nurse Who Loved Me,A Perfect Circle,,spotify,0yRtn9coNCSWIigvKJA5wn
TRTVSKV128F92EF7D0,Her Voice Resides,Bullet for My Valentine,,spotify,039ZwAyTXu4TyBC3A7QhMQ
TRGNTLG12903CF25D9,My Apocalypse,Metallica,,spotify,09XBp0V53TPUd8Dvm927FI
TRCRFAC12903CA718E,Brave New World,Iron Maiden,,spotify,0yvzMTgcgh6JTLzIQORNPu
TRFPFIL128F930A78B,No Remorse,Metallica,,spotify,1Bbho6j6GZ3WVeY4KcHZOr
TRLXFEW12903CC198F,The Only,Static-X,,spotify,35ZmCVnfYRdK1iLGCxNhMa
TREQDNW128F4257D70,Children of the Damned,Iron Maiden,,spotify,0Wn6VIP5p3zJQUY5lRVtAd
TRFPWXQ128F14AA682,Frantic,Metallica,,spotify,09NpqcWK5TLI86HbHv3N0L
TRXXWXA128F92C9AE4,Changes,Black Sabbath,,spotify,19FmUkDg9dVa3uALWkvbZN
TRVYGFY128F427AE2D,New Millennium Homes,Rage Against the Machine,,spotify,14UpcOEbfwpMbxTfLCIFaw
TRAKIHT128F92F2FE2,Are You Dead Yet?,Children of Bodom,,spotify,05ngorYAJ1ePh8coXVAtpV
TRCWIDG12903CD5765,Third Eye,Tool,,spotify,2Dqg2mRbfIVKhBZleNrgmH
TRIMATH128F14A0C1B,Nebel,Rammstein,,spotify,2wBoT7dbLeUdnUpZsjE3ZY
TRJRIHX128F147CBC5,Phantom Lord,Metallica,,spotify,0NL8JQTqX5jKphFTI8IEmX
TRIMITG128F92F037B,Firefly,Breaking Benjamin,,spotify,0aV9IT6iKmpJgnBwbBtpz6
TRDPFHX12903CB4C4F,Pyramid,Wolfmother,,spotify,0VopCOvPeU4w4M2hIiMN1f
TRILQPW128F92E2887,Waking the Demon,Bullet for My Valentine,,spotify,0k6wiMT26Wc3K4B2IiloUw
TRLLKGK128F934AA85,Phantom of the Opera,Iron Maiden,,spotify,1OEF40PkPYnVj8xLqSAFBM
TRGZAEU128E078393F,Stein um Stein,Rammstein,,spotify,20hfLWeQSJnJ2CiPxmjzsj
TRDJOSS128F422E7A9,Becoming,Pantera,,spotify,3iV11AiIEDIOVjKy3kgjld
TREAMUL128F1491B8F,10 Years Today,Bullet for My Valentine,,spotify,0AJoRnpwkT0HqZGLPLlnXd
TRSNJHT128F4299EBC,Take Me Under,Three Days Grace,,spotify,1js0qQeaOpODahUuiyX4U5
TRGBZAT128F148D0BE,Re-Arranged,Limp Bizkit,,spotify,0bffNLoqzu07WdUiZ8ESzH
TRJEAIH128F92F8EB4,Check My Brain,Alice in Chains,,spotify,1RSjkOCpIWTao4ft0SHC9z
TREGXCG128F930277B,Te quiero puta!,Rammstein,,spotify,0KwqP13BnZMIycfxnqWtK1
TRRIXRC128F92E8440,Nothing Left,As I Lay Dying,,spotify,2zy79BntQ1kumEUeqM5O84
TRHLXUB128E0791490,Infest,Papa Roach,,spotify,1IlBMFQ47uWZto0AmV7PWw
TRUELHA128F42935D3,Keep Away,Godsmack,,spotify,1lrwHbZhCXUhb7zI0VcIPA
TRSXBXZ128F145ACE8,Tornado Of Souls,Megadeth,,spotify,0KZPG9y0nW9tSV82icdce1
TRETWPM128F4279DF6,The Last Remaining Light,Audioslave,,spotify,0VSZfkgs0EmJpl5STptf2s
TRDSMEW128F42733F3,Pistol Grip Pump,Rage Against the Machine,,spotify,0lsDJ0EkccufmSM43P28TQ
TRROGDN128F930B15D,The Judas Kiss,Metallica,,spotify,08Fwb6uaBL8VOhAaCpyuRw
TROSGHV128F4257D4D,Iron Maiden,Iron Maiden,,spotify,0wIFF6p0TukFfi2wtoHZHJ
TRLOIBJ128F92D9C22,Snowblind,Black Sabbath,,spotify,0bD2CoiAz4KbKSLzv6Q2Td
TRXDJMR12903CD7100,Anything Goes,Guns N' Roses,,spotify,1dAvEkxTtjTQWTwWdpDfL0
TRDGUAJ128F92D541D,Rammstein,Rammstein,,spotify,176mKgRpX9i9v81eNcsxzf
TRPUKZG128F92F5E78,Chinese Democracy,Guns N' Roses,,spotify,1WnpnIbyGKonA5CF84ep39
TRIMKLZ128F92F424C,Open Wounds,Skillet,,spotify,2UfKuGYONPAuopJtpGfZyA
TRVIDWG128F4294097,Determined,Mudvayne,,spotify,02WjnAH5hwXvoHi9qO5JAl
TRYADUY128F93176B8,Coma White,Marilyn Manson,,spotify,1divKpUyGVbT4YFz2JsZ2m
TRJJFRJ128F92D7D41,No Leaf Clover,Metallica,,spotify,0epHEsqwVe2Viyc02QHdu8
TRPJMVX12903CB9D38,Diamond Eyes,Deftones,,spotify,0a2LdAUPy8Qjk4xPX8zJnp
TRDRAHQ128F427FE50,The Quiet Place,In Flames,,spotify,0vBcI3etbwx17NzQrCM7MM
TRPPEYG12903CC16C5,The Love Song,Marilyn Manson,,spotify,10bdGUhUIjVnZ69mHI16PY
TRLXZBF12903CA888E,Intolerance,Tool,,spotify,2cF1W1G0sERJu0Y49tGjnx
TRLTZFY128F92F7D91,Far From Home,Five Finger Death Punch,,spotify,08nXsNhnQlxQq7YgvyAOdX
TRNTDGO128F92EA2E9,Seasons In The Abyss,Slayer,,spotify,0s8FRkTdh4LN4v2a31tSvJ
TRZIUZY128F92F86C1,I Remember You,Skid Row,,spotify,0C4vj0lRqDUHOMo0YIdIQe
TRDSFWJ128F426A36F,Wind Below,Rage Against the Machine,,spotify,01ga02fGjkZQ4IC0G1Q3gi
TRRNUIF128F1472CDD,Round and Round,Ratt,,spotify,0SFS1LxNP5wgnoDA7nGKQu
TRKZXXV12903CB7C46,Girls Got Rhythm,AC/DC,,spotify,2SY0yRf1iGWd0W9dlzdix9
TRFTJIG128F427FF51,Snakecharmer,Rage Against the Machine,,spotify,0rbPUSOItV7sfTwKLdxpC7
TRCFSXI128EF3533BC,Korea,Deftones,,spotify,2ghln5DoDnqd5MOxRGMkhc
TRLLGUK12903CA1FD8,Orion,Metallica,,spotify,1JwORKunemKERUUYMfmCBm
TROQAND128F935967F,Hard to See,Five Finger Death Punch,,spotify,00cP5rqzL6ZrwMaqTEeGIN
TRROPZI128F92E4554,Trigger,In Flames,,spotify,1UFiAESN2Yv6tTER9Ewt4I
TRLLMGR128F934D0B6,Home Sweet Home,Mötley Crüe,,spotify,05psqNDPGz6PmouwObNRQX
TRFYIGG128F148D102,Feel So Numb,Rob Zombie,,spotify,0C5GN46gS5QnpOfN9YHNXZ
TRINVQI12903CF0C93,I'm Eighteen,Alice Cooper,,spotify,1B5AgxLwKBjfZuTR0SjvmD
TRXIEXV128F4268E74,Welcome,Slipknot,,spotify,2PrUECwPIU40LSiS7vNqbz
TRFNJJG128F428E48F,In Your Face,Children of Bodom,,spotify,0g0ZfleK5Kzu2s587NKzVP
TREGOAZ128EF3569AD,How Can I Live,Ill Niño,,spotify,3H7IV0Aps0rHpqJXQYe5Ma
TRRUQKA128F425EB80,World So Cold,Three Days Grace,,spotify,0LPx8WfsRrXCF92YtINFtN
TRLJFPF128F92DE2CE,Reborn,Slayer,,spotify,1Y2AUeAv7yJwWbbOO17qRf
TRXWBPF128F424358B,Nemesis,Arch Enemy,,spotify,0hKtqHVkSvlVRMJ00M9d56
TRROPSV128F4262448,Gently,Slipknot,,spotify,00WbLoO3bSlUdAy8al106S
TROHBUC128F428A44A,Undertow,Tool,,spotify,4Wvnm0J3Zz9cmMdEMMghGA
TRAQFSP128F9308509,Seemann,Rammstein,,spotify,0zRaqTJoa20oc8Wqe5SDv6
TRGFPNW128F42831B4,No More Mr. Nice Guy,Alice Cooper,,spotify,0EVxLkQ8ruT4XaFuOT2Glm
TRIRWFH12903CEA96B,Poem,Taproot,,spotify,3ZIjJbgv2IdpZzCAxdOIxI
TRXXPKI128F426ACDF,We Die Young,Alice in Chains,,spotify,0qPMP02i0CJ2wWhAlRpnbA
TRMNHDM128F42AD03F,Now You've Got Something To Die For,Lamb of God,,spotify,4msrG85DNWMDESZwwrumHa
TRLVAMG128F4299DB7,Harvest,Opeth,,spotify,02wwzlKED3ks97ESZhCT6N
TRKBGQF128F92E0AD3,When Darkness Falls,Killswitch Engage,,spotify,1PYdVt6VFhhHILEV0MbbY1
TRFPLTK128F426C499,Fight For All The Wrong Reasons,Nickelback,,spotify,06kVG9fMq5dZpUbnZIGRzt
TRKLVMQ128E07945F3,Microphone Fiend,Rage Against the Machine,,spotify,00hbCloIzzCTH0NCGL74HU
TRILUXZ128F1497463,Six,All That Remains,,spotify,4Pr5EaMlKJjPUCom3xM9jA
TRXKXXW128F4278649,Kick Out the Jams,Rage Against the Machine,,spotify,0QaPa4O9JLIpukuUMc1BcO
TRFLVKB128F147CC69,Ain't My Bitch,Metallica,,spotify,2aWaXzlYMeDeqxbnVErhOB
TRXCRLT128F4257CC5,Powerslave,Iron Maiden,,spotify,0R4n3wLXKx5aVX5G7WBYZa
TRFXZTZ12903CCC991,Metalingus,Alter Bridge,,spotify,0LcgVNJFJnWaiIoRaRYeoI
TRFOXVC128E078924E,Perfect Insanity,Disturbed,,spotify,0bbMWPDNgbHsenk7xXY66a
TRBKDSX128F92EA2BE,Epidemic,Slayer,,spotify,3HYnOnROLXIrN6T9xddVFb
TRQUYSJ128F92EA2E3,War Ensemble,Slayer,,spotify,0TvcIlBxvXqfvy8mk36nQk
TRDACMX128F4261573,Drown,Three Days Grace,,spotify,08zxepgwbyE3S1rnI6niCy
TRUFUSU128F42AD013,Hourglass,Lamb of God,,spotify,5ieTAoKNo9o5JjAouBRwTz
TRUDUNZ12903CE91B8,Privilege,Incubus,,spotify,1XKvffyLHlQE6jaN1kmPZW
TRFYEJN128F9321788,I Just Want You,Ozzy Osbourne,,spotify,0YvVVhaeKkzUOs7mXlR4PQ
TRUESDE128F427A589,Lee,Tenacious D,,spotify,4dtMv2yMlxDPEX2dLbOOGf
TRCUUBW12903CC5681,Grind,Alice in Chains,,spotify,0INDUd86YRNeNvuBHNFDdu
TRMBIZX128F9302775,Wo bist du,Rammstein,,spotify,2mZ7SXzf5mZkohPfDFIUET
TRWSXPD128F4259F3B,In My Time of Need,Opeth,,spotify,0lNdCp8NHXnSTKF9G2ykfm
TRHTTQE128F9305C89,Ich tu dir weh,Rammstein,,spotify,1As6y31aweg1kgj0l9QXgm
TRIXHWB128F424D56E,Sinner,Drowning Pool,,spotify,0dYnsDR5vqu25Oa0tSnCWW
TRUEXDR128F934CEE1,Running Free,Iron Maiden,,spotify,0fe9EpF4M3QEn3jKj44axt
TRBCXYT128F425822D,I'm With Stupid,Static-X,,spotify,5vCiUi8qImQaBT1lARpX7k
TRUXXYR128E0793EA0,More Human Than Human,White Zombie,,spotify,1NbJFhkVdD47YZ2IojKkJi
TRJJKGE12903CAAFB8,Don't Talk to Strangers,Dio,,spotify,0BHuV25AmK8MWOaidLnszh
TRYDQWD128F4222CDC,Giving In,Adema,,spotify,1OGFtaUgHAQjtSk7mhDwr9
TRSQZMJ128F933A73C,Jerry Was A Race Car Driver,Primus,,spotify,0EMLtepZpcY9T64AVEmyyv
TRSTSUU128F426E956,Supernaut,Black Sabbath,,spotify,198HaW3t03U4e9wa7RiKVs
TRRDQDF128F92E4E79,Man on the Silver Mountain,Rainbow,,spotify,02Qr5MuqxkidKhrE35bgM2
TRLLBPN128F9344596,After Forever,Black Sabbath,,spotify,1BdDjV8DLe1cH6fLdzD8oR
TRKMEFG128F147ADD5,I Want Out,Helloween,,spotify,008TZYLLBTwuFH0JYxzPSI
TRPDTZK128F424D881,Bottom,Tool,,spotify,46XOHK5QfCC83yg5SOGjZk
TRPAPPB128F146A5E1,Renholdër,A Perfect Circle,,spotify,2Hx56CKZM6T3ueCP5XSGrm
TRBOMWF128F428B2A7,Evidence,Faith No More,,spotify,0cLH7BXqfm0RqnjueCPLfW
TRPNYVG12903CBA2D1,The Ghost of Tom Joad,Rage Against the Machine,,spotify,0DoFU1GzWYhRlqcuy1Mffl
TROQHIV128F4295D54,Rainmaker,Iron Maiden,,spotify,073xjvoNmakJOJfw1f9fdC
TROJFFB12903C9D01B,Spring,Rammstein,,spotify,0qIFNoizwYZA3r0oH1kZnF
TRBPHHO128F9341109,Crawl Away,Tool,,spotify,1KCndc1SfLo9i9YWXdjy9D
TRWKZYH128F421E621,Territory,Sepultura,,spotify,0QRxtcxL31dRAeiUUuENPu
TRFHQJN128F92D5425,Klavier,Rammstein,,spotify,3vif8Q7PAK7IrVFm904BHa
TRVUOJV128F42298C7,It Never Ends,Bring Me the Horizon,,spotify,0ZxZsjMMyLgjRV1XLWlIaS
TREVIDN128F9318771,You're Going Down,Sick Puppies,,spotify,0e2MZiDcOcGKrfCWRZR9oX
TRLTWUU12903CE051E,The Bleeding,Five Finger Death Punch,,spotify,04wzLUlkcPTikHmin03iZD
TROYQLT128F14850D2,Swamp Song,Tool,,spotify,5q4L6JyoEY3VN5pOSbgjS8
TRSCJGX128F9345AF4,Hail to the King,Avenged Sevenfold,,spotify,2tef3MhAFH3n3pyzyOeWQe
TRPCMRK128F9312D21,Thoughtless,Korn,,spotify,0dXY42E8iaeIENCrWnI80q
TRDGIBI128F425EB76,Fall Into Sleep,Mudvayne,,spotify,0c35QQsH2uo5Ra75HKCLvg
TRSFRAV128F4291046,Wicked World,Black Sabbath,,spotify,0xg48afBwbZsSf42LdrjsX
TRLQOUV128F148CF16,Dead Cell,Papa Roach,,spotify,5KUtJipPEaUbCOtI9YipQF
TRDALBB128F4241A2E,Disciple,Slayer,,spotify,0esBc6VgM4lFk3SOlL3Ys4
TRRYLSW128F426BD67,Figured You Out,Nickelback,,spotify,0rdqmkTQAOLgEUbrj4Avxf
TRSYSTU128EF356AFF,Like Light To The Flies,Trivium,,spotify,2ljmdYHmU94O7Y6r7Gmt2v
TRHGVHR128F428B132,Big Balls,AC/DC,,spotify,1uRXQjXX73S5OittJBlt0K
TRLKAHV128F4232C3C,Awaken,Disturbed,,spotify,0DniOmGEQewVbNFeA0QpQg
TRSWELP128F429229A,Dead Skin Mask,Slayer,,spotify,04lIJwNlGIxS0cCMmxCsEX
TRYBNZN128F1488CE8,You Fight Me,Breaking Benjamin,,spotify,3XAdARTb10N0mF5ZNSEwxq
TRXQUGI128F933A5F9,Whatever,Godsmack,,spotify,0CYL0iHBXrWsiO6oWFENQC
TRYDIVP12903CAF5A7,Chapter Four,Avenged Sevenfold,,spotify,1HgMkfHrHL44Z54aLvTEy2
TROQENI128F424AFE1,Confined,As I Lay Dying,,spotify,1byEsDfZbLQKRgJTNDXOBM
TRRRBHC128F92D5427,Eifersucht,Rammstein,,spotify,03Dip5q02lfTAOD3ZiNyKh
TRCYBYV128F9331992,Fade,Staind,,spotify,0HVqEFXYOkJy1ueSVObnEn
TRVBEOH128F9305C8B,Haifisch,Rammstein,,spotify,0n18LaoGCYyyaMRYH9cyh6
TRQDYWE12903CF0F31,When It Comes,Incubus,,spotify,1s1o4BDXBNB0Wh2iAtN5Ak
TRLYVBO12903CBA4D7,They Say,Scars on Broadway,,spotify,04RxnE7FLOwRuRnhNC8YwH
TRIPAUX128F934B53F,The Darkest Nights,As I Lay Dying,,spotify,08zWUKynCJ8iIhuf6cqUDr
TRGDXRN128F9345475,Spit You Out,Bullet for My Valentine,,spotify,1jsi4ic3Ccn9kh9JTZktS7
TRBBNOY128F92D2360,Step Up,Drowning Pool,,spotify,0zHIjcgP3cXnGYj5jdaFhd
TRAORHN128F92CE9A9,Chelsea Smile,Bring Me the Horizon,,spotify,00EgT0749P4iRFFeSo8Otk
TRKIDHN128F4290FF8,Iron Tusk,Mastodon,,spotify,05pABx3hMHOXJMiPR3l0OO
TRUEGWZ128F428289B,Beautiful World,Rage Against the Machine,,spotify,05ik87nuoEt01dKN3VZ88T
TRFDEBX128F92D541A,Heirate mich,Rammstein,,spotify,0eLSfAk4JiEv41sVTQ8Rlw
TRAGUZV12903CD7DEE,Hollow,Pantera,,spotify,0Ce10L5zV6eQxM4Uwbjo0v
TRCPKHK128F4258206,Serenity,Godsmack,,spotify,1yf2P3Ouxp8DWTTgp99ow3
TRLJENR12903CE8925,Time and Time Again,Papa Roach,,spotify,0M3pymfZEZkWp9RBRGm9C8
TRLOURL128F92D4F10,Vendetta,Slipknot,,spotify,4QnngGOfUPDuykpTuPuhkQ
TRAHLKB128F93338DC,Conflict,Disturbed,,spotify,0ECzlhLmz0hdw1lth1VWcp
TRQFWJV128F92D7042,And the Hero Will Drown,Story of the Year,,spotify,2LHnm6C6FjOi10WCLz3HyI
TRCQPJP128F4293FD9,It's All Over,Three Days Grace,,spotify,2QZxpZDfJjhEGclSszvMVX
TRWSTRG128E0783A24,The Reflecting God,Marilyn Manson,,spotify,0CZ4XZD3SbsN72j0Jm7wEI
TRQDHYQ128E0788E86,Getting Smaller,Nine Inch Nails,,spotify,1Dk2QIZ8snh43AKiZoh0Wz
TRGFFJK128F9330946,Omerta,Lamb of God,,spotify,1uOkapWUZPXQRRHTAAfu6E
TRXMMJF128F9328238,Ashes to Ashes,Faith No More,,spotify,0FxRbTtlo8AutEbifokqGf
TROIFVV128F42B8B76,From Out of Nowhere,Faith No More,,spotify,0CThJnAB984vIz5OFBuGjA
TROKDTN128F93318A2,Stand Up and Shout,Dio,,spotify,0bpRMxmdDWkadGiOLSkbCm
TRHJXNJ128F42A4ACD,Soldier Side - Intro,System of a Down,,spotify,2jREHFHczmYpRiCpXJyOQU
TRMLTQI128F93115BD,Needled 24/7,Children of Bodom,,spotify,0rAWoExDCUNMfp85ZLsv5W
TROHMME128F42B4736,Solitude,Black Sabbath,,spotify,4fKklEKLpggXHXxQTyy4rE
TRFPHYZ128F428CA40,Never Enough,Papa Roach,,spotify,1Oz0D3zMtYH9o4ghMz37P0
TRYWXBI128F930277A,Hilf mir,Rammstein,,spotify,029agsCEk5YlHcaWULcaAU
TRAMZHL12903CB65C3,Alter Mann,Rammstein,,spotify,076PFJLxSpuW8RBg8ub4Qj
TRUXMSR128F4292E95,Born Like This,Three Days Grace,,spotify,0jlzDpaQ2ZJQqgBcXRU0K6
TRSLJPC128F92D5414,Der Meister,Rammstein,,spotify,2lNnADFJHaxkH95Rm1CQhW
TRWCUHP12903CA3254,I'm Housin',Rage Against the Machine,,spotify,1RS3HHevfVTVjMkc0IOD7g
TRHOGPI128F428B073,Where Eagles Dare,Iron Maiden,,spotify,0uPvfGyhGgCe8lC1152Mpo
TREWEOH128F145ACE4,Take No Prisoners,Megadeth,,spotify,0xa5WQdm7mnY9dviqejc2z
TRYEASL128F42364FB,Falling to Pieces,Faith No More,,spotify,04MBWd5YV53giBqiTHUawu
TREEJJF128F930E641,Lunchbox,Marilyn Manson,,spotify,0dzo1u1v2fuRRCek9JAdo8
TRUAWLO128F1453D81,(s)AINT,Marilyn Manson,,spotify,0atZJyTPYwnWArPLdb0336
TRAKUVT128F4259FBE,Hard as a Rock,AC/DC,,spotify,1gij27s31tFKcTHa8f1u4g
TRAIGST128F92F2FCF,Living Dead Beat,Children of Bodom,,spotify,012INUMZJqrDnWVZq8GU1t
TRTGETJ128F92E4388,Invaders,Iron Maiden,,spotify,0iUZqjWRW3NbYFkTAtzrVV
TRFFZZD128F423B8E0,Ghost of Perdition,Opeth,,spotify,01K7iPlpWMWX0OGT1CQGIX
TRXBXKB12903CB016F,Avarice,Disturbed,,spotify,2mIlzbbLp09YcvqmOHwQ1F
TRZACEN128F428E742,You Know What You Are?,Nine Inch Nails,,spotify,0J0Ega9IhxXFPqmiYDLgHh
TRAHCWE128F14ACD23,The Shape,Slipknot,,spotify,4lw4yO4s3i8DpYHS9edgZu
TROQNVT128F4230525,Thunder Kiss '65,White Zombie,,spotify,0jI2IdL3Bco0a3IPc7pHbY
TRHCIJJ128F9305C8A,Waidmanns Heil,Rammstein,,spotify,0fqfSiWibfWdPptcLK9siS
TREAGFM128F92E6F7B,Stargazers,Nightwish,,spotify,0MQexAg8qSMEkB6ToXWEJP
TRHCUAM128F425AE5E,Gone With The Sin,Him,,spotify,07fovmCMCMVMqJ4xrw1D51
TRUJNZW128F93318A7,The Prisoner,Iron Maiden,,spotify,0ZymM3VWKE3J7n0YvcTEvt
TRDHSOJ128F4277C0F,Panic Attack,Dream Theater,,spotify,5axwj3ekvw85989jjO8Ov8
TRLKUSG128F42520FE,The One,Limp Bizkit,,spotify,0PspJPPLIXIPPUWs0xYwQR
TRITSHI128F932701E,Alias,In Flames,,spotify,00Pl9jm1m3oW71Upf3KbkH
TRBFPWK128F934B987,An Ocean Between Us,As I Lay Dying,,spotify,1chYrWMYpzqpZhOiL7PEEE
TRGWLAP128F4259F3E,Hope Leaves,Opeth,,spotify,05lem7bHWxyo98HOwPmils
TRXKXYS128F426C442,All in the Family,Korn,,spotify,08vKSj8nMXyhRHcRLzuX3p
TRUDQOJ128F4296B10,The Night,Disturbed,,spotify,1H9dDa4J9kxjoGSAWSZkps
TRJCPQU128F42B6DF8,Overrated,Three Days Grace,,spotify,1PQ7aZyBEpk60BRUR233VO
TROMWFM128F9303270,Carrion,Parkway Drive,,spotify,0xfWKcNu13xxXQ2GT0P09M
TRUGAAA128F9350953,Mascara,Deftones,,spotify,1Gjk6MScl6eoZRIGJdSYtt
TROJQKJ128F9332B2F,All Over Me,Drowning Pool,,spotify,0iFXLRxqoMnEoMNVyeku4b
TRCHEMC128F424C4F3,Behind the Wall of Sleep,Black Sabbath,,spotify,09MSgyU4eo08rJTvOIDDJI
TRVASVB128F932CA9F,Prowler,Iron Maiden,,spotify,2fyrnnRcUrxRDjbj6rnBho
TRJOZYU128F1462C57,Break My Fall,Breaking Benjamin,,spotify,1dsqtsuCqp6TpE7QZavnV6
TRPQPVO128F1460295,Ghost of the Navigator,Iron Maiden,,spotify,0wAWPnAaSIOAQDbk3qWYos
TRJVQBH128F930277C,Feuer und Wasser,Rammstein,,spotify,0UXwti8ZcqzhTV8qOUGunk
TRQODQI128F42584B6,Binge,Papa Roach,,spotify,1aQDROweBEhiTLqhPK4HAh
TRUTGYM12903CDF2D2,Killing Yourself to Live,Black Sabbath,,spotify,1n9hpHSAjHD7HbfrVK3yHm
TRBKSWQ128F4259F3C,Death Whispered a Lullaby,Opeth,,spotify,0Mo72Lg8EMlSFN31uifxlc
TRDLGSC12903CFB5AF,Zerstören,Rammstein,,spotify,1U7QjZmcwhjr8jyMdImKV2
TRLVJWO128F426B41E,The Islander,Nightwish,,spotify,0a2z18EJ5PvutJQWqZ03WT
TRMUIVP128F932949D,Weisses Fleisch,Rammstein,,spotify,0ydEdAQOjO1PuHCqpmTUx8
TRUOTMW128F1479977,I Don't Wanna Stop,Ozzy Osbourne,,spotify,01YzcItTGN5Y5Rr2KgorIT
TRFUBHZ12903D02668,Be Free,Papa Roach,,spotify,02QPEJna3GZFnfvHfCHhB3
TRCGJLD128E07937C4,Jesus Christ Pose,Soundgarden,,spotify,0NJI26ZttcvWINF2Q7t3FL
TRXOHPF128F92D541C,Laichzeit,Rammstein,,spotify,0XsmlTlS5gHgUfkcQUAtCZ
TRYMMAY128F930277D,Ein Lied,Rammstein,,spotify,0e8RlsROQNiVTRt2dUHbn0
TRLRNAB128F4298744,Intoxication,Disturbed,,spotify,1hc2ltweZ6gf3HutLYs1WH
TRDUVCC128F92EB53D,Out From Under,Incubus,,spotify,34b2Tqg9bT8pqFmWCghNgT
TRYEHTY128F4259F54,The Drapery Falls,Opeth,,spotify,0FVvKqNUIRUWA5diLoaqMn
TRFAVRL12903CE4908,Not Listening,Papa Roach,,spotify,05CXWJVR1c5sXxO2MqJaOe
TRXLBZK128F932A331,Ladies and Gentlemen,Saliva,,spotify,0HRhpkHEM9VzBL7TQBDJRk
TRKCDET128EF356AFB,Ascendancy,Trivium,,spotify,25mSOE3LW1IREKGhSeRUVx
TRLWQXV128F933159C,The Sound of Silence,Disturbed,,spotify,1xOSJbv6ZGy1OQbWCeZXAB
TRGDDAZ128F422F145,Maggie's Farm,Rage Against the Machine,,spotify,0am2iOXfuPTVwojj7EMA0j
TRBOQTL128F1482A6B,Build a Bridge,Limp Bizkit,,spotify,00MhNWorvxbSCIRnyrnChH
TRDSSUL128F423A776,Indians,Anthrax,,spotify,0axL0liaxgESwKwPLsPyzS
TRFWIGT128F147CC7B,Better Than You,Metallica,,spotify,0S9cx87cr7bDxutGwfxp5k
TRHTRMA128F9305C88,Rammlied,Rammstein,,spotify,1jBL8PB3CqDYjR0luCpX00
TRXVPNX12903CDF594,Hole in the Sky,Black Sabbath,,spotify,0hb4TozBaJJ9MXTezi3Bv1
TRMEKAO12903CE6BA2,What Comes Around,Ill Niño,,spotify,0H4j9E2ShdPaJHJXWFuu3x
TRXSYTD128F42860B3,No More Lies,Iron Maiden,,spotify,0VrF3dbfkJ8COUQsItZ960
TRNIMFC128F4291CA0,Bullet Ride,In Flames,,spotify,056HjBAPCbV8ph4R8BBHun
TRFRBBV128F42AD044,The Faded Line,Lamb of God,,spotify,1kPbgEAGrsC7LhdYPdoWZ5
TROKCVJ128F92C4D49,As I Am,Dream Theater,,spotify,27vvtjfuOGiXPRAxm3nDOM
TRGGYEB12903CE3AC8,Neon Knights,Black Sabbath,,spotify,00SJU4q9YlDMbOWnmL2kJH
TRLPJGM128F4266EE9,Revelations,Iron Maiden,,spotify,0gGNoKCah6X0ndSnkuoGCF
TRDKILY128F147CC86,Sabbra Cadabra,Black Sabbath,,spotify,1OeorVexvWzr5ydkSknoYp
TRLOZKT128F932781F,Bleak,Opeth,,spotify,0dKGOy9DEW1UwhHYgE3Lyz
TROLDUA12903D0617D,A Place Where You Belong,Bullet for My Valentine,,spotify,1gg2pjLIkcxSnNfGORJ0u5
TRFRJVB12903CBF7A7,Darkness,Disturbed,,spotify,4CCL7IrBit93f4CRZwTo7e
TROKNXI128EF35224A,Hearts on Fire,HammerFall,,spotify,04S4HvtGSD24QVUwR9a4Wm
TRLAIMM128F9336EFD,The Virus of Life,Slipknot,,spotify,23rh8RLJIZ6UTjWc5ta8zh
TRIOAWC128F145AA83,Stargazer,Rainbow,,spotify,04ksbQLvTwR98ogfzV63kR
TRJQYQI128F421CAFA,Got The Time,Anthrax,,spotify,0R9OShtOw1toXCP3SlguE8
TRFVHLD128F9326949,Flood,Tool,,spotify,1ZzzgXjX1bHroTSMoShdMe
TRXHJPG128F92F2FD1,Sixpounder,Children of Bodom,,spotify,0fW0odLNNLGKpYKSoZXj5j
TRBEHMH12903D051D1,Hush,Tool,,spotify,1icudzJCEUyjOVYzw7emST
TRCUPIR128F92E8043,Mistress,Disturbed,,spotify,2Qf2U03AGLRIePQpWGvjaG
TRQGFHN128F428643E,Gehenna,Slipknot,,spotify,1Xc5je0OAbXF8yhtXhdPEW
TRYRJRM128F92F2FD5,Angels Don't Kill,Children of Bodom,,spotify,11pNfFYMPLxm4mSSmqfZFA
TREJJTG128F92D541B,Herzeleid,Rammstein,,spotify,0cZHclpQ3J14RkmVf6fiLS
TRLKKIU12903CC2EF2,Buried Alive,Avenged Sevenfold,,spotify,3na6z9HhF2G6NSMpL9sr4f
TRUIINS128F4253698,Stone Cold Crazy,Metallica,,spotify,055mqGpsMTmGIiAdt5ybHr
TRNNAHF128F9327343,Goodbye to Romance,Ozzy Osbourne,,spotify,0gZLyvdN0hmmtGNLeYcP1H
TRXUVJK128F934B383,94 Hours,As I Lay Dying,,spotify,15CMg4cuOapjuF8IGzGFt2
TRIOKHZ128F930D3CA,Iron Fist,Motörhead,,spotify,04vTlRJluXlK7rWGgwaLPK
TRUTITH128F42807BE,Pistola,Incubus,,spotify,2lPXdX3z7Ne5dE9KRN64aQ
TRZUKVM128EF364452,Closure,Opeth,,spotify,0hF30hdCIcjXmd8gamwOYU
TRJUCGU128F933DE4E,Trollhammaren,Finntroll,,spotify,0bSAPnY0uCfqbmMjTARHUj
TRVZLCF12903CF8743,No Life,Slipknot,,spotify,0zy365BwajyyRj9NR3FVOU
TRRNTML128F4290FF4,I Am Ahab,Mastodon,,spotify,0gr97EET1vP85jcFESMYRK
TRCUNQV128F4253DCF,The Poet and the Pendulum,Nightwish,,spotify,0ey9acsBqXsJgJs8lRD9VB
TRLKQKC128F92E8987,Night Crawler,Judas Priest,,spotify,0bquH6Y2PCqxzhraggWJGX
TRYJXVQ128F42ACC7A,Hard Rock Hallelujah,Lordi,,spotify,00sGfRuZMyV6OJyldJCABW
TRAIEII12903CCC2FF,The Mirror's Truth,In Flames,,spotify,0EldETXFNtnk9D5g4oU2Yf
TRAEHXB128F422EF3E,Blackwater Park,Opeth,,spotify,0YGSSc3S6NGjxGCBDYZign
TRYICDY128F4258485,Never Say Die,Black Sabbath,,spotify,0voEYcjeouXLrllsaraR0R
TRRYYVR128F145ACE7,Lucretia,Megadeth,,spotify,1n538MfKDtkS4GTAaWN25H
TRLLPGN128F149DA56,Faceless,Godsmack,,spotify,1vEz5NoKUuKYgkxtHNFSbQ
TRTAMNT128E07926F7,Demon Speeding,Rob Zombie,,spotify,19OfB7USxA0csefgDPSvf0
TROTOSQ128F4247DEE,Looks That Kill,Mötley Crüe,,spotify,06ue2rNzIqlUqqo927O9hE
TRSEKBG128F148D0BA,Mudshovel,Staind,,spotify,03NksNNHSfqReLLxUjjurs
TRFGNPS128F423BD2C,"Silent Night, Bodom Night",Children of Bodom,,spotify,0fu5mCOe7Q0ctuad8kLDGR
TRPPHSB128E079249A,Antichrist Superstar,Marilyn Manson,,spotify,1NWMC4U9iHhQVpthY7dALq
TRDPOXT12903CF403D,Astronomy,Metallica,,spotify,0XbzWmeRdsFWhLiOwhdvLq
TRACPOT128F92E9E61,In My Eyes,Rage Against the Machine,,spotify,0R7mWZ7esL4nA5MGyvQGFU
TRJOGZV128F9320F64,Deep Silent Complete,Nightwish,,spotify,0d2b01MpijgFCOFsEammFN
TRAERYC128F422B9CE,Re-Align,Godsmack,,spotify,0dBea34lhm0Kb78RNWKf2m
TRDSEXL12903CBE259,Your Decision,Alice in Chains,,spotify,4oI2qtjY1QHJ7NpYuid5KB
TROWSDV128F426B42C,Last of the Wilds,Nightwish,,spotify,0hwQsVzpbuiVeWVj7whqKU
TRIQZVB128F4259D8A,Turbo Lover,Judas Priest,,spotify,0lY61TGzUxPtkIlbPlCcTb
TROJRSR128F146394B,Path,Apocalyptica,,spotify,1JEqps228PPTizpJxFZlST
TROQOBO128F424839F,Fixation On The Darkness,Killswitch Engage,,spotify,03ZUGyhlurcpeRdBO764Ar
TRLQZZX128F425241E,Bodom After Midnight,Children of Bodom,,spotify,0dG8yQ4JKakJ1fnexeFOjJ
TRUKSEI128F930A7E6,Bomber,Motörhead,,spotify,0nOU7Fc4E4oWeYthUa4sBT
TRXEXCV128F428E7C4,Poison Girl,Him,,spotify,0lDPQHS656gbqQEnmAgxdu
TRCPRSQ128F426B2AD,Metal Gods,Judas Priest,,spotify,002NUsuHB8jbAv6xdCVnwM
TRGZFRJ128F147CC7D,Carpe Diem Baby,Metallica,,spotify,3hdqA3Hz6hJvgbbgwAuwba
TRVVHBZ128F930A7D0,No Class,Motörhead,,spotify,0Md0n6aGSCE0RkZNxmt9qM
TRZJBDY128F4293B52,My Sweet Shadow,In Flames,,spotify,0FgoatweCo3JKBo9eNJfRG
TRHKWAO128F92EA2EA,Mandatory Suicide,Slayer,,spotify,0iO6vgRblWY1rfxcOdJRJj
TRFQFFD12903CE3C69,Bound,Disturbed,,spotify,0IkpR21ryq6KusjGcsPlZW
TROLDHW128F426934C,Gangland,Iron Maiden,,spotify,2C2k17dnukaQjlGvYceAoG
TRGWDJS128F1491B7A,A Lot Like Vegas,Bring Me the Horizon,,spotify,21yqbVJHogOrhHpYCr22gu
TRAAYRA128F92E9CC7,Bad Seed,Metallica,,spotify,0cKWKhciVCYNyxFVnV1Y4R
TRIWGTO128EF35257E,Cure,Metallica,,spotify,1P0pdzXISYfv6dxGHiZJiz
TRTDKMT128F92CDD87,Blow Me Away,Breaking Benjamin,,spotify,0f4uspmfANvsVMcqK4whSM
TROQRBI128EF34B3C2,Orchid,Black Sabbath,,spotify,0Wx515DzvhxdrR7yTMdd7Y
TRFNTPY128F9353CF0,Shattered,Pantera,,spotify,1hTmOdxJWP3i3i2tYEHxtK
TRPCZDY128F424D55E,Take the Time,Dream Theater,,spotify,0t8JoPmxcwsWXWcsflNKxk
TRHOEPA128F4259F3F,To Rid the Disease,Opeth,,spotify,1ULG9hTjSfodEu0L0QrGWD
TRAZZKU128E0792493,Great Big White World,Marilyn Manson,,spotify,35yCLD5cLrfP2ARUS2I27c
TRXCICZ128F92F9831,Shoot You In The Back,Motörhead,,spotify,0jV0DJeA46iG8nJW7a2KW1
TRASCSI128F4263B20,The End Of Everything,Trivium,,spotify,1E34jgFvFC7WSpWx1pNn6R
TRFNBMI12903CC5493,Are You Ready,AC/DC,,spotify,0DZqNLsEtGKYYZLasYur4v
TRNBSQY128F147CC71,Poor Twisted Me,Metallica,,spotify,0FangV8FfGcZr8BnOeD4Hl
TRCFPVY128EF3402A6,A Touch of Evil,Judas Priest,,spotify,08hn5vq1XnVmVQI4mfzsXa
TRREAZD128F1494398,Guys Like You Make Us Look Bad,blessthefall,,spotify,57vkmsOPHpYszvKjxCnyTi
TRTRUJU128F1482B74,The Wolf Is Loose,Mastodon,,spotify,0gOH7Ywi75BzGDI8HqOkDB
TRSPWBM128F427893B,Death Blooms,Mudvayne,,spotify,0kYNlv350Od4ovL1OXHTPU
TRWYPIE128E0788E28,X.Y.U.,The Smashing Pumpkins,,spotify,1Knvtd2bSF8L0tloTTosdy
TRJZDUO12903CE4574,The Leper Affinity,Opeth,,spotify,05LJEc2bnARNjI9o5VmbZQ
TRUTAON128F933975B,Blitzkrieg,Metallica,,spotify,0zZPCkSMAECtxBQHWJ0enW
TRXFSHY128F4234356,The Siren,Nightwish,,spotify,0L1rxanQCX4PqL44M31FbJ
TRXMART128F93176B9,Irresponsible Hate Anthem,Marilyn Manson,,spotify,05jbRepxNWyvHvAGyJVLBM
TRIRJHC128F932C329,Killers,Iron Maiden,,spotify,0QEQvWgarZdbsHdmLgAjAM
TRXUTBM128F42772F6,Pleasure And Pain,Bullet for My Valentine,,spotify,01W5V5ldcR16YA7ZVHFLSH
TRUDUAF128F4241C46,Ties That Bind,Alter Bridge,,spotify,0uoOcykMmot3ZqTRVGLRmz
TRXDEUD128F92DD30F,Heaven Can Wait,Iron Maiden,,spotify,0LBSa9RZliyRknqTIXGvCB
TRFEWDG128F42830DD,Needles and Pins,Deftones,,spotify,1oTKnx7AgEhA5wUs3Z8rrr
TRDZLPR12903D080A9,A Small Victory,Faith No More,,spotify,0OCiRTsqCZkGF84weXSPzo
TRYGPJZ12903CFF53A,We Will Rise,Arch Enemy,,spotify,2yl7U0Qv0YmNO3T3vJ3Krn
TRLRNOV128F42BA044,Dirty Window,Metallica,,spotify,0PoEULYHI4hKuQPNA6Aw5u
TRXNNST128F14AEB81,Holy Smoke,Iron Maiden,,spotify,04UAPwQZludpILvq4EIgkh
TRJIDJN12903CB1711,Transylvania,Iron Maiden,,spotify,2ybsG3MHE8drjmmRa8Za9m
TRGBVDZ128EF356AF9,Drowned And Torn Asunder,Trivium,,spotify,2LsIPnH5zWaIO5CLCcKXUE
TRCTMQR128F424FC9A,Sweat,Tool,,spotify,3vjHuVFZGC0Bm2Ud0wNpgs
TRUUBST128F426F895,Comfortable Liar,Chevelle,,spotify,3rk5rdXdF4aXl4ZOmJceOi
TREWGAN128E0781527,I Never Wanted,As I Lay Dying,,spotify,0RAqGFqsW6moDVpJw4ky8c
TRIOBJD128F92D1FF2,Vacuum,In Flames,,spotify,1G1AObjdSEi9hN6DtVxdn3
TRIVLNA128F9345F3D,FullMoon,Sonata Arctica,,spotify,0FFaSW3ywe9ljJgxoQJO69
TRQCOGP128F92E4E6C,The Last In Line,Dio,,spotify,0q9fMVEoou7dZzeMfrRkU0
TRRIDQX128F931217C,Tomorrow's Dream,Black Sabbath,,spotify,0LGcO5Go4OeGxnm1H63AGy
TROKJIE128F92CFCF8,Loverman,Metallica,,spotify,1IOVFYYYPYRkJ4jSZng8sY
TRPCZPE12903CAF5BD,Second Heartbeat,Avenged Sevenfold,,spotify,0Beb8WbTKUTbmtSxLyCF3x
TRDUXCE128F14ADC8D,Bitter Taste,Three Days Grace,,spotify,1ADAZJwkwFpmotIPEMNHPt
TRRIAHM12903D06182,Bittersweet Memories,Bullet for My Valentine,,spotify,02PTdS9L4BFXOtNvyM1ukF
TRLQGYH128F42684BA,Institutionalized,Suicidal Tendencies,,spotify,0knhNQZCAqFYc3wjtlObdC
TRJAHNP128F42670CA,Faget,Korn,,spotify,380Wf8n75zAbU6FmHy5JaC
TRYMLMT128F1467115,Angry Again,Megadeth,,spotify,0imlarLLXFVKE0gEylQfkX
TRWIPHT128F428E7EE,Join Me,Him,,spotify,5DSOfL6i6oZ7hdDj6dOuZE
TRHQISZ128F148CF1E,Die With Your Boots On,Iron Maiden,,spotify,1pYiFNYe9CYau0GzJrx29r
TRBZHVK128F1460299,Dream of Mirrors,Iron Maiden,,spotify,1zzmIfxsL5uxlitaXF1TJX
TRYFYXZ128F148D0C0,My Name Is Mud,Primus,,spotify,288rdMEv0l9LnKpsdqIeiO
TRWUATC128F428922C,Putting Holes In Happiness,Marilyn Manson,,spotify,0ApCAr3BD9cLRvJHMTCrPp
TRXJFXX128F4290624,Sun Doesn't Rise,Mushroomhead,,spotify,0xSPKfb6uamJnPTX6sRWy5
TRILNPM128F92EBA22,Eye of the Storm,Bullet for My Valentine,,spotify,08TzUKLGP9OdQub06Nrq7w
TRLCFIM128F145ACE5,Five Magics,Megadeth,,spotify,0bdmmf6Xx7q9MTArpdCJCB
TRRSVWI128F92FFF37,Different World,Iron Maiden,,spotify,0bvVhJjq7kO4ngEVArWy44
TRFNCMQ128F92F6AA3,Do Or Die,Papa Roach,,spotify,16GosWaIcAYt3qobLXUog9
TRITDQJ128F9351140,Helpless,Metallica,,spotify,2lwpbvLb5l9bPiNJxeJ69z
TRNYBCP128F9366418,Hell Patrol,Judas Priest,,spotify,0Ejk0wbSnHqpn8nBmiKKQd
TRRYQGY128F147C1DC,Our Lady of Sorrows,My Chemical Romance,,spotify,3ynF6ISMLKbsDFa5Gv0hTY
TRGBQWT128F422AF12,Broken Promises,Element Eighty,,spotify,0lXruXAH6FcdZodydtiwsD
TRLNGRM128F147ADAB,Not Alone,All That Remains,,spotify,4aA6TW8CE8Zdv2qurvrAqt
TRJLAGN128F1462B78,Stare At The Sun,Thrice,,spotify,0FXSU5PXzvKl3CpA5h3Hqx
TRDDXJR128F9325559,Coil,Opeth,,spotify,3P0LXXybFHgu2aY1NyGViV
TROTARP128F4259F40,Ending Credits,Opeth,,spotify,0oYY0QKO1ZwAaxeax9RpuF
TRXYFXY128F42BA4ED,Woke Up This Morning,Nickelback,,spotify,0KOlMg3TtMkUjOZRzxSW6u
TRLOQKN128F92E7FA1,Among the Living,Anthrax,,spotify,09afFCw9vnqUJ6sdY8v4Ai
TRXAGOY128F147CC75,Ronnie,Metallica,,spotify,1jSWsQN5YeFnY8nmMsAohO
TRRPHSI128E0792370,Mechanical Animals,Marilyn Manson,,spotify,2NQ4tTjbjTxmWeDIee4tAc
TRFUGNH12903CE71FE,Sidewinder,Avenged Sevenfold,,spotify,3l50RgVQjhZ3b2jGooNq58
TRNMBLU128F934C6E5,Within Destruction,As I Lay Dying,,spotify,0jhylztm9GAKfirjbH936B
TRBIZJO128F4259F57,Patterns in the Ivy,Opeth,,spotify,0e32bSa10C1TRzuJG9QdBH
TRITCEM128F42870A8,Counterfeit,Limp Bizkit,,spotify,04hdOUjHeYZnpJ1cnXujMw
TRWHHQB128F421ED94,Good God,Korn,,spotify,1RUTNCF2KAxHPbNDKAltUw
TRMIVZM128F42670C6,Ball Tongue,Korn,,spotify,0CwfDeYXxE5NAxM1GlJcLT
TRLWNEM128F425761F,2 X 4,Metallica,,spotify,0SwHR5lvAfgI8Z2D6YgvMd
TRFNTAA128F1456AE5,Nobody,Skindred,,spotify,0dt1TQfe3ogBiKmU6CREKh
TRUOWZO128F93115C2,Bodom Beach Terror,Children of Bodom,,spotify,06PWZnJXwdMNm7V86NHqAZ
TRURMBA128F4272AB0,Loco,Coal Chamber,,spotify,0VM6C5PKg6c13eTd6VjdmR
TRGCEOL128F425A7D5,Prince Charming,Metallica,,spotify,26A8IIHFL1Y9GufqR3I65T
TRINLID128E078F5E7,Tuesday's Gone,Metallica,,spotify,1OX2eJLfU0SHLzcy9sv9Vj
TRJAGVH128F933A57A,Dunkelheit,Burzum,,spotify,2nSlBs0xTErrTbtzkLqqa3
TRGBMDX128F9305C90,Liebe ist für alle da,Rammstein,,spotify,28LQt6dudIK2UVPNPlOPZM
TRLICQQ128F42BA045,Invisible Kid,Metallica,,spotify,105mv6XqVQMEUVfPkIeAQh
TRTTJJL128F92D5419,Das alte Leid,Rammstein,,spotify,0nUOhgS27O4MlB9J300g8Y
TRTIUWX128F92F1718,Sucker Train Blues,Velvet Revolver,,spotify,0AicZf4M3VTFS3QZrPm9Dl
TRFRQDL128F92C2E7C,Reclaim My Place,Korn,,spotify,06YeMU6HsxU1wVkbXfXsvy
TRRNXPE128F93318AB,Over the Mountain,Ozzy Osbourne,,spotify,0i1RTnH2Lj5gTDRU5wtyT2
TRGGPJN128F42720EC,Spiral Architect,Black Sabbath,,spotify,0nQlqYS4KAHHXHlZM6V1Av
TRDHVPL12903CAF5AE,Remenissions,Avenged Sevenfold,,spotify,0lAZ7g1JfNyjOAeoP8LQ3X
TRCPOYL128F42734B3,Enter Sandman,Apocalyptica,,spotify,1BAuJnKMYTXoZQNI0gtTKl
TRWUTLX128F42633BD,Romanticide,Nightwish,,spotify,0hvld879s3QydL4FRTKO3N
TRPXXIO128E0795033,Digging the Grave,Faith No More,,spotify,0eikFfci8XUSWQi25ZDVay
TRUHXSV12903CFE3AC,The Sacrament,Him,,spotify,06dkr80Y6KTDcZGvMm0YA1
TRXDWYE128F4246FAD,M.I.A.,Avenged Sevenfold,,spotify,3PrvYgv97s5U752pIpDMNf
TRZTQXP128F92F2FE0,Hate Crew Deathroll,Children of Bodom,,spotify,12Eay0TKggXgaNAKMssXpt
TRSOFPQ128F428FC76,Remember Tomorrow,Iron Maiden,,spotify,6EYGxaTgWqtBFzMmi7Wlgx
TRLJMXH12903CE4286,Liar,Korn,,spotify,2KSaLYsC5rqDDzYOWCglVe
TRYIWQQ128F1487FAA,We Rock,Dio,,spotify,0e4MNcijeRbFCvUG4VoRaB
TRUFWLD12903CC2CFF,Attitude,Metallica,,spotify,1jrL7lxlCompa1OqAQ6xOQ
TRUZHKN128F933ECF5,Deliver Us,In Flames,,spotify,23qWK1Aj9hkrzcESzu7cBi
TRCVDRS128F4257BFA,I Get It,Chevelle,,spotify,2f0GvI4hYUU5IuLeI7nDO6
TREQFJC128F147CC74,Thorn Within,Metallica,,spotify,0EevABTOKroF9GBe1s4cV1
TRLWTFH12903CFECC9,Hollow Life,Korn,,spotify,0FbBTiMe8HEUiru528vFbR
TRUESUD12903CC30D5,Enemy,Sevendust,,spotify,0ca8ZMZmzCad9HehQslH3y
TRASUBG128EF3528E4,Children of the Sea,Black Sabbath,,spotify,1N41Zn5JFaPB2Xu5lHe4Uy
TRYBOKY128F932DB71,Set Me Free,Velvet Revolver,,spotify,0dJMOoaNuTKTezjwEKdF9d
TRGZHJR12903CD7A2E,Moonchild,Iron Maiden,,spotify,0JPxh8nMAXlj54Ce7NyHcJ
TRCSBJM128F931954B,No One Gets Left Behind,Five Finger Death Punch,,spotify,0Dk7UOMmi0x8i66UVs7hkQ
TRDHLOW128F429BA29,Descending,Lamb of God,,spotify,1ggn67S2BEQACIMpnLoFjf
TRBIBGD128E0792494,Get Your Gunn,Marilyn Manson,,spotify,0RMYa9F3c5hMs5958KR9BH
TROHNVE128F92E85A5,Shut Your Mouth,Pain,,spotify,3MIWceQPZK58p3rNaoDU4J
TRSPSWJ128F425E0CD,My Twin,Katatonia,,spotify,0c7MavEgc82uxCgtCb7FER
TRAZFGX128F92D08FA,Sleeping Giant,Mastodon,,spotify,1Ph2EtzV2wW7I4AC2YjoJn
TRPRYXU128F932D5BE,Iowa,Slipknot,,spotify,1VQCAHBRlX2gBHTjopYQlS
TRZHXRJ128F426B426,Master Passion Greed,Nightwish,,spotify,08FAlVmB0r9pInkT3WxpTM
TRALLRR128F934B543,Through Struggle,As I Lay Dying,,spotify,0fmwyv8VP8Jh71e87oCHv1
TRRNXYW12903CEB215,Surrounded,Dream Theater,,spotify,5dz43JZ6QteTXfAtmZbB2n
TRISJTV128F425BA11,Weakness,Opeth,,spotify,02cyShrb5Hanb4OUJnH1Qn
TROVFSX128F4213071,Where The Wild Things Are,Metallica,,spotify,1J43stMxqbTGyVqK6p86VR
TRBYMGB128F4298191,Buried Alive By Love,Him,,spotify,02smPqe1hIy3VQgC6VToRW
TRRZOXO128F42AAFE7,Dawn Patrol,Megadeth,,spotify,4b2GAM5mE3K0btATdsi0UO
TRQIAQA128F92E3CF0,Tallulah,Sonata Arctica,,spotify,0eiS4yG10eYDEK3YoxjRSV
TRNRTQT128F4259F55,Dirge for November,Opeth,,spotify,03buZuYnP6IjQ7B9OaFOmj
TRWQUED128F1482B7A,Colony of Birchmen,Mastodon,,spotify,1P99t4eAEHUqtZgy8PovCA
TRJOHHV128F933B45C,Royal,Deftones,,spotify,08BFm5Pkw9KThqUb0KL1tH
TRXBWTR128F425BD2E,Everyone,Adema,,spotify,18Qupw1GJagjYEFPqTuMsf
TRGTZPL12903CBCD8A,Rocket Skates,Deftones,,spotify,3Ed7xsAoPmVw8YG5cjDFoR
TRUVODK128F92D6BC1,Fragile Dreams,Anathema,,spotify,0Pk9kB7L1PkgwxBVGVi8Ch
TRVLCJM12903CD1EDD,A National Acrobat,Black Sabbath,,spotify,0QRUCaiGJmta8PJst9HdTd
TROKZSP12903CA58E4,Make Me Believe,Godsmack,,spotify,161MNnV8UvQHjPG2b4ZSHJ
TRLJHXA128F9336080,Bulletproof,Five Finger Death Punch,,spotify,1qjNZZ6u5moHbnibBvRmig
TRACTWC128F9305C8E,Wiener Blut,Rammstein,,spotify,08JxNhMdDeknB1vXn8wO9q
TRVBFHW128F147CC96,Breadfan,Metallica,,spotify,022c5r8uXmeaLjJRaCTQdW
TRFUGOY128F425E249,I'm Not Jesus,Apocalyptica,,spotify,0nsNAMswA6U4ov9dWkwLce
TRUHYNC128F92E288A,Deliver Us From Evil,Bullet for My Valentine,,spotify,052LZZEP8BA56afmkhIP8b
TRNHJCQ128F147CC85,It's Electric,Metallica,,spotify,07hjeKq1SdIZscVGKb9DeP
TRAJAZP128F4290FF9,Megalodon,Mastodon,,spotify,1AXg5m5QvvcYRaYHqDt41Q
TRFSSOW128F4291469,Burden,Opeth,,spotify,3EQPwPh40gSn7eqN5d6kta
TROMCAM128F1464D44,Paschendale,Iron Maiden,,spotify,1H6e1dLrpInsZAZnZzPqr4
TRGHZDQ128F42AB224,I Disappear,Metallica,,spotify,2mvoSVZaGO0wnwFcmSQ3m7
TRLPWZG128F423245A,Monkey Business,Skid Row,,spotify,2Wq6hxxhXX9LfOwFVKl16F
TRAKQIH128EF343180,Somewhere Around Nothing,Apocalyptica,,spotify,2oxy1vZqg8c5ybNW8LXNs2
TRCPQVU128F92E723C,Speak,Godsmack,,spotify,11YdJ2Em3Py9iV9bgP93Iz
TROACPQ128E0792372,Disassociative,Marilyn Manson,,spotify,343sMuqjcyp4BA9YFn538M
TRYEFFE128F92FB271,Live to Win,Motörhead,,spotify,1KUVtilSirhJAIXq4FwQZ5
TRXRZRT128F92E634F,Unsung,Helmet,,spotify,0jZyn1UDBXOz4EH9pduXzZ
TRQDYPW12903CCBC1E,Love and War,Drowning Pool,,spotify,0p9d0DJYhlAxhnzMSvG1Dq
TRBNSRZ12903CADA0D,Flat on the Floor,Nickelback,,spotify,0MnumCrZu5JtIIWbbAAJlH
TRKOAYF128F42BA048,Shoot Me Again,Metallica,,spotify,26ThPeBphPhlQzzXjzJ7JU
TRASHDI12903CCDBE7,Love Hungry Man,AC/DC,,spotify,0AhYZAZZ6KCJg3HXByxGFw
TRMINJJ128F934B991,Comfort Betrays,As I Lay Dying,,spotify,4P2nu06xlOvZXaQW6my7Sv
TRXDOWN128F422E708,Nightfall,Blind Guardian,,spotify,2ZWlO8SEYMoMzyZpiuVFU1
TRTWQYX128F14794E7,It's Dangerous Business Walking Out Your Front Door,Underoath,,spotify,0rbmx5DRWkkgZwR2JWX6FE
TRGOUGC128F4253E61,Inis Mona,Eluveitie,,spotify,0ixKguwlrwYTlSSGbpW2O9
TRIQYSH128F426B42A,For the Heart I Once Had,Nightwish,,spotify,0NQfD2KBR4jczB2Q6oSG4M
TRUGYTZ12903CD640C,Year Zero,30 Seconds to Mars,,spotify,4uu7xoxSFgXAG85G0w4RBg
TRZFHKD128F1482510,Land of Sunshine,Faith No More,,spotify,2tSGYU73MwG0rkhNGZly4B
TRCSZJT128F93333E7,Slave New World,Sepultura,,spotify,2JhlnlCN4IZjrurN0o4uFk
TROQZEW128F421CDE2,Lake Bodom,Children of Bodom,,spotify,0gy321RJrL1o09llmGFRsz
TRIPABK128F92D1BD3,Future World,Helloween,,spotify,08pw8x6rCRsrpsBKlzspGW
TRGERVS12903CD507C,Silent Scream,Slayer,,spotify,0x3nAsR2HgtzCFWJyN4eKI
TRSMNRM128F92F5E84,This I Love,Guns N' Roses,,spotify,4f733yeI0AWVpSpS8N0ZsV
TRZLIKW12903CFFA17,Black And White,Static-X,,spotify,1GwiQCsJ0wEtzQTnblUSnH
TRPKRRV128F92E6056,Feed My Frankenstein,Alice Cooper,,spotify,06rlS6vL5AfZzBVC0NQc3H
TRXHWGQ128F145E246,Beauty and the Beast,Nightwish,,spotify,0FZFfAhBaqoazURmvXjN9b
TRHEKND12903CDD722,Eagle Fly Free,Helloween,,spotify,0FL0RG4PbUNDVfuFoZLcdt
TRFYHNG128F92FF15A,Fluff,Black Sabbath,,spotify,0CJnCu4ERQbSoafyNovcBE
TRFRTIU128F14922FB,Numbered Days,Killswitch Engage,,spotify,22cAnwS1rRKx5mg9As21wR
TROYORO128F92EA2C6,Expendable Youth,Slayer,,spotify,0DOduvWProhGVIavSfkf7x
TRGSGGU128F9341A28,Kingdom for a Heart,Sonata Arctica,,spotify,0eqaHDxdKqx6UcROnpM62r
TRPDWYO128F422EF38,Face of Melinda,Opeth,,spotify,0jRa6d8oOKZXV2tZEP8qn4
TRUDVAZ128F4290FFA,Naked Burn,Mastodon,,spotify,0zXG7Elg3khEZAB2x5Z0Qb
TRUFPXP128F422CC1E,Jailbait,Motörhead,,spotify,0DAxBFwKATCBNSJQDk6osQ
TRXFIUW12903CCF71D,Medicine Man,Pantera,,spotify,4TkGSUMbcruxipZrFzcHP6
TRGUCZF128F429B08B,Metaphor,In Flames,,spotify,0jwEyGmkr30avgQRyks0T3
TRXRCOR128F92F7631,Live Wire,Mötley Crüe,,spotify,06EC9TibZK2mACTZ2usK1h
TRFNYTT128F428B7A5,Betrayed,Avenged Sevenfold,,spotify,0aj1vjPhHLrPYNVlfuw5s4
TRRVNWG128F92FEE12,From Here to Eternity,Iron Maiden,,spotify,2hX3sLTIBSDiUhf4RhSayK
TRYEFOB128F1496AF9,Dying Breed,Five Finger Death Punch,,spotify,1LWhQh64LN7Zy5GxowpXSN
TRPCREI128F429106F,Ordinary Story,In Flames,,spotify,0wYwqyMe3HLbbQyQCOEIOq
TRFNTIH128F93292ED,Disconnected,In Flames,,spotify,00txhJJySbnXk1yw8kJB7C
TROHOBE128F93467AA,Denied,Sonic Syndicate,,spotify,19Aeco1Swyw6ozpQwD585u
TRUZHOA12903CD2462,Mirror Mirror,Blind Guardian,,spotify,169CBetMWDXVOcfhDzLIcZ
TRLIHKL128F92F5E79,Shackler's Revenge,Guns N' Roses,,spotify,0eE7uuITRbFPG6NDKmPFUJ
TRURQYO12903CD191D,Medicate,Breaking Benjamin,,spotify,0dB0lZbMll1A0N13idPBG7
TRJFCJY128F145447F,Throw Me Away,Korn,,spotify,0TsBgy01PATCWDzuHqA5vG
TRHDWRL128E079533D,Ocean Soul,Nightwish,,spotify,05b34gL3G4EiuaLVHchfNz
TRUIZMA128F932733E,Hellraiser,Ozzy Osbourne,,spotify,27LkTGguzWUIXPsaMDDRdR
TRRLJNT128F421CDE6,Bed Of Razors,Children of Bodom,,spotify,07hg2YJUkPmDFpNZCuhRHi
TRRKJQH128F930473E,Strange World,Iron Maiden,,spotify,0AX52bMjLO7Agd4raz64dy
TRUIXHZ128F427EDBD,Starless,Crossfade,,spotify,0JPlgRBDGRteFR8G4FeCG5
TRDKTRW128F1480A28,Crystal Skull,Mastodon,,spotify,35lJQxsB1DhGb5CLfAULcl
TRAJUQS128F933C5A9,Blackbird,Alter Bridge,,spotify,0aD1Hcw038ll6jYBV7OPy9
TRGOYNF128F426A72E,Perry Mason,Ozzy Osbourne,,spotify,11tyBDIrnZq7CefDda17ti
TRCQOFD128F428AEDD,Hate Me!,Children of Bodom,,spotify,0gppbZNR17uXtJkoFVe7hn
TRJCWWB128F429106E,Embody the Invisible,In Flames,,spotify,06Ouzc2wegclCYzIFFbXHp
TRGFQJQ128F9305C91,Mehr,Rammstein,,spotify,0dXB00E1Pv9ARDjCPC5JDq
TROEDVL128F428649A,I Will Be Heard,Hatebreed,,spotify,020KeD2fwlS3H7KPRHyvWm
TRPOTDA128F14683A3,Last Cup of Sorrow,Faith No More,,spotify,1a3J9lOjkABJCum4JixubK
TRGFARO128F42BBC28,In Joy And Sorrow,Him,,spotify,0H5fgOZ8nHUkVR0mJzPSgp
TRZZVEJ128F421805E,Purity,Slipknot,,spotify,3Lkm8fyUksuC8hr9I35nio
TRBGZDT128F4268555,Moonshield,In Flames,,spotify,0W9eeRXMkQQ1UrnqEnfmaO
TRVFLJX12903CA81A0,Kill the King,Rainbow,,spotify,0t5zA6YxnqnHpVfzmG3FDn
TRYPYAE128F426F8A4,Forfeit,Chevelle,,spotify,2uz3MkKtEEsOGHTHjovyMD
TREAHTJ128F425CA9D,Floods,Pantera,,spotify,0zoaArwKXhLavHwT569fpF
TRAGDPS128F145F8EE,Seed,Korn,,spotify,1cJBsPHXC7ZcMKNElqYiKT
TRZMLSV128F9305C8C,B********,Rammstein,,spotify,2fKyVXrtvFkqv5lVPf1UXa
TRXRDYV128F92EC270,Deceiver,Disturbed,,spotify,1xGe3qZDbkFm7wauLtUhaH
TRCZPLD128F424E8E9,The Wait,Metallica,,spotify,2GNsDkUXo7qnkdW1g3hMDx
TRMBEUV128F9306B0E,Let's Get This Party Started,Korn,,spotify,1wVFmZMqpjHfR6t1nmyhgZ
TRXSDBB128F1488A86,Freaking Out,Adema,,spotify,0nKQ4VcEyDZtyTKa9TSWTW
TRSCNAV128E079249D,The Last Day On Earth,Marilyn Manson,,spotify,2EiuYccNyNhk73GPC7OZzN
TRKHNEY128F9318713,Blacken The Cursed Sun,Lamb of God,,spotify,0xkcQ97bgUaKW2dr2YAgMR
TRXHQJE128F427A417,Crownless,Nightwish,,spotify,1nQznCg50JgVR0uQKqtddV
TRTMLPI12903CE5EB4,Deathblow,Deftones,,spotify,09QuitJuAP87RoBSpiCXPs
TRHMQFN128F934AB18,Hell Awaits,Slayer,,spotify,1hS8sLbyN7fatJKwaPFdXd
TRDKMOB128F426EB0A,The Comedown,Bring Me the Horizon,,spotify,1DMO4D0DJvx4rRR7KS7kvy
TROLHHT128F92D967D,Free Fall,In Flames,,spotify,0hx3oAzWFY3n7xsTssPkKn
TRHTZBY12903CAF5B9,Eternal Rest,Avenged Sevenfold,,spotify,0Zncz7o9edAoRFDvHNXikz
TRRLBTA128F4259F56,The Funeral Portrait,Opeth,,spotify,1MEZ4IrjQSZTeMgneKDAVg
TREUNFY128F4293B50,Touch of Red,In Flames,,spotify,0TnVICTki2jZZGL8UKyc1I
TRLLDED12903CAD10F,Beware,Deftones,,spotify,2ASygm7048ssav4ekbehPS
TRXEOBG12903CCC15F,Stay Clean,Motörhead,,spotify,0u3fWWaOxQem0s75ijcu3z
TROMGCB128F1482511,Caffeine,Faith No More,,spotify,2KnGlDWxCmhCSbNHA4Dh6c
TRBNIYZ128F9305C92,Roter Sand,Rammstein,,spotify,0UWmNPI7CCfHfrVPtm8oZU
TRMDWEB128F147CC92,Crash Course in Brain Surgery,Metallica,,spotify,1BR5jNnh5cUxY9UNKigIMS
TRYJEYR128F4290FFB,Aqua Dementia,Mastodon,,spotify,03Gs3eAOlUkCJIsCX63qhD
TROHODA128F932BCBF,Monolith,Stone Sour,,spotify,08uQEhs2dHGS9Di2kknhsi
TRCZTDG128F427B981,My Girlfriend's Girlfriend,Type O Negative,,spotify,3yubyWatnRRLHkIsN1ZI2Q
TRMEFNM128F932000B,Bloodwork,36 Crazyfists,,spotify,0Ny7SjW4sBXUxZCNwsSYgP
TRCVPYU128F92DFC6F,Your God,Stone Sour,,spotify,1affmqYEiocPZE44XCitpo
TRLOTLD128F934CBAD,Welcome to Hell,Sum 41,,spotify,0BpXphffrxEiNd3T94G7Xl
TRBUOEG128F4262ED3,Dogs Can Grow Beards All Over,The Devil Wears Prada,,spotify,1IQzj4xFzGaTVTwCRYepqG
TRYXSYD128F92E1219,Be Aggressive,Faith No More,,spotify,0Sfk1QExFuLAcQ4UbZ8NHu
TRXRHGC128F427905F,Begging for Mercy,Bullet for My Valentine,,spotify,0BUjjdA51vxk9YpOntg75u
TRREMAP128F42983BD,Heartache Every Moment,Him,,spotify,0pcNEJsxMxlVZjhCE5ERgr
TRLKSXQ128F93321A2,Celestial,P.O.D.,,spotify,0sEqMuNKjOt0MQH8We8qd3
TRPAACZ128F934B13E,Next in Line,Children of Bodom,,spotify,02E3MfagXvXmiDTFKR9Aeh
TRNUXUA128F4268105,Stabbing the Drama,Soilwork,,spotify,0BzXQLBxjxOSTpqHa0tBvB
TRIMYRV12903CE23DE,Intentions,We Came As Romans,,spotify,1DAAJvYvoyB47sVueHN6Fc
TRHVKLZ128F92E2895,Forever And Always,Bullet for My Valentine,,spotify,03IARX7s1aJZlDDvn8mJ2Z
TRVNPJJ128F93240B8,Thumb,Kyuss,,spotify,1m5rEIJPjgEJYEpoVkftII
TRDJJNE128F932020A,Dragonaut,Sleep,,spotify,0jIIaHAuy4p0IgH044rQxq
TRXOWMC128F1488F22,Please,Nine Inch Nails,,spotify,5epKynfAIlhV7ratw8qRGH
TRFWOVW128F92E4D14,The Air That I Breathe,All That Remains,,spotify,38GYSsxtT09rJKFHnbgyMI
TRFQRNX128F92E2103,Declaration,Killswitch Engage,,spotify,1YT8JzFfArG3gI3ZywMr4T
TRHMMAG128F931ACF4,Sleeping Village,Black Sabbath,,spotify,0Had26EYIfPuSIxhnzoeen
TRCXRSQ128F92EF5CA,Unbroken,Killswitch Engage,,spotify,5PU6F7feSaAPhvSv4GbQLP
TRUOJAH128F427D085,Idiot Box,Incubus,,spotify,39oaU8SE4GA1dOjkNr3kCf
TRZGJLP128F423B8E2,The Baying of the Hounds,Opeth,,spotify,4JIfgJkxaWu9I2gdNR3wi5
TRYWNTC12903CD2E5E,Lady Evil,Black Sabbath,,spotify,0Y2RpzSDHpLfWCGOzs0An2
TRAPCHT128F4239830,The Deceived,Trivium,,spotify,0BXHGOs401kof3HxHp6JfE
TRCQAZW128EF3439E5,You're Ever So Inviting,Underoath,,spotify,1AmYPVyFDVJVXsbhC8gdZm
TRSFTFR128E078DF66,"No, You Don't",Nine Inch Nails,,spotify,4vnsX60hwK23FWXEA823yY
TRXAEBR128F423BF4E,Porcelain Heart,Opeth,,spotify,1R5YxfYGvdvUDNqyJI61mv
TROUVGA128F145BC90,Rock of Ages,Def Leppard,,spotify,1Zq4NhdZi7FDBDQt8YIkvn
TRHAHYR128E079388D,Demonoid Phenomenon,Rob Zombie,,spotify,0bNHIb6bjevPsRPWz3l1no
TRUDLZP128F4294779,Revenge,Papa Roach,,spotify,0MWotZxNMXVCHPjkTszmMw
TRLJNLE128F932F407,Purify,Metallica,,spotify,0HZpiUtrwCqKChQn0x6Bqy
TRXIPIB12903CE5921,Absolute Zero,Stone Sour,,spotify,0sSDB2zbgmgvOkQy1tJrnv
TRKEJDP128F4246AE3,All Guns Blazing,Judas Priest,,spotify,0epc1FabgXjf3741kckkG6
TRRLVGG128F4285114,Right Here,Staind,,spotify,25xySeD842UonszGrUumzc
TRIVZXF128F92EA2C1,Aggressive Perfector,Slayer,,spotify,0JLak7O4aDhr6WWqLSMI9h
TRLZCRH128F422508C,Stillborn,Black Label Society,,spotify,2vpGnMz5D7fxdsmsAO8VOn
TROKFUS128F92E399D,In The Air Tonight,Nonpoint,,spotify,2GV039LpIeFtgTKKIZPrf0
TROYHAW128F1452C84,Feel For You,Nightwish,,spotify,0TTI8Y1JfsuQuWFTjttzV2
TRAGZMX128F14AE259,Lord of the Rings,Blind Guardian,,spotify,02ng2dQRTp9xynWifWCXlu
TRIUUKC128F93044CC,Everything About You,Ugly Kid Joe,,spotify,0FCwsq7L4uI1hNSt7cm14x
TRAPJEB12903CC8818,Pathetic,Lamb of God,,spotify,0PbiMybun6FwTDksIufZNJ
TRSMALV128F4291366,Symbolic,Death,,spotify,0dpFb4qv92TE9R00Lq4SAW
TRQNJEP128F42911AB,Square Nothing,In Flames,,spotify,0ETpiFmpbgH61Qd6JMgDn4
TRDGNEK128F92CC87D,My Land,Sonata Arctica,,spotify,1gwkdzOjGYeM9DjlG19QQc
TRCKIZI12903CA92C2,Higher Than Hope,Nightwish,,spotify,19vcLgttlComJbyFlGaQzm
TRDFBCY12903CEA7DA,Immortal,Adema,,spotify,4pawqkNZXTbqrYAd0I5Wtb
TRJTYIP128E0799043,Punch Me I Bleed,Children of Bodom,,spotify,1LSRNFtURHHK7YtzJryklx
TRABLLC128F427F42F,Pushing Through,Mudvayne,,spotify,4hvq2Q3Ykt1pEsk13E25Se
TRZERPA128F146029A,The Fallen Angel,Iron Maiden,,spotify,2641HNWuL86b6EE7jeUQEl
TRDDOUP128F9322396,Flying High Again,Ozzy Osbourne,,spotify,01OwSCv8vO6KYRrsvsumjC
TRFRAEO128F4279C87,F**k the System,System of a Down,,spotify,0uvPnGOwcaUNT6gwJF98wL
TRUINSF128F93481A8,Vodka,Korpiklaani,,spotify,0Wlbd7j10q6M4Mq6Z6RFLD
TRLJPOY128F422BC6D,Farewell,Apocalyptica,,spotify,02TShhsPZd23lZjjZdWphN
TRFRQXT128F93518C4,Dead Skin,Crossfade,,spotify,0UWNFXDtA308RPlo1gEsu8
TRDMJHM128F42783C1,Doctor Doctor,UFO,,spotify,0dmU85eEmy5pumLc1OSpUX
TRNYJWD128F425BB56,Blood Of The Scribe,Lamb of God,,spotify,2nGot8BOz025gbe5VzMVB4
TRXJBNP128F4259093,Quintessence,Mastodon,,spotify,0Yoyy2IqDpEmmVJW2JcnQW
TRBGMGC128F4293B53,Evil in a Closet,In Flames,,spotify,29N9t8twL9zC6k1sLE0x5q
TRRJGQU128F934B53C,Meaning In Tragedy,As I Lay Dying,,spotify,1oe7vtdnSYSh2po2YGkXQ3
TRCKARC128F92EA2C8,Hallowed Point,Slayer,,spotify,1j8DTbVaQcKt2Jfqbcuvoy
TRKWAYB128F930FAB8,Victimized,Linkin Park,,spotify,35jdp4bY3CABKBroODRq7Y
TRLMRDY128F92E288F,Say Goodnight,Bullet for My Valentine,,spotify,1oNnhsrlCauoLS24m9XXNn
TRALWVT128F428C281,One Last Goodbye,Anathema,,spotify,0jfvIwHA897PA4ZH8AhQsW
TRJWAFV128F426B20E,8th Commandment,Sonata Arctica,,spotify,0g5VIFYCIM8bET4FRkC1ca
TRLPYVQ12903CDF2EA,Cornucopia,Black Sabbath,,spotify,1yfHRyFugO5XTLKzfI9kD2
TRJCWII128F92F85E7,Chi,Korn,,spotify,17Plj67K3UT9qtm9TIn0d7
TRXCMYF128E079216A,Deliverance,Opeth,,spotify,1X6H9X787IA9P4JLDkoL3p
TRYRDPK128F92FEB93,Brand New Start,Alter Bridge,,spotify,1CpVkD6xv8veojaE57EX79
TRINJIG128F426B42E,Meadows of Heaven,Nightwish,,spotify,0A97FNqXah8ge4NWjzXnNX
TRRLGZT128F4278EDB,Take A Number,Stone Sour,,spotify,04HTQAHuwrmxljiAM87tbp
TRLJBWW128F147A02D,Kiss and Control,AFI,,spotify,0YHUS0nhmx6AyY7PQSrU0G
TRLLGIZ128E0793597,Caught in the Middle,Dio,,spotify,050iyKkAnUt5wIXwSSqqkM
TRJNFLA128F422B1DD,Take It Out On Me,Bullet for My Valentine,,spotify,0ywWeSH1TAe2bKKD8rnr0X
TRGDCXG128F92E8A2D,Fuck,Bring Me the Horizon,,spotify,1nzUZuuuFxWdRXDZ3VOgKN
TRYEEDV128F422BDAD,What I've Become,Lamb of God,,spotify,5yIRe5ckUUUcZD72rfLAdZ
TRBYSLP128F147CC94,Am I Evil?,Metallica,,spotify,03pJkRoQU8Lrmgc14ffJGJ
TRGHIJJ128F423B8E7,Beneath the Mire,Opeth,,spotify,0FOs9LrYhVGicPGgXvfZkS
TRNTNNL128F4276155,Idols and Anchors,Parkway Drive,,spotify,0oyyPAs3KxAKirZ84fN2PD
TRBBDXK128F4255DAA,Fast and Loose,Motörhead,,spotify,04tiBZXcRPHedCvk6qeHSB
TRDISVV128F92E473C,It Ain't Like That,Alice in Chains,,spotify,0mR4RFHOIlV1hxgxcY1EXp
TRIMBHD128F9347333,I Can't Remember,Alice in Chains,,spotify,0pQYGErTxdVMlEtPMELgO0
TRHKABK128F1462479,Astral Romance,Nightwish,,spotify,0DndyD80WxuSE4H4wqivin
TRZWETF128F14594BA,Counting,Korn,,spotify,0rUcf4OKHKbCAn3upU1IEP
TRYARYR128F9333638,Risk,Deftones,,spotify,0lqHgjNrXmtFroWDqwV1iQ
TROWWSN128F9327F01,The Heaviest Matter of the Universe,Gojira,,spotify,2gIXmnQeZ80BfnSaMuCh95
TRGBLLX128F4294EF3,Unstable,Adema,,spotify,4Jp0AXdk9cOjibdQSfTgcl
TRYJHXX128F428202E,Honor,Atreyu,,spotify,1W8aVgHOjYUIvq6OPxxEnE
TRUFKHA12903CC1BB2,Combustion,Meshuggah,,spotify,0j6uKr9qc4G8o6o69zPEFG
TRDHQIV128F92FF30E,Benighted,Opeth,,spotify,31sCixHTcZyEGjjmKHcG5B
TRSGHWN12903CB04A2,End Of Days,Bullet for My Valentine,,spotify,0GLZVGs54Rt5bN8bG2AR0A
TRSCJYH128F429B5D2,The Heart of Everything,Within Temptation,,spotify,0Lvc0rmZvO1TyrZg7yPamb
TRUVZCG128F92D3151,Nobody Like You,Limp Bizkit,,spotify,1RMgUyKLXxDZdAk2InVhRa
TRUKHNI128F426FFF9,Atonement,Opeth,,spotify,41sSS9PLmI14PGbcuSKZDt
TRINDTX128F93050A4,Break The Silence,Killswitch Engage,,spotify,01y62W25Na3Q9OWOQx7tky
TRXVODK12903D0C786,Heir Apparent,Opeth,,spotify,01cuCwU1LrWzSfKRwTODAw
TRWOZWC12903CFFFCD,Natural Born Killer,Avenged Sevenfold,,spotify,0mO8EwjSCncrmQDafKyjdO
TRYCRQO128F93036F8,Enough,Disturbed,,spotify,0lOonb8Xn49VXJ1Ukb2vgh
TRUDNWA128EF367153,Still Life,Iron Maiden,,spotify,0HJfGdFeCagOkTst1IoJwE
TRIFVUB12903CD9956,Futureal,Iron Maiden,,spotify,0Nlu2gthOFYSRkdOfNsdnl
TRSFHRX12903CBE256,All Secrets Known,Alice in Chains,,spotify,0vQDhuk73PvmaloRibUiQr
TRFPUTE128F93587A0,Antisocial,Anthrax,,spotify,0qV7yHvWd7LJXZlK5mR1Hg
TREDVUA128F42523EF,Warheart,Children of Bodom,,spotify,06MyOpXhAD2IcyH0acLdib
TRICJVX12903D05E53,Episode 666,In Flames,,spotify,08JcEv8ZdUGvKV1ER1qTKi
TRUSVYW128F4247D2D,Princess of the Night,Saxon,,spotify,0rncY0u6VskCUE1dWgrizE
TRGKZEQ12903CAF5D8,And All Things Will End,Avenged Sevenfold,,spotify,0zwZ12ITPdy4eOUXRBvPDg
TRUHVSC128F92E6332,The Hammer,Motörhead,,spotify,05mHZzrqN7SqGCb6I6qjKl
TRLKDFA12903CF1D91,Propaganda,Sepultura,,spotify,1Mc7nAZejtUnvUvKYZfAqY
TRIXHYG128F92FB1A6,Politics,Korn,,spotify,3fNT3shJYQ33uPoXMsBNqS
TRBHCVC128F930CF55,Funny,Scars on Broadway,,spotify,0Sq9hntsUYqMyRFzDLKynw
TRPTIVU12903CAF5D2,Clairvoyant Disease,Avenged Sevenfold,,spotify,13kWkkVhnbUstWIGT1ytmz
TRSDBIV128E0791296,Little Horn,Marilyn Manson,,spotify,12EGCAqtrDJgOm8v51zjZ7
TRCXINE128F93000F3,Last To Know,Bullet for My Valentine,,spotify,1eICGXRVCHMzvAf15N04NB
TRRWKWD128E078EC02,Snakes,Papa Roach,,spotify,17iuNBKTKzijBohcdJknRg
TRJPLBX12903D075D6,Broken Statues,We Came As Romans,,spotify,2kPtfGFPBQj03inB3WnGUs
TRITCFM128F92E0471,I Am,Godsmack,,spotify,0SOA2hMelGGcCibYHcT9PP
TRATOAJ128F422F6A7,Puritania,Dimmu Borgir,,spotify,0EFnFwaz3G23DxkDgi2b5A
TRNARJE128F4282550,Devil in Jersey City,Coheed and Cambria,,spotify,14fcbToPrshMsN1IY8CKvE
TRMJRVT128F1482521,The Gentle Art of Making Enemies,Faith No More,,spotify,2s5eB1seiy3yZqYCdQucXj
TRMHDFF128F425A5D5,Pretending,Him,,spotify,05YAiZB4sgY9jP85xWFVwL
TREENEX128F92E219A,No Sex,Limp Bizkit,,spotify,0BW0O5BthNhAVR3uwvdMW8
TRYPVWN128F9320A97,The Curse,Disturbed,,spotify,0Ml1B4DSSZtUnrhMHeo4Fa
TRIKIOC128F4244AAF,Breaking Me Down,Soil,,spotify,1eRLWovRgruHeE0Ir7GrTt
TRRZQEU128F427A3F8,The Riddler,Nightwish,,spotify,0JViImoqT1IcmFDUBFjKGp
TRXCABA128F4298A35,Drifter,In Flames,,spotify,0jidDKkXAHjBeBJCVccDnB
TRPCEGS128F934D794,Hangnail,Nickelback,,spotify,1mhaEKikfzYgweA7FSHhvV
TRCGOUH128F427A3F5,Passion And The Opera,Nightwish,,spotify,1T18xUEyforKxBv0XEOLM5
TRRORKI128F428F9F9,Back Burner,August Burns Red,,spotify,07xfsuWeREv2Ox2RODkJ17
TREJRVZ128F932732E,Life Burns!,Apocalyptica,,spotify,0AiZAA1pZ5bkoYBJoeS6o5
TRINSRI128F1480179,Over the Wall,Testament,,spotify,0gIRRWJx5UYnBK1d1zUUvF
TRTXLUQ128F9318710,Foot to the Throat,Lamb of God,,spotify,131WgCWlZrgW8LmsB3Z8uT
TRGNXBM128F42911B4,Suburban Me,In Flames,,spotify,05itAebtLM0OTkqUdpId1t
TRKKKAR128F932210F,Well Enough Alone,Chevelle,,spotify,1NxkUxYVMv5LY9rtCIrpeQ
TRAGMVF128F147E68D,These Colours Don't Run,Iron Maiden,,spotify,1HFgUaiCWTP3hlHW1wyiGI
TRCWHMN12903CB062C,Killing Time,Metallica,,spotify,1UfCyD2lZj8tkSqfeLyZSC
TRMCXIT128F4292510,Close Friends,Adema,,spotify,1ryrnmCKMGHOt3Z6LmIRBu
TRXMGOE128F92EA293,God Send Death,Slayer,,spotify,079J1BSRA3foIvOUlRremT
TRVQWTJ128E0799048,We're Not Gonna Fall,Children of Bodom,,spotify,02Y82w4e2fDwb1mgQQc6Ny
TRQLQOO128F14B1451,Scissors,Slipknot,,spotify,0bWKCY2NtQbhGUM6HEKiaa
TRPGLKW12903CD1D55,The Prince,Metallica,,spotify,0lFkFLtsUPSIXUNbX0ehNN
TRPCNBU128F92E69A8,Dream House,Deafheaven,,spotify,6l3A2EWZSOA8LTMmzRCyD3
TRMPKTQ12903CAF5C1,Radiant Eclipse,Avenged Sevenfold,,spotify,0433KsjJElGVGpHumtHuLg
TRXLQOD12903CD7DA8,If I Could Fly,Helloween,,spotify,0a1HrYxn1xfEQURyjT1qqV
TRIZXYW128F93337AC,We Stand,All That Remains,,spotify,1SHurg5UYnSkpBgRu1ADYF
TROKJRN128F14683A2,Stripsearch,Faith No More,,spotify,1NPalwWxvTum9BDNUS8Mcf
TREGASR128F934C23E,Free Will Sacrifice,Amon Amarth,,spotify,0FLN9WgDBztKtKNv0oeprJ
TRXJEIL12903CA9705,Black Metal,Venom,,spotify,0LFHdbvz2Z8bp368ZnkHXo
TRIKJSE12903CCC9E5,Reminded,Drowning Pool,,spotify,0JSq8C5CaMgPxorOvHN4TS
TRYHARE128F92D1602,Road To Nowhere,Ozzy Osbourne,,spotify,08IoPxJMScG6dtI1FeONVN
TRXLEYN128EF34405F,Praise,Sevendust,,spotify,3fXY1GLVF8QmzbTfNTTaFr
TRHFLSZ12903CD1ECD,Don't Start (Too Late),Black Sabbath,,spotify,04uRdFjNLV7U86No0Cmuwc
TRLNVOV128F4221613,Fix,Static-X,,spotify,4c9uJH6fgXqYT3Fd4iSglT
TRXTXBJ128F145E296,Last,Nine Inch Nails,,spotify,037WDybeuOjAqyq5ZPYiiQ
TRRFCSI128F423A71C,Death of Me,Red,,spotify,4itYZFjfHO5VtcSpxmQTCW
TRZBFVZ128E07993C8,My Heart Is Broken,Evanescence,,spotify,0BFYZNKL5hTprZ3LijVKeO
TRADQSY128F425BB59,One Gun,Lamb of God,,spotify,178fHPvgX2zLkHO9g9As9N
TRRIAKP128F930CAF8,All I Ever Wanted,Shinedown,,spotify,0TPotxjBaSlcEuFkH8FjwR
TRCWZGP12903D0591A,Sensorium,Epica,,spotify,3hqCFeuaSOPov7JdWaTjST
TRLOJLF128C719662D,Asylum,Disturbed,,spotify,1wQXrKU0Ry3eAjFbXwGXzP
TRLXCEF128F9304164,The Great Disappointment,AFI,,spotify,2DRA7hWtuL0XTtxOoNdKo8
TRGYXFT128EF343184,Hall of the Mountain King,Apocalyptica,,spotify,1hWK6hL5ZkdIQQCuIzv9ho
TRLFRLW128F1482515,Everything's Ruined,Faith No More,,spotify,2uuLEep2OyG8eAmlwt7cCl
TRMCJHF128F42131F2,Crossing Over,Five Finger Death Punch,,spotify,0U3aP0QocitGhyqIZOfe4R
TRRDSFR12903CDFEFC,Boneyards,Parkway Drive,,spotify,0KiUoLVLRAc6AFOpVMM8Gy
TRMFOGU12903CB9CAF,Counting On Me,Korn,,spotify,08lFemRB8AIdEnLKYILh1u
TRITTQV12903CB4AA5,United,Judas Priest,,spotify,0KaiZ4rax2xqqI9q39n5gR
TRSQEMH128F932DED3,Hatebreeder,Children of Bodom,,spotify,0anuX87OfEEGDb54it7Hzl
TRBZJUP128EF356B05,Suffocating Sight,Trivium,,spotify,2ipYPVN75ae8WNdhvY7JVQ
TRJZKJB128F93172F4,Heartwork,Carcass,,spotify,0NhYR7gyAiBjlHXUUsrEs5
TRGYBFF12903C9AF38,In a Darkened Room,Skid Row,,spotify,215aR1pYT7oSHDAnqTQFIG
TRJWESL12903CE17F1,Behind The Crooked Cross,Slayer,,spotify,2RnWnqnMqBuFosND1hbGjk
TRIMBSU12903D08401,Dr. Stein,Helloween,,spotify,03k0vLKV5NxVV5KECheBdn
TRYIVVC128F931F129,Crystal Mountain,Death,,spotify,0bvtaHa2VbhMyAU5c5tLjQ
TRLSYLC128F934D7C7,Vampires,Godsmack,,spotify,0vplIGZBUsPaq1XpFEZQqO
TRDBVCF12903CA6C6A,Another Life,Iron Maiden,,spotify,1fyqG11nPhdXS1DNgP3As6
TRXFQFV12903D08971,Unanswered,Suicide Silence,,spotify,0xoWbuuHeHgbmsOtgQeNKH
TRUMUKI128F9308AE6,Bright Eyes,Blind Guardian,,spotify,1AnOA3Iif13PSKKfjDIsFn
TRYTQSY128F930553F,Concubine,Converge,,spotify,1ui9EPnCqTurWbYICi9Gld
TRRQUFC128F4278052,Idle Hands,Stone Sour,,spotify,26MVJJ8uU3KGzug5g1AigC
TRMUUKD128F9306B08,It's Gonna Go Away,Korn,,spotify,1rFFglucdJ0EF6lg60NsNH
TRACVQP128F9321509,Heat,Apocalyptica,,spotify,0764mjYO8Rb6dBKF0FL61q
TRVLWOF128F933E724,Diamonds and Rust,Judas Priest,,spotify,01F8SijrZUZQqBTLNtcrHw
TRBCLDH128F4293B4F,Dead Alone,In Flames,,spotify,0ZvvmcySNrb01wAWAqSJ7S
TROEQRS128E078FB3F,Moon Baby,Godsmack,,spotify,0OqqBlfh9Ya6yrKnwswu35
TRRMLJW12903CF1084,Nerve,Soilwork,,spotify,08JLHzHAhRa88RBokNo5wn
TRFPDQU12903CB02F3,Headspace,Velvet Revolver,,spotify,0wKWIZBON6kyd292gQmvDR
TRVOSYS128F92F3B58,She Is Beautiful,Andrew W.K.,,spotify,1wfrvj6DeQYfQ0lKMM5YZO
TRKBRXQ128F934B997,Bury Us All,As I Lay Dying,,spotify,0xuEe5MoJ923IH0Rf0abRV
TRCAYLL128F429E964,Bawitdaba,Kid Rock,,spotify,0f37VQs969vZUL4gVfHRV9
TRVZUCP128F1482B78,Circle of Cysquatch,Mastodon,,spotify,02YSFQqaj2WClCrMmfIW4V
TROHISK128F93663B8,The More I See,Metallica,,spotify,0iEjWoFJLHPBjsV7vk1L8g
TRZDJCG128F93218EB,Sign of the Cross,Iron Maiden,,spotify,0H2vSWDm48TkY7nhUnA9dl
TRMHPDP128F92FD635,Thrown Away,Papa Roach,,spotify,0Y9AmB0es9SFcRJszcSInT
TRJIVWM128F427FD71,Beyond the Dark Sun,Wintersun,,spotify,077oAHUbd6yiqnSpovntw6
TRLPHKI128F425BB5C,Break You,Lamb of God,,spotify,0aaRyvAdK0kU1GceD2aS3H
TRQQDTN128F92F9B18,My Spirit Will Go On,DragonForce,,spotify,05lvlQ30RmunzcXZbSPrTB
TREHYLQ128F9331251,Bulldozer,Machine Head,,spotify,6T5xfC1iWSXttGlq3rTtNo
TRUHHYA128F9329C2D,Denial,Sevendust,,spotify,12nGRgtkjrqb3mvsEp4yKj
TRXUIUO128F4277F8E,Favorite Things,Incubus,,spotify,1AUpFJKo4ZYzHngFU0xZB0
TRRHWTA128F4243D56,Departure,Trivium,,spotify,0RtYoUK6JwYeofPsaPsBD5
TRPYKSQ128F42911B0,Brush the Dust Away,In Flames,,spotify,04Q9rWv6sA8GR34X3Rpd15
TRDQIVA128F428C656,Billion Dollar Babies,Alice Cooper,,spotify,04UKKzK4jq07BVqh5MpZ7R
TRCISLN128F931BDCF,Faraway,Apocalyptica,,spotify,0xfhG6PfbSzUxKxcYMFSpn
TRIDNJV128F92E522C,What You Deserve,Ill Niño,,spotify,2n5urUszs64YCQ63b2ZDrs
TRUQFZK128F425B4E1,This Is Who We Are,As I Lay Dying,,spotify,0NumTseUTQhaHm8yeZanJI
TRBPVNV128F4286472,The Moor,Opeth,,spotify,06DKHdLmMsbiJcqRxMLmfM
TRAFGLZ128F42864AF,Biotech Is Godzilla,Sepultura,,spotify,1oF5nc7p5hVCTfhhkU6S3y
TRAJRLN128F423571A,Dignity,Bullet for My Valentine,,spotify,1FroW9JWDl07pTC3mKFhLF
TRKRBPC128F933379C,Become The Catalyst,All That Remains,,spotify,0e7pB843gEQ7ViGCB3Ww1H
TRYIDKB12903D14CC3,New Faith,Slayer,,spotify,11vFxsjzuxta1RyeOJTCPF
TRFRRQP128F930C6BC,Into the Storm,Blind Guardian,,spotify,5vi9vxYCldutvTGXq3voGM
TRWPTPS128F9345EE9,Northern Comfort,Children of Bodom,,spotify,028pk9nAvZGVIHuLsqTCk1
TRHATNZ128F427F380,Get Your Hands Off My Woman,The Darkness,,spotify,0a8pD243dhPtQkWvpAQpt7
TRMCJEN128E079388C,Spookshow Baby,Rob Zombie,,spotify,1NJbYkBhZhcsAVvabqgo08
TRDDBXD128F4259F6C,Her Ghost in the Fog,Cradle of Filth,,spotify,07NP4cw80msmOjigxKOyMb
TRMFBHD128F93176C0,Deformography,Marilyn Manson,,spotify,2DOkHQCStBG6dGOgvjPKUj
TRCPLWT12903CDA6F0,Metropolis,Motörhead,,spotify,00SasIuB1FEOKZsWB02RUF
TRCXIHM128F4271E62,Divide,Disturbed,,spotify,1MTajBxyoP3uH6q0VkcS3Z
TRJYXPX12903CF2067,Kindergarten,Faith No More,,spotify,2wN1aeMvBIMnxbWNj1xeiX
TRJGRYI128F4267D63,New Disease,Spineshank,,spotify,0WD5wJybBX8vwyC6BbwSAL
TRBOTAU128F931B0A9,Laguna Sunrise,Black Sabbath,,spotify,0nYIvIukJvHKbQQF4IXcxZ
TRTPYHD128F933A748,Wynona's Big Brown Beaver,Primus,,spotify,0euQw5ZxAwQxrMntWPG5jM
TRXPMOR128F9315EE5,Cameltosis,Korn,,spotify,0DYLrDNVkb3PnMcnYTArkI
TRKCPTW128F423051B,Black Sunshine,White Zombie,,spotify,0D7aPFnFa9qIVFpOJ1ZBTG
TRGNBQZ128F930C1B8,Love You to Death,Type O Negative,,spotify,019CU2sSJvo2kLmZBpW848
TRUEFEV128F92D7AED,Transparent,In Flames,,spotify,0VzQYgiu527win4zklOHv4
TRNXXVN12903D01A72,Last of My Kind,Alice in Chains,,spotify,4ayVDEOV4WR10YQ9D4pfxO
TRCEVMY128F9315A0A,Crucify Me,Bring Me the Horizon,,spotify,0m4ksAbXgykdSr45iPEBjG
TRGHUXQ128E0792073,Slutgarden,Marilyn Manson,,spotify,1E2WREVCESrzTHmoEVGcH4
TRAWTGE128E0792374,Posthuman,Marilyn Manson,,spotify,0oRp7VSGRL1MhFcdSzoSDl
TRNUQCB128F4293B51,Like You Better Dead,In Flames,,spotify,157H87YD5iab6N0WX6AEXF
TRHIIGC128F4290FFC,Hearts Alive,Mastodon,,spotify,5ZwXpxkFA2qW0nGCXwpIx4
TRIPJKK12903C9E1FF,El Dorado,Iron Maiden,,spotify,06zl2RXHTaDcPgGfgC9sAE
TRROILP128F9307F1B,Childhood's End,Iron Maiden,,spotify,298HluITt28WG32kKghQbJ
TRLJQEW128F4260D36,The Prophecy,Iron Maiden,,spotify,34tf7GLPLk2E2bpltazi8u
TRAATHI128F42911AC,Clayman,In Flames,,spotify,0Ti8Rm3eTJaFB0jGTjYo8b
TRQTOFR128EF343187,Cohkka,Apocalyptica,,spotify,0LkyIU7VeQqAJ5wHNZ8xqB
TRKSIHR128F424C800,Slaughtered,Pantera,,spotify,2e12JqEeyAsnKCKbOXiDbF
TRRFXBN128F932163F,Tempest,Deftones,,spotify,1parffUcsk8pfGbyMtGnmW
TRDDJVF128F1464D47,Journeyman,Iron Maiden,,spotify,0S2jqsP4C3YEsSXRdjpxa5
TRLMSPI128F931ED80,These Walls,Dream Theater,,spotify,1s8YWgAwKQVzgkptAAlBkt
TRYTGKU128F4291077,Pallar Anders Visa,In Flames,,spotify,07KkqckfVQ1YxiEZ1FfO23
TRTPGEY128F42523F7,Towards Dead End,Children of Bodom,,spotify,0PkGOx7SUWkhVwOEFw4uQy
TRXEYWN128F428FD1D,Lamb of God,Marilyn Manson,,spotify,2qaTmLc1BD1s945p2jFPER
TROXVFQ128F930BD41,When the Lights Are Down,Kamelot,,spotify,2kHhZ63nmJYUL7pYoTpBP7
TRDXPMS128F934B6D4,Rapid Fire,Judas Priest,,spotify,04HU73r9Utf7oU5wUtvKA1
TRCJZEY128F9337970,Just A Car Crash Away,Marilyn Manson,,spotify,0aDxMZTrTlsGsK9qnjSO5Q
TRDLJYE12903CAF5C8,I Won't See You Tonight Part 1,Avenged Sevenfold,,spotify,09QGVKa62ppRji0ZoPma1o
TRFJRJY128F14528B2,Image Of The Invisible,Thrice,,spotify,0QQdZ6p6QwWv3SrAS1Gl5Y
TRLOHII12903CF359E,Final Destination,Within Temptation,,spotify,2Gk0R0MrazuJbPqFYXNxHU
TRVJIUK128F14A1400,Mourning Palace,Dimmu Borgir,,spotify,00XdrMueKMpZs5DrdQrlun
TRQVOSJ128F146246B,You're Better Off Dead,Children of Bodom,,spotify,0dFuSxEhKe9NnOfpmV5cZM
TRUNMGG128F4293B4D,F(r)iend,In Flames,,spotify,0BfiH4PD1kiJju2vHQcahb
TRYVZFZ128E078FA18,I Fucking Hate You,Godsmack,,spotify,0zLLdhJTWeNB8RW7Qv4lNn
TRXOFZL128F932373B,Hope,Apocalyptica,,spotify,4eNeKeTDGgXSW1ScqdPsP2
TRUBCCU128F147853B,Bad Magick,Godsmack,,spotify,22a0EMcNCQaLvDuBKTmAVF
TREEYNO128F427A41A,FantasMic,Nightwish,,spotify,0pjHIgZ2kdS1JXg3Fwd9M4
TRWDFCQ128F1482B79,Bladecatcher,Mastodon,,spotify,0BQD80iotFKczzh6QIL2fk
TRGKKZJ12903CD13EC,11th Hour,Lamb of God,,spotify,05WgdMtYltynFLANBIklbH
TREHBUY128F4280068,Everything I've Known,Korn,,spotify,0uGAJ5BHl3EL7soylKyoal
TRCVITO128F932F2C3,Harmageddon,Apocalyptica,,spotify,0YVmmNYiTkQa1Ydz5bEmt2
TRRARAE128F42911F0,March of the Fire Ants,Mastodon,,spotify,1KcVOoLXfpbadmBz0HkJ1r
TRPLHEC128F934AB1F,Evil Has No Boundaries,Slayer,,spotify,0NFTDgHG43h75kcanbfg7l
TRULNQL128F424E121,Leaders,Katatonia,,spotify,26wkNVQB8EsByGEUXCwWly
TRNFKBM128F422EF42,Demon of the Fall,Opeth,,spotify,0ufO0cELkiWVWWwzYlVwhD
TRQSGGU128F9320EE6,Empty Hearts,As I Lay Dying,,spotify,1DdH0qwPnn0b3kNOByhtWX
TRXJOVA128EF3412F3,Separation,As I Lay Dying,,spotify,0aZHdyVOAVrmI4hONeMmGf
TRXZXHG12903C9CC69,Don't Believe a Word,Thin Lizzy,,spotify,0kN4JHgF4LNPAPxEU3GdoX
TRFGHXU128F14A13F0,Artifacts of the Black Rain,In Flames,,spotify,0igVNTkmk2TJNB4HDL10Dk
TRJZAXN128F93176B5,User Friendly,Marilyn Manson,,spotify,4QGOjRXKxR2RF8X7TFHp2M
TRLLGCK128F1496E85,All Night Long,Rainbow,,spotify,0JJ1OGwIb6AaH1HY82Rpia
TRRTLII128F422B9D6,Shine Down,Godsmack,,spotify,0ooKUdiWsAXKf1Fm8T6Vcj
TRFRPZV128F424FAA0,Worlds Collide,Apocalyptica,,spotify,05YirMorPz7Zq3PXtgjLAm
TRFSSNJ12903CE89F2,Purgatory,Iron Maiden,,spotify,2E6ScdmWeLZFCh3WODhpo6
TRXEQWV12903CA6EB3,Gypsy Road,Cinderella,,spotify,00cW9oLpEUPdYkMLq1Zcw9
TREKEJO128EF3569AB,This Time's For Real,Ill Niño,,spotify,0D4CwIp2VfygRyCkQAZR9m
TRMWNXN128F4280063,Break Some Off,Korn,,spotify,0FJLJvp5cdFTRngtbkW3Z4
TRWVXJG128F93376A0,Smokin' In The Boys Room,Mötley Crüe,,spotify,00OyubZNuyM0kbzGO5K6Oh
TRJNPCW128F9306043,Too Many Puppies,Primus,,spotify,00Wb1urBVclA6WdcrmrUxg
TRKBCHZ12903C9DEC6,Dark Signs,In Flames,,spotify,3Q6JOEqDU0NrspMStafQgv
TRSWHUO12903CC4FEB,The Carpenter,Nightwish,,spotify,0ozbxbhUkifqaEwlqzjqS1
TRDRIXM128F9314691,So Did We,Isis,,spotify,2MXr8TAJEQE9CTfWMzjjOx
TRWETUH12903CCEDF1,No Games,Breaking Benjamin,,spotify,3sQ4wd2JsLYaezvtM8wCdE
TRXLXOY128F147E68F,The Pilgrim,Iron Maiden,,spotify,5r3cEqb66fBwoJFqY0z5iw
TRTQLGZ12903CC2590,Last Drop Falls,Sonata Arctica,,spotify,0ArrRb0i0Wz4yG5O38BUTw
TRSFLLX128F932732F,Quutamo,Apocalyptica,,spotify,0tzD6iO1uR914Uf4qaLbd8
TRCZQEJ128F42A8AFD,Do What You Do,Mudvayne,,spotify,0aDE02QIdUKSxmgwjvbTYf
TRUETXM128F426666F,Water,Breaking Benjamin,,spotify,1cWo8yMEYd75pY2Z291qKd
TRLJUJH128F423140C,Nebula,Incubus,,spotify,1Cd2A7vj87jfI1tdfy1TKw
TRWQHRP128F930A761,Damage Case,Motörhead,,spotify,0q4cUHV5RC8iIC6NqFbwUy
TRLLVXJ128F428AD0B,Ghetto,P.O.D.,,spotify,0CVPe2g2QpshyrjImVpLRy
TRCQJOC12903D0C4FA,Bite the Bullet,Motörhead,,spotify,2kNdo4JAmHeDcp2TTfsgtv
TRORUMT128F934B67E,Black Widow,Children of Bodom,,spotify,1D47Gp7J97eqVLU4gKefMv
TRGHHJF128F42BA1CB,Outlaw Torn,Metallica,,spotify,1McNhH5IvGZaj7TKyG095C
TRSHRCL12903D0D10E,Pity,Drowning Pool,,spotify,0E6BP0CoPU3j0OZee8TVR4
TRUDMCW128F428A314,Fade Away,Breaking Benjamin,,spotify,6PkquTvmXuL0BuHqC0nZEB
TRDRPXC128F425AE59,Close To The Flame,Him,,spotify,1viN39zHz5amgtrTgI8uBG
TRUIEZK12903D0A2E8,Ritual,Ghost,,spotify,2dgMVcaZeiCCjZrlyfnGgf
TRWUVDK128F429339F,Blow It Away,Adema,,spotify,00ySPeCW8EOJGBhHiiJtse
TRSFFQT128F9303868,Destroy Everything,Hatebreed,,spotify,0BZwnqZXjmDdRVxAkr1SGo
TRZNLPJ128F425CEC7,Put You Down,Alice in Chains,,spotify,0ZssZfy1mXJJrTf9Nie5rs
TRLMHUX128F9310E7F,Long Way Home,The Offspring,,spotify,0aBCanKG5igTfSQUTAx0C3
TRQIMHF12903CC9BE1,I Walk Alone,Tarja,,spotify,1a3EgQUSeQTZAS44sgZymV
TRFNNPO128F429363D,Fake,Korn,,spotify,0OcZWsn9RPprUpI8UOGEMP
TROVGXW128F92F9B1D,Soldiers of the Wasteland,DragonForce,,spotify,16GZxwOnya42VEXy15XZsD
TRGPSPF128F4283FBC,Hypocrites,Korn,,spotify,1usAIrUw72RVu7TyajNl9r
TREQNXD128F428561C,Victoria's Secret,Sonata Arctica,,spotify,0BTcv3L2bOJrqylcIvRAUK
TRFNVMB12903CD3F15,Insane,Scars on Broadway,,spotify,28eFnRAGGWKrtIocgUlQuF
TRTUSIB128F42564E2,Death Breath,Bring Me the Horizon,,spotify,0bIRyPrOLselZykFz8ko1U
TRYASZQ128F935FCC4,Grinder,Judas Priest,,spotify,01SmlKU9e4efRGlMRVdTms
TRFRDXT128F934B655,Souvenir,Korn,,spotify,5MojUVzRB6i3GiUcolle8p
TRRLIPU128F930FA09,Crisis,Alexisonfire,,spotify,0De8vbRoyTtKHHCToe6g0F
TRKGZRA128F42AB59B,Limbs,Agalloch,,spotify,0BoetA4TRok9FggVr8xpX2
TRHQDKY128F92FA836,Stranger In a Strange Land,Iron Maiden,,spotify,0x6Xa1s0E7PM7jvCCe6BLQ
TRVSGUV128F1482B7B,Hunters of the Sky,Mastodon,,spotify,417UGPevqbXDxur1tlNj36
TRHFCRJ128F1482513,RV,Faith No More,,spotify,0buo0DpfyUYdst3l5nNfbz
TRWOUVR128F93099C3,The After Dinner Payback,From Autumn To Ashes,,spotify,0CO16guUszFfv4OiHI2got
TRCWGJY128F92F89A7,To A Friend,Alexisonfire,,spotify,28OeyGyEqJuTGuopUnqGKA
TRXHEKX128F9327F03,Flying Whales,Gojira,,spotify,1KkxTKJyStNXUNZPGOsQsj
TRLBJAY128E07921AB,Two-Lane Blacktop,Rob Zombie,,spotify,0wwYoF5St5nzOs7kWbGhB5
TRBAHEE128F92EBC71,Motorhead,Motörhead,,spotify,0gSCPuyGkrr8Mb5gH11Pvd
TRABDAA12903CF45CB,Show Me What You Got,Limp Bizkit,,spotify,06r6Ij2cRBWxAC5ag1qpen
TRZZAYM128F92EEC15,Here Comes The Pain,Slayer,,spotify,2UtfzzQhqeOJKM6Lz1e7Cv
TRUVEMC12903CF26F6,Within Me,Lacuna Coil,,spotify,0HR6ddBrrXNeDAPbXepdhF
TRFPIMJ128F4241A72,I Put a Spell On You,Marilyn Manson,,spotify,06aUUZ7lGovXBtwTDwjOWg
TRFSHWM128F934B386,Collision,As I Lay Dying,,spotify,0tnNBASLBWbtQmF5gymU8R
TRRCXIP128F1481996,The World Around You,Papa Roach,,spotify,1RvcesTj1Z173oETUKotC2
TRAECPB128F42B7855,Suffer,Staind,,spotify,0ZPfBfTBhQDuxROuC26nJh
TRKGYPK128E0789465,Scorn,In Flames,,spotify,00Tm6PfWd9e2RmmQ9dX9uE
TRLSIKF128E078DF73,Ripe (With Decay),Nine Inch Nails,,spotify,5JIwlv6JQgQ0gCMQAfiFza
TRTJRHG128F426250C,Desperate Times,Killswitch Engage,,spotify,4hao5QyH9QKXi902ERMQ5D
TRLYOLO128F9335796,The Longest Day,Iron Maiden,,spotify,3X2OQ3sn8AAPc8MtilNSIa
TRKBAHH128F4291075,Zombie Inc.,In Flames,,spotify,0fiRKp9oyfSfcl5aAeFCh2
TRKWWHJ128E0791299,Wormboy,Marilyn Manson,,spotify,15Gvx1TXSNUL9GqZusA40M
TRUQQIY128F14794E9,I Don't Feel Very Receptive Today,Underoath,,spotify,3468bBObKa4GWbrDmTZr1n
TRFHCDC128F92EA2DC,Ghosts Of War,Slayer,,spotify,0pYOW5wvgDaPB4JaeIFARz
TRFOBLN128E0785ED9,Deutschland,Rammstein,,spotify,2bPGTMB5sFfFYQ2YvSmup0
TRCHBME128F42734ED,The Antichrist,Slayer,,spotify,04L9lOhp7odOONQNAlRsyj
TRRHYWF12903CA14CD,Ashes,Five Finger Death Punch,,spotify,0A9MiU5FIFqMJ1JByjNlps
TRKNWGD128F934B6E5,Asator,Amon Amarth,,spotify,00oKXnua88tJwgwFI4TLOu
TRIRZJO128F932B843,Chemicals,Scars on Broadway,,spotify,18joWd9l7xqxTind9or7HH
TRJFCNY128F4265E6D,No Shelter,Rage Against the Machine,,spotify,2qTZMq2MUC20HFGQghNpVF
TRCQYCR128F92E7B54,Dance,Motörhead,,spotify,0W6J4jBFFgfXsVnGxoWxR0
TRALKBG128F1457FCF,July,Katatonia,,spotify,0yibUHQg1ovJ2JIiKs3CBK
TRUKTTU128E07925B5,Target Audience (Narcissus Narcosis),Marilyn Manson,,spotify,03tb59LXjLhCUugXB8djx5
TRXIAAI128F932DDEE,The Mirror,Dream Theater,,spotify,3EGF6ArVdwduo0rGzoRma9
TRWFDTW128F42733F5,Metal Thrashing Mad,Anthrax,,spotify,1n4mWSVn7jv39P4fA4hg9a
TRLTCMF128F147CC9D,Stone Dead Forever,Metallica,,spotify,0DKHIQvWZxbocRQqINf0Vo
TROIFHF128F4233162,The Serpentine Offering,Dimmu Borgir,,spotify,0W0cJikWT0hXWiP4NrNJ2K
TRCRBGE128F1456C98,What Lies Beneath,Breaking Benjamin,,spotify,2DezzC1osZwVm3lxIRlrCe
TRREYKH128F92F2451,Dirty,Korn,,spotify,0ixgKwgFJOKSv7ipUkYQoy
TRZEIHK128F423EF77,Five Months,Parkway Drive,,spotify,21N9kOaBlJ38i4tywzY30J
TRTILOV128F92F2828,Lai Lai Hei,Ensiferum,,spotify,0b1fVeBO4Zi8LsbDhXZDIB
TRJZQXW128F930BD3D,March of Mephisto,Kamelot,,spotify,00KtltI3DwL7oZ3O2fRCMq
TRPWUSA128F92EA9CC,Forgotten (Lost Angels),Lamb of God,,spotify,4RaxPB9SmkjgoMXFexSHnd
TRRWSKF12903CAF570,Darkness Surrounding,Avenged Sevenfold,,spotify,0Fdxu3eP2vsrxqRKbQP2oQ
TROLHQU128F934B53E,Losing Sight,As I Lay Dying,,spotify,21lljWLLI0vIPrco0kQNoV
TROJXCL128F4259F65,A Fair Judgement,Opeth,,spotify,0OJAR5xXhw5ndL92H2SNzM
TRAJOTJ128F428CEF5,Androgynous,The Replacements,,spotify,1YdkOX8n6IIbZgTdQCaI1S
TRDTLSF128F935A677,Conquer All,Behemoth,,spotify,0q8wc7BrpgKIXywftxuHZ7
TRJUDAD128F92E8AB5,Am I Demon,Danzig,,spotify,0d0L8hDrs8l1DMbwfDbXVC
TRAGHAA128F42902FF,The Fugitive,Iron Maiden,,spotify,0Jdtpm2XrdfizubpFxNEnV
TREHBEK128F1482514,Smaller and Smaller,Faith No More,,spotify,0cfIDpcXr8q22YD14ke7nC
TRDHOKS128F92D5428,Küss mich (Fellfrosch),Rammstein,,spotify,0SDkjzWXJLyFzPyUT2DfOJ
TRSWBUO128F4238921,Archetype,Fear Factory,,spotify,7lV769tRG7x53DEQjcgDB9
TRCYSME12903CCDE15,Freewheel Burning,Judas Priest,,spotify,07xs8NQLVR74AyoGxJotUk
TRMCNSM128F4287AD9,Spectacle,Velvet Revolver,,spotify,0hb51Tr2w0FlWzitCRP8Zc
TRDEPZJ128F145A555,A.I.R.,Anthrax,,spotify,0DcPjcEZZ1CLYNRrikmaqI
TRIEODA128F4274EE0,World Long Gone,Scars on Broadway,,spotify,041RTW09J6NS5kihOcEcih
TRXXXDE12903CAE130,My Own Hell,Five Finger Death Punch,,spotify,1OwXPnEDI1XoTp5jy7txrX
TRUDXEG128F9345084,Marianas Trench,August Burns Red,,spotify,08jRL4KHoHjSBx6rdPRMMv
TRZPDAU128F423980C,Spiral,Godsmack,,spotify,0OY1CbYun5t7LE0ZWpCWVO
TRXVLLH128F9314656,The Beginning and the End,Isis,,spotify,1RUjDegRCC3okU8rq3YMrC
TRUEEVM128F9347608,Enter The Machine,Arch Enemy,,spotify,0Uy9XH7ZirwgvXdbBrliLh
TRLPMDV128F92D3E4C,Caged,Within Temptation,,spotify,0N1Cr8gI8uFvWDz7zYDfL0
TRHVPTH128F42670CF,Helmet in the Bush,Korn,,spotify,0tkBqNvOeyo7ZcwDubSK5S
TRLFHHL128F426350D,Tailgunner,Iron Maiden,,spotify,0idub96gW0QTT53Vjqkq1A
TRIZTRY12903CB50FE,Can't Believe,Staind,,spotify,0x8Q7d0dzJ3XAHE7vZLX3I
TRZQTVH128F934B6E3,Valhall Awaits Me,Amon Amarth,,spotify,2yHbrCtbAHsvALOCQ3CKVL
TRFWIMH12903CB56C1,Women,Def Leppard,,spotify,1yhdbUfi8vNyKrRwYdGIPS
TRNALHL128F1482B7C,Hand of Stone,Mastodon,,spotify,23CVktH7y4pl4qUJ43qc3w
TRCRXKD128F9344C39,Freya,The Sword,,spotify,1T5op6xQgD6jGcxll5tY8r
TRIVMOJ128F424D980,Until It's Gone,Linkin Park,,spotify,0Guj9eZRbc6Ef3D84v7DE7
TRBLZCC128F93115C9,Lil' Bloodred Ridin' Hood,Children of Bodom,,spotify,0ggBoZaiEST2BKxyu2czUR
TRXPCBH128F93176B4,New Model No. 15,Marilyn Manson,,spotify,08KSgSoyY7eBLB2cVGwQME
TRCWDFN128F92F6FE5,Still Running,Chevelle,,spotify,1ct5Y7xsM8BzFqAXiUCHZA
TRBSJUP128F1482B7D,This Mortal Soil,Mastodon,,spotify,1ExC3jr6RnSL2js9kWfATj
TRRAMCS128F934B99D,Wrath Upon Ourselves,As I Lay Dying,,spotify,2tFlZsPDbsO8TUJF96wSv4
TRYJCJN128F4293B55,Borders and Shading,In Flames,,spotify,09hkCKdgY9PKlCHH1D5jsT
TREEIGT128F427199B,Ghost of the Sun,Katatonia,,spotify,0OqpxzT0UpycDzJNdzyXbf
TRFNSHU128F93009F9,Requiem,Lamb of God,,spotify,0DxYrFOfiFShTbO2XdFpBX
TRUKYKR128F9314957,Wish You Could Be Me,Korn,,spotify,0cNdzgFPauoymHenyIshxD
TRXSRVP128F148D19D,Courage,Alien Ant Farm,,spotify,6ef0mwu3SIrb6bo5IJCipo
TRKBTWS128F4241A62,Zombie Eaters,Faith No More,,spotify,1dwg5WIMZLUT9tkc1FsNYX
TRACDFZ12903CC5FB7,Here It Comes Again,Korn,,spotify,2cYPwfYnnG4UMsqgitDKDz
TRONAMK128F934B776,Condemned,In Flames,,spotify,2c6ND7PHQQ7HpZliCNL0sn
TRABFEL128F931FD79,Am I Going Insane (Radio),Black Sabbath,,spotify,1rfOzQ12xOvQ9SDlQojNDT
TRABUMO12903CBE25F,Lesson Learned,Alice in Chains,,spotify,2NtcKikzFbc9mjPKquCFRV
TRCZTXS128F4268D0A,Jihad,Slayer,,spotify,5Oe7wHPL4hdEXeF4AOayCi
TRNXFYZ12903CAF3FA,My Gift to You,Korn,,spotify,0g8z3wylw8lWVAW3jCXHrP
TRPZMCK128F934C24E,The Hero,Amon Amarth,,spotify,3fTwPebsGs7q0rOrFkuwrF
TRAQZAB128F931C352,The Mob Rules,Black Sabbath,,spotify,0QuR1EdWuW3JdIf3rdXMgx
TRANPMB12903CB25D1,Threshold,Slayer,,spotify,0IBXQlsaT14yvPiocwQzjw
TRYQEML128F9320B6A,White Knuckles,Five Finger Death Punch,,spotify,0fWy5dtbx7LOQGRLVtND21
TRLGXYB128F931574F,Locust,Machine Head,,spotify,2cASrnTsWbfBmDkpahIeP5
TRDAOFD12903CFF4EF,Taking Back My Soul,Arch Enemy,,spotify,0NuTsgYwxvUMnD9rV6bwXV
TRMUQBS128F427FBA5,Scavenger of Human Sorrow,Death,,spotify,0iGokit7OSzka8vHPdI2hI
TRGKRTL128F9319C95,The Theft,Atreyu,,spotify,0wR4HlbaNNpLC5JXpNimBw
TRDXUEZ128F42663FC,ObZen,Meshuggah,,spotify,19ivXJJVcSs2pYNASAu5AB
TRSZDDT128F93176B6,Fundamentally Loathsome,Marilyn Manson,,spotify,1lnN2glDeVNMQbh3asF5Jt
TRZBJCS128F428E7C1,Your Sweet 666,Him,,spotify,1kZB6hfIwW5MDXG0JaOwh6
TRXCXGL128F92F7FEC,Wishing Well,Black Sabbath,,spotify,0ItJWXWVwFbfGWZN1LvUFb
TRTLMJG128F4257D84,Alexander the Great,Iron Maiden,,spotify,2LmZWha7N2PcfCysqgsjjw
TROINYO128F93148C4,This Moment,Disturbed,,spotify,1Z73DpNTzge73BEBDI8zOL
TRMYSDO128F4292514,Pain Inside,Adema,,spotify,3oz1eGEJy9lwMPSFYb5e1z
TRUGESE128F4219B93,Sleepwalker,Parkway Drive,,spotify,0CDGxw7SKZRBpISF8ct8kq
TRRFQLF128F146394D,Romance,Apocalyptica,,spotify,1RVh03ZYXXaFQFR8mu9AHO
TRSBKIK128F92EC04B,Too Late Too Late,Metallica,,spotify,0e2CU0Awki5WSw7qdSSO74
TRORWKX128F147FBAA,Victim,Avenged Sevenfold,,spotify,43u4Sk8TCkjWzvYnBu12L2
TRLOAQM128F93040D4,Lie,Dream Theater,,spotify,4YexP4i11iGj3wkZceWTCu
TRNXYTL128F933A5F0,Goodbye for Now,P.O.D.,,spotify,04d68XT0bce9sfKaunXbs8
TRTQLAY128F4262FF0,Take Your Best Shot,Dope,,spotify,2WLmiVVqaPYiiyaoU6yZ1U
TRLCBVN128F14A13F8,The Jester Race,In Flames,,spotify,0bCxqRHga4fg4LYY35IsW2
TRAYXYL128F42601A0,Moonlapse Vertigo,Opeth,,spotify,2qC8Ft6DeA01qHInq6kAM9
TRZLKTD128F42972B9,Keep It On Wax,Alexisonfire,,spotify,2b19TB4zTZ6c2dTiy7VSJQ
TRWRUHB128F425735D,Endzeit,Heaven Shall Burn,,spotify,18tvmnSin8oieFwxxptYoM
TRYZYUZ128F425BA22,Family System,Chevelle,,spotify,06tVgpzjyfS9d7iBLpo2yv
TRCHZAE128F934B327,The Apparition,Iron Maiden,,spotify,1Dq9syNdWspijEU1DSBQoS
TRTNKHQ128F92D6BC7,A Natural Disaster,Anathema,,spotify,0iWSql7bzqEmkHG3swEHSD
TRMDBUA128F14A13EE,The Jester's Dance,In Flames,,spotify,15WVqZ2YixLRZ5TyjjKmgc
TRSHFML128F1465D15,Shot in the Dark,Within Temptation,,spotify,0CjzssPIOjKDggS7UDxZHb
TRISVLX128F427614C,Feed Them To The Pigs,Parkway Drive,,spotify,0OT5ITPEHQsfQh6ScCpFvG
TROHPUY128F147E691,Out of the Shadows,Iron Maiden,,spotify,21nwmrY5HVU8muESz1ern8
TRCQGNB12903CA7188,Swallow,Korn,,spotify,0TFlbDEQsGkxFj9IIbVXc6
TRUZNAQ128F1464D45,Face In The Sand,Iron Maiden,,spotify,5lwmLgn5Z45K0fgRadWl7c
TRRIHEP128F42769EF,Thanks For Nothing,Dope,,spotify,16xdlfTG9qkGYtrewla55U
TRHRCDG128F93337AB,The Weak Willed,All That Remains,,spotify,0bOI3NBwRuefCCEthCYGSK
TRWTPAC12903CF25DA,Carry The Cross,Arch Enemy,,spotify,1RW8aKtMXqoVE5oqx1Mui3
TRUWQGA128F4259F63,Wreath,Opeth,,spotify,1HHekhG8cQjqFg8e3dUR24
TRSECLF12903CCC982,One Day Remains,Alter Bridge,,spotify,0eMtQdyneNM2eEsSkLNY18
TRUYFCL128F934507C,White Washed,August Burns Red,,spotify,0j7KZkGE2T68bHhxtNxbbz
TRZDJRM12903D00D3D,New Frontier,Iron Maiden,,spotify,22sLvvdsrjA9G6vqMHS51V
TRNRJYD128F935096A,Cult,Slayer,,spotify,1HrvpTzhYIl7vraaq32z0a
TRWSPRQ128F14A13FA,December Flower,In Flames,,spotify,2azPUmu89AHrXYiw5DubaF
TRJQDHM128F42774A8,God Am,Alice in Chains,,spotify,0zxBvSftc0auV9ZcPQw30u
TRBLEVV12903D00F52,Deep Inside,Korn,,spotify,0B0v2iOpfTFlgjzb1q5kgc
TRSOLIF128F427F056,Sugarcoat,Breaking Benjamin,,spotify,3EGLNR8pZqwLnj565NAfWQ
TRUJHLG128F425AC19,Weekend Warrior,Iron Maiden,,spotify,3AWYOB9RZi6Z5bIx8f7j5j
TRBPIJG128F14A6C22,Breaking Point,Parkway Drive,,spotify,0oar5vvBfu9GaRI3P8MLMQ
TRYIPYF128F9307D15,What Have You Done,Within Temptation,,spotify,0q2ZoytKPfTh9Rc8XGRlHq
TRXOMPK128F92EA1D3,Creature,Atreyu,,spotify,0cI6amcvfPKnYrs6LlqAVD
TRAKOJW128F92CC883,UnOpened,Sonata Arctica,,spotify,02QpWHtLO5Z65OoPxPQYNV
TRAFOLS128F9335CB1,Prodigal Son,Iron Maiden,,spotify,00rnlL6Iw8oWgO36C3ke1Y
TRCSFFN128F92CE208,Throes of Perdition,Trivium,,spotify,1Wt446KfAdrSqnxp261JsO
TRUIEHK128F423A55A,Backbone,Gojira,,spotify,1BM9T7icOvOREAvMAju33X
TRXGPBW128F42418AD,To the Edge,Lacuna Coil,,spotify,0nRFHdUzTT3qsRhA4H7I8X
TRGPEWP128F149F30A,Godeatgod,Marilyn Manson,,spotify,0u22TxSTvM7rnT8KhLqKAk
TRMLHQY12903CD93DA,Will You,P.O.D.,,spotify,0zWpwuXCLmAM5VRV0g0mpW
TRXECQT128F92E2B68,Under My Wheels,Alice Cooper,,spotify,0LSdLumE17fjqBuyu6F8FN
TRPCHVP128F92D0DFF,Bite The Bullet,Machine Head,,spotify,1SjAaMbFyJnAxLUZwlrhHi
TRROPGX128F42550A3,Zero Tolerance,Death,,spotify,23TAFehWOrnp3cJmKcjNvz
TRIOBHQ128F92D3100,Black & White,In Flames,,spotify,1VKdxQfT6AY6o4sTlyAmJn
TRBZJIA128F4240C83,Real Thing,Alice in Chains,,spotify,0ZSLoQESRaJCP9yL5VSho9
TROLUWL128F932FDE5,Pandora,Parkway Drive,,spotify,0DvT1fJmgN0pWA7R7AlGAf
TRZGYYY128F93587DF,Ricochet,Faith No More,,spotify,1ff0figS7aFgfyuvay6Jgw
TRRFHTP128F421983C,The Beginning,As I Lay Dying,,spotify,0B9xL7mgxMrnqtuYkj8Fbh
TRCRQZO12903CD1733,Stream Of Consciousness,Dream Theater,,spotify,4wIwfc4nbnH6Kxy0iIe2Up
TRNMFIV128F425A2ED,Phase,Breaking Benjamin,,spotify,4wWF9CU6X4RJCBlTxzyg9y
TRPACUP128F92D6BC3,Inner Silence,Anathema,,spotify,0EI5onPQy3xcxSTz3YhJAM
TRKEHBV128F932EFB6,Strange Deja Vu,Dream Theater,,spotify,6kQe8MBvSdX8AD1UsjRv7w
TRDBWFC128F14A3CAF,Silhouette,Opeth,,spotify,2VrzYzycualFNigcE22xoF
TROLOJG128EF363E11,Exile,Slayer,,spotify,0mFxmWZRwGTSFF7f6BoUXX
TRBIXYR128F9326181,Sea of Madness,Iron Maiden,,spotify,35PnQsWGXost1bImbCuYn0
TRZNQRU128EF348E8C,Combat,Deftones,,spotify,054IXIFI9vkYEzsMW0bgNi
TRFMCKN128F42911EF,Crusher Destroyer,Mastodon,,spotify,46xkUxIP9eWmQcYh42b2Bm
TRBOYEV128F426B394,Enclave,Sonic Syndicate,,spotify,1urzZd5ZiHi4JprVm6CFg1
TRMSQJS128F424D54F,Space-Dye Vest,Dream Theater,,spotify,5PtA2XXIrUWLZ3ZELnTOUi
TRXYYPB128F424F152,Halloween,Helloween,,spotify,0dyfqDLQusjjPV2n4Lq8hh
TRQRWWM128F42601A3,Serenity Painted Death,Opeth,,spotify,0AOnAShhO4d2avOwVSvEvE
TRXHDAO128F428A2B8,Lifting Shadows Off a Dream,Dream Theater,,spotify,3i7Sf5VNs33vDMBzUe8H5A
TRLRNLJ12903D00CD7,Suicide Nation,At the Gates,,spotify,3pvRJy3zkIivvLXh89aO3J
TRDDWSN12903CEBD35,Conclusion,Apocalyptica,,spotify,0dsMB8euB991kelbgQfkI0
TRGIRBE128F147703D,Fall Together,Weezer,,spotify,1GL7HPAFNwHWVjOz986Ec8
TRIHVZL128F4293B57,Dial 595-Escape,In Flames,,spotify,0mKwTVRWuulT0glyaYeKAY
TRKRELX128F1476A26,Moving for the Sake of Motion,Underoath,,spotify,0qxAdhIIf3S6Nwq88qp8i0
TRCTWRE128F4294CB4,Wash It Down,Guano Apes,,spotify,1f6MVL6wIFaRqlFh8l8tco
TRUERMP128F148ABBF,Vacant,Dream Theater,,spotify,38SjoujHMwFDzT4Ae9K9Ht
TRSPZCR128F4279363,Iron Gland,Alice in Chains,,spotify,2lCsTDcIKlo7E6qqCI3vRU
TRUDZDS128F93567FF,Slow Burn,Atreyu,,spotify,1aiieUOLxUtPvIaTi58ugD
TRGVEYF12903CDF736,Battle Hymn,Manowar,,spotify,1VRnW4Qk8PP3EGGFMs6Z32
TRLYFTD128F4241A60,Surprise! You're Dead!,Faith No More,,spotify,1Iw3wchVrb4rahrtYqcdW6
TRBTAMD128F42A7589,Too Fast For Love,Mötley Crüe,,spotify,05Fa2CnpAgfmbpYbrA7S1e
TRSPQXH128F423A536,Ocean Planet,Gojira,,spotify,0s5DPkd3b3i5ynxiJprBVJ
TRYQLMG128F429107B,Resin,In Flames,,spotify,02jaB23CPpO4YnveaVQhCL
TRIYDEZ12903CF52AA,Malpractice,Faith No More,,spotify,11iR1hf4U9bdN6Ahjzfp4j
TRDOAJY128F42580DC,Gimme Gimme Gimme,A Perfect Circle,,spotify,1bdZxMXDmWXKYGhRVAjKdb
TRDDCQQ128F4227428,Watching Over Me,Iced Earth,,spotify,0eGTWo9ODE52StrgjRF85z
TRKIZDJ128F4230503,Dead Girl Superstar,Rob Zombie,,spotify,019tzYRjiQD62Yf5aIU6CA
TRBHJPQ128E078ED8F,Everybody's Gonna Be Happy,Queens of the Stone Age,,spotify,16rkVc95novr84P1gmSLNC
TROOYSD128F92CC7FB,The Animal,Disturbed,,spotify,1HD8mFfpSGLJnwv6UTLaIv
TRFYUHF128EF343B1A,All About Us,Sonic Syndicate,,spotify,1LCNnEJ3Mk00Fr6evv514k
TRSZPYT128EF351C53,Happiness By The Kilowatt,Alexisonfire,,spotify,0oN33dlI6ikPYQpgVtRa2L
TRDGAQO128F4230506,House Of 1000 Corpses,Rob Zombie,,spotify,0tZhUPlklqPcperoijborn
TRPNGNR128F4259F66,For Absent Friends,Opeth,,spotify,3wXOcRp5z4nYz8femdwZnT
TRETDPF12903CE715E,Bonded By Blood,Exodus,,spotify,0wS9Km3uNrZc9z9XEYuz3z
TRGFFSJ128F1462481,Know Why the Nightingale Sings,Nightwish,,spotify,1BzsQk2BLP5UXxclEAOYlv
TRXBWOM128F930C138,Good Times,Finger Eleven,,spotify,2EDNTXUmneaKxx1z1vBxMT
TRJTYHF128F427F58B,Head Creeps,Alice in Chains,,spotify,2DqW8yTTdOV80e6orwEuJz
TRUFZZK128F42140D3,Resurrection,Chimaira,,spotify,0snCa39pI3RVzA4ppOeSWO
TRCSVWX128F92DA5EB,Arma-Goddamn-Motherfuckin-Geddon,Marilyn Manson,,spotify,01BCNJ2juG6qsgQHdEHeOs
TRLQYUW128F933EB9D,25 Years,Pantera,,spotify,26tzcyqL1uLhmi7mm46aIU
TREVCDX128F426019C,Godhead's Lament,Opeth,,spotify,0DvVRwuZ5LZzIrkCfamxWe
TRFYQTE128F9309588,Kaamos,Apocalyptica,,spotify,0rgRrrLOsf6cZAVJNOyiWo
TREYLBG128F934B6EA,Under The Northern Star,Amon Amarth,,spotify,1098u0kZGMbAlggh8sjKTW
TRRFYXS12903CB9242,Restless,Within Temptation,,spotify,3nGI8uL2dduMjG3AvgF77r
TRPHQZY12903CF2381,The Light That Blinds,Shadows Fall,,spotify,2nrYeIMPUyGk19p3uZR4ql
TRCPLBQ128F42A8266,Old,Machine Head,,spotify,0bTI61inKLbjUQnGEcGKFv
TRXTRJW12903CD119C,Loner,Black Sabbath,,spotify,0Gst5SE8wioZpakGtMZzEL
TRIGVWZ128F9314693,In Fiction,Isis,,spotify,2RjJOUayKFjr22lUIt4Ywy
TRMJEWR128F148931C,Acid Rain,Liquid Tension Experiment,,spotify,7D1wLtyGaUppoqMleM6VqT
TRMFGCW128F93273BD,Battle Song,Ensiferum,,spotify,1JSHuTv3XPgo5EhGLZaxwN
TRNDYXS128F427D92A,Consternation,Katatonia,,spotify,0KzDQWZyglQypsrMs8r9gG
TRDMERM128F934B384,Falling Upon Deaf Ears,As I Lay Dying,,spotify,08w1JgpuiHSvhefLnfjOnP
TRPGRBC128EF34014E,Hooch,Melvins,,spotify,52d35Deejayu18L7EPCIjU
TRWRJGL128F93318B3,Riding on the Wind,Judas Priest,,spotify,08WyNJNsE25rtgvi0FKqJu
TRIRXIE128F9331325,The Price,Twisted Sister,,spotify,0kdinHiq4h2eKuOeB76dUo
TRECPRT128F933A64E,Ion,Apocalyptica,,spotify,0NThQkWNfT9qA1GMdhoPDV
TRREZUW128F934303A,Stranded,Gojira,,spotify,2sdZWR9xJlSbbf3JXCKaaD
TRUQWYP12903CFF50D,Burning Angel,Arch Enemy,,spotify,0bVnpU8qMI7xOt3Ps2ZCQv
TRAOWOQ128F932C658,Criminals,Katatonia,,spotify,0he7Nesprcgv6lKmVxcUyV
TRHOXJK128F14A13F2,Graveland,In Flames,,spotify,1PBJTQoBodwP9GsF4eJJJT
TRPNIEV128F1464D46,Age Of Innocence,Iron Maiden,,spotify,2XhfppIXGfk6vFIeB70xt8
TROMGCY128E0789A00,Never Will I Break,3 Doors Down,,spotify,0o5qhLa2kdOU9MwtvylGQP
TRAFLVL128F4281CFE,Ready To Die,Andrew W.K.,,spotify,0h4DbMUePC9a4cq7O6PPqY
TRLWKRW128F92F987C,Wither,Dream Theater,,spotify,2NHiEdXIagLhKmrnUxCWwV
TRVORCW128F4291365,Empty Words,Death,,spotify,0g56L2IzCbJz3YmhLrqiHP
TRFGQTH128F1453D85,Para-noir,Marilyn Manson,,spotify,0RRBUG5HH4IZ96VOh0kmBC
TRRSECQ12903CF8927,Mute,Drowning Pool,,spotify,1jQyMyCGAA8ayimLLFHTeY
TRIYMVD128F4267D26,Broken Hands,Lamb of God,,spotify,1vSXIfAsN3AGa4H1pPHKVj
TRIVYZR12903CC59A7,Ignition,Trivium,,spotify,4I4XHgxCIKTex1g7WrliL3
TRINALG128F4258100,Rational Gaze,Meshuggah,,spotify,0g5CLEk2Z9p8ruavKlwg7K
TRGBYJF128F146A362,Through Her Eyes,Dream Theater,,spotify,19CegINw7X0pqHaY7YOaz8
TRFDMMO128F424D545,6:00,Dream Theater,,spotify,1UQn05L6LCftnI9VoNy4Sp
TRGCMGP128EF347135,Show No Mercy,Slayer,,spotify,0N5iFMGP9x5acSoNyxi9sv
TRDYCUH128F427031D,Bloodstone,Judas Priest,,spotify,0EJP0YWiFVmvcvjaXYYJ2t
TRAFLIY128F9337972,Pollution,Limp Bizkit,,spotify,2Gle7uL36Pg0FZKuNtW30v
TRZDHNQ128F148C66C,When The Smoke Is Going Down,Scorpions,,spotify,0C9eI0xwHF5n1W5fDpve6i
TRWKWVN128F931FC58,Into The Nothing,Breaking Benjamin,,spotify,0slW7U1gWpQ9Dx2vWWp2ga
TRYRAMO128F9308B5F,Read Between The Lies,Slayer,,spotify,1O10NUCUzqL0sTpPJmKi1f
TRAQHTM12903CF6905,Black Clouds,Papa Roach,,spotify,046mgo5cZBcIRYSdh298p7
TRLSKRU128F934D620,From The Sky,Gojira,,spotify,186buAc9pPWh380usGHnOz
TRWAPID128F1476A24,Returning Empty Handed,Underoath,,spotify,1oDqun9hTZlI0M3Qbrzkux
TRQERTC12903CE8543,Chiron,All That Remains,,spotify,00uinskawJXZvfbrz7UXeN
TREOMFH12903D0A0E8,Radio Girl,Volbeat,,spotify,0olskngz7JA3ITtjy8V0kL
TRXGFKD12903CFF4EC,Ravenous,Arch Enemy,,spotify,0pANWDjXXRzIUCoifzinDH
TRAGPEV128F429A90D,Diseased,Seether,,spotify,0VcWLOLIfQTUXDfLarQSoX
TRJYEYR128F1476806,American Witch,Rob Zombie,,spotify,3ZDnQ5UGuPvRBfUUmTmwEC
TRDCHAQ128F4259A77,Exciter,Judas Priest,,spotify,0NXAu8qnJMKV5ITvynmfri
TRYSKVJ128F42AD911,Follower,Katatonia,,spotify,0jfqouxiIoAbGFuX6wZFHV
TRLWLUK128F930B15A,Wake Up Hate,Korn,,spotify,1HKEhWWqyNnxmpYpGoSjhL
TRRXAZO128F934B093,Kingdom Come,Manowar,,spotify,1KJSyY61dglJHGEUV8CdMm
TRNBHHV128F149270C,Rawwwrr!,Bring Me the Horizon,,spotify,0DOxw29c4t55Q9VBMLQtg2
TRFSICA128F4259B0A,Wicked,Korn,,spotify,2PeLrcfqn5agneKc3S2HMu
TRNXRQD128F425E0AD,Soil's Song,Katatonia,,spotify,09LTZP4gIMpCJV9yjEQm8k
TRUHIWH128F148251A,Crack Hitler,Faith No More,,spotify,33uNtcCkiICPpD0Zl3g4r6
TROIMCR128F148DED3,Never Leave,Seether,,spotify,26yEDsFJKyLKrGmCO6QAgR
TROOKDF12903CA0AE9,Kill Tomorrow,Mushroomhead,,spotify,2bfxvsdvxPgyL7SoBp1934
TRLNRAY12903CF6BE2,Renegade,HammerFall,,spotify,06zMnoLdro4owQgjgUudjT
TRICDRT128F422F761,Mordred's Song,Blind Guardian,,spotify,1pvfNgVhGyUu1qiZEDwK3B
TRGSXVN128E0792078,Vodevil,Marilyn Manson,,spotify,1LxKQPGeal5wbPC2O2kyje
TRXHCCZ128F4282874,Forgive Me,Godsmack,,spotify,0LXf6LkVVG09r8KVvMuMHt
TRXSGJZ128F9314692,Backlit,Isis,,spotify,0FY0KcZHRTicZ2urcbUpI0
TRLZRKA12903CAEB18,Electric Red,Meshuggah,,spotify,1SY2fSUsSpGuThH06QNz6k
TRUKAQR128F42AAC1D,Horizons,Parkway Drive,,spotify,0nmKF9jhrSGEt0uYxBv4Zd
TRFOYZF128F930A75C,Orgasmatron,Motörhead,,spotify,02pDPIsZ3tZAUIQstzffbQ
TRFTSUO128F92F9479,Catalyst,Slayer,,spotify,5Tf3MqMuSJ5NBz9tGDpfSV
TRXVLTD128F92F7E0B,Take It,Staind,,spotify,1ky3HtaruYWk4ZIEpxhVdt
TRIMBUI128F933BD47,Away,Nightwish,,spotify,0lUO7pIom4UBF39TmGlKp9
TRQULFJ128F146356C,Krwlng,Linkin Park,,spotify,00PT0nOo96i5EVJ1NhpdK0
TRXGULQ128F424CB46,Payback,Slayer,,spotify,04Y3d17cSI15h6VcGFTpHT
TRJPNBZ12903D09671,Valley Of The Damned,DragonForce,,spotify,1OWGNJdvgN5MkljPKob1hG
TROIURL128F92CC87B,Wolf & Raven,Sonata Arctica,,spotify,0XbvHSum0c1hnUOAFQQM7D
TRUDYTH128F9306CB4,Metro,System of a Down,,spotify,0eQaVSXROytass2421Z0zi
TRIVNGA12903CA5372,Detonation,Trivium,,spotify,439zpEH0qXvS8qF6ABMfft
TRAJTRI128F146525B,Seen It All Before,Bring Me the Horizon,,spotify,0CrJVibIdsL6mqmYI9R9hc
TRJTFMF128F429E16C,Pickpocket,At the Drive-In,,spotify,0a6TQhRSycbXq7z7hBQGsT
TRRHMCH12903CEC792,Dawn of Victory,Rhapsody,,spotify,5ibVlxfcS3KWY7B9XajjYw
TRLZHUS12903D0C75C,Dirty Women,Black Sabbath,,spotify,07is7xda7WtkQQGcyWzAZu
TRFPXSY128F934C242,Where Is Your God?,Amon Amarth,,spotify,1UhULyTZVkhgshbmscGlIm
TRKKGNA128F426A76C,Crimson Thunder,HammerFall,,spotify,00IPMXn9ud9Cv3gW8gkAYx
TRJYIBF128F42A689F,The Scorpion Deathlock,The Devil Wears Prada,,spotify,0xObfxQ5628Fyr0wRHKJVN
TRAXGGU12903CEA9CC,CAFO,Animals as Leaders,,spotify,1xoJwSI57JGYf8H0FpLpGr
TRXCDYX12903CD3AC8,Jailbreak,Sonic Syndicate,,spotify,1QbjjFsRcuhSF7sS8s3Isg
TROUXTE128E078EB2C,Gimme The Mic,Limp Bizkit,,spotify,0fAB9LJqah7Gc4Pg9V6e3Z
TRPOZXU12903D07616,I Will Not Reap Destruction,We Came As Romans,,spotify,1ZJP3divh94iIGDsnqJk8i
TROQWMK128F92E92A8,Use My Third Arm,Pantera,,spotify,09f12NM8XXy8oy5L1a2uKO
TRBCSSE12903CBE261,Take Her Out,Alice in Chains,,spotify,5ceyDSatxsymZVPXfg9QPe
TRUPJSB128F9343E4F,Open Up,Korn,,spotify,1p6y1RQiMoe6ZPZCnSOs0y
TRAACER128F4290F96,Setting Fire to Sleeping Giants,The Dillinger Escape Plan,,spotify,2ZyNYdziwt0ZS9mxRiwnXM
TRUKQLF128E079613E,Face To Face,Sevendust,,spotify,1vFOtNgHZCVUs1UulJHA3P
TRAXSZA128F92FFD47,She Rides,Danzig,,spotify,55zS77GXRmwsiyIqVkkT7O
TRFPYNH128F9324F63,Born Again,Marilyn Manson,,spotify,0Z3qoXnviQ9hh2IB2mCBeC
TRYATXG128F4274EE1,Kill Each Other/Live Forever,Scars on Broadway,,spotify,01LL2B1GO8LU0l5IvNhEvn
TRSAMWH128F4214D8B,Reckless Life,Guns N' Roses,,spotify,5k1j3UnyXvmgIyNWIfycFb
TROQVXQ12903CBB6DF,Bringing Me Down,Drowning Pool,,spotify,1s90tT3Rw0fQ1AfrYCrapK
TRXLYKG12903CD6593,Rusted,Katatonia,,spotify,0LOPCt7fjQ0lKIPy7Lnl89
TRTWSRG128F427EDC3,Death Trend Setta,Crossfade,,spotify,6T6yXE3eRbsIAMsE1L5Liz
TRYIKMC128F934BC1C,What A Horrible Night To Have A Curse,The Black Dahlia Murder,,spotify,0Y8l8AsqSgfcQuh3rnsQVq
TRXRZJX128F932A875,Spit,Sepultura,,spotify,1YxLRBWxchpBwOz32EPtYu
TRAYRYP128EF356B95,Demanufacture,Fear Factory,,spotify,0copk9zbSdrs9aLhaiuipJ
TRQJAPV128F931E8B1,Givin' Up,The Darkness,,spotify,1j2BbzMOJfEdChKEvEyjjz
TRUIRLK12903CD6488,Get Out,Faith No More,,spotify,2M5fAyoKsDVWAGlnBNrvCI
TRCSMRS128F9338695,Mistakes,Godsmack,,spotify,1GvYA6FGqMoGuES9u9Dpsq
TRKZCAA12903CC24F6,Permanence,Static-X,,spotify,63DUo97PJNh69Gg1rXGHEN
TRGKWZN12903CE7D0F,Inner Self,Sepultura,,spotify,0g1mn0vTGLQm3X9vKindf7
TRBBOFI128F4291250,Always Will Be,HammerFall,,spotify,0vInampcxWB569NztAgTjx
TRTRKSM128F425E0C0,In the White,Katatonia,,spotify,00adEy7sseWnfsnsV8Pti9
TRRJKQC12903CCC62C,Stand Here With Me,Creed,,spotify,39yRIRkBFVrgfeydZVSPws
TROROAP128F930A84F,Edge of the World,Faith No More,,spotify,1MFzk9s1IfqvghMZTfufXu
TRACCCN128F14AEB01,Heart of Steel,Manowar,,spotify,4YXhOackOMOlQTMAwsDHo6
TRYOWOM128F93450C8,Meddler,August Burns Red,,spotify,1b7FzviYCId4gLgcITQ5yA
TROIEWP128F14A14F9,Bite the Pain,Death,,spotify,0NisRN379nlvWfL3OpJ2u5
TRQJEMJ128F935A658,Behind Space,In Flames,,spotify,1SkDiyDWqx6EpwyVEHf1AS
TRTIHIV128F42601A5,White Cluster,Opeth,,spotify,0iaD4K4YBJqty1NhSPpZ0r
TRDFXTE12903CF2E74,Silent Wars,Arch Enemy,,spotify,18UH9sTETLoGbhhk5hAzPH
TRYFNQU128F4238316,Paper Wings,Rise Against,,spotify,09r8IKJy0rl8dBnxi4N5NR
TRGZXVO128C71962CF,Wendy Clear,blink-182,,spotify,0At4s2FkHUiilX2Ii9HYl1
TRZFZMB128F42AA774,In Your Honor,Foo Fighters,,spotify,00wGEYfuEnjDYxeXZxMveP
TRCYYBF128EF35251D,Movies,Alien Ant Farm,,spotify,0DVxWV6V1nWa7Ml68Frd3D
TRDKFTH128F14ABD54,Apple Tree,Wolfmother,,spotify,0Tkfdi8Lqto4Rx0vRYsqTb
TRLOEIJ128F931AD02,Paper Cuts,Nirvana,,spotify,2ilmU6mieDn7ztBKjYCxdf
TRFMXZO128F932239E,Survival,Muse,,spotify,1UBZYPLWe8BUlitnIVxvuC
TRUDORZ128F933631F,Light My Way,Audioslave,,spotify,4KhS5UwMKI6UuD5rGoQWiI
TRLYJDJ128F4267E1A,Dead and Gone,The Black Keys,,spotify,3UD4sghkq8dHUwvKxln1nB
TRECMII128F145A48A,Same Direction,Hoobastank,,spotify,08MjEycyJp4e0hzzx8rqBC
TRSLMVP128F933641E,"Mind Eraser, No Chaser",Them Crooked Vultures,,spotify,4d31ScT20ofnrAMBGvJ96f
TROIQNZ128F4279351,Dam That River,Alice in Chains,,spotify,1444VIsgPhh2dVo94gsT2Y
TRUHICH12903CEF1AA,Statues,Foo Fighters,,spotify,1vrSsJD2nWF6Ao4P5Bgr37
TRMBRKN128F427B6F3,Vanishing,A Perfect Circle,,spotify,1pe86MwalodK1pI2AAL2qR
TRPFPPQ128F92E668A,Nice Guys Finish Last,Green Day,,spotify,0EonrvTzzNScmk7QT4L3dw
TRUNGJR12903CC087A,Naked in the Rain,Red Hot Chili Peppers,,spotify,4Vxo7dSBBkZymT1fcTJE0o
TRXKXAT128F145DFED,Man Overboard,blink-182,,spotify,0Ht6A8X95P8p7LrE5qAioC
TRYFFZI128E0793B01,Let Me Drown,Soundgarden,,spotify,1VHrGiZdbt3WfAPdGWNaFl
TRXKAYV128F9333C46,Many Of Horror,Biffy Clyro,,spotify,0Au4QRVX0hwIRVv1svcqhD
TRXVITA128F427A55F,Kielbasa,Tenacious D,,spotify,0Cl30ytSmHhL38Wz6bkY2a
TRFKKLW128E0793B06,Superunknown,Soundgarden,,spotify,0HBJP2GQ5E7SSGL4vBXlJV
TRTVQHM128E0791563,Everybody Knows That You Are Insane,Queens of the Stone Age,,spotify,0h04W0JA6Nh26XAhgMt5S8
TRAFQBC12903CF5E44,Better Living Through Chemistry,Queens of the Stone Age,,spotify,0LPZlMFbW0pvHkMQSCivbh
TRPWMWZ128E0788AB7,Stand Inside Your Love,The Smashing Pumpkins,,spotify,3iV52cy0EWj8f2WG0JmoB6
TRBXGPR128E078E9B0,Resolve,Foo Fighters,,spotify,0ToYh0RHG3j662lKG4X1L0
TREQZJQ128F4278541,Hemorrhage (In My Hands),Fuel,,spotify,0M6TRIhQggFpwgaefCfnGH
TRXGJXZ128F9355A3F,Over and Out,Foo Fighters,,spotify,0fSH7Wig6Nuh82Ko3ePDqb
TRRQZTB128F92EAF5C,Rain When I Die,Alice in Chains,,spotify,01BwGjVqgyS8YpBbk0wPwu
TREBWBU128F427A57E,Explosivo,Tenacious D,,spotify,1DzHhGRaNDPfV2jJy2XyjJ
TRGJZRY128F1455257,Disintegration,The Cure,,spotify,08Hncs1L3PYHpfsb8sYdmQ
TRXMFCS128C719688C,I'm Lost Without You,blink-182,,spotify,0h3VCmr3lynRqfwZpSs2Cl
TRNFYNT128F427F015,Breathe Into Me,Red,,spotify,0DLjcGTmH2NV9AjzecAGT6
TRQQLDY128F422318E,The Ex,Billy Talent,,spotify,0Naq52oT6gld7WRHEUlChw
TRDOYJS128F932FE1C,Scumbag Blues,Them Crooked Vultures,,spotify,1ocMhwkKWf6LTmDQF1fjWq
TRCIGUZ128F931E045,Scoff,Nirvana,,spotify,3CuV1WqEwzTjqIEB2iyG0O
TRXMIGM128F149CB8D,Don't You Know Who I Think I Am?,Fall Out Boy,,spotify,2QOnKznMiAIslV8cy5YqKC
TRAADTV128F92EB880,Perfect World,Billy Talent,,spotify,00WfgSQqzLGDlVyUvFINQ3
TRFEHXU128E0793465,Hey Now!,Oasis,,spotify,3lbhgEjNo9hfOAKdJaAArr
TRCDDEA128F92E1F5F,Not Meant To Be,Theory of a Deadman,,spotify,0ysA0Ufa2mTZeZfPKo9ypx
TRMKLSS128F4248270,This Is How It Goes,Billy Talent,,spotify,07mVQTlTYABSSsNNasAPbI
TRGDMDH128F1487DE5,No Reason,Sum 41,,spotify,0ataYqSObC1PHPBDOtzTBS
TRXLXGC128F92D0445,The Greeting Song,Red Hot Chili Peppers,,spotify,3kWISyetzshF70vm8CdBVj
TRMOPNL128F92FD758,Gone Forever,Three Days Grace,,spotify,1fguYEwRVDcwma6TQoud0f
TRLOHCZ128F4279DF0,Bring Em Back Alive,Audioslave,,spotify,0pvsYKxq5KfB6fW2s3nE2c
TRAFAJC128E078888B,This Lullaby,Queens of the Stone Age,,spotify,1xisM5en8um4cmnDwCg6rM
TRLWENY128F14528B0,Out Of Exile,Audioslave,,spotify,5Nf2DB61tSvnZg5uvQS9kT
TRUSNLX128F4275BCD,Corduroy,Pearl Jam,,spotify,03P2FVSaKpRbd2R3JlpEAb
TRRYGMR128F93294B6,False Pretense,The Red Jumpsuit Apparatus,,spotify,1BjuRepZ09zhAjktYKee9P
TRZPUPN128F92E3AAD,What About Now,Daughtry,,spotify,07dtD7iciEL7vHqATMXg3V
TRFVGYT128F14AA1E7,Dive,Nirvana,,spotify,4oK5x0AxNRHAniShmFutKZ
TROSRJV128F423FC30,All That I've Got,The Used,,spotify,47ySn1fUth0j1iccLzT9G6
TRJJHSJ128F42818B6,Take It Away,The Used,,spotify,2PzjnmkdMr6eOkFwQgqmyC
TROSVBR128F4224434,Mind's Eye,Wolfmother,,spotify,06CHKHxdQVWnOOB3hSlRtl
TRQMKAA128F426474F,Tired Of You,Foo Fighters,,spotify,11UCYTNMwm8tCj5Rbssfk8
TRGWLVK128F1493307,Easy Target,blink-182,,spotify,0fsrRvpqr904AdKAPDXFkq
TRFLFES128F4289110,Sympathy,Billy Talent,,spotify,0xIv4ysyZ76Qadyttt03Yw
TRAEVYD128F4242083,Worker Bees,Billy Talent,,spotify,0ABMPdj7ZV1E28zVFfMWAq
TRAATPB128C719688E,Not Now,blink-182,,spotify,04nzq8IW3iaSqkUpBQ9T2a
TRMVTTA128E0788E8C,Right Where It Belongs,Nine Inch Nails,,spotify,0wQqvjRx0yoWcNk5pKZPLe
TRFNRSY128F930FAFD,Lifeline,Papa Roach,,spotify,04hf4vWXR2ObRoxz9FR4a4
TRUKIXV12903CE49A4,New Way Home,Foo Fighters,,spotify,0JlcVjrd5kN3wRxW2PmbTI
TRJFQQX128F147878D,Roadside,Rise Against,,spotify,15dNJsSEAxG9Rnrk7AsP6f
TRBIVWU128F92CA9D2,Skin and Bones,Foo Fighters,,spotify,12NB90vCkFaZKagYCZC66c
TRTRHSP128F42A4CE5,Can't Repeat,The Offspring,,spotify,1IBBxIxXv33oJs8LJU5Z8P
TRQKBPR128F930AC18,I Am Mine,Pearl Jam,,spotify,03FgX010IGOwMOJRjgDX87
TRYLUAI128EF3422DF,The Kill (Bury Me),30 Seconds to Mars,,spotify,0bwuYguTLrf7QCG8PNR9Bv
TRZDUYF12903CB0881,Walking Disaster,Sum 41,,spotify,0n1eNeR5173wHpRCeWxez7
TROTOFI128F931E231,Red Right Hand,Nick Cave & The Bad Seeds,,spotify,4sN2VdkmzETYoQ8H7oAHJK
TRXUPPM128F428A048,I'm Designer,Queens of the Stone Age,,spotify,0K9RI6gyl2lZwsFyWAcBg8
TRRIDYC128EF33F07F,Obvious,blink-182,,spotify,1KcmugpUozu6Llj3p5Qboa
TRSNTEL128E0791575,Song For The Dead,Queens of the Stone Age,,spotify,16XLxhkcIdmIYCAefYvKsw
TRADBUM128F427A580,Dio,Tenacious D,,spotify,1K00g0Fl9YxTxMCnWjEzTs
TRBZTAN128F14AA245,Along Comes Mary,Bloodhound Gang,,spotify,1e4Ru1yelHz2GEuAksQixt
TRIPTPU12903CC3A72,Running Away,Hoobastank,,spotify,0ggXJsSV6rX6SGJ8DEIIut
TRGGWHA128E078EDBC,Regular John,Queens of the Stone Age,,spotify,0YuIaaFpOK9A8O4J3zFYwa
TRFTULX128F92FDB94,She Is Love,Parachute,,spotify,1q74TesvRCIo5RvJM5B84F
TRIQSFA128F9307EB2,The World I Know,Collective Soul,,spotify,0iji1rGXWEbJRumLdIpgGt
TRYLLEK128F932003C,Magnificent,U2,,spotify,1Oxhb37eEYkNpRrj5oTI9R
TRAOLDX128F930AF7D,Violence,blink-182,,spotify,1EsLJTNE0FZm3XYaOdFMzb
TRRHLUN12903D06F86,Dissident,Pearl Jam,,spotify,0yyDZqHfUi4PemF5MFxpO5
TRCYLMB128F931E02C,Mr. Moustache,Nirvana,,spotify,1HlfrkiLvEXro4IsKaEw9Q
TRQEXPR128F9358531,Father Of Mine,Everclear,,spotify,0Eqzm4eX7YmwqrndrAlPM4
TRFORRG128F426AC93,Luna,The Smashing Pumpkins,,spotify,0KbPaIGVEDeUrlAoCiTori
TRULCPR128F428B8ED,Pins and Needles,Billy Talent,,spotify,3YuftIhLOyNyL9G29gpyB0
TRULSAZ128F9327CA0,Money Maker,The Black Keys,,spotify,1S8PKtVKvJWwOwfQpQxzWV
TRYZODY128F427A565,One Note Song,Tenacious D,,spotify,2FUBsJR8zZCV2LbBGhVTkm
TRRDPJM128F14A2187,Swallowed,Bush,,spotify,0mRwCvxnUpjK15ZttHZWeI
TRJNWTR128F9346B8A,The Feel Good Drag,Anberlin,,spotify,05x8eVJpnAwNHUxCzbzD1V
TRYEUIP12903CF7180,Back & Forth,Foo Fighters,,spotify,0xMgRt36DpWa7QKNYZy0e4
TRBXOFO128F4267804,Rearviewmirror,Pearl Jam,,spotify,0mFqY8tyiKL4dABIzftJ3F
TREOOAM128E0788902,Spaceboy,The Smashing Pumpkins,,spotify,4MsnKlYARdBEQ8OcY40VFt
TRRKFXI128F9316AC2,Shimmer,Fuel,,spotify,58NfQhUrDGqE91YdGo1t5L
TRMEDJO12903CBFEA2,Free Me,Foo Fighters,,spotify,31y1WJ7Ovr9Kyt2HwbOSHO
TRFRSLX12903D05379,Forget It,Breaking Benjamin,,spotify,0zh5zusVyB3csAxiwXCkqa
TRNATXG128F932FE1D,Bandoliers,Them Crooked Vultures,,spotify,25pvqUpcR6HuBcztE4aDvs
TRDAZEW12903CA93B9,Under the Milky Way,The Church,,spotify,0oUjgDYEuB43rhg9het67C
TRIECQE128E0788A82,The Everlasting Gaze,The Smashing Pumpkins,,spotify,3bVxcsS0RgIp3ukDOm2lZM
TRUEMLT12903CE07C0,Hell Yeah,Rev Theory,,spotify,0GRu2odJjampqZpyubbFU6
TRXKFAM128F92FD3E9,Virginia Moon,Foo Fighters,,spotify,0feElH9MuXIfwiZvNwqRvR
TROHNBG128F4285B4D,Here We Are,Breaking Benjamin,,spotify,4LMPdO5WWcdWAQEhySjKZd
TRJRIBM128E0788E18,An Ode to No One,The Smashing Pumpkins,,spotify,3hai7yJWIgHWDXhL18IEkh
TRCYRWZ12903D00264,See No Evil,Television,,spotify,19Rl0reTVQsIm9ehyZGzZo
TRKLAWI128F9326DC3,Old Enough,The Raconteurs,,spotify,3KPM0UcoLiJNCgtijUBFpd
TRXHVZT128F42433E7,Got Me Wrong,Alice in Chains,,spotify,0jSkgOLCx5NeStXxQnEbK3
TRRKXNQ128F9339002,I'll Be Your Man,The Black Keys,,spotify,0i7n7nFCtB7MenEhibsrt0
TRLPFNB128F92FD43F,Dirt,Alice in Chains,,spotify,0efY1gUhov7kwCXBGy7mnU
TRUTULC128F4293712,Gimme Stitches,Foo Fighters,,spotify,1MEbfjEGUiOtdOUjNpnbdm
TRQYGUV128F1462E01,Empty Apartment,Yellowcard,,spotify,1P30N7kY4XwOw7vwmjRxPH
TRCQZCM128F425FD8C,GO,blink-182,,spotify,078zIWNN5odARjeoMlg05A
TRDYROH128F428BCD0,Misfit Love,Queens of the Stone Age,,spotify,1Ef42da4kO4PFJdzSCAvFl
TRCSPYT12903CE065F,Asthenia,blink-182,,spotify,0FCk0pQP7a8bWFk5qhTM7s
TRDPLPU128F428A2E2,A Matter of Time,Foo Fighters,,spotify,2RAtTMH6XtCefJP3A5fCkj
TRNQQWE128F42650BD,Nearly Lost You,Screaming Trees,,spotify,0GSnqSbtihefFo25jP7POC
TRRAGWE128F42537E1,Get Out Alive,Three Days Grace,,spotify,4hhD9vWgSGZ1uIYBaHGH0C
TRDISPC12903CCC60F,My Own Prison,Creed,,spotify,0iFR0Bj5euNitPBS1m86mK
TRRGTAZ128F1453D5C,Please Take Me Home,blink-182,,spotify,090f0lCp5nuyLc095kssKT
TRGNMTD128E078884F,Life Less Frightening,Rise Against,,spotify,04nWjZOpqFqgVRaPEvtdHD
TRLZTKH128F42BC18A,Feels Like Tonight,Daughtry,,spotify,0ArpEZE9aBhjVV17ZMtS8L
TRYTPSX12903CF06BF,Anthem of Our Dying Day,Story of the Year,,spotify,0TDPaK29jebx8FuQIJBPOo
TRHJZWN128F149CB97,Fame < Infamy,Fall Out Boy,,spotify,08BR9ZOV7p3MOeelEYNY3L
TRABLGZ12903CC90C7,Look Around,Red Hot Chili Peppers,,spotify,3tFkZ2AOVZDFVYKJ4eCgTN
TRYFAOX128F424E86A,The Freshmen,The Verve Pipe,,spotify,0E2pNe47mjhmE4n0fayqJb
TRFOALE12903CEEEC6,The Suffering,Coheed and Cambria,,spotify,2KAYxkGa2Ok1By6yMDSjAj
TRPFBRC128F42B23E6,Redundant,Green Day,,spotify,0GYTAipuswOBWFtk06kFCL
TRJDTZR128F42AA786,End Over End,Foo Fighters,,spotify,1wBSZkoub7MbrqqkKR3smh
TRMPUUH128F92DF27D,Rusted From The Rain,Billy Talent,,spotify,0qw2eu1GQdOIGtOK2AUDZr
TRXJVHG128F9310FC5,Million Miles Away,The Offspring,,spotify,3QCLUfegkxOIptJ34GEXIB
TRAPNMI128F428BCD8,Suture Up Your Future,Queens of the Stone Age,,spotify,0XdEdfiRTeWvEeN1a4kzlk
TRWRYHP128F4268D38,I Can Learn,The White Stripes,,spotify,0UuzgaEzUZUI5lQawF0xTs
TRZOQGA128E0780D85,Scared of Girls,Placebo,,spotify,34pCRFoabI7UAI0C6Y9GUh
TRWVVBD128F92EAC99,Original Fire,Audioslave,,spotify,095exPWRrBSGFegCEHRU9g
TRYMRST128E078373F,Selling The Drama,Live,,spotify,0PCjVBxICO9AOjKUD2lKwc
TRWIVCN128F932DF9A,Always Love,Nada Surf,,spotify,0BN3NoVjxrpwB7gtqWLgEk
TRDENDW128F42747AE,Predictable,Good Charlotte,,spotify,08fiFbd1EBGXv0SFSS45p1
TRXEZLQ128F4281B3F,Tiny Cities Made of Ashes,Modest Mouse,,spotify,1EbUYOmJkqKgUYgC2OI7Tc
TRBMSNX128F932B0E5,Schizophrenia,Sonic Youth,,spotify,15WuGuVzTzTiIrFE25FcVF
TRMKOWT128E0791F09,My Sundown,Jimmy Eat World,,spotify,0HKVabIlNsY9smgAr9PxE1
TRDKDOS128F421ED8E,Follow You Home,Nickelback,,spotify,329GYkRinmvsOZkrhcspZL
TRULBIF128F4232AEC,Genius,Kings of Leon,,spotify,0qhrR00JaAaVdH3VAIioHR
TRHCSEM128F92FE5E5,I Should Have Known,Foo Fighters,,spotify,042RaY48TNY9aesv8fqYTf
TRUFGHB128F421BCCC,Move On,Jet,,spotify,0UGelgmaTMJEK6g3remMeC
TRBRLCH128F92F3877,Under My Umbrella,Incubus,,spotify,2Sm4YrnJMCnXuoYjRvtvWJ
TRHXMET128F423EA68,Cecilia Ann,Pixies,,spotify,0mjB1LNY9TS6lOXbyoARls
TROTJDE128F42B91DA,Dance Inside,The All-American Rejects,,spotify,3QZSLzVUtzgX9UuEhZv85O
TRXCNSM128F42922B3,What A Wonderful World,Louis Armstrong,,spotify,005NCQOA7MzIAGgiN2QOPQ
TRNCOBI128E07968E9,Hit the Road Jack,Ray Charles,,spotify,00ofqH4Y8QLcKdcS4LU2hI
TRPCNCR128F930958E,Blue in Green,Miles Davis,,spotify,0019eXRwgvZw6WfxZf6feE
TRRFCUL128F9304059,Freddie Freeloader,Miles Davis,,spotify,02rCBKBE2KZJMeMJNX88YO
TRCQTES128F4294297,Fly Me to the Moon,Frank Sinatra,,spotify,019GI6vhBvrxQ1wX8yslbB
TRXIEHB128F4272567,Chan Chan,Buena Vista Social Club,,spotify,0uTBy5HeHpo93aZP2KZRYk
TRFPZUN128F426A98A,All Blues,Miles Davis,,spotify,00r8Hp3TESFAC7smTBn89M
TRKHCTV128F425ED82,Flamenco Sketches,Miles Davis,,spotify,00GZEVO7ASpmkXZRIhTsPA
TRRFBND128F42B74A4,The Thrill Is Gone,B.B. King,,spotify,00b1Co2exveyeCZ3tQwTYa
TRANBUS128F429B41E,Unforgettable,Nat King Cole,,spotify,00RZAZd3irH6guuDgkUCG6
TRXNWQE128F427786E,Come Fly With Me,Frank Sinatra,,spotify,008Xe0wzeXc8PrYyGYGz0l
TRUHQPJ12903CDE000,Watermelon Man,Herbie Hancock,,spotify,02VKNGEwgQAnUWT4a3a6PN
TRRRDKL128F930BFD9,In the Mood,Glenn Miller,,spotify,004kSiiS2flJB494B2qKpC
TRCPUGD128F93120D5,My Funny Valentine,Chet Baker,,spotify,00DCM0cZJQC12ukrLo2Xqi
TRUHAOW128F93418EA,Winter Wonderland,Tony Bennett,,spotify,03sMISROcEXZMaZwATu0ne
TRFOQDH128F4263E10,That's Life,Frank Sinatra,,spotify,0tmymNepBnvrylfO9ZKiqx
TRGNXBA128F931FDD9,Beyond the Sea,Bobby Darin,,spotify,00EKnCOduHHFeFLPnH2ZQC
TRUPADF128F931A9D2,The Christmas Song (Merry Christmas To You),Nat King Cole,,spotify,08TwWe7XZ3xeLwNth2Zg3w
TROHZPM128F4294A00,I Get a Kick Out of You,Frank Sinatra,,spotify,01CWms602RBSONbEOiq7tg
TRUGWEC128F92D158B,My Favorite Things,John Coltrane,,spotify,00tHsCWePgIoxZKZRYkvht
TRFPOLZ128F425D692,L-O-V-E,Nat King Cole,,spotify,1Ar7K8AzUjkQPXtypPJOGf
TRINNIV128F146A32D,Goodbye Pork Pie Hat,Charles Mingus,,spotify,00GPVd31PSZuf4dSBmAEvs
TRXGUYN128F932B96B,Jockey Full of Bourbon,Tom Waits,,spotify,3eo72k87jxVY8zoRefxkpy
TRWFIGJ128F4260707,Jazz (We've Got),A Tribe Called Quest,,spotify,04sw6UAJdu8RhPDIYxcTj2
TRXCQLQ12903CF8CFE,Summer Wind,Frank Sinatra,,spotify,0LwfI6QQHSzWTkM03YGv5H
TRENJLF128F422B7EA,Mess Around,Ray Charles,,spotify,00bgKvt2vfR1VfupxIfJga
TROICUJ128EF361256,Jingle Bells,Frank Sinatra,,spotify,00iHBMumhtWwkP3hry4PkT
TRINIXM128F4279E56,Encore,Jay-Z,,spotify,0ILYKYxshjxLE3pnhI2lms
TRFOZJT12903CB98A8,Santa Claus Is Coming to Town,Michael Bublé,,spotify,1RMDXedcRno6rDBCbNHDJf
TRABCJP128F4228913,The Christmas Song,Nat King Cole,,spotify,00UgNSKS74po4fUDytrcHO
TRUJNSA128F146496B,Dos Gardenias,Buena Vista Social Club,,spotify,1LymeTKbeFSKdn3lQJlG22
TRIUXKY128F42558D8,The Girl From Ipanema,Stan Getz,,spotify,00aoHk6JlH2FZfQKtBitAl
TRPAXRL128F9323A4B,Cantaloupe Island,Herbie Hancock,,spotify,007Dbxrxk5XF2axpc9ENdG
TRPMHQH128F92CBF3B,Ain't That a Kick in the Head,Dean Martin,,spotify,01DBifIMrGMr9FoOd5bBIx
TRLPXVT12903CCF943,Blue Train,John Coltrane,,spotify,00epiTxcahIXCFpcXrOts0
TRAFNQP128F92FAA26,Candela,Buena Vista Social Club,,spotify,0SHKaHIQde3hIoeTN5tOX4
TRFWBWA128F429BFE8,Unchain My Heart,Ray Charles,,spotify,008nrkLV8Vq6WiPauXmeQe
TRIVGUV12903CC44F6,A Kiss to Build a Dream On,Louis Armstrong,,spotify,008L7b2YfDzqAQmkGxOKev
TRDCVGE128F92D2C43,Rain Dogs,Tom Waits,,spotify,0XJBwpnPly1Whuvh3ygHTd
TRAMMYK128E07936F9,Papa's Got A Brand New Bag,James Brown,,spotify,00pGV4EInVd77cnOIwPTCv
TRAAYSI128F427C896,Momma,Kendrick Lamar,,spotify,0CjJqkWOpIUXdem5hUcxAk
TRRHMOO12903D0BE11,"New York, New York",Frank Sinatra,,spotify,02EuiciIwpcjy63y62m7S5
TRRLKQU128F92F6FCD,That's Amore,Dean Martin,,spotify,00eG00qAWAQJxYL1EbueNU
TRTUEPW128F9306179,Arms Of A Woman,Amos Lee,,spotify,1lsnGGtLRM62J8Hhu314qa
TRYUXSF128F92D2C01,Cemetery Polka,Tom Waits,,spotify,2suhtJ9DIk1QMcF4sJN0bp
TRABFIY128F92D1A12,'Round Midnight,Miles Davis,,spotify,005euXLRcn4JPyc7xX9lw5
TRERUDZ128F1465259,"Keep It Loose, Keep It Tight",Amos Lee,,spotify,3aHtYD4JFIoxLhQu0Jo5Bx
TROJOID12903CBFB13,El carretero,Buena Vista Social Club,,spotify,0EXcG78Vo00KRBMxhZVAub
TRAZKCQ128F145D7BF,Cantaloop (Flip Fantasia),Us3,,spotify,06DSI8L6IT8SizCw3JLckz
TROLTTU128F42952F4,I'll Be Home for Christmas,Michael Bublé,,spotify,0EJGgmA2uxiasDM5DmDKL1
TRKXVQD128F932D320,The Lady Is a Tramp,Frank Sinatra,,spotify,01cemSH7KhoAqm1WDArZHc
TRLKTJM12903CCB1E9,Rhapsody in Blue,George Gershwin,,spotify,00ITMyQ4nk5XbaHEgDPzJD
TRLQFZK128F14A2314,Pick Up the Pieces,Average White Band,,spotify,045WtTKE8xKbeZUbeohQx2
TRDCZUX128F4263A74,City Love,John Mayer,,spotify,01ybVRfrdCcC0bivVH01n1
TRLULCE128F428CCB3,When We Dance,Sting,,spotify,0AfKSTcDpp0VsMMpClHiFu
TRPXPEI128F42AFF2B,Tropicalia,Beck,,spotify,0BvuUfEWDLzx9OTWEC9b26
TRRJVFC128F92FCDF3,Let It Snow! Let It Snow! Let It Snow!,Frank Sinatra,,spotify,002HZdrU9plpeJ41SG3MVo
TREJJAF128F93518A2,Rainbows,Madvillain,,spotify,4VxBew1xDS31vUPDUHaxHo
TRYGINL12903CA945B,Hallelujah I Love Her So,Ray Charles,,spotify,00wvCUJ5XzqRfdLRIpoM6q
TRDZYQP128F425985D,Too Young to Die,Jamiroquai,,spotify,0FXkNsYOaJJXqqafU3e6I2
TROINME12903CA3D43,Moanin',Art Blakey & The Jazz Messengers,,spotify,002Rw9a2GiotBYCWQwpJlK
TRUNKQR128EF3614EC,Veinte Años,Buena Vista Social Club,,spotify,0jnBiPaQPxP0JVSkgqMM8c
TROIMES128F9345A35,Minor Swing,Django Reinhardt,,spotify,01VoYAt568XzFg6QXC5WQK
TRILACB12903CB143A,These Are The Days,Jamie Cullum,,spotify,0LLoCSw4LfN54lEttE1LZe
TRUDNZP128F4260070,I Can't Stop Loving You,Ray Charles,,spotify,01HqD9ZrWtXJrHstLYGCOP
TRCSIPI128F4227F12,Peg,Steely Dan,,spotify,0p0iuh9LBrx259KaLN9Ddf
TROWCNV128F4280B85,New Deep,John Mayer,,spotify,0Jo0mnDJyQ8qgBR6NjKmaI
TRIRDNH128F9351734,Dirty Work,Steely Dan,,spotify,0EFlTGZ6wsxK1kqhMc0kFY
TRGURHQ128F92F5EED,Drown in My Own Tears,Ray Charles,,spotify,00HedBbCPBR7yCZUbF4XHp
TRMAMTC128F428E36F,"Baby, It's Cold Outside",Dean Martin,,spotify,00sJcEVhp25gKpNaTqqe93
TROLHOG128F4221474,Magic Moments,Perry Como,,spotify,01Ow9Pxv92t1wzBspsCPsc
TRXGERM128F9326666,Brand New Day,Sting,,spotify,0EAa6nS2zSfKBVkNw7gUkQ
TRLWAPH128F930CE1F,Sweet Pea,Amos Lee,,spotify,0V9sR9zySas4a42hi1HHWY
TROKWSN128F92F4DDD,Dream Lover,Bobby Darin,,spotify,00JkYnzA0lIVPyzGre3vt4
TRLSDRQ128F42B1BF7,Green Hornet,Al Hirt,,spotify,0Rynk2V7LyLgBUjTMxvbEJ
TRHAKKB128E07959DC,Orgullecida,Buena Vista Social Club,,spotify,0BZ2iW3fbkLV7p5um3EWFd
TRBRNIR12903CA94A5,Night and Day,Frank Sinatra,,spotify,00Alb9P3y4OK1Jc1kR0sHv
TRCWLAL12903CD44FD,Buena,Morphine,,spotify,2SSBJhvMsujY94GK5JAtKs
TRFOGJI128F92CD0DB,What'd I Say,Ray Charles,,spotify,004RF6uQuIh7lGiObO0Nyu
TRIMISG12903D05A57,Autumn Leaves,Cannonball Adderley,,spotify,01vVgSg2xL8c0vFcSutzv2
TROOZEZ128F4243798,Buena Vista Social Club,Buena Vista Social Club,,spotify,0WXAgdhYWmhq5yWTawHUBp
TRUDNIM128F9335FAE,You Don't Know Me,Michael Bublé,,spotify,1Rq07ptM0mTPIP5qRAMEVE
TRGMKHZ12903CC0E92,When I Fall in Love,Nat King Cole,,spotify,028uPxCmBB6t7UsXmo2scH
TREZGEE128F930EBD1,All At Sea,Jamie Cullum,,spotify,05RgrjdcK4NMqJbQSqEnQL
TRIUAYS128F428C631,What A Difference A Day Made,Jamie Cullum,,spotify,0OMgCCCEWtPpvSLhm6q5jO
TRFRXWQ12903CB5607,Moonlight Serenade,Glenn Miller,,spotify,00fVb11S0VLuQF5mTptrtQ
TRAAERZ128F1496921,All This Time,Sting,,spotify,0dpdHIbvMFGkv9GxF2C6hn
TROHCUN12903D07EE7,Maiden Voyage,Herbie Hancock,,spotify,018h7iJEAhnc1sBJ32Sp03
TRIPSNE12903CF4937,Nature Boy,Nat King Cole,,spotify,00g4Sr3rbh6HJDmOE1BRfa
TRZBFYA128F427F9E9,Papa Loves Mambo,Perry Como,,spotify,00gqTdqUx73K0fhD4NDA5z
TRRHWWQ128F92F95FC,Poor Boy,Nick Drake,,spotify,0f4Dk0gqyY7dHDrG9t92dw
TRIZFBD128F422B17D,Anywhere I Lay My Head,Tom Waits,,spotify,4HJi8hcqPI6iRVPlMqpBov
TROINVT128F429B003,The Revolution Will Not Be Televised,Gil Scott-Heron,,spotify,0Sp0NTBv6CWSL2spvXPUj7
TRRGUOM128F42479AA,Birdland,Weather Report,,spotify,0GYiP3uydTeqTeILWg2Isa
TRXGOOC128F42338C4,Alice,Tom Waits,,spotify,0MYAOepwUOBfsToBdGiq6c
TRIPFDM128F14A4234,That Old Feeling,Chet Baker,,spotify,0585hwj0lpvCpvHR0hGGXg
TRSXNFR128F42720D7,Little Kids,Kings of Convenience,,spotify,0MWyFQhXx0n5cACIkk11SZ
TRHYNDC128F429405A,In the Wee Small Hours of the Morning,Frank Sinatra,,spotify,01Ed6eRMw0s02FL2W7FyMg
TRALSVY128E0783FA1,Twentysomething,Jamie Cullum,,spotify,04XdZCVRiVv8lA3qBSbp1q
TRXUAHF128F92F131F,"Ruby, My Dear",Thelonious Monk,,spotify,00Nbg02iOENpFGENC1xMXc
TRLSEZR128F4214E02,Moon Over Bourbon Street,Sting,,spotify,0Kh7i5tu9EnucdhoCQtQwL
TRRFGSM128F427608A,Don't Stop The Music,Jamie Cullum,,spotify,0NL55IYXirFfSwTZFzHwb4
TRRLZWL128F4276C95,Murmullo,Buena Vista Social Club,,spotify,3otaKSzhAsUbLRdQpL1vZQ
TRDJQLI128E07917C7,Rikki Don't Lose That Number,Steely Dan,,spotify,028NYvJAD47k4iGSlpT2zy
TRFBXZZ12903CC2656,Minnie the Moocher,Cab Calloway,,spotify,013ond7cMXaptTCbQeDwWN
TRDGQOH128F9314F15,O Tannenbaum,Vince Guaraldi Trio,,spotify,0bjYzTbNdJyLlaG1nzoaMj
TRILVHS128F930AF73,For Sure,American Football,,spotify,0rv12rH56Bj3bY54AiPty0
TROTEJJ128F9329F7B,Deacon Blues,Steely Dan,,spotify,088j882XfgBwbV0hPQd74V
TRJHFKH128E0788A28,Bitches Brew,Miles Davis,,spotify,0AbT99zsnoUKH3fktkmdKZ
TRDOIEE128F427D090,Summer Romance (Anti-Gravity Love Song),Incubus,,spotify,0fnqkA13GjZDtZ8JI367Dk
TRUDNZH128F425CE1E,Stella By Starlight,Miles Davis,,spotify,01xx3k9bjOkjMhdviMcOlN
TRCPLYW128F4264470,Comin' Home Baby,Mel Tormé,,spotify,04vO9306sTCTQ1BE2jQlzX
TREMTEV12903CA8288,Blind Love,Tom Waits,,spotify,59tNTvCEsFFAISO1NdIVJX
TRXTCOF128F423A7D5,Mona Lisa,Nat King Cole,,spotify,00OYrzNccruFVMZWepgLjv
TRVATRE128F4273953,Three to Get Ready,The Dave Brubeck Quartet,,spotify,01OTiSl2NJCtrCIy36Qdxx
TRRQGPH128F424379A,La Bayamesa,Buena Vista Social Club,,spotify,1DiRwvTwQ8UoesKTnyhGMN
TRKPHVR128F42693EA,It's Probably Me,Sting,,spotify,1eiTYyWAcSCVBfuSUr28Fb
TRGFXCI128F933FF0B,Linus and Lucy,Vince Guaraldi Trio,,spotify,08hXzxMGIzXoy2NNyHH9iP
TRDQITF128E0796A1C,Get Your Way,Jamie Cullum,,spotify,04KFV2EhIDOFKalCHkxTOw
TROHBAB128F1466D85,The Way You Look Tonight,Tony Bennett,,spotify,0AoFx9kpjXRf0JuGigUxja
TRFQIIR128F9311A49,Milestones,Miles Davis,,spotify,01BfbfCQxePBUHbqViiou5
TRQCNLJ128F92F624F,There Is An End,The Greenhornes,,spotify,1r69hhTAp4asTDjYSZqLRe
TRGAKDF128F4276A37,Unsquare Dance,Dave Brubeck,,spotify,04OH0ixxSgCEG6UWcM37F5
TRUGPNU128F1495B41,Desafinado,Stan Getz,,spotify,015NYbTH9mkT5oEeVeIZT5
TRSESEW12903D0C3A2,Arkestry,Flying Lotus,,spotify,5SZw9E4I8wQfJaVJkVUlaY
TRXBYAZ128F9331010,Swamp,Télépopmusik,,spotify,1DoIivznTH8nT4nNNJCztE
TRSASYZ12903D026BC,Somethin' Stupid,Frank Sinatra,,spotify,10RALm2xdCMDlE77IF0Rhw
TROWCSI128F92E732E,Not Too Late,Norah Jones,,spotify,0KNbGtYQmQo8XjVqJMWF3Y
TRYUFMH128F14A0D6F,On the Road Again,Katie Melua,,spotify,0CttWhdPTrXQEyeJgsVgAA
TRDJTIA128F93364D1,Border Line,King Krule,,spotify,0oaSkcIh1fQz8tNtbsJueO
TRHSVTS128F92DC932,Jeru,Miles Davis,,spotify,002UUGOvTGN12Raq2WXPov
TRFPBVU128F1499CEC,Mas Que Nada,Sérgio Mendes & Brasil '66,,spotify,02f9mbSDsjiwZn4aVrLtqq
TRDMRIW128F426A558,The Child Is Gone,Fiona Apple,,spotify,0hZB0qz8F4ogsxHVXXri5Q
TRGGUDG128E0784ACF,Deer Stop,Goldfrapp,,spotify,0gL3mdxkivi4MGcP845wdG
TRWPUUN128F427C2EE,Flite,The Cinematic Orchestra,,spotify,0lIu6mc6W3MOFiLp6q8et4
TRBFESF12903CD889B,Chambermaid Swing,Parov Stelar,,spotify,0eqJDJinTOQMbquvbQWUxn
TRPAYER128F92FF7BA,Don't Cry Baby,Madeleine Peyroux,,spotify,1EKXb2ti18fcwYj8uIUvts
TRAGLKH128F9347F8D,Dawn,The Cinematic Orchestra,,spotify,156Q8N1SawOxEnUfGM2b8B
TRIOHJX128F92E0ACC,Budo,Miles Davis,,spotify,008hpdW7TMpUq6FfcWdYfh
TRDHSYH128F42B084A,Goldfinger,Shirley Bassey,,spotify,05cWTZ3vzOCImmam7dlQlP
TRNYSUW128F932AB14,Boogie Stop Shuffle,Charles Mingus,,spotify,03B2K3FZ2CpVobNDc3mWcK
TRXCVZO128F427729B,Silent Night,Michael Bublé,,spotify,0kWajJRFQmKqIZXDPgKUWP
TRCWYYQ12903CD7859,I've Got the World On a String,Frank Sinatra,,spotify,00lh975jJzpp6PYdMcZ2sX
TRMGWLI128F931AF22,Man With the Movie Camera,The Cinematic Orchestra,,spotify,0jUwqYQ6w6gIc0QzvaqZEs
TRCFWUD128F932C130,They Can't Take That Away From Me,Ella Fitzgerald,,spotify,003RzukeI0ShVDG3odbQco
TRLRECA128F93069F2,Shy Boy,Katie Melua,,spotify,0tb68dgbqIKBplIkgBUCsg
TRSGJOX12903D0C3A6,Satelllliiiiiiiteee,Flying Lotus,,spotify,34ZzShdUn1PRMftg2Dj4x6
TRABHPA12903CEC222,Caravan,Duke Ellington,,spotify,00W6PuRRN3guahjw2q2qMa
TROUZNT128F9335479,Blueberry Hill,Louis Armstrong,,spotify,005GcKw18o3gMMTApgMmNJ
TRIPCGF128F1461605,Blue Christmas,Michael Bublé,,spotify,0QUxMKYur7kAtauLnmyBCc
TRCPLJK128F92FD80C,Memories Are Made Of This,Dean Martin,,spotify,0000QuApNltQzqS5ROXcQ7
TRLHROJ128F92FED65,Bad Trails,Battles,,spotify,7IzrVHRczVExyJRHbnirCp
TRROCHQ128F4268672,Amanda,Aisha Duo,,spotify,0Nuh37uz1ph6jZoz7NFZYk
TROOWOZ128F9326A4D,Moon Dreams,Miles Davis,,spotify,01G0BF4uu3lNtpMqEozkEB
TRFREPU128F422FC0D,Seven Days,Sting,,spotify,0DZkk6jRkexRCRYrkvC1D8
TRLRBOF12903D0C3A7,German Haircut,Flying Lotus,,spotify,1Pv5j7BtAEDnuvdHNyuOtC
TRLKPHD128F42AD04B,Have Yourself A Merry Little Christmas,Ella Fitzgerald,,spotify,00CiPWD5SvXHQTAS3ATsLP
TROHNHH128F429535C,Over The Rainbow,Eva Cassidy,,spotify,09zhDCGieHtuJhmHsK1tVU
TRYUYAD12903CA87AD,Soul Bossa Nova,Quincy Jones,,spotify,0522ZjQ6nBjFw55Bkm9DoU
TRTBJAV128EF351B68,As the Stars Fall,The Cinematic Orchestra,,spotify,016VkgtTvItdaJAlX7BMdR
TRZPRKK12903CAD825,Me and Mrs. Jones,Michael Bublé,,spotify,0j4tkvmXMY4eekjXmNe3Hf
TRUDVFM128F42AADC9,Ne Me Quitte Pas,Nina Simone,,spotify,01dI5JwOIrBStP8uNUhI0B
TRJRWXD128F421CDA1,You Sent Me Flying,Amy Winehouse,,spotify,4FqtJ7rIKR9FfH492xUlcc
TRYCRNG128F92EE840,A Night Like This,Caro Emerald,,spotify,0ckFjt68NzxnzjM4I3Rrx3
TRGRKOX12903CD43DA,Happy Pills,Norah Jones,,spotify,0byYJIKjVyiKgfhpWUxArN
TRMOJVU128F92F6071,The Girl from Ipanema,Frank Sinatra,,spotify,1id6N5Y8662aKNlmR5eM92
TRZVKDR128E078868B,A Foggy Day (in London Town),Michael Bublé,,spotify,1o73dLtsJuKixesGAJ6iXW
TRNEKZU128F9329F81,Hey Nineteen,Steely Dan,,spotify,12Ht0EOxXboCpbW58Wxxdf
TRFWWAL128F92FCF0E,A Long Walk,Jill Scott,,spotify,0BGnu4VUYIiNKUsE5bHFjh
TRSFNTW128F9346F53,Singin' in the Rain,Gene Kelly,,spotify,00HRy4cZdV98UOFzoMTG37
TRAWPVQ128F42676E9,Song For My Father,Horace Silver,,spotify,00PdPOLOATZxn707aqAyUn
TRRIJGE128F1451F52,Mind Trick,Jamie Cullum,,spotify,16fM8wSyvdprqPYJ92sLgu
TRIQIAF128E0788692,Try a Little Tenderness,Michael Bublé,,spotify,06SUI39R57c9Jm3l3r6Iyo
TRBCEOI128F92CFBC7,Once When I Was Little,James Morrison,,spotify,0rCYc7VNs9b5b0UQkVVqza
TRAKXMS12903CB36F2,The Space Between,Zero 7,,spotify,4AXLa2bF5OWviuoK5Gv99w
TRXWQJL128EF351B64,Music Box,The Cinematic Orchestra,,spotify,12ThPFBwECTSfEbvavcl0M
TRRNZFV128F1463558,Wind Cries Mary,Jamie Cullum,,spotify,0Bai3HweA5Y0reoTJrgype
TRUGCVP128F93415BF,Despertar,Aisha Duo,,spotify,0tFhVgn2OhoceTnk8W19Y3
TRZKTYI128F932DB8D,Blue Monk,Thelonious Monk,,spotify,01XxwTpQzxXBMHdi1ra9s5
TRXVNVJ12903CD2B58,3 Days,Rhye,,spotify,3zcsesjt1spXko5vXXceYM
TROQDXS128F92F618C,Careless Love,Madeleine Peyroux,,spotify,0gZuNwEbM0JbSYontDD1c0
TRGENMC128F4263658,How Sweet It Is,Michael Bublé,,spotify,04XRimcx9QuSrtUvWpdkmS
TRXJMRI128F92EB435,They Can't Take That Away from Me,Ella Fitzgerald & Louis Armstrong,,spotify,06gu5LjMfG0Ru8c04Tbvyx
TRTKBSO12903D0D3BE,Boplicity,Miles Davis,,spotify,01b5jXZOXawHeAO8Z3Aj7T
TRAMWCD128F424B653,Lonesome Road,Madeleine Peyroux,,spotify,1z1Irrr1zTVxT4vGIuuXFV
TRFNANO128F930F79B,Moon River,Frank Sinatra,,spotify,1BAxvDukfcabfWluGzZ05Z
TRXQQAG12903D0C3AC,Galaxy in Janaki,Flying Lotus,,spotify,4sh8PiGNm67BfgUkd7iQFH
TRJDIVL128F931F1E6,My Little Brown Book,Duke Ellington,,spotify,0AjMAKR9QRK6bBFfskmSGm
TRXHAZS128F42598D1,Nothing Can Come Between Us,Sade,,spotify,1BSjwzdh8XilblNuZgkRWb
TRLNZUR128F426B8D9,Willie the Pimp,Frank Zappa,,spotify,14GlzcCoxpTdWZhR4ZH1OW
TRITBDD128F930198F,Cry Me A River,Michael Bublé,,spotify,02RBSrEvEXbOlO5Nv8U0Lp
TRRJZHL128F92FA0B7,Burn Out,The Cinematic Orchestra,,spotify,02U078JCBx1PcBbf94I7St
TRYEDXO128F42343C5,The More I See You,Michael Bublé,,spotify,0CFzVaItq5kxSaxHjVcq4h
TRYBYIX128F92FE3EB,All The Way,Frank Sinatra,,spotify,012PyDLwNyHr5bCPxNmSsg
TRIZCLS128F4266EC3,'S Wonderful,Diana Krall,,spotify,0U3RtBzWJZXuC0RSjxmTsF
TRZFGAB128F425987B,You're Gonna Make Me Lonesome When You Go,Madeleine Peyroux,,spotify,09xjEd4lUJLuEZPBycVIuA
TRCQZMS128EF3678EE,Diamonds Are Forever,Shirley Bassey,,spotify,02bnTK2h9dpOtKHj5w4j5J
TRCRQWF128F42987F8,Gloomy Sunday,Billie Holiday,,spotify,00EyWnhRQJ2J57aoba4qH4
TRZFTMO128F92FF345,I Got It Bad And That Ain't Good,Oscar Peterson Trio,,spotify,0lgnTtpM3Vh7vnmrB8t0MF
TRHJQLQ128F92E0AD0,Venus de Milo,Miles Davis,,spotify,011cxfvyxNLRtfo5KR6Ir1
TRWPAMD128E0785D6D,Cygnus....Vismund Cygnus,The Mars Volta,,spotify,2mmygsZnoEzJHXzEMgLd76
TRUWUBJ128F149786B,Rosie's Lullaby,Norah Jones,,spotify,10hBcbQsH77movlSQHZ4lb
TRQZJOD128F1497864,Not My Friend,Norah Jones,,spotify,2kxGahxfG19CDEF6Ircce2
TRHUDMW128F42722BC,You Look Like Rain,Morphine,,spotify,2hDY7kVVZdQDwwq2fkNTg6
TRCECVD128F9313C63,Skating,Vince Guaraldi Trio,,spotify,03jW4e6wAyOLqgOR12FNBH
TRPZZWP12903CC29D1,Look for the Silver Lining,Chet Baker,,spotify,020HcGs7XsyDnYpDejshkR
TRRGKKO128F424943E,Back It Up,Caro Emerald,,spotify,0CfQzM8vCi3bJex5QkZtlM
TRRYMIR128F9354778,Via con me,Paolo Conte,,spotify,053MPrQZlf9X4KYmcJ4vsd
TRABCBB12903CAB136,I Could Have Danced All Night,Jamie Cullum,,spotify,0JsBZ6xSWqtSmd9eid546f
TRXHUNE128F4284483,No Phone,Cake,,spotify,0VYW3wl6t6MG8HpAOzQkh2
TRGYSPV128F146953B,Perpetuum Mobile,Penguin Cafe Orchestra,,spotify,1MIwRUsj23h7cYn6mNiqHw
TRUEEXQ128F92D9385,I'm Old Fashioned,John Coltrane,,spotify,01JO3EBaejb9wLT8o8X2EY
TRSCDYS12903CB509A,Pearls,Sade,,spotify,0P860eMtWXBBi3oh0NY2sp
TROHRBG128F428061F,Blues in the Night,Katie Melua,,spotify,0q0r0SAXR0RhnP5aO0oIr5
TRJFNKA12903CA84F9,But For Now,Jamie Cullum,,spotify,1h2Z6qzTZfIaYLt3dUFlaH
TRLJFXV128F425FDD3,4 Leaf Clover,Erykah Badu,,spotify,23PpxetchT69zYYEegjftv
TRFZZBB12903CA0596,Young At Heart,Frank Sinatra,,spotify,00Ew6wnQ0Jk7WsuRIeAbE2
TREFXFV128F42806F8,The Way Young Lovers Do,Van Morrison,,spotify,1BFzr4kX2reTqCPU3Nl5t5
TRMTKCK128F146C6BD,Suicide Underground,Air,,spotify,0UaionYcc1Vmf2L9ICjWoe
TROLHDV12903CCCF93,Love for Sale,Cannonball Adderley,,spotify,01ek1j2Saxbza0nXueyDZD
TRRLGIX128F93182B8,Transatlantic,Quantic,,spotify,0fThrMmvKHWiee1q1es2Xm
TRFRUVG128F93037C1,Postlude,The Cinematic Orchestra,,spotify,3e0ckWLIahb9VkhwdhfLP3
TRFNFQR128F146B077,When Sunny Gets Blue,McCoy Tyner,,spotify,01HQIKjcODJCBRFoETqngE
TRYEYAC128F934F4FE,TNT,Tortoise,,spotify,6VALPcarkSkBgnpklEHM0X
TRVEBWR128F4296952,White Knuckle Ride,Jamiroquai,,spotify,06aUc9BI9EjcKVKWtfhxOP
TRMUQDF12903CB520F,Why Did We Fire The Gun?,Waldeck,,spotify,3faspWrVbnC8WMefK8g39e
TRCRHGZ128F9339872,I Fall in Love Too Easily,Chet Baker,,spotify,01hBBuTVjDxwxJRjeXz6ZE
TRDOQWS128F92DE304,Seasons Change,Corinne Bailey Rae,,spotify,0idvKPwOMkt2mnPRmoN9c5
TRWGBQP128F92E56E6,Over Our Heads,Zero 7,,spotify,19eex1GOrEtTNAOgZNyTx4
TROKMZL12903CA57E6,Trust in Me,Etta James,,spotify,00i8cbzciHCYToYmhwP00t
TRZLEQU128F4259AFD,Like A Tattoo,Sade,,spotify,1irJAMe03uTDR4IO6IbJrm
TRUGKUD12903CBDFDF,God Bless the Child,Sonny Rollins,,spotify,0iGj0o1AjB6ld37rIoPUud
TRILZTF128F428928C,Good Morning,Norah Jones,,spotify,1SqwLblPWSihJlNC1AK0mz
TROUMTC128F9318EE9,If The Stars Were Mine,Melody Gardot,,spotify,0DrELM8FnElOj4EdbQjba5
TRXQTSS128F9366A2E,Lighten Up,Beastie Boys,,spotify,1DImRxBiAOqoVuPbUgBxh5
TRUEKIH128F92F1169,Bridge,Amon Tobin,,spotify,08GmGyeiESFJDzXiB0XOoT
TRYVBAB128F932C2C0,Chunga's Revenge,Gotan Project,,spotify,1sLARnUqTWiPXfYXjOscdk
TRVETUL128F4264E59,What You Won't Do for Love,Bobby Caldwell,,spotify,03Rjf1kADLYV5sHAh2FiJc
TRRFIGM12903CBB72D,Godchild,Miles Davis,,spotify,01hWsqbSUrrwKwQhmavGtt
TRCEWFD128F9306B8E,Step Right Up,Tom Waits,,spotify,41kbXmSLnekvJuyu4HMQoL
TRFOWGZ128F4240D60,No More,Madeleine Peyroux,,spotify,1IFfkl86nV3uTOHVkqfcI8
TRTIVLA128F92F27D8,Who Will Comfort Me,Melody Gardot,,spotify,06f1yzcZ5vew8CcHSdsIEG
TRJCESZ128F428894A,Something's Got To Give,Beastie Boys,,spotify,52hyQiu5rDGfJe80NsQBwP
TRAJTVQ128F92DFC74,Still Dirrty,Christina Aguilera,,spotify,0hPVXwscI2TDmSbb4f8vJ5
TRWUYOC128F4264EFF,Waltz (Better Than Fine),Fiona Apple,,spotify,1d2BMVoFgjEdtHcI0eidGm
TRFRSZA128F1453924,Baltimore,Nina Simone,,spotify,0Dsrlet0KgVMWr90y4SZ8M
TRCSMIR128F145CD81,On Green Dolphin Street,Miles Davis,,spotify,01RnnzMcEzCpkZKsB1Bc41
TRQBIBE12903CE0261,Diversion,Mark Ronson,,spotify,11uhYz7XvgOh5IDQTCdBou
TRCYUTC128F4258FEC,My Dear Country,Norah Jones,,spotify,0vAfwRdEJSiVcJc00kH7y2
TRILRFI128F428B559,Singin' In The Rain,Jamie Cullum,,spotify,0BeMNW4PjCyoFn57hozCPX
TRWERJW128F932AA8D,It's a Beautiful Day,Michael Bublé,,spotify,0agbI4d3WtEHKnklrxoVNX
TRJKJAX128F9307C9D,I Left My Heart in San Francisco,Tony Bennett,,spotify,020RnWe2OC8CSylNQI7uS5
TRRKJRT12903CB5941,I'm All Over It,Jamie Cullum,,spotify,07NYlwEmKjhyzkPacCoWXj
TRFWARE128F4254FBC,Don't Cha Wanna Ride,Joss Stone,,spotify,0qbg8R6S17gzGi0KXWvLBf
TRFTKCH12903CCF902,Moment's Notice,John Coltrane,,spotify,042MVhJpOW6wdDuwa9F5Ar
TRATUOQ128F9313C57,My Little Drum,Vince Guaraldi Trio,,spotify,0L3aeM2PNlDVxibSADK8Oq
TRKCKIP128F424C6DD,Dragons,Caravan Palace,,spotify,03yOJIZIY64hqWFVPSZqkM
TRDTTGX128F92D4702,"Johnsburg, Illinois",Tom Waits,,spotify,02RMhVSBZT0lakeSZLVIrb
TROHGMC128F42823CE,Peace,Norah Jones,,spotify,01PsltOQxr3YT6mCMIub4T
TRLPEAH128F930FD6F,Christmas Is Coming,Vince Guaraldi Trio,,spotify,0syUXGPqPxT8L3S1q2UWrW
TRBQGVB128E078DF1C,Rimshot (Intro),Erykah Badu,,spotify,15QJXeFMsil7J8hHWaC8Ma
TRFQQCE128F92DFC63,Back in the Day,Christina Aguilera,,spotify,0hhRtEtfPR6GVgDCvcqx44
TRPIXDS128F9341822,"Straight, No Chaser",Thelonious Monk,,spotify,004Hhq6OXPqfd4Pqamsdk3
TRUJCKB128F42579C5,Deception,Miles Davis,,spotify,00gg4wPVo5hZ8SDZWkrmGv
TRXPEFF128F4228914,Greensleeves,Vince Guaraldi Trio,,spotify,1X7zixyPxxmpVmKV3vuDzf
TRGBPCK128F424C339,The Sidewinder,Lee Morgan,,spotify,0AhrqjuOoEmxm3LhSnBENH
TRUGBKO12903CCF906,Locomotion,John Coltrane,,spotify,00cT2b2qm39faglnFluvBf
TRAXXGA128F931C200,Stoney Street,Amon Tobin,,spotify,1zpneB6KNUaoaIXRlxWWhJ
TRZNGII128C7196554,You Sent Me Flying / Cherry,Amy Winehouse,,spotify,1XrXgEAB61XOytKANGfeA5
TRIMQWL128F92D1BA1,Body And Soul,Billie Holiday,,spotify,006VXu0OJGWxuXZirwzaxT
TRFNEFO128F4273B12,Show Me,Bruno Mars,,spotify,11EZ9WJIQW7H37zPO2KXgf
TRNBIGD12903CDA5D4,Art House Director,Broken Social Scene,,spotify,0PEv3gQgzXarlMNBfqUvVX
TRHGRJB128F427FDBD,I'll Look Around,Madeleine Peyroux,,spotify,1wp1J13CZibsKM5usoYnqR
TRKKDJO12903CF483B,Even Though,Norah Jones,,spotify,16lLDX1QkgYBtp6qeXKlE5
TRRHYQD12903CEF9CC,Crazy He Calls Me,Billie Holiday,,spotify,01ZkpoHuFxO2St38Maz64I
TRRJTZU128F9311F01,Corcovado (Quiet Nights Of Quiet Stars),Stan Getz,,spotify,01zFnTAGO5YfmQmhuFcz3G
TRAXVJP128F428894F,No Love,Erykah Badu,,spotify,0ZOJHBNaRZYGD9yl7cDS3T
TRRHAFS128F14987F4,Peel Me A Grape,Diana Krall,,spotify,0Q6Ejorlo1NMJpbUR3C4eO
TRCPCWN128F1489B04,Half Time,Amy Winehouse,,spotify,01GGFpp0rXRf7QbQTyiO0V
TRRHFML128F92E0999,Sanctuary,Miles Davis,,spotify,0FQtjPhTGC8ZX5VBU2EHrZ
TRSNETH128F426F70B,Midnight Lullaby,Tom Waits,,spotify,6eA8tiQtLtov3Km1XtqQy2
TROLMDB128F429072C,Misty,Sarah Vaughan,,spotify,00eVvHIe3bScEvNvuPNBTV
TRGGJHF128E078E9AC,Show,Beth Gibbons & Rustin Man,,spotify,0GEMAW2jerbxDFl5R8h12M
TRFZVKM128F4220EC5,Do What You Gotta Do,Nina Simone,,spotify,0KfbW9ZkbsoGjULTUC5aSK
TRIYJXJ128F932030C,But Not for Me,Chet Baker,,spotify,01nC4Vix7Eb13Q94O8OqkZ
TRARNMH12903CB2732,Crazy Love,Michael Bublé,,spotify,09draJynMyJ85ufQp9uiBk
TRAFDYA128F9329391,Lullaby of Birdland,Sarah Vaughan,,spotify,00fJuRvZxBQfc38OA4AnA2
TRFOGNX12903CA80C9,Body and Soul,Tony Bennett,,spotify,01hJnhpAmjzg85Etnz2ECH
TRRHCEH128F425AA29,Black Crow,Jamiroquai,,spotify,2ZdOKiTafRudq2AePFs33j
TRLJXRD128F427318A,Chocolate Jesus,Tom Waits,,spotify,0jK0sEVj0GZsd4jMRp0dUV
TRNAIFC128F1488555,Skipping Stone,Amos Lee,,spotify,03tbZ83O6zhZjvAruftnVk
TRCRCYG128F93055A3,Jelly Roll,Charles Mingus,,spotify,03HbwDjNltPLMOstB9OnHk
TRZRSTT128E0783AE5,What Child Is This,Vince Guaraldi Trio,,spotify,0LP2DlqqEH5Lo0ujWdHkUD
TRUGHOM12903CDC17E,Candy,Morphine,,spotify,0U149wyjGifvX4x2EAwDWn
TRLJQVJ128F4226777,Theme,Flying Lotus,,spotify,7oIcPF61r0L0172I1PAZz0
TRZGMJS128F931AF33,Theme Reprise,The Cinematic Orchestra,,spotify,026mSDiwCQwSmsLzpNGR2S
TRROPWV128F429AEB5,Blame It On My Youth,Jamie Cullum,,spotify,0A89gPJdJwUiWCoo4PJJDr
TRQURXW128F427C303,Ode to the Big Sea,The Cinematic Orchestra,,spotify,0De8S1EvUjVlU6iDWH6Wup
TRFDHNX128F92E78A3,Let's Do It (Let's Fall In Love),Ella Fitzgerald,,spotify,01mH8lrxvVzYwTgBJhVk3v
TRVXNKX128F931AF2B,Theme De Yoyo,The Cinematic Orchestra,,spotify,2aJDk0Asf9M3BBjht0RNqz
TRXGAQU128F4255068,Israel,Miles Davis,,spotify,00Kp4Mf3rRAtlnO1WyZfhI
TRINDOQ128F42B117D,Mack The Knife,Ella Fitzgerald,,spotify,00A11ps5HXMMotxrPY08vJ
TRAZGTO128F930C4EA,Baby Blue,Martina Topley-Bird,,spotify,06LqEdLQc5OoFQ4OghkUBw
TRFRIIR128F4268777,You're My Thrill,Billie Holiday,,spotify,03CeSDKtF0KKITPpN4K7vd
TRRSOHN128F4248D20,I've Got the World on a String,Michael Bublé,,spotify,1oD6W6XPAzJIkD1sACzAnh
TROFJXZ128F93069FE,Blue Shoes,Katie Melua,,spotify,0ONHjJWkce95vg55FfoAjn
TRXJRIS128F92C96BB,Drama,Erykah Badu,,spotify,1FAL6jmxa7oIZxmqZFZZL4
TRLPXPH128F92EFB63,Águas de março,Antônio Carlos Jobim,,spotify,06QT2YsVaQ6wTJwMDRNwo8
TRCSACP128F92F913D,I've Got That Tune,Chinese Man,,spotify,14ey5IveQNuCCL8oQwG4l3
TRFPKSM128F4225E85,When the Saints Go Marching In,Louis Armstrong,,spotify,00HlqUdRewCacdVs7eVm4N
TRCPKFW128F428079C,Tesla,Flying Lotus,,spotify,5OxaW0vXDcmPKLOCLRKneT
TRCQEYD128F425B2C6,Flow,Sade,,spotify,3NSLo1uzXcUzbU6nmCL6PF
TRCYWJT128F422BC83,Left Alone,Fiona Apple,,spotify,18U67rsYOw5X0rY7LJzZQD
TRXGXFQ12903CB07DB,Rocker,Miles Davis,,spotify,00DYUqYYLxWn0V8gzXgc6s
TRAOLZA12903D03B42,Everlasting Love,Jamie Cullum,,spotify,0dJR7qPTs0zAlBolx4xIlX
TRWGTOH128F42BCA56,Inversion,Mark Ronson,,spotify,1IaDPNqLLN0Qz0xOuiIoag
TRXEZOR128E07999E1,London Skies,Jamie Cullum,,spotify,0SEFBb3Fvt9KkkYOXKh1FP
TRKYJQS128F931AF36,Yoyo Waltz,The Cinematic Orchestra,,spotify,1VcLN6hexuKwgUvPWGf70b
TRRGGHV128F92D1AB8,The Best Is Yet To Come,Michael Bublé,,spotify,0N0sHfoR7Ppk4cJc7pvFBg
TRJAWUY128E078DFB5,Aja,Steely Dan,,spotify,0w0Zs8pu4wx9iErRMEG96L
TRLJNIV128F93417B3,I've Got My Love To Keep Me Warm,Billie Holiday,,spotify,006Vc8hOJpC8fwRL8V4ZG8
TRYKVVD128F9312447,Spunky,Eels,,spotify,4wrycDzYZGXS75Ah3Dlp9z
TRIHULI128F931F600,My Favorite Part,Mac Miller,,spotify,58ltH6jzbCAbe4Z3ec1Ya0
TRKFGTY128F9346500,In Spite Of Me,Morphine,,spotify,4kc9Lj7lTrUbhfAAVWX39m
TRIRBWQ128F428CCC0,All Wrong,Morphine,,spotify,49Yd1W7vmTyGXosX6vSVWM
TRANDRK128F427B7AE,In Your Own Sweet Way,Wes Montgomery,,spotify,02LQ8ePfptqLa7Mdr35rhP
TRORIEA128F42B155F,Call Me Irresponsible,Michael Bublé,,spotify,0am8yVhlmN2xuclpDolVN0
TRJACBY128F4258536,Light as a Feather,Norah Jones,,spotify,0ZSF2Mfzs4L39kVzuzezxG
TRKKQDK128F4268778,Slim's Return,Madlib,,spotify,2P5mABk27DkOT8Gi2NbTpO
TRHOWDW128F42843CF,Spread,OutKast,,spotify,1lWNFY1hCLAkbgSdBApAr5
TRGYZAD128F427462A,London In The Rain,Variety Lab,,spotify,1Bbum5nwYkH8iml2uq5AMJ
TRBGOPU128F42BCA63,Outversion,Mark Ronson,,spotify,0877aug5l2TmjBa0utjFEV
TRXWQIP128F425FF5C,Apache,Incredible Bongo Band,,spotify,0EdQyFLqurtl2TaFN1LTxS
TRMKLMV128F427665C,Right Place Wrong Time,Dr. John,,spotify,0DG3nnBcwIwahBmogbjKlF
TRATUZE128F9307560,Half the Man,Jamiroquai,,spotify,0ayaHJBfEV8cyVQsncW1eL
TREQLMN128F4259D4B,Picture of My Life,Jamiroquai,,spotify,0iiY2Z4a8XuDdLkYszjISq
TRARYTX128F145F6AA,Spanish Joint,D'Angelo,,spotify,1J1dupxCRj30vAVlepm1t9
TRJJIPV128F93368DC,I Wouldn't Need You,Norah Jones,,spotify,0eIPMIKmi0tejiZt5n1zSd
TRFRESS128F4244AC5,Devil May Care,Diana Krall,,spotify,16hvYjDLOHUeoac85UJ9bU
TRFNKCO128F146A325,The Man I Love,Billie Holiday,,spotify,000tlxmPRtlAOoYaijWHXz
TROXLAJ128F426496D,A Beautiful Mine,RJD2,,spotify,0Ub5UwlCSSNTFxiIQVuXyT
TRXVOMI128F92D93E5,Don't Explain,Billie Holiday,,spotify,009ejsktl3WAjA6QOv4uCR
TRUZZTA128F421CE42,Goodnite,Melody Gardot,,spotify,0IaFIfEvXWNZaJvunmOK2z
TRXBWGF12903CDE9B1,My Foolish Heart,Bill Evans Trio,,spotify,018u4yZaGiFYCSYv4rkSOp
TRLMELE128F428FD9E,Over the Rainbow,Judy Garland,,spotify,00Ba6LEbofu8yMV3dXsVIM
TRFQYAF128F92EF677,A Song for You,Amy Winehouse,,spotify,3XHtmzFsPxlthL2REh8yB8
TRPAUEW12903CB5459,Jazz Music,De-Phazz,,spotify,01I5NLhrJKoFPyaOkqn0WV
TRUXZUC12903D05081,Lady Day and John Coltrane,Gil Scott-Heron,,spotify,0GUqd81TtiLpa2wRZ1SmP5
TRFCLJW128F428AB01,Keeping It Moving,A Tribe Called Quest,,spotify,0SivTODalGtdHErHUAMRcd
TRAGGPQ128F9329477,Arabesque,Nicola Conte,,spotify,1gflLjwKnqoL2yzx7soosw
TRXEWON128F14AB6BD,Them There Eyes,Billie Holiday,,spotify,0250g8WrsTw17wrnJv3dV9
TRFTTGQ128F932AA7E,I Wanna Be Loved By You,Marilyn Monroe,,spotify,00BhJBv166PA0XMt7SmZU9
TRLMQMO12903CA0197,Stolen Moments,Oliver Nelson,,spotify,01yxnpPL5X48cO37HxTirR
TRUROCA128F931CAC8,Frim Fram Sauce,Diana Krall,,spotify,0j5JAG8T9D2XtSzhlCAexx
TRXJTNJ128F932B1EE,The Hounds Of Winter,Sting,,spotify,0kDLnHQkSeUZgX6BeD5rkq
TRUDKKB128F933B749,Stardust,Nat King Cole,,spotify,00T1XvQzgS5fo6uctpGXyh
TRGPTPT128F92CFBC1,The Only Night,James Morrison,,spotify,1ctutKS0XawxrYbHZrYPzD
TRCCIHO128F1466B53,You Don't Know What Love Is,Sonny Rollins,,spotify,05Zvgg1T4n12ybq3xF2Tff
TRFUIYE128F428A31C,Georgia on My Mind,Michael Bublé,,spotify,0DEx70wKiIsb64kAse1DNm
TROMIYJ128F93150CF,Spinning Wheel,"Blood, Sweat & Tears",,spotify,0FRH3DZo0dglRNc2j4c3Lk
TRBOJVZ128F92DCCCD,You Upset Me Baby,B.B. King,,spotify,01pyNpVJHv6bbV0z6AbWm6
TRABHQL128F147E426,See Saw,Aretha Franklin,,spotify,0ytyTCbLEmTeKqcvwjAP0H
TRSLJOC128F42889D5,The Sharing Song,Jack Johnson,,spotify,0CfjYjURpMhOP0WCcRTxia
TRCQZOT128F42690DF,East Of The Sun (And West Of The Moon),Diana Krall,,spotify,047WHFHy2enfXO8gjoxaHy
TRSKCBX128F92DFC7F,Nasty Naughty Boy,Christina Aguilera,,spotify,2GELu33WvJYsHvHk98EKvZ
TRMCOIB128E078F56C,My Dearest Darling,Etta James,,spotify,03Ocs9L6etyg07amF6dcac
TROPOZZ128F930633F,Booty,Erykah Badu,,spotify,0Gc3nLjddNj3fuhHw9TANJ
TRISAHF128F92DFC81,I Got Trouble,Christina Aguilera,,spotify,2W6ZqbG0xjjofkTdHNeewx
TRZOEEZ128F92F13F1,I Know You Know,Esperanza Spalding,,spotify,3afeZ81GDy59tATovKyH6Z
TRESVAD128F427A970,Four Women,Nina Simone,,spotify,01lMbl9TiYtrmVY2PwECDd
TRUEOSS128F4287B83,Me,Erykah Badu,,spotify,1WUpeQjjx3HGfhiAX8dQhh
TRFMZTW128F423646E,Frosty The Snowman,Ella Fitzgerald,,spotify,00jpXpygZ2FtTtHUjikHes
TRZEZWK12903CB732C,Rags to Riches,Tony Bennett,,spotify,001cluzpRNOfu5Y0tJaQJx
TRZIVHZ128F1465262,Soul Suckers,Amos Lee,,spotify,1NjixXlQH1YhV4s5c3kBeN
TRFVWHK128F4279F58,Vein Melter,Herbie Hancock,,spotify,0b7wjx2Ztiiib7HkVPo9Jw
TREVDUE12903CBB9C8,Soul For Sahib,Koop,,spotify,1ycDi07x89xGsfRGjoyRFb
TRRHDKV128F428ED62,Lonely Woman,Ornette Coleman,,spotify,00UQlt2kbmM2LSqzuTWRW6
TRILBRK128F9341F6D,Weary Blues,Madeleine Peyroux,,spotify,1rTuWCfCMXFz9nVsEtHxFd
TRKKVZE12903CDC5CF,Bird Calls,Charles Mingus,,spotify,0DIQNz84XpsUaDE0z1z1eP
TRABSVM128F931D982,Something's Gotta Give,"Sammy Davis, Jr.",,spotify,00hxmEK1nU9d6Jla4RIcMg
TRCJFPU128F42B726D,Rouge,Miles Davis,,spotify,009wZKxHiQ2L5u60Gew2pN
TRXFJNE128F42421AB,Midnight Blue,Kenny Burrell,,spotify,05rEDKgOtvXYVBaKsACiJO
TRLKSOO128F428C5B5,Mississippi Goddam,Nina Simone,,spotify,03KtV4uBiQMPJoIoZbTYg6
TRXSRSC128EF34F7D6,Celos,Gotan Project,,spotify,1wvb6sx0YBVDKi0irNq6rZ
TRUJYEJ128F92CEAA9,My Old School,Steely Dan,,spotify,04y5U8uMGxRfQSk1q4CSpa
TRQHDIM128F92D2C32,Swordfishtrombone,Tom Waits,,spotify,07ifH9aJgrsbdp9OgVKK37
TREMQKL128F42A400A,Somethin' Else,Cannonball Adderley,,spotify,00hexk6Z2bcfPHtLuWKbzo
TRQJBDL128F42BBB6A,Nah Neh Nah,Vaya Con Dios,,spotify,03bVMtu41ItlZ4rdzThWMD
TRHQKSF128F429E386,Água de Beber,Antônio Carlos Jobim,,spotify,03XkLBYaV5PlgHQYlTEvZm
TRIUAQG128F92F1EE4,Mack the Knife,Frank Sinatra,,spotify,0CSsHCdmqMd1SRYjyBspVj
TRGOSPU128F932101B,Hit The Ground,Lizz Wright,,spotify,1CU4H9oa00zLDX0Di1pMAK
TRRFEMO128F931CBAB,You Are My Sunshine,Ray Charles,,spotify,03YgfHumDp3XL4RYFIIhuB
TRXENYO128F149DC5C,Sous le ciel de Paris,Édith Piaf,,spotify,012TJIoca3IMsBu1riZVcC
TRGEPPX128F92CAF46,Since I Fell for You,Nina Simone,,spotify,09wTP7RdHB49f8sf69awNV
TRAAAED128E0783FAB,It's About Time,Jamie Cullum,,spotify,00ZCW9lUa2bqwpF6rhtaMI
TRJAEAB12903CE8809,Suzy,Caravan Palace,,spotify,1FZ086DISDeWtc3hVImmKB
TRYIPWS128F930D29C,Now's the Time,Charlie Parker,,spotify,02gHyExSzjTprPApB83qcX
TRAPYUO128F4278121,On Our Way,Christina Aguilera,,spotify,3emej48n0Y51lfGNfHxjhJ
TRDHQPZ128F92FE118,Balrog Boogie,Diablo Swing Orchestra,,spotify,3CZ29NKtkIX7h2tcUshpWH
TRXEVEQ12903CD7DE6,Ain't Misbehavin',Louis Armstrong,,spotify,00LAYo95Ji5rzxSbZgf38H
TRXIQDL128F92F27DC,Les Etoiles,Melody Gardot,,spotify,0OMuZjHByeQRkfl8L2J28D
TRFRLQY128F4219DFF,Anchorless,De-Phazz,,spotify,25SSyRHWuR9D0VJzTOMzV1
TRBRTXO128F92FD17B,Gettin' in the Way,Jill Scott,,spotify,0fkPNZeNs0NcXxIU0W4XeA
TRLTKKK128F92F9ADD,That Man,Caro Emerald,,spotify,04zm16Wb5rUuQzhpC8JsZh
TRLJGXE128F933CB28,The Look of Love,Nina Simone,,spotify,0dJEeaiDmQQq3CyVzMf7QD
TRCQLTA128F425D332,Old Devil Moon,Jamie Cullum,,spotify,002g3pT9MbeakqJb5rPIy3
TRKNMZM12903C96ECC,Intro (Back to Basics),Christina Aguilera,,spotify,2DQAxf831FTIj84KYrOcKo
TRGDFVZ128F930D33C,Teen Town,Weather Report,,spotify,0asoDyrXSRfLXYKytBL3IH
TRAANOM12903D0C0F6,Limehouse Blues,Django Reinhardt,,spotify,0007OzJzBbbSoS2Cot16vU
TRLJQJF128F427F29F,Besame Mucho,Diana Krall,,spotify,1FEWT8nQ1w1fSvjwGdDnxv
TRGOCYO12903CF85E3,African Velvet,Air,,spotify,345VInDd9QfawjvQNNnONZ
TRISFLV128F93048D2,I'm Your Man,Michael Bublé,,spotify,0sTrcbQH5Db1AfVzg3PdtV
TRIQLTD128F425F047,Footprints,Wayne Shorter,,spotify,0Ccy5eDuT2CgO1xCBXT9tM
TRXYNUD12903CA468C,Sculpture,Skalpel,,spotify,0D8LxNiGSWdrmk0EE30kqb
TRYREGS128F9307654,Everytime We Say Goodbye,John Coltrane,,spotify,07tdtk8AvdQcsCzSDQ2ZCb
TRXDLRR128F92F919C,Orange Moon,Erykah Badu,,spotify,0vuQ76r08EPNq9RgdfrYch
TRGSCEC128F93368E9,You've Ruined Me,Norah Jones,,spotify,0YJaREsmMjIgrrwkOjm8It
TRRHQBO128F92D2C33,"Down, Down, Down",Tom Waits,,spotify,1DxX3tNyvjO94By2FOal0N
TRHKUQZ128F427E8B0,Days Like This,Van Morrison,,spotify,1xLBQMdZgzhef8j92S0Lsi
TRAQUVF128F93337B0,Amado Mio,Pink Martini,,spotify,05xPEX8UMhC7G6iGjFAvM4
TRXCIXO128F9303340,Love Me,The Little Willies,,spotify,4bRLeL52BAeQ5rEThznUxo
TRLOUND128F4291D95,Where I'm From,Digable Planets,,spotify,1962ZwEY7WNQLcmYFn3eR9
TRXFEHC128F92D1483,Take It All Away,Cake,,spotify,4LA7N4DWm4p4tHdD2tPIK6
TRGOHNF12903CF8DFE,Diamonds on My Windshield,Tom Waits,,spotify,4zuXpsABdOtVrkzIFBym2r
TRUFRHU128F92F32FC,Solid Air,John Martyn,,spotify,04dchrEypw1BRiajUEXz04
TRPKHMK128F92E2BF2,"Quando, Quando, Quando",Michael Bublé,,spotify,25EbZMT0qHwPY6Z1UkCI88
TRXUODS128F429C9F3,Dolphin Dance,Herbie Hancock,,spotify,0cbLBm11gJg5Kk8KMGSYRZ
TRDACYY128F4259E6F,Somebody Already Broke My Heart,Sade,,spotify,3sTnAODep02S4gLmcgtWs7
TRXDFTT12903C9C2C5,What a Difference a Day Makes,Dinah Washington,,spotify,00t1s4GzTdlmLng2RUS903
TRQHKIQ128F425E9DB,Bruised But Not Broken,Joss Stone,,spotify,2eFix5aYHwB38UIdz8JDSK
TRUWSEI128F427B7CF,Yardbird Suite,Charlie Parker,,spotify,01uF4ThqEQNKKbXs6WNomK
TRTIHXN128E0792517,Swing Set,Jurassic 5,,spotify,1HfclvG7HQqEE97YVlNRC5
TRDCIMS12903CAB7A8,Let's Face The Music And Dance,Diana Krall,,spotify,07Ymkj6YNj4Kwkq30Pxeli
TRZBCCP128E079502F,Star A.D.,Faith No More,,spotify,612xRZssZf5nx2JqW6F73n
TROQLOZ128F424E8B1,All Things,The Cinematic Orchestra,,spotify,2qSS0ysDwXZpRn11xwz2ST
TRLLHPH128F14B137B,Insensatez,Antônio Carlos Jobim,,spotify,00YgVFxWhVBOXvPzCbYPg8
TRLXIMU128F92F3787,Brilliant Corners,Thelonious Monk,,spotify,09z6pdo3D1K20BHJWVYiBI
TRGSBJW128F9316E83,Sun Drums and Soil,Four Tet,,spotify,03rYYvin4H6usa2FQuMM1T
TRCYNNP12903D09C67,All In,Flying Lotus,,spotify,7eWIBNEmDlIpnrrhcubpK0
TRRFYIT12903C95EE2,Sophisticated Lady,Duke Ellington,,spotify,00mcUlruVjLp77bvXK75zt
TRLOGRC128F427E0D2,Jeepers Creepers,Louis Armstrong,,spotify,00B15p9keYLpEObLBHcdtG
TRCVZJV128F930E439,Dime,Cake,,spotify,0oX8zOaXOaSAh7VbHsNcm2
TRCROJM12903D10E5C,All I Do Is Dream Of You,Michael Bublé,,spotify,13FzXFMKUXN2fXX1QGaAFN
TRURXWY12903CF7865,Strode Rode,Sonny Rollins,,spotify,05He1JtRYUp1Wh7DlmcEtJ
TROJWQV128F1461154,Everybody Loves The Sunshine,Roy Ayers Ubiquity,,spotify,0e8zMJeZWKKla3Z9r5RM62
TRGAQKG128F4259E74,The Sweetest Gift,Sade,,spotify,24aHk8P9MuUYkL8DwsHJHH
TRGHXYS12903CD6AFE,High And Dry,Jamie Cullum,,spotify,0vwiOFVhknyIMu7TkFDbWo
TRRHAQD128F92F14A3,Jealousy,Queen,,spotify,1rrxUSe18f0sN1LJf8aDCs
TRLJSLG128F149911D,This Time (I'm Gonna Try It My Way),DJ Shadow,,spotify,1MX2Dssk2Zk5BfNNhBEvxd
TRSPKDL128F427E8D7,Another New Day,Jazzanova,,spotify,4hohO4dvQqq5AWVkh236D2
TRUTECW128F42901FD,My Ideal,Chet Baker,,spotify,03eRQ6h24UfPdxL78MWfID
TRDHBZC12903CDE38F,Twenty Three,Four Tet,,spotify,0kFzd88M8s1NkkzrRH83ns
TRCQRQS128F424A308,Dream a Little Dream of Me,Ella Fitzgerald & Louis Armstrong,,spotify,0cSWL3szhxqWa3l1y6pv49
TRSHNGI128E078E7C4,The Hop,A Tribe Called Quest,,spotify,6MWKymxQkUnJkC8TOs60zc
TRRGIBF128F427025E,Miss You Love,Maria Mena,,spotify,1DH9Jw14TpkKzNIwbCFB6p
TRONDNQ128F426E3BE,The Magician,The Cinematic Orchestra,,spotify,1BchrNfbD3F8NQXfDIYe6P
TROPBKG128F42596D3,Song For You,Michael Bublé,,spotify,0gNXghoBonvXJ9Kb9h3Il9
TRRNKVX128F93249E3,Nightlife,Amon Tobin,,spotify,1uv15qOGnWzjplgvsb5Fba
TRAINSA12903D0CEB9,Slave Song,Sade,,spotify,11JMyjBsyVmuTdGe3PJ87V
TRAJDAV128F92C39AF,I Get Along Without You Very Well,Chet Baker,,spotify,00LSdGQEE1m7QKGrap9WAK
TRIEWNB128E078DC7A,Only A Fool Would Say That,Steely Dan,,spotify,0OfxqXHLhWBAhUsHm8zv64
TRBPHQR128F4280AE1,Carbon Monoxide,Cake,,spotify,2dPHKM7TfYg7Wibk0K1q0v
TRLWIFV128F9358FA4,Cabaret,Louis Armstrong,,spotify,03pJIMjmNsHzIB1MrtEKOw
TRXKVSV128F147A597,Gin Soaked Boy,Tom Waits,,spotify,6ejsWa2fHwweoEpLg6mdf5
TREDPES128F42B911C,It's Always You,Chet Baker,,spotify,01x1ktYLZKn1B0iKC6Mr2v
TRFETPH128F4280AE3,End of the Movie,Cake,,spotify,4eKmQqzXRIKw52Sqxl2Ofp
TRXNRMU128F9312AFB,Breezin',George Benson,,spotify,0nLB9HVZGTOB4x8iCgi0OY
TRILSQA128F14A2C81,Take It Easy My Brother Charles,Jorge Ben,,spotify,0hew9u5MB25sckXTYRK4PB
TRBARSX12903D03AE5,Morning Bird,Sade,,spotify,1CbTfjQxuXVm0DxFawST53
TRYXCAM12903CCA537,Comanche,Cake,,spotify,3YVfxk4uG96lVsvlIY0qJr
TRXJWFS128F92F27DB,Our Love Is Easy,Melody Gardot,,spotify,18jyhAEvub1EEVyken9bRQ
TRXODBR128F1498F5B,It's Love,Jill Scott,,spotify,0lN19oKmreSjnL2CaWiXms
TRBMAJL128F425768E,Any Major Dude Will Tell You,Steely Dan,,spotify,2oC0Z3n5w9KUNoHecdzfMV
TRXOKSV128F42A814F,I'm All Right,Madeleine Peyroux,,spotify,03itSSKOdTUV0hchqKrzE4
TRBNIDH128F429810A,Two Shoes,The Cat Empire,,spotify,1TIF6wKZF1l7mMaONJ2Irz
TRUGWXI128F93149E0,Nova,Amon Tobin,,spotify,0Ge94U1CH59kWzKl1nWzQs
TRCVRWF128F9332924,Maxine,John Legend,,spotify,1L36Rjmd5DfU24Wc9gd8Sc
TRXMYIK128E07999E4,Nothing I Do,Jamie Cullum,,spotify,01fRJtE8bjXWXFmIictwVq
TRTMBDM128F428A335,Mommy,Selah Sue,,spotify,2J37qBjaaFzsbow3AHERoY
TRUGQTF128F42825E8,Stuck,Norah Jones,,spotify,0Fx769UhyOGQrTmAThYUOd
TRZFYVY128F4298102,The Lost Song,The Cat Empire,,spotify,0BZbi3Q0Y3YMIseBjUeq7J
TRISQHN128F426F732,Puttin' On The Ritz,Fred Astaire,,spotify,00aECJtfZJTdujtU2fLNXM
TRDAWMA128F425CEF4,Man of the Hour,Norah Jones,,spotify,1LKoRlfdSqenvYqbgZt0FW
TRGADEK128E078913E,La Soledad,Pink Martini,,spotify,0jeT155leq3eq22U2Xagnh
TRYQSWH128EF342CD1,San Diego Serenade,Tom Waits,,spotify,10YfCrQZ1pcGmfq3yyPVMZ
TRUJQKA128F9350989,Please Send Me Someone To Love,Sade,,spotify,06gasbM99VrJ1Gf8VVQ8V8
TRYFBDC128F1469071,After The Rain,Little Dragon,,spotify,0vzLcLOlX527XbCyoOLeb2
TRPKOKR12903CE91AF,Dear Old Stockholm,Miles Davis,,spotify,00jZmgB0RSq3YtoginMOpR
TRLKIGT128F930467F,Water No Get Enemy,Fela Kuti,,spotify,0FaJYcv57gsoUJYsAgdsEp
TRUWJAG128F422B17B,Town With No Cheer,Tom Waits,,spotify,1Oq7Tf1v23t7TtWqmNgrLl
TRWXKMG12903CD050D,Time Moves Slow,BADBADNOTGOOD,,spotify,5NRGjpHVAhWgbPQbQ5G2z3
TRXSWWL128F93398D1,It Never Entered My Mind,Miles Davis,,spotify,001R7eHnJ3XAzDurquZuao
TRFQOXK128F933AB5C,We'll Be Together,Sting,,spotify,1oRmxednfJw180do2sncAB
TRCPLOT128F92C7932,Só Danço Samba,Stan Getz,,spotify,01w9JbRYowHv9YlbYeMb90
TRPCLWS128F14A22F6,Beyond The Sea,Robbie Williams,,spotify,0zaAUrSvMYrBGcLcmWKcxy
TRDQMHN128F930033F,Beep Street,Squarepusher,,spotify,4ygcdmPyBFEaf25SEEsKrz
TRDQXHX128F93069D5,My Aphrodisiac Is You,Katie Melua,,spotify,0h4o82QD5uWZCNX8DSJXJc
TRFRRJM128F935A0A9,Christmas In New Orleans,Louis Armstrong,,spotify,00xCLR5FPEcsOcqDscyfRf
TRDUQNA12903D0D68F,Song For Mary,The Herbaliser,,spotify,06AY4O46ElWG5ofF7m3BXy
TRIVALG128F932651C,Triangle,BADBADNOTGOOD,,spotify,1CpAjE2XuJzPSIBHUJL0v4
TRXDBFJ12903CAC30E,These Foolish Things,Billie Holiday,,spotify,01et61YVyqcJSyA01SrO6M
TRBFTSB128F93518AA,Night Train,Amos Lee,,spotify,1R01gKKWA9cA1FevdFnmXD
TRIWNXP12903CB837A,Pannonica,Thelonious Monk,,spotify,048k2o7MrGAwIrcGvYxM2a
TRJEPQH128F4255BB0,Lovers Rock,Sade,,spotify,0ZpqtN3dBkXKBJN4Dd8gOx
TRFNLEZ128F426A976,You Go To My Head,Billie Holiday,,spotify,00jw5GX8jkRcgG0tmrU5I7
TRNVVXC128F4273E9F,Portrait Of Tracy,Jaco Pastorius,,spotify,1cmBf1PIbYPS1y0fH3evlN
TRUNYZG128F4284491,Palm of Your Hand,Cake,,spotify,0ZrwHtvupIB8fi4DsPXVHU
TRXEIJO128F426E38C,Green Grass,Tom Waits,,spotify,1Nut9uQ27G6UXuCJtFrqPZ
TRHEFKG128F4273E9C,"Come On, Come Over",Jaco Pastorius,,spotify,2jHp62DmEoTXm866d6eM5z
TRMXZMN128F425980B,All That I Need Is Love,Melody Gardot,,spotify,5qXhjrcfWlEb7XgAjxnBpl
TRJQNRS12903CC44FE,Cheek to Cheek,Ella Fitzgerald & Louis Armstrong,,spotify,0bZTtCafEhHSmihlJxal1U
TRXHSAE128E078DEF2,Babylon Sisters,Steely Dan,,spotify,0GoNTsSp2Tl9WWt8tuLTWe
TRIBJQF128F93368FD,Tell Yer Mama,Norah Jones,,spotify,0b5w4yWqxIL18D7V6Xo81v
TRCRKTC128F92FB867,Moonlight in Vermont,Ella Fitzgerald & Louis Armstrong,,spotify,00JtocwG6aVJoQbqA2Vnmm
TRFFZQK128F92EAD03,Bohemian Sunset,Jazzanova,,spotify,07vBaSsrctRYq4JhjNAYdc
TRSWUVO128F42BC0B9,Is You Is Or Is You Ain't My Baby,Dinah Washington,,spotify,02U24yqIEhklnh83wTdgFb
TRCYGCO128F92EA10A,I Only Have Eyes For You,Jamie Cullum,,spotify,0r7F34UZC5T1qjoh1NbyRq
TRCLOOT128F92F27DA,Lover Undercover,Melody Gardot,,spotify,1LDLwJ4RtmsOVqljESfnbt
TRRIMQW128F4248E7E,Into Each Life Some Rain Must Fall,Ella Fitzgerald,,spotify,00hO0F5qIHeTWgSvTsHAQi
TRILRRC128F421DF5D,Dinah,Bing Crosby,,spotify,04Uf6Oc5xRTmP79Oqjke1O
TRIMMYW128F92E55BA,Triste,Antônio Carlos Jobim,,spotify,01NlpD9o6VZkaQVjHODn8P
TRMXWPT128F4295A1C,Sentimental Guy,Ben Folds,,spotify,56xVNLIsVKQzqUs74znwJ1
TRGBUFH12903CB6C6B,Lonely Avenue,Ray Charles,,spotify,0084y2AukQFoJoRbbHYTL5
TRPHJQF128F92D4709,Cold Cold Ground,Tom Waits,,spotify,013byc6bSjYW33Hi2CDfsa
TRIMYMT128F92F9E0A,On The Sunny Side Of The Street,Louis Armstrong,,spotify,01w0iOO4pGan87eB5o1BRD
TRFQNAQ128F4234387,The Very Thought of You,Billie Holiday,,spotify,02euoz7EmkY5yJNqWIv3B1
TRYGCQR128F92D94DE,Distant Land,Madlib,,spotify,2dSVG6LVW865BwFXAr35yB
TRGFMOD128F932A875,Monk's Mood,Thelonious Monk,,spotify,00WLyae1jKoI8vqPVlCt3G
TRXFJDJ128F92FA938,Stompin' At the Savoy,Benny Goodman,,spotify,00dQa0dQ9rbqNttdjvLQdt
TRULYWL128F427C61F,Mambo Italiano,Dean Martin,,spotify,0034NJGv1JijybgurATp6G
TRCPPEH128F92D2237,Continuum,Jaco Pastorius,,spotify,06GYw2V6STRbsNiEF0z8L4
TRJWGLF128F149960E,Time and Space,The Cinematic Orchestra,,spotify,0IxEAetYN4BeFhclsfhOKk
TRUWYEL128F4263CE4,Fire In The Hole,Steely Dan,,spotify,0gUA1gzM82FMySLD4rYQFf
TRVPEKE128F425E9CA,Girl They Won't Believe It,Joss Stone,,spotify,0osuASA9jhjCQSY8Gruvle
TRILAOI128F425D32C,Deed I Do,Diana Krall,,spotify,43y39GXHXLujrZYumSVrY4
TRRGVMU128F426E851,Home At Last,Steely Dan,,spotify,1MeUc4an4MNmMhe5X5pkNP
TRCVGDB128F92FFF00,He Needs Me,Nina Simone,,spotify,0060sMRqAPcyBqYpyZ0LuJ
TROHFTW12903CB9960,Something Special,De-Phazz,,spotify,1N2t8QEUQyy1apQyhNkusd
TREBXKF128F4239625,Straighten Up and Fly Right,Nat King Cole,,spotify,004xCp8FcxAo6uIVLq9FhM
TRAHICH128F931AEE3,Let It Snow,Frank Sinatra,,spotify,097iUPgSIhVB2xjpg1fLCf
TRZTHSR128F42832A5,Para Machuchar Meu Coracao,Stan Getz,,spotify,0IFd7WpTl3QAJ2M7HMJJPV
TRCZVNV128F14AD237,Muffin Man,Frank Zappa,,spotify,2ClyVqe2QMALHpswQvOsyU
TRUTMBK128F42282FF,Chipmunk,Mr. Scruff,,spotify,2elfSUu1u3ZOVzWYjs5XnK
TRABTZP128F92D9357,If I Ruled The World,Jamie Cullum,,spotify,13g9fIMnLWTLcMGB40mPH6
TRRFGSM128F1472962,Eclipse,Kyoto Jazz Massive,,spotify,3o6bKVceGWcfOzoXEzVEj5
TRMVBZC128F42391F4,Just Another Story,Jamiroquai,,spotify,2WxXj5yyu583dzLajvdlMF
TRBTORR128F92E464E,A Remark You Made,Weather Report,,spotify,0GjOZkEk4jTSQq8PkuH097
TRABEJF128F930EAD8,The Saddest Song,Morphine,,spotify,6vlbuXCnHFLV5H5vMoMmqR
TRPERIU128F425BD76,The Man With the Red Face,Laurent Garnier,,spotify,0bTGJULFiWd2z8GNbptZSM
TRFVIML12903CF3A21,All of You,Miles Davis,,spotify,01hto6BUkf7dgpnLs62Cak
TRXGEVL128F4269AD9,Sheila,Morphine,,spotify,07ZCtnZ0YgVGltalbis7Th
TRAYADX128EF34E8CC,Lover Man,Sarah Vaughan,,spotify,00wVzkPlhekSgvR02vmudA
TRYICFD128F425BCF2,Dreamin',Amos Lee,,spotify,2GBOG8urAj5Jcmg5GVsbVH
TRAKWIT128F424E8EA,How High the Moon,Ella Fitzgerald,,spotify,0095luDYKQF2FJfBhPz4Cm
TRPSFOM128F145C792,Nothing's Burning,Télépopmusik,,spotify,1AzHSovXF4JNyp11UnGAsJ
TRQDBFR128F4230C30,Central Park West,John Coltrane,,spotify,0Q9Rlj6s7yQjj04QSm1r5g
TRAAUKD128F14613E4,Security,Joss Stone,,spotify,2mDdXhOZ43cNm6XkGIZ6Ee
TRVMFPF128F428CCA1,Too Darn Hot,Ella Fitzgerald,,spotify,01C9MGwz4lvmcfdAYIPOzD
TROIRRZ128E0793B39,For All We Know,Parov Stelar,,spotify,03SPxgGRydSvM0tzJeIpsb
TRRHSXF128F9324F4C,The Rain,Melody Gardot,,spotify,2JkOEf8mBFZxzazQtjgNGh
TRYBWLF128F92F3380,It Was a Very Good Year,Robbie Williams,,spotify,2XdSyWqDa6g7qBj32igBAN
TRROPTP12903CDE373,Immigrant,Sade,,spotify,0b87DHwm7tCjDLwVV06ZzJ
TRXTYVM128F930CA3C,A Wink and a Smile,"Harry Connick, Jr.",,spotify,39pDvHM7M3yTufiFiDHiq5
TRRWJSM128F427B3FE,I Wanna Be Around,Tony Bennett,,spotify,02XTNBtqq3i62lyUOsHxEl
TRPGKSO12903D0E5AD,O Grande Amor,Stan Getz,,spotify,04RR3WfqPenj6ZCqnE3I99
TRYVSDI12903CAB106,Alone Together,Chet Baker,,spotify,01NJvAgmJ0Vw5NR1vIbSDC
TRRYYZS12903CA95F1,Let's Call The Whole Thing Off,Ella Fitzgerald & Louis Armstrong,,spotify,0jIIj97rVGgK4LMJIbKOkI
TRIJOOM128EF344100,Shout Out Loud,Amos Lee,,spotify,2JgwEXElbuUVqoU1uuotdU
TRROQYB128F92FE6DD,After the Fall,Norah Jones,,spotify,0xGRn6Hk02WlkRYKCvC8AX
TRCRPDS128F4291486,Understand,Joss Stone,,spotify,3V7AHUpfNfhhb33JIngMmF
TRPEEJJ128E0792EF5,Wives And Lovers,Jack Jones,,spotify,09o1wh7GdCuq2nYtuUljc3
TRPCUXZ128F932BF72,I Could Write A Book,"Harry Connick, Jr.",,spotify,2zSnnXvex1yMcPUn4mg27H
TRABBVT12903CB4872,Yesterday Is Here,Tom Waits,,spotify,2kddgBY3vqBfxCeQhx45bH
TRSLHUB128F4269F05,Chop Suey,Richard Cheese,,spotify,1EJbAJfiWOQWTfsBTFqrPl
TRBIGRY128F42597B3,All About Our Love,Sade,,spotify,40USvqU45U3Q1vDHP7MNPe
TRFSGQE12903D0AA54,Lost & Found,Lianne La Havas,,spotify,07FMmgcDyAloWe4aCLt5Oh
TRIXYES128F92E18CD,Invitation to the Blues,Tom Waits,,spotify,1KaHknNHOvUbh1s45PAFF7
TRCWAHA128F148125A,Four On Six,Wes Montgomery,,spotify,03t5ZWYQLKJhmxSLrfyhlR
TRXHTPL12903CB3596,Loungin',Guru,,spotify,1VzhfMEGIIkn5hFITMJzW1
TRFVCWA128F92E10E6,Hopscotch,CocoRosie,,spotify,08MJFnImJS5WAa8nuez3lA
TRAELUY128F93147BA,Chitlins Con Carne,Kenny Burrell,,spotify,0qj9p9Jk3G0SLeahCgpONf
TROMVSM128F149329A,Beginnings,Chicago,,spotify,00ba41bFXRiS5OLwJGG4B0
TRXEJLC128F9320BC9,Donna Lee,Jaco Pastorius,,spotify,00DKLbytabdxg19ajSpgdm
TRFJGCH128F429A147,(Get Your Kicks On) Route 66,Nat King Cole,,spotify,02jEKK4AFgbteD1xIwuBnn
TRHJDIT128F423B638,Doralice,Stan Getz,,spotify,02EBUT9i46zdz7DMSwjMuX
TRCTHWV128F931AEF2,Every Word,Sade,,spotify,3UIV7JdURAPtfvQhhGo1d2
TRUGXHM128F4274919,Dear Diary,Róisín Murphy,,spotify,0FnNGwTG8WhuBhrbVQBl8p
TRFBLYV128F14AA171,The Summer Wind,Madeleine Peyroux,,spotify,0ctZnupuo8R4dLkRxVGuTt
TRYNNQG128F421CEAD,From Gagarin's Point Of View,Esbjörn Svensson Trio,,spotify,2GRzayNX5MeOscr4sKxMnM
TRYDEXT128F42BBF35,Corcovado,Antônio Carlos Jobim,,spotify,043IziMo4KozQkEFyfRf0B
TRBCYGZ128E079890E,21st Century Kid,Jamie Cullum,,spotify,0i91RGM9UcmR4zqwvHU1ac
TRLMHEY128F92EB218,Volare,Dean Martin,,spotify,01rl4WMwM3w5ri061Kk2s2
TRFOCRB12903CF5135,Manifest Destiny,Jamiroquai,,spotify,1aN6CokfZNmFfkgVD6KRji
TRDYAHD128E0798912,Catch The Sun,Jamie Cullum,,spotify,0J0ORloOswkOLOH3kscml9
TRUEZMR128F424F0B4,Cross The Tracks (We Better Go Back),Maceo & The Macks,,spotify,0BRvuyXf4YdiqXu67p8FqQ
TRAWXSC12903D027C2,Easy Living,Clifford Brown,,spotify,02ACWKPGE9946jKsGj7azB
TRDVTNE12903CB4B2C,The Chokin' Kind,Joss Stone,,spotify,03c2PINCNh5JATrBp3Q7G8
TRRFQRP128F9308C28,Tuxedo Junction,Glenn Miller,,spotify,009I967FxwbiK2HT8afwH6
TRRYZEM128F931C206,Defocus,Amon Tobin,,spotify,0ZoNw02CFKVYHFTpzgVLDR
TRNKWVI128F427EF53,Couleur Café,Serge Gainsbourg,,spotify,0hEh5m2euopdqULVJBNcIG
TRGGDOF12903D03AEE,Long Hard Road,Sade,,spotify,1XyeSHREuUg2Ulq6ww9jdV
TRIPUHC12903D03AFC,In Another Time,Sade,,spotify,1DKYtHoBNbqjMLqvpw7o73
TROPTQM12903CD1430,Spectre,Radiohead,,spotify,6FhqMiFC6PPYXihpGTFNMC
TRPDNZD128F92F28F3,Blame It on My Youth,Brad Mehldau,,spotify,1i6PhtGyfiWmnDg6BBaigZ
TREFMGX128F4259AFB,Feel No Pain,Sade,,spotify,0NnRtPNN5DqprWXEQcKJVQ
TRJYYPW128F92D1E18,Antiphon,Hidden Orchestra,,spotify,07R3EM0YNf8H03oLPcEJui
TRJCEZD128F427E584,Sweet Thang,Shuggie Otis,,spotify,0IpIgY5XayWZI8vjjyBogh
TRBVECN12903CD506C,There Will Never Be Another You,Lester Young,,spotify,079NRDF4mp5mxGp93eiNcy
TRDBMUE128F425A74E,Ain't That A Kick In The Head,Robbie Williams,,spotify,0KvgnmY3al4510sIsAA201
TRXCXTO128F933B8FE,Get Here,Oleta Adams,,spotify,02PgBSFadpob0P0irrnV5f
TRJSWLY128F92E8723,Travelin' On,Norah Jones,,spotify,0MNUkJfHnYPHBsm7Dsd0U7
TRILNLG128F146ECE5,That Girl,Esthero,,spotify,2DZ5iJX4tzCyxOcR250aSs
TRYUTST12903CC0BC3,The Bottle,Gil Scott-Heron,,spotify,0FJELWsOfAQzBw7bOSQeCo
TRDKENB128EF359E1F,Drumheller,Caribou,,spotify,0dBiT8GKo0the10RIlcQgU
TROMGPQ128F426BF03,We'll Meet Again,Vera Lynn,,spotify,0040CPrX6ALUaY9V1FnQWg
TRNXKBJ128F1496267,The Girl In The Other Room,Diana Krall,,spotify,19yh3GPVq53Bg52TFDsqV7
TROJLPO128F14651AD,This Land Is Your Land,Sharon Jones and the Dap-Kings,,spotify,05VRu9tmuHTp9ZYft4Abo4
TRGJZXD12903CA3C4A,The Mooche,Duke Ellington,,spotify,00NJY24oiuqaFOtZhuEY85
TRAMKYY12903CB1C97,Black Friday,Steely Dan,,spotify,0JK4QHgK9Dk8GJ8x7s78St
TRHMOVT128F42B7EA5,American Patrol,Glenn Miller,,spotify,033JleZIaJDgzDItkKiPtB
TRDSWNM12903CD0FED,Coyote,Joni Mitchell,,spotify,5fdjxHzBILxMXRrbbOVupJ
TRJJGPD128F931A4C5,Natureland,Amon Tobin,,spotify,21V83mDqdbHxXUI9r4Xc9N
TRJCHUY128F1480AC8,Buona Sera,Louis Prima,,spotify,003h8FDKB6Q8xHIQtS40aP
TRYCVOF128F427A977,Pick Yourself Up,Diana Krall,,spotify,0fCPiFzyEN3e7ekcw9YdyF
TRRKZJJ128F92F9F1E,Rock It For Me,Caravan Palace,,spotify,0CoLpaOC8BJnUSEBn1i9nq
TROWDRJ128F930CBCC,Clash,Caravan Palace,,spotify,0eQBlcYywDEEjA0u1EsMUD
TRLSRYF128F92E07F1,All I Could Do Was Cry,Etta James,,spotify,008PMbl993V4aaAJaHH7dR
TRRQEJK128F92F7605,Chega de Saudade,Antônio Carlos Jobim,,spotify,06PjJNZRgDzqzn3PU24rjF
TROJECD128F9338CBE,Straighten Up And Fly Right,Robbie Williams,,spotify,1uqukhK8JUrjBnbxB9KlS2
TRACNRZ128F932CAF4,You Go to My Head,Art Pepper,,spotify,0ewmsRmFmG8IVEB8nmmRw0
TRFQITF128F9312B42,Fly Me To The Moon,Astrud Gilberto,,spotify,00BLZQ4uAE8SsVMENGxlkz
TRMMSTZ128F92D226F,Dark Lady,DJ Food,,spotify,0BAEVH6OWhIqMUlgY5Qfrp
TRQIXWO128F9334746,After The Flood,Talk Talk,,spotify,3brJgq1ZCpwsczQr4m2DG5
TROKHJC128F42A37CF,Mr. Bojangles,Robbie Williams,,spotify,0aIXPVVZArfwTOrPYSOaa5
TRMFXAY128F92F27DF,My One And Only Thrill,Melody Gardot,,spotify,0bGs8mSTHyqwweGswcsm5y
TRULXVO12903CB58D8,Maybe You'll Be There,Diana Krall,,spotify,17LijG5pCXZ5JEL4VUOf95
TRXROIV128F4284007,Lilly,Pink Martini,,spotify,0BfNqPCvvJLpYpx6jfpDgf
TRLMXOU12903D05F81,Wade In The Water,Eva Cassidy,,spotify,0805TOCWUjT53fRTt5uEgW
TRGAWCB128F4260DE6,End of the World Party,"Medeski, Martin and Wood",,spotify,1wdJzABpvJb3JQnRcFMuH6
TRUFVBB128F92DAE80,Cross My Mind,Jill Scott,,spotify,0ylFNW0WyRR8YDNcpx4Ptz
TRIBBXT128F428F61A,What Me Worry?,St. Vincent,,spotify,5KMbp1ApOqTQxAfEkOWsT8
TRNPOOD128F426953C,I.G.Y.,Donald Fagen,,spotify,1NMVMVQpBq5EYSUhoJJzGP
TRQDDXI128F4265E88,Initials B.B.,Serge Gainsbourg,,spotify,0H3QGufxDHvecqwEzW9ql7
TROMKVG128F930ECA2,Diabolus,The Cinematic Orchestra,,spotify,1dCWv9QN12sJC2XUVwvt4A
TRYQWUG128F42325A2,Where Or When,Wynton Marsalis,,spotify,1oqKWkOh9W2Yq5SQiMzbUm
TRUFYLR128F92DC0F8,All Or Nothing At All,Diana Krall,,spotify,0cUMTHiKRpN9NYT3psLp5s
TRGTJJP128F4263D52,Heartfixer,De-Phazz,,spotify,0fBwVLGAJSnbk90lDaPYb4
TRXSPLH128F4280AE4,Tougher Than It Is,Cake,,spotify,0sKJkBvtqt2eDpeXl8lI05
TRMNKEI128E0798B38,The Last Trick,Anja Garbarek,,spotify,09dvtg9tfFhIh75iH85iBu
TROMVUK12903CA9E84,Spain,Chick Corea,,spotify,04MPPcQmgUDTXPwwRw33ia
TRSBLMA128F934B1A3,Miriam,Norah Jones,,spotify,0DL7KBmS3fdccKZgvpDUJ6
TROIHZU12903CDCA9A,Congeniality,Ornette Coleman,,spotify,04ockmfTybWvxmuY9BQfV9
TREOWXN128F92CF26F,Blue Alert,Madeleine Peyroux,,spotify,189aF74VbampLlXct9NLFk
TRVABJW128F4248185,Pentagram,Cake,,spotify,20pq7OEaxgNybEm2bQ1ZpB
TRFRHRF128F9318F06,Love Me Like A River Does,Melody Gardot,,spotify,6hVq5hRHRl5nihk5x1uapv
TRYHNKX12903CF5D71,Would You...?,Touch and Go,,spotify,0ObJUx5jnwFdkocrf3iX38
TRQZTTW128F42AB545,Sabbatical,De-Phazz,,spotify,0G1oJxqCnlBeTZXYMzIZXd
TRXRGMR128EF34E9B4,April In Paris,Count Basie,,spotify,007qwyUXVk9U4ayQ5VErAa
TRSGTPT128F4255885,Rosa Morena,João Gilberto,,spotify,03giQg5uFX73RfBFvjHTQ8
TRXCJXZ128F93099EE,Teach Me Tonight,Dinah Washington,,spotify,02fuYYnwLaL52VUPcDqlbs
TRSNPCW128F4221470,Out on the Road,Norah Jones,,spotify,0oWJ0QwFMqsf2oR2jnTxiO
TRHACKU128F92EF5DE,Les Fleurs,Minnie Riperton,,spotify,04VXPVO9PXsO1AopHjf3Rm
TRAWFRU128F145954F,Some Other Time,Bill Evans,,spotify,01n3FIwIKlczdqMQ0fuqnJ
TROQAIH128F9326732,I'm Still Here,Tom Waits,,spotify,0UpSs5oxujek12EkQtrjyd
TRHDQND12903D0415B,Kiss of Fire,Louis Armstrong,,spotify,09JiCXPYqunynf1ngj6jta
TRQXNHB12903C9EFD8,You Speak My Language,Morphine,,spotify,2k9TtISdOprNlrpG9idF6V
TRXGIUY128F422BB6B,Nobody's Fault But Mine,Nina Simone,,spotify,0hjhAiu1Yfclgr3DVEBrce
TRHCNQW128F149626E,Narrow Daylight,Diana Krall,,spotify,02ZFsfGTrUDN8nCAFnTnuz
TRAKPOY128EF3583CE,You're Nobody Till Somebody Loves You,Michael Bublé,,spotify,09DhspEYsTMfXvVPj6pSRQ
TRCBBXT128F931B080,Not Too Bad,Skalpel,,spotify,1WW6ibAK4hS2m1etYMxRZc
TRZMKID128F9311DB4,My One And Only Love,John Coltrane,,spotify,0CcimR3Qk2gvZT9jnlHM8C
TRXECRJ128F9331074,Pennies from Heaven,Louis Prima,,spotify,00o8nQPLtDg97yXucKWODF
TRCTYTR128F14A2FC9,This Guy's In Love With You,Herb Alpert and the Tijuana Brass,,spotify,0CJq8kzIlFAotJERgOkvPD
TRDADSI128F42BC0B5,Let the Good Times Roll,Ray Charles,,spotify,00I32MyXVHRZoBnA8G5aG1
TRDBYEH12903D03AF3,Be That Easy,Sade,,spotify,4Zj50ByLUTVPkNjaUgPuI8
TRJHWGG128F149F351,Once I Loved,Astrud Gilberto,,spotify,0O8WIgxO6P6BmjTqBqvM3O
TRXUZAU12903CB4EA9,Honeysuckle Rose,Django Reinhardt,,spotify,002C3yGUgh9geWiarDgEha
TRUNRML128F425CE2A,Without a Doubt,The Roots,,spotify,1Slpy5VblhsGYtnjVAQfif
TRXCNRW12903CD2564,"Paris, Texas",Gotan Project,,spotify,0J7HqTpv9twGKUc0rnqfYX
TROPPDR128F42A8484,Just One Of Those Things,Jamie Cullum,,spotify,28jjDhCAlgUXOD8jI0uPxn
TRAADVO128E07999E9,Oh God,Jamie Cullum,,spotify,0dgakxkwdfWFGeLz60LXrG
TRCAAQT128F422D67F,I'm Glad There Is You,Jamie Cullum,,spotify,03XZJXU0lIH0HujTU2U7wE
TRTBHLG128F4277C01,Bye-Ya,Thelonious Monk,,spotify,05snOvN2BaMefXkVePUzRA
TRIPFVY128F93007ED,Mishaps Happening,Quantic,,spotify,07c5oTQC519pX7XPzr5U3U
TRXFEZH128F42461BF,Manteca,Dizzy Gillespie,,spotify,00omQ0MsQ1iZ7iVo1TDbIw
TRWZAXM128F42800BA,Girl Boy,Blonde Redhead,,spotify,4fS04LYeSQSmTaPyQZPp5Y
TRPBZQJ128F92E9AB6,Bring Me Home,Sade,,spotify,1akRbcGtVdQl6xDIVBaExK
TRWVCVL128E07999EE,My Yard,Jamie Cullum,,spotify,0F3cY6AgYoMmo7bStbb8Qv
TRCROQP128F9308E60,Don't Rain On My Parade,Bobby Darin,,spotify,0LNrugRhhfFa2OghO5M7ce
TRKRDAQ128F932DC3B,Lenda,Céu,,spotify,0lfY8W7j2MdP35VuYuMKNH
TRCUARF128E0783AA9,Search For Peace,McCoy Tyner,,spotify,06QO62yqmz8DgrPVZugs71
TRPPMZR128F427C1C1,Nice 'n' Easy,Frank Sinatra,,spotify,01L9vKKawMSohSMIeiIbyL
TRJHRNO128F14953B3,No Hay Problema,Pink Martini,,spotify,2kM6Ap9KB2VTKm3Zz1Dj2E
TRCPVBH128F426438E,Christmas Time Is Here,Diana Krall,,spotify,1B3Wu2slQ5UJBkg6zFilPz
TRILGDK128F42636DD,Blue Bossa,Joe Henderson,,spotify,01c8nuE5qo8B60BylN000W
TRGHLBG128F14A19BE,Cool Yule,Louis Armstrong,,spotify,0123vRtUcfq0JujFR8houK
TRYYMYN128F14A22E6,Lujon,Henry Mancini,,spotify,0i2mx5N1A0Bx4ZsSc3Jy44
TRLQIAD12903D05EE9,Come Rain or Come Shine,Ray Charles,,spotify,001MwQ7C5Fn7rh0vuHjYcB
TRZDWAC128F92E4BE8,Switch,Amon Tobin,,spotify,0NYvKzI84jo8UXVEe5d4C1
TRCTJGH128F9328458,In Walked Bud,Thelonious Monk,,spotify,02aIqfqRy1svfShTKFMt74
TRXSMLY128F424AB39,Equinox,John Coltrane,,spotify,0HLpEHm9BsUhR9yFaShrqh
TRRGINS128F931672B,Biding My Time,Pink Floyd,,spotify,1mLSXiRGgDqjkMJ8tskhVg
TRWFRIS128F42B3232,Maxine's Interlude,John Legend,,spotify,14gPCmJHuXrgGiytQGnv3Q
TRRUEIS128F148197C,Broken Levee Blues,DJ Shadow,,spotify,1Hg6lZcgZ7wvCxGdXXUVwg
TRIFOAN128F932B62A,What I Miss About You,Katie Melua,,spotify,0Dsa02au1rWWWIgsrVbjWR
TRMUVWW12903CB9FEB,Cowboys and Angels,George Michael,,spotify,0zapEwvcRiSLY8y12hxGY5
TRNFWHF128E07818DB,Victim of a Foolish Heart,Joss Stone,,spotify,6L5rNlcfwlJkkyhExNIxAi
TRRFIVR128F934D81A,Little Star,Stina Nordenstam,,spotify,07vVUj64nGveXwpGR04JH4
TRUGKVL128F423CD0D,Open The Door,Betty Carter,,spotify,01FcssekcyJ3jSGSUo8aib
TRSGZZB128F932DCCD,No Use,Jazzanova,,spotify,0XUfeDoGcrHHfO2CDT8BI6
TRLQLBI12903CCB280,Divers,Boozoo Bajou,,spotify,3xhqn3HsxnzqGHFCwfXiHm
TRFVKRJ128F4273FC8,All the Things You Are,Charlie Parker,,spotify,00GfeCXsHb664dcwW4VG55
TRMVCVS128F1468256,When We Get By,D'Angelo,,spotify,2woasdMQcu9KNSfHJUhDXw
TRKKGTY128F14939EF,Infant Eyes,Wayne Shorter,,spotify,0dyv4tMdd0uPBo2ir4u4hX
TRAHVTE128E0792462,One Day I'll Fly Away,Randy Crawford,,spotify,0J8A1ZVyJcRZxFNvtp6jRh
TRJCZLY128F930D276,September in the Rain,Dinah Washington,,spotify,00gW4SUmVBovJjdjq0caUq
TRBIONU128F149009B,My Fair Lady,The Bird and the Bee,,spotify,68QxH38edbi7YRqfy63Udn
TRRUUWT128F92E2B0A,Kings,Steely Dan,,spotify,1QBdMhd7s27bJD4VoABu5c
TRCSINE12903D0815A,Everglade,Tortoise,,spotify,4ha9fjd9lpfaGd8uZb7AzM
TRJZAJV128F92CD6D4,At This Moment,Michael Bublé,,spotify,0kTkjGRJ8BR972qC2iHZRY
TRQVJQK128F4278C8A,I Got The News,Steely Dan,,spotify,0d6pFKsr30wC2pHSxEiNEi
TROKTPA128F92FBB90,Kaleidoscope,BADBADNOTGOOD,,spotify,28jFYBr5iplsIHe3tVA81j
TREYRFA128F92C3070,Bring Me The Disco King,David Bowie,,spotify,15VBPesyDsDXnMJuH8M5zw
TREIZMG128F931FB55,Autumn in New York,Billie Holiday,,spotify,00bFZ4qxbMN6hrCGRBNlZB
TRINOQA128F426FF21,The Chase,Alan Reeves / Phil Steele / Philip Brigham,,spotify,1dgTolpKW9lnFpDuX0hSaS
TRYCWQP128F4245700,Not What You Want,Cat Power,,spotify,4eReksmujw9iO2eBs6nVYo
TROKZZH12903CABAB0,David,Nellie McKay,,spotify,0AuqnstYrVrUKPxPZe6JRC
TRIRKBR128F92EC373,Sleigh Ride,"Harry Connick, Jr.",,spotify,3DnYHzeul8cWJDEuTFd79H
TRFNPNP12903CC7820,Break In,Skalpel,,spotify,2aN6lur3j81f49asns9Iuc
TRUXGHF128E0791D12,Dirty Man,Joss Stone,,spotify,3e6Nl453grmxqrPJwTedMd
TRLNEUD12903CE134E,So Far,Skalpel,,spotify,0u3E3LAiuAc90zfhJ4LC1x
TRDSVTL128F149938B,I Remember Clifford,Lee Morgan,,spotify,09B3ujmlPJPIwAjmpsqMkN
TRVVDTN12903CFE8F1,4 and 20,Joss Stone,,spotify,03N1cRSM66ekDwnHzNvr3f
TRRVHCF128F428C902,Nobody Knows You When You're Down and Out,Bessie Smith,,spotify,02CLHIPygx5lPlFnyYb4Wj
TRLMZCR128F933FB51,Why Can't We Live Together,Sade,,spotify,05GBXBZdyXK4hWOeiSl6wZ
TRBNHHJ128F934DA80,Stranger in Paradise,Tony Bennett,,spotify,02GqufnR8FQNOdm6cOUHvH
TRBJQRP128F93188A9,Make the Road by Walking,Menahan Street Band,,spotify,00zyym4yTVCINvMCj0SI4c
TRFUMZM128E0790FC7,Have You Met Miss Jones?,Robbie Williams,,spotify,14IYAJ3bGpit90yzIP5IUu
TROPDMG128F9338CB4,Pennsylvania 6-5000,Glenn Miller,,spotify,01cpuwZ76Fnb6drm86WwUg
TRIVUMW128F425980E,Some Lessons,Melody Gardot,,spotify,2Fr7dMmDbt02SYluNse16e
TRLPRBF12903CF4DB7,Nautilus,Bob James,,spotify,08ZJsRKoy51SdHaujT9NU2
TRAPBVJ128F422F21A,"Next Year, Baby",Jamie Cullum,,spotify,13TOh6nYpwhPS9bvD2jtcQ
TROINUK128F423E11B,Satin Doll,Duke Ellington,,spotify,00cgypSwIje6alMvmisqck
TRHCYDZ128F429810B,The Chariot,The Cat Empire,,spotify,0peYAmI5sjt67CFMgmUfjq
TRCUQDD128F93069E2,Mockingbird Song,Katie Melua,,spotify,0PmqCO0Oe97SZ8uTEIYAAC
TRILPHY128F42858B6,They Live In the Meadow,Black Moth Super Rainbow,,spotify,2CV7RxeUxB5VmUENRcNcvC
TRIDZCQ128F429E182,Ces petits riens,Stacey Kent,,spotify,16DetsDoH92W833yRO6Fgt
TRXYNOT128F427CD62,Sweet Memory,Melody Gardot,,spotify,3YDnpnzEEcBwumLNyRHf2j
TRZDBRD12903C97180,Chattanooga Choo Choo,Glenn Miller,,spotify,00g3qcF0VxMl8tnni8JPBZ
TRPHPSO128F9335C99,Sinking Feeling,Róisín Murphy,,spotify,1L89lZUOpJDcS3vSdySrum
TRZWAIQ128E0798826,7 Days To Change Your Life,Jamie Cullum,,spotify,00YCQpcyTQbUcG2FjaGkTH
TROELTN128E0795CD1,August Day Song,Bebel Gilberto,,spotify,0B553W9NPoOv5T9hepqLTw
TRUEXIE128F9312280,Someday My Prince Will Come,Miles Davis,,spotify,03Amgr2ZZ9eGyPC0xKZnC0
TRHVLPX128F1483C48,Lost in the Harbour,Tom Waits,,spotify,3kOnRMk43FNEVacBOHF9fY
TRMSARG128F42357FA,Suitcase,Emeli Sandé,,spotify,01xs8rxCJvmmId04DOMhH3
TRXEAQK128F92F4DB0,Danke Schoen,Wayne Newton,,spotify,0aCkDgScjGEVfm6tFCuvEY
TRZHXUZ128F4281338,Off The Grid,Beastie Boys,,spotify,2FPVGorZyLFuGkPlL2bSKT
TRAADIM128F92F9DC3,You Bring Me Joy,Anita Baker,,spotify,1FmTr9x9wGJ7KK4xD25Yhx
TRVBBUQ128F931B55D,Wicked Wonderland,Martin Tungevaag,,spotify,04ikA0PmNDIEOJgnXC4kko
TRXVEFK128F92D124A,Baby Baby Baby,Joss Stone,,spotify,2gBqOONhzgcB1tRucxFPqG
TRAJLNF128F422658C,Come On-A My House,Rosemary Clooney,,spotify,008a1Sa9TB7QUrTZbg6Kvn
TRQLZPI128F42997EA,Quiet Fire,Melody Gardot,,spotify,2NC510TtEFSNTZNRuKTqF1
TRFPJNY128EF350CE4,"Mercy, Mercy, Mercy",Cannonball Adderley,,spotify,09e6H4ptRalSSKZsASYY1e
TROREAQ12903CA2570,Southern Girl,Amos Lee,,spotify,5FjhLFw4Zs9wQWIiiQRpgo
TRINTJW128F92FE892,Sweet By and By,Peter Doherty,,spotify,2a6QyYclZacWVlpvsoxA1p
TRXDWRO128F428B67E,In a Sentimental Mood,Duke Ellington & John Coltrane,,spotify,1ZfIbXO2qwr6sN5cLcBN3b
TRBPUEX128F931C0F1,All I Know Is Tonight,Jaga Jazzist,,spotify,0KrZOngMYDU5KsuwrPizMZ
TRMFXMQ128F4259B01,Bullet Proof Soul,Sade,,spotify,16cVJxaCIgiLhrI5WC0j1y
TRAAYMR128F4240EC9,Start a Fire,John Legend,,spotify,1zJXwCNoj04dTrjjJTAzHH
TRRMGWC128F426733E,That Hump,Erykah Badu,,spotify,0aLyOKnnE9uAh3xq7xiMcy
TRQNYDQ128F93069E6,Faraway Voice,Katie Melua,,spotify,0sITc2a56VuV8Q1Y1nCYWa
TRQWLXF128F4267EDA,Mediterranean Sundance,Al Di Meola,,spotify,0AopI1SGJeM99vlu964LBc
TRUAHNP128F92F4778,Dance Cadaverous,Wayne Shorter,,spotify,1zBuM6xq1bXcCsUomTp3IQ
TRABERG128F92FCD72,Rudolph The Red-Nosed Reindeer,Ella Fitzgerald,,spotify,004frn7VMEj5CG1cOsHWGW
TRADDWI128F93238D8,Off Minor,Thelonious Monk,,spotify,01DZOS4kruqCNTksBQchoA
TRLLGMF128F427276F,Easy To Love,Billie Holiday,,spotify,01veZWKkTnfGQM86qWclB6
TROSEDG128F930C78A,Maria Moita,Rosalia De Souza,,spotify,0foYrF3U5CGxXSIDoB6hUR
TRZXGNG128F14AA169,What Were We Thinking,Joss Stone,,spotify,322TZ7fOfPM3PHkGSmJMQo
TRCSEID12903CB4B07,Saeta,Miles Davis,,spotify,01q6aeOuSinEjxb0uk3VCK
TRCQKWZ128F933A30C,Apricot Morning,Quantic,,spotify,1ngCidhzsx8NvYDgJ3Lne7
TRZXJMS128F4259AFC,I Couldn't Love You More,Sade,,spotify,0EhDSGrMpdqpFazB4H5233
TRYODLU128F92D3C70,You'll Never Find Another Love Like Mine,Michael Bublé,,spotify,0RrAz0queeiNKje9AzoCPX
TRFZWUL128F145DFA4,Fawn,Tom Waits,,spotify,3ldY8XgaoWfhAy0tX22FAP
TRDHNUU12903D0253A,Lobby,The Kilimanjaro Darkjazz Ensemble,,spotify,13Qhilbj0bQjJ77glV2ZYC
TRHORML128F92FF9F0,Iambic 9 Poetry,Squarepusher,,spotify,7v0X5s4VKoilJWp7iapIr9
TRMKOOF12903CED1AC,Kathy's Song,Eva Cassidy,,spotify,0EyXFaDSPznIni27AvlrMZ
TRLNXPG128F931B02E,Lithuania,Jaga Jazzist,,spotify,03vgyTE3H5cy13gXNnwYsB
TRKDBHF128F14919AA,The Boy From Ipanema,Diana Krall,,spotify,00G1yfJ4SMM2K9Vw6JE406
TRUNJWL128F42481A4,Mr. Mastodon Farm,Cake,,spotify,1567nXZGknwP33SLb5GwyW
TRXJRSJ128F9330D11,Bad Sneakers,Steely Dan,,spotify,02stS7PB0OaVap3kHvVyri
TRWCDGE128F931B094,Quiz,Skalpel,,spotify,1Dm35mJv2r5dytZW215E1h
TRLRXMB128F425EDBC,Baby Girl,Nelly Furtado,,spotify,0F4rlAo6JcczFGyr3l1HR6
TRAFZQX128EF34A580,Things,Robbie Williams,,spotify,0gUzLX20GERPkoGHUJgxHk
TRKOFOS128F146F6ED,Vem Vet,Lisa Ekdahl,,spotify,05n1T8JesqkZPIzWu7k7uF
TRBRFYN128F4265818,Smells Like Teen Spirit,Paul Anka,,spotify,1s1Xuso8GPHbOc5UCvVck3
TRORBVN128F429558F,Little Brown Jug,Glenn Miller,,spotify,00DZrajKTg9QMl64jbBbj2
TRNXGFP128F9318EDE,Deep Within The Corners Of My Mind,Melody Gardot,,spotify,23kYx4ROC3vLZK7byKWEJF
TRDGKMH12903CDBD5E,When You're Smiling,Louis Armstrong,,spotify,01BvcfOiNFNn33pppXskBu
TRPQSYC128F425FE69,Moonraker,Shirley Bassey,,spotify,0ruMxsjQAgCyNjd7Omyovz
TRAVXOW128F92FB749,Ah-Leu-Cha,Miles Davis,,spotify,00vpF8YQMuoGd8d8YJGqjW
TRLUBDL128F930A12C,I Wished On The Moon,Billie Holiday,,spotify,01fGKhGZwVCrNd24IxLyBc
TRQORZJ12903CAB9FA,Birds Of Fire,Mahavishnu Orchestra,,spotify,00Dj7Oh7pWHNfdRte9D0Lk
TRUGVRW128F145A717,Bridge Over Troubled Water,Aretha Franklin,,spotify,1Es2DxZeOKd0GKsY0SxfvU
TRSMSCP128F1465040,Nudnik Headache,Jonny Greenwood,,spotify,6w9x0EmFm5NYlvWxaDs7NO
TRFMWLY128F422CD41,Girl Of My Dreams,Charles Mingus,,spotify,0rI4ROwwS5yZJWTK6CUNmE
TRKOVYM128F931A304,Love Itself,Leonard Cohen,,spotify,04ly1SLmOukEZTm1xfN3ue
TRDAHRF12903CBB9CB,In A Heartbeat,Koop,,spotify,05krMJB89jI8xRv6jXJmTK
TRDDUCX128F93069FA,Tanto Tempo,Bebel Gilberto,,spotify,0s74C1khZSAzyrOgLGnP2T
TROQCJT128F9317CE7,Watching You,Ayọ,,spotify,0YV9nkiyfq81JI09mW3BTy
TRYZPUY12903CE0A04,Claire,Morphine,,spotify,119rTveOnubzkjRNQC5pEv
TRAHOLM128F92C4ED1,Stormy,Madlib,,spotify,4xkNgLGn8wPzYtMmWQ1bsv
TRLUROI128F92FFBFD,When Am I Going To Make A Living,Sade,,spotify,030cRso10w5HwOd8gyVK7G
TRUIXJI128F9313CEA,"Mas, Que Nada!",Jorge Ben,,spotify,0FA2EdmAQXmHcaMGy1jrct
TRRFTBF128F932D4DA,That's All,Michael Bublé,,spotify,0HH2gpsonDpmnmQ5LNsq7r
TRZSMBD128F426598A,Leaving The City,Róisín Murphy,,spotify,2Nu5eLjbaheHRuC3BbK5PJ
TRAGIIH128F92E4B1A,Baby Got Back,Richard Cheese,,spotify,0mB68xxRFRbrLJzgjNcrJV
TRYNXZJ12903C95B39,The Safest Place,Sade,,spotify,4EhcWd0uekYFVFDwkyGTXh
TRCKFFQ128F92E75D6,Fragilidad,Sting,,spotify,1a1WW2wVGHqKlKhWvvOELO
TRMSBSS128E0798916,Back To The Ground,Jamie Cullum,,spotify,0MmCI9xv4UayGNAf9W5EdM
TRCUJQL128F145D3C2,If You Could See Me Now,Chet Baker,,spotify,01pafpZYc3dItpuArA6XTK
TRADSXU12903CF14CA,Walkin' My Baby Back Home,Nat King Cole,,spotify,033jzfXUUuZBAkJYE6lyNL
TRNFKNK12903CBB9CA,Modal Mile,Koop,,spotify,0bj6xAqH1vxnwO2ElVhD4S
TRCQKIK128E078C4C7,Mary Ann,Ray Charles,,spotify,01zAXQRtJKEf7hX3TDu8VA
TRESYTC128F92D2C24,Telephone Call From Istanbul,Tom Waits,,spotify,0EyJcRl7Qai3TNDaJlWuWL
TRLRHNE128F1498632,Blues March,Art Blakey & The Jazz Messengers,,spotify,00pqbrhI4mqyBrBA3dXO3W
TRIQBGP128F931BEBB,Could Heaven Ever Be Like This,Idris Muhammad,,spotify,1nrPiwJtgY5363ZKABeqOX
TRRUFGY128F42886F3,Red Shoes by the Drugstore,Tom Waits,,spotify,15lq9A0Ydbr6VJwVNEfcU9
TRUNSXQ128E078B97D,Put Your Head on My Shoulder,Michael Bublé,,spotify,25p79MP7p4HRWtS0pPEcpf
TRSISAC128F1498BF0,Bim Bom,João Gilberto,,spotify,0082rCWQgIZ7L28W5PJRyV
TRESNIH128F1455C95,Holy Thursday,David Axelrod,,spotify,0VF21fEzB6OszZcJlKzyg5
TRAGOYV128F4258552,You Will Never Know,Imany,,spotify,0CtJCMo8WzrwWxxB38M3FX
TRVXCHQ128F14922FD,Nevermind Me,Maria Mena,,spotify,2DS6T12hJqcnrKoTuSkJoC
TRXEOBH12903CDB07B,Kiss the Sky,Shawn Lee's Ping Pong Orchestra,,spotify,0FD7Jvc1WRCsyeVU7eohzk
TRJJOUU128F92C49D2,In My Secret Life,Katie Melua,,spotify,1Bd0k1vCxDytxRIl6jR3QZ
TRFTIVC128F422D433,Crystal Silence,Chick Corea,,spotify,0GYNYCnKsfWRbIaeUNFfzv
TRRHUTK128F4267FAE,The Eye Of The Hurricane,Herbie Hancock,,spotify,1Be9VpyinLO71UKcebCowo
TROLIPS128F92F19FB,Basin Street Blues,Kid Koala,,spotify,1p80X37Is2VkYY3gxmukb3
TRHLRSO128E0793399,Acknowledgement,John Coltrane,,spotify,0dIwKUrfGQ4JfxdsiGKLhz
TRLNPVK12903CA670F,Mind Power,A Tribe Called Quest,,spotify,2QhG0cjVRWPjGvr4FxKFYa
TRJBJML128F9329F95,Pretzel Logic,Steely Dan,,spotify,0Fmk9VvSmZ8Z7n0HWaodEd
TRGCWJC12903CDDE79,A Survey,Tortoise,,spotify,3MJBUL7vgqiDYZpNat6nU5
TRVVOMA128F426F646,Glamour Girl,Louie Austen,,spotify,0tNGmNv0ZSsPHtoLQJzcsH
TRHNZFC128F4293367,Night-Time Intermission,Charlotte Gainsbourg,,spotify,0zNT6lnWVMb6d4AQGmD4bD
TRIRGBE128F42A8F29,Stop This World,Diana Krall,,spotify,1auzrBIbT8mnyTYdK9lJam
TRIMBQZ12903CB131E,My Romance,Gene Ammons,,spotify,00TRYYK0UfhFN711pF64ng
TROCJIQ128E0792423,After The Rain Has Fallen,Sting,,spotify,27wmOZnKriMJkH2NVYLXyp
TROWWPN128F931D93F,Whatever Lola Wants,Sarah Vaughan,,spotify,01CTsId71fPWIlizvTx3gN
TRCQFUP12903CEF999,Ain't No Sunshine,Jazzamor,,spotify,00zmynlJKjq5fQttFneNWE
TRLTAJY12903CCD8DE,Berimbau,Astrud Gilberto,,spotify,0DmZMM3cxm0OU1HgHHI5DU
TRZBZRH128F92FFBFC,Frankie's First Affair,Sade,,spotify,0XAhsxC0ZczhW17WgTy0eY
TRZAASK128F930DAFC,Airborne,Jaga Jazzist,,spotify,31h3qKFlxHxXYUDRWf17AR
TRCYYST128F42348E4,Please Don't Talk About Me When I'm Gone,"Sammy Davis, Jr.",,spotify,06L1bx7sdzEy6pGuw1gtfm
TRHIAHK128F1455845,Cada Beijo,Bebel Gilberto,,spotify,0eIF2huG2VyI6K5Qu059i3
TRRIOHC12903CEB04F,Soul Makossa,Manu Dibango,,spotify,08Ne5wqJVcIDSB71Xb4Zhp
TRCNTTR128F934D59E,Retaliation Suite,Thievery Corporation,,spotify,2xoRLOGbd9Od4v6D4ZlX6m
TRXPUPE128F9336215,I'll See You in My Dreams,Django Reinhardt,,spotify,07mYb3NvG7PuivOltKQpKR
TRJRBYQ128EF34DB1C,Hey Eugene,Pink Martini,,spotify,09ZyrMO5ISoqs1XTvWWpA7
TRUGJAJ12903CAE9DD,It's Only a Paper Moon,Nat King Cole,,spotify,001W7Lk0FyGaR7Y6usmjrU
TRBEAWD128F931B008,Shrimp,Mr. Scruff,,spotify,0wNBd544EiayIPwXzmjnSR
TRXZDZY128F1465044,24 Hour Charleston,Jonny Greenwood,,spotify,2tfPZLKMnvFZPsIgpESxjX
TRUQOAT128F93543FB,Coney Island Baby,Tom Waits,,spotify,0Gy51otYOwE6E6ZUvp618l
TRDGZUM128F932AFDB,Go Down Moses,Louis Armstrong,,spotify,02Evxx1IwoaLDuppmt3B9w
TRLFFFT12903CB99CC,"Hark, the Herald Angels Sing",Vince Guaraldi Trio,,spotify,1149zgKzB45cRBaN23YQpm
TRNDUGQ128F92D89ED,Thelonious,Thelonious Monk,,spotify,00rRYT8hSa10xo2f61BoZt
TRGCLBG128F92C3CFE,La Javanaise,Madeleine Peyroux,,spotify,07Me6R6puW6o0Q6JD6Mc9S
TROLENX128F9330D31,FM,Steely Dan,,spotify,0KeZJ8wA58wJ08gPkxzqr9
TRGDZWV12903CC0089,Miles Ahead,Miles Davis,,spotify,03wa01oBn0RjIWGyrDPQdI
TRWHSJN128F424F825,A String of Pearls,Glenn Miller,,spotify,00IO5TebTGzsWlRUG2V0Lx
TRJFEGC128F931C284,The Hard Stuff,The Herbaliser,,spotify,0e8BKsjEOZADe3eFJUxpem
TRUPZXV12903CD8899,Heidi Bruehl,Tosca,,spotify,04bwyqW1o3LcjdOTNe2MHz
TRXVSHV128F42370B8,The Entertainer,Scott Joplin,,spotify,00qxJfSKBP0gb510f4piab
TRDRECF128F1466AA6,Black Ego,Digable Planets,,spotify,1p2460gsFzAH46mPneG0uL
TRTSBCO128F933BB3E,Love Ain't Gonna Let You Down,Jamie Cullum,,spotify,13DkCvhI7OD1Ct1C2TZpSm
TRQUSUL12903CB2578,Blue 7,Sonny Rollins,,spotify,08PZwAFTCHpfYNJqzM2br2
TRONEAX128F9316517,Part I,Keith Jarrett,,spotify,0gCXZMzMibxBkRxLvDdu3E
TRZOHVU128F933D815,Reeperbahn,Tom Waits,,spotify,3lZBcYuWcDmqVEPVPsMhBV
TRRVGYU128F92E542A,Everything Happens to Me,Chet Baker,,spotify,0092toBqIj0Dts5jUGq4EP
TRXPDDM128EF34E899,I Want to Talk About You,John Coltrane,,spotify,02oQrsYIadVSxyIuhJuFqG
TRWQLUL128F42A8A7C,Mean It,Lauv,,spotify,2uiOyiRxtNix52dpeaDQPM
TRAJBBT128F9309496,Almost Blue,Diana Krall,,spotify,17tVhSvFJLZQ6nA3POwyqU
TRSMAUP12903CBB9CE,Bright Nights,Koop,,spotify,06QKwrVf01n11UkG06L1wM
TRHNPLU128F426F928,Along Came Betty,Art Blakey & The Jazz Messengers,,spotify,09LiDGJYBF54rGsQqU8N8K
TRBVUQV128F4272703,Still A Friend Of Mine,Incognito,,spotify,0VNk9fOvzRzaPJvaEP9CR6
TRIPWJJ128F426F22F,Sleepy,Funki Porcini,,spotify,0NRfvuf8cMNI7FUW3IZCVU
TRYIEHZ128F9315439,I Think I'll Call It Morning,Gil Scott-Heron,,spotify,0jhB9EJSAM8VzZfjm7jGhe
TRKCKTA128F1463559,"Lover, You Should Have Come Over",Jamie Cullum,,spotify,0anO2GzDqalXT8xcuSncpi
TRQTVNK128F14A8F4E,I Never Talk to Strangers,Tom Waits,,spotify,1jUxtjx5x5vixHqUUMsnK0
TRFXVBM128F93042D6,Take Ten,Paul Desmond,,spotify,0K5iqnw3n1S8oypkBl9Kk3
TRIWNXH128F9339717,Turn Your Love Around,George Benson,,spotify,05FkiCCxPRd0xMboKhtZcw
TRTXCJT12903CB8D15,Single Stroke Ruffs,Xploding Plastix,,spotify,4p3dqWW6KtzfyujLwSxC4J
TROQFOS12903CEDB25,A Night in Tunisia,Charlie Parker,,spotify,00IMevlxNiLBpKmSqItE77
TRQGNPZ128F9346000,Comatose Luck,Xploding Plastix,,spotify,0Vy8z2VXh1Eu03MT6UlOF4
TRFSNXW128F92FFF87,Solea,Miles Davis,,spotify,016pEtsynzX62iA3R7m7yU
TRAHASG12903CDA65B,Save the Children,Gil Scott-Heron,,spotify,048iMK87gu844AHXa20ueo
TRSRLPQ128F92FF0CD,Hello Meow,Squarepusher,,spotify,5NiGo2cVctozuCn6jCdtjn
TRXHQBL128F1498A2E,Feels So Good,Chuck Mangione,,spotify,0FQ1xabDBlpZqdd9fhBqmr
TRSMRWN128F934CF44,The Foundation,Thievery Corporation,,spotify,088W32oNvoWy3h0suTpoeL
TRMASYK128F146633A,Dream Come True,The Brand New Heavies,,spotify,0gMa67E7pjIQyzSyPCYCb0
TROLLPV128F428C475,Witch Hunt,Wayne Shorter,,spotify,3ZJj1Xs3hbsM07Hh5CVmjQ
TRYKFJW128F4266465,Lady Sings The Blues,Billie Holiday,,spotify,012PXdzaT0QKRNdknRN6wn
TRDNDSL128F92E3AD2,When Your Lover Has Gone,Ben Webster,,spotify,00MsJaXvWOgtb6WV0Xh5te
TRACFOJ128F4253EFA,Still in Love,Cat Power,,spotify,5VbWuWX0XUJu3ZC2BjG5JC
TRJAYIO12903CDF35A,Beautiful tango,Hindi Zahra,,spotify,06ekS3H5pUOYqnV42Ewcny
TRIRLYM12903CAAEC0,Mean To Me,Sarah Vaughan,,spotify,009Qr66xo9la6mIxEK8K8w
TRWWATJ128F9339500,Haupe,Duke Ellington,,spotify,0APGlPUKKA4GDbWLhJliWx
TRUFQAT128F426921A,We Are In Love,"Harry Connick, Jr.",,spotify,09BuKGvvNePAYU8VnOnmEL
TRLYQAA128F92F9A62,Blow It All Away,Sia,,spotify,3EQ3vN7pw4aSiligU5ieOq
TRZSULX128F425BE55,Instead,Madeleine Peyroux,,spotify,1qdUPZhensx8xQz6sR0BFL
TRFXWJG12903CB5D03,Oye Como Va,Tito Puente,,spotify,02H7ukto8fMdy22X9rr4av
TRIMBHS128F92E1C61,April in Paris,Thelonious Monk,,spotify,06wHPtS5PyLfvqeTQjpgqm
TRWLVUA128F42A979F,Charlie Brown Theme,Vince Guaraldi Trio,,spotify,0BeIrTzmiHfke30jrVdsYl
TRXCZWR12903CD4AC3,Brazil,Django Reinhardt,,spotify,044nmaoNp25bt4y05AVqaF
TRCQFGY128F42A7EBF,Sail Into the Sun,The Funky Lowlives,,spotify,07MNXUnnYDetoD3VLNype9
TRPANMJ128F425BFB7,Crabbuckit,K-OS,,spotify,05Vw476y6SM8LTU4H43Dtf
TRCSZFY128EF35256F,People Get Ready,Eva Cassidy,,spotify,11GctjEt0ggqiQ5Vm2YkAY
TRXZWBF12903CC5244,Scratch,Morphine,,spotify,5F0rDnWepppxmLscZIYqR5
TRRYLWZ128F92E54B3,Rock Creek Park,The Blackbyrds,,spotify,01W9ZMzokld2UamH8aiBQq
TRDFHCZ128E07873BA,Haitian Fight Song,Charles Mingus,,spotify,01gZVUpoiFvANS1M0qVwBV
TRHAUHW12903CB8CCD,Behind the Eightball,Xploding Plastix,,spotify,0MHFdeldDWXCORoINaV15q
TRRJNLS128E07909D8,Out Of Nowhere,Charlie Parker,,spotify,00IW8amy4mlIME5cRBGXmh
TRPJHWE128F4287F55,Some Other Spring,Billie Holiday,,spotify,00OkwTyMx9dYDVtTzbHOJp
TRDNXNU128F14A515D,Brown Eyed Blues,Ben Harper,,spotify,1infHgQbrZ22XakRygL4PB
TRLNOMN12903CCE5F1,Don't You Worry 'Bout A Thing,Incognito,,spotify,0cwHc8ilrEZTxS5hByHlJH
TRMTZOH128F92FE2CA,RobertaFlack (feat. Dolly),Flying Lotus,,spotify,1tqGkm5GsN2JssLrYg92RX
TRPLWTU128F4217C55,Fading Blues,Hird,,spotify,0iA84cHv8UZZfRnKOweibU
TRPZYKR128F932CF39,Stratus,Billy Cobham,,spotify,08LOAzX3epdHgaStvaBBKz
TRVLJJE128F933BB3B,You And Me Are Gone,Jamie Cullum,,spotify,5453QdLuHyfGMlLRl5KBG3
TRRMRHU12903CD9250,My Man's Gone Now,Nina Simone,,spotify,0J5briRxbETjpdRfwrti3h
TROCWEX128F931B097,Asphodel,Skalpel,,spotify,0jRDSQAGGUWsPnWn2WFxrp
TRGQBTE128F42554CA,D-Natural Blues,Wes Montgomery,,spotify,04RlVNPTdIOSesaTKlMSqB
TRYCVPH128F9350BA4,Django's Tiger,Django Reinhardt,,spotify,0bWk79qmsNoJfQI9Gw9Ryd
TRXTTMJ128F92FFC02,I Will Be Your Friend,Sade,,spotify,0rPTVN3jIij9HMEcGHTVlA
TRINXBN128F4277EAF,Cool Out,Leroy Hutson,,spotify,1FUC4QBNH4ngf20liRLtVP
TRHCAIV128E0793E6E,Distortion To Static,The Roots,,spotify,6DdyZReHSldXFBqtq3TKK0
TRARJZN128F92E5043,Big Spender,Peggy Lee,,spotify,02jcPx93XvAPaGmiDAjY0G
TRJDPMK12903CF274E,Better Now,De-Phazz,,spotify,0qisWzgU4vG5iHTime4mQZ
TRANIMY128F9332B15,Christmas Eve,Billy Eckstine,,spotify,04tC46BVj42ESRwYy7yspk
TRBKDXC128F931E6A6,Glitter & Gold,Rebecca Ferguson,,spotify,045LIcf1iV2XCtJAMJ9ema
TRCQSRE128F9344C73,Django,Modern Jazz Quartet,,spotify,0094Q2TLvwPvsq59xncpAp
TRIMPCA128F423F440,La Vie En Rose,Madeleine Peyroux,,spotify,0BoG5aoMXz05a89ElTHN2R
TRIQHTC128F932034F,Autumn Nocturne,Lou Donaldson,,spotify,05eNFTCEODRwTPO9Y3x3sm
TRCGOMB128E0783885,Barcarolle,Tom Waits,,spotify,4CiRtBMtPZZRHTBRQrcc3Q
TRGRZYW128E079341B,Haitian Divorce,Steely Dan,,spotify,0aMFLXr23snkC735W2kS9Q
TRELZZX128F9311A59,Diamonds Are a Girl's Best Friend,Marilyn Monroe,,spotify,01bswssQ14c8iBD17gpGbP
TRBGLUJ128F424CE50,Form,Poliça,,spotify,1q1JhABnsBxbeWsgwlLll7
TROYYKT128F9312A61,Pick Up Sticks,Jon Kennedy,,spotify,0kGpV7chuVyroNh7Z13qXt
TRRLPQV128F4239B8C,Sally,Sade,,spotify,0hYGPTpHqq2SmtBpNvZ5vo
TRAAADT12903CCC339,Andalucia,Pink Martini,,spotify,16uYYyMYpiJsUC9JzZX4Zk
TROIZNH128F149955C,St. Louis Blues,Louis Armstrong,,spotify,00G8ohHflZO7FNZ2AHYCd8
TRLNXQE128F42268DD,Spat,Cut Chemist,,spotify,6enb0senzi6UGQEOrZP5UV
TRZXQZV128F93158CD,My Buddy,Chet Baker,,spotify,04yzhDYmrnU3C5gOqcMWwq
TREQWZD128F92E2DAB,Pass The Peas,The J.B.'s,,spotify,05oEPjhfqSsJwIBly7RRRT
TRXTHYK128E078E93C,Going Down,Jaga Jazzist,,spotify,16TgjAlYjFmhshqdCug23N
TRFOGQC12903CA9D2E,The Flame,Parov Stelar,,spotify,2vgfeI6Ja6E07I8JfJ9nDO
TRUKCPM12903CB81E9,Learnin' the Blues,Katie Melua,,spotify,1JCvy7eqU5Sb1t0YJfzmrg
TRGRAJX12903CF1431,Harlequin,Weather Report,,spotify,08NEdCi7mUbOhSe4QWc82R
TROVOQN12903CDECEC,Dedicated To You,Freddie Hubbard,,spotify,0IxLWzmafWC5VTnpnvykJq
TRGSOLT128F1466521,Red Clay,Freddie Hubbard,,spotify,0JLulB0IWtX6OjQf2dv7fG
TRXVFPG128F1492395,Don't Stand So Close To Me,Sting,,spotify,0IdvP1LVnV6wJNMWk77ssf
TRFYUQU12903CE3BC1,Someday We'll All Be Free,Donny Hathaway,,spotify,0GgWuV8SbDiqPFyo9fL9Ag
TRUEKZT128F42846B4,I Love Paris,Ella Fitzgerald,,spotify,04xnwOsM8dyW5RVrfOIjZS
TRALFJW128F92FB86C,Gin House Blues,Nina Simone,,spotify,01SFZCvw5rTwfUBHnKtSpV
TRDPTEE128F92F3802,Nutty,Thelonious Monk,,spotify,026DQvCqpt1FXzrpRtMzWt
TRDJHTB128F428D566,Love's Been Good To Me,Frank Sinatra,,spotify,20dyFIpzzc649Aku3PfXwO
TRYNPEI128C719682F,I See God In You,India.Arie,,spotify,18dAd6bpZpFytEsqiyyNYq
TRZYZKL128F4295CB0,Come Rain Or Come Shine,Frank Sinatra,,spotify,04ZrB5Vyntg3HSf4w1nfsM
TRCTQAR12903CF7C67,Mixtape,Jamie Cullum,,spotify,0MT2XwZQENSNNVVBluzVxs
TRRGZXZ128F92E4F7A,Our Love Is Here To Stay,Dinah Washington,,spotify,04vgZYLqX59cE8u0ltMRo4
TRRGZHT128F92FE248,Blue Skies,Ella Fitzgerald,,spotify,01dN7OZQAg79UU1YK1mEwo
TRXQJHC12903CE9149,Just Friends,Chet Baker,,spotify,01fxBUUUXVnaayyJxp1mQ3
TRSEKVK128F4289138,Lucky To Be Me,Bill Evans,,spotify,01bu03D0M0D5g4tAEZxQsD
TRINVAV128F9341806,Don't Get Around Much Anymore,"Harry Connick, Jr.",,spotify,0GuVQkXvtQuL6ek7nquHEN
TRVWETE12903CC57BB,"I Surrender, Dear",Thelonious Monk,,spotify,03CMUBboJLygFk0pqQD5NW
TRGJHAQ128F92D46E9,The Black Rider,Tom Waits,,spotify,0VBkjHDr7QbD5AIdV3UUXH
TRXZLTN128F424F09D,Eventually,Ornette Coleman,,spotify,02IJTWGAN1Jhnj3IiTff7n
TRXTCEN128F932C61C,It Don't Mean a Thing (If It Ain't Got That Swing),Duke Ellington,,spotify,002J2qiDzsoWXnlYyjCJJ7
TRDHFDO128F92DBF57,Internal Dialogue,Maria Mena,,spotify,07yGRltHBTGAT6ZYV5QfIg
TRAZDID128F92DFE93,Day,Jaga Jazzist,,spotify,0bAk1pw8t3UOOGFD1pQwoW
TRSNMIQ128F92DBF65,Our Battles,Maria Mena,,spotify,2aPrrbbvtMYbk9GzWe04ok
TRMBHHC128F14A4249,I Love Being Here With You,Diana Krall,,spotify,0EeinfN0ZBeEJBJKzSh7Q2
TRBANNU128F42767CE,Blueberry Pancakes,Fink,,spotify,0VlT2caF46qJcuASS4JHaT
TRSRGZB128E078F56B,Anything To Say You're Mine,Etta James,,spotify,00nRUkw9JS8YvsFtu38K6d
TRCXMUE128F933015B,Careless,Amos Lee,,spotify,4DFYXjuwbxjEYHWrlwvH9f
TRRYTGQ128F427E8D8,Place in Between,Jazzanova,,spotify,3issb65ZmrryIjxktRnmoc
TRVILFO128F423961E,Just a Gigolo,Thelonious Monk,,spotify,08y3Sb3mI3g7pVJUHkOfuO
TRFOBAZ128F931A2FD,Drunk Trumpet,Kid Koala,,spotify,1VHHyNk1veulhpGb4XdNM2
TROHRNY12903CBDB4C,Oooh,Caravan Palace,,spotify,1o69mpYAWZBgKnWlSkc9CG
TRKUCMM128F92CF277,Half The Perfect World,Madeleine Peyroux,,spotify,1bFeXUChj7VXA1Oer4RAas
TRJKLKV128F145C64A,Learnin' The Blues,Frank Sinatra,,spotify,02cLPChHcGHnTx2fe5shI5
TRMXIUW128F427E8D6,Cyclic,Jazzanova,,spotify,1yPJa5Dw22OYxHubWTdDS8
TRDAMNT12903CA3369,Ruins,Portico Quartet,,spotify,0COxVNsSz0Dlj7XMjjVQ5t
TRUXYHH12903CD50B8,It Had To Be You (Big Band and Vocals),"Harry Connick, Jr.",,spotify,0Qyy0N7uBtNblNrtdSbcI3
TRXZWZQ128F427895F,Love Letters,Diana Krall,,spotify,2drnrigYRSKsWVWbLSCd1t
TRIMVJV128F9307BC4,Airegin,Wes Montgomery,,spotify,06rClylzs6qXr64I1Jj96s
TRZQYFG128F4271F89,Daybreak,Chet Baker,,spotify,026DfJmkHQRhm176efbRGU
TRWOQMD128F92E4FA1,Einstein,Gabriella Cilmi,,spotify,00on1FhUhF9Nd2OrdZz5kN
TRDFBVH128F92DD99B,I've Got A Crush On You,Ella Fitzgerald,,spotify,01gpf7NkQmgcdQoFiA4IOQ
TRBBOVT128EF3474B8,Lucille,B.B. King,,spotify,0eKhtblDyCZsyoGZGoG7xO
TRSEACZ128F92E9213,Blister in the Sun,Nouvelle Vague,,spotify,0xbadnUQ9XanyKmmb30h47
TRUJBPR128F424A796,La Caravane,Caravan Palace,,spotify,2CsmW30KsyyKCXdksFj2cF
TRCPPNK128F42AFD4B,Hey There,"Sammy Davis, Jr.",,spotify,00NfZPO35HWiYnFHAxXb6W
TRBGYGQ128F428B0B0,Fast Eddie,Amon Tobin,,spotify,2kHs6cACGrLdLUgwL8KrQ3
TROJOYG128F93194A5,Once In A While,Madeleine Peyroux,,spotify,0kFpzBhcZLRbK440Qwkd78
TRTZBEY128F148C681,Forever in Love,Kenny G,,spotify,0GoGOTgfNAUxS57cKrLE8x
TRJVCQU128F930032F,Coopers World,Squarepusher,,spotify,2Wm1moQH2T98FBGdWKSj3M
TRZWHUA128F42B7EC9,Fibre De Verre,Paris Combo,,spotify,1DaKM1Mzf9cOhHF9eKZZ4w
TREDEXZ128F42854AE,What a Man,Linda Lyndell,,spotify,0waZDJ83pQQIYdGWcEaK55
TRAIXKM128F428D2C4,Take Off Your Cool,OutKast,,spotify,1QttyowWEsX6nYYDQSByhK
TRXVBTJ128F4257FC0,Train Song,Tom Waits,,spotify,08T9cD5EKlSCjIc1qNtpr3
TRYWXOD128F931A560,Oregon,The Cinematic Orchestra,,spotify,2EYlHPt6D5eR9vdE02AnNH
TRSDEJD128F9339757,Karin,Bohren & der Club of Gore,,spotify,1hAdgsEOEQo7Hw5IgGUhoC
TRXDOCX128F14A1488,Planetarium,Squarepusher,,spotify,17aio5mSLBL4hRmVNjXrqf
TROHVAM128E0789004,Horizon,The Cinematic Orchestra,,spotify,08s5TLQ7lGvOq0SHUcp5h6
TROJWRC128F931C26D,Fat Ass Joint,Cujo,,spotify,2yILMZmR31tTYpk2X9MJN5
TRUECEB128F428AE82,Hindsight,DJ Shadow,,spotify,1ZQJH01eKKafPQgcfnqZwD
TRGYIBU128F931C209,Wires & Snakes,Amon Tobin,,spotify,0P2jU9iMZ5B6jHOeTVhwbK
TRZWFPA128F1498D4C,Havona,Weather Report,,spotify,0CwFFXyLHrXnkrudZeMzFo
TRUPMQM128F1451EAB,I Am The Black Gold Of The Sun,Nuyorican Soul,,spotify,0D8TfJTaKazsQH76YJV1k8
TRCWOSJ128F4219EAE,Driftin',Herbie Hancock,,spotify,058QPZhs9ZUeEtNFZg58uD
TRXIFGW128F930392B,Night By Night,Steely Dan,,spotify,0cCr0oN9Ci3ot9fcxOCARU
TRXEJDN128F934CEEF,Fade Out,Jazzanova,,spotify,0E35IbPqMU8ug4V9jmIAGv
TRNVRKR128F4288846,Da Booty,A Tribe Called Quest,,spotify,2XeQQX1kWqkGBXFV9q6FsU
TRQJGOJ128F1466AA7,Dog It,Digable Planets,,spotify,6Mbm86B4joMLyCncLCESCG
TRZAVZT128F427D32D,Fallowfield Hillbilly,The Courteeners,,spotify,1EQlsBZjrHtBE68mr4Bdmt
TRDFMKD128F9335907,Ai No Corrida,Quincy Jones,,spotify,0EHXWJcceUMNGvkxc1nql5
TRMSSEH128F149B8E9,Morning Child,4hero,,spotify,2PCAC4BH18HiE6rBdAbxmF
TRDHNQD128F42A75BA,Can Anyone Explain?,Ella Fitzgerald & Louis Armstrong,,spotify,18VfFrNPW6ZJgatwirzqxu
TRIQCEM128F42AD1C3,You Make Me Feel So Young,Michael Bublé,,spotify,0ag3yuAo5uyXRl9IM9WLKv
TRCREVA12903CE3A50,A Good Man Is Hard To Find,Tom Waits,,spotify,1edpN2hNGFyvMaTxoxR7sA
TRXIOJS128F93235F2,Pirate Jenny,Nina Simone,,spotify,091JlEEFQScH2cedudmviD
TRLRMLM128F4286DE4,Blow Wind Blow,Tom Waits,,spotify,1bz1rrGcQaEcdgu8SpVwE2
TRVBFKW128F4263D97,Up From the South,The Budos Band,,spotify,0PCDUWbjE8BicD3DpFeliA
TRXLHGH128F4279257,Little Girl Blue,Diana Krall,,spotify,03Z6R0Tok5SduUrKnYguqV
TRYPQCG128F421AED0,Foolish Love,Rufus Wainwright,,spotify,1uxMRWmbs1uaS3uFVmnFPC
TRAROYO128F428C210,Pieces of a Man,Gil Scott-Heron,,spotify,0OuRGHI3XogweHqhTOuybS
TRXHBVP128F92F348C,Midnight At The Oasis,Maria Muldaur,,spotify,01ErcIbZq5BuJbHHIVcnTk
TRYAGXV128EF34DEFC,Black Coffee,Julie London,,spotify,01HuSvwSTsxB0q29WqhSc2
TRXKQDO128F426C558,No Jive,De-Phazz,,spotify,0x2kJMn1sSSPjum51qZ5Dc
TRRHQCR128F9305B11,Pretend,Nat King Cole,,spotify,00bAKBS710bQKlXgNpjGFa
TRVBPUV128F4220FFF,I Know You By Heart,Eva Cassidy,,spotify,0NSTufXioI2J9yOmx9BGfJ
TRKSRYI128F4280AE2,She'll Hang the Baskets,Cake,,spotify,13f2vawuoFf5H9N755lobt
TRUONGX128F4267934,I've Got a Crush On You,Frank Sinatra,,spotify,02lN0rjjtsJTV79V3605Lg
TRALYCU128F42A3CF3,A Nightingale Sang In Berkeley Square,Stan Getz,,spotify,00bThfE2LTZokAsh20x8jT
TRXBTZA128E078D9C6,Amelia,Joni Mitchell,,spotify,0sWXc2HP7INhTEkuUbxJGk
TRABZQM128F42489C1,Embraceable You,Sarah Vaughan,,spotify,00gLKa8SbzW3SlRwlfh6U6
TRMRNDW128F4292475,Baby Phife's Return,A Tribe Called Quest,,spotify,1VaCaM24I8fwnD9ylgQZBm
TRCSGRK12903CA14F0,Tokyo,Thundercat,,spotify,0nDtVdCBozdFF6tavhbr2j
TREMFNH128F42708CE,Warm December,Julie London,,spotify,02acVSOwJZ60QGlDGU1rZD
TRRNCCY128F4213FFD,Un Poco Loco,Bud Powell,,spotify,04ByAj1DRs61J8pSPZj8df
TRAWSVP12903CC132D,Spoken,Hidden Orchestra,,spotify,0lSBaVMxuVG8TDtvxDdFwo
TRHEEOV128E0795CD5,Mais Feliz,Bebel Gilberto,,spotify,085CDBQJYotXMHepXKVFdI
TRUEJZL12903CE94AF,I Can't Get Started,Jamie Cullum,,spotify,1u0DTkF2DfYxZil6Z3oYYP
TRIUIPA128F931C0F3,For All You Happy People,Jaga Jazzist,,spotify,0vsD5bIKCfgpaEfGBkeoDs
TREDPAS12903CDF2B2,Make Someone Happy,Jimmy Durante,,spotify,1iGrcdbuCwxEwQEWRGUlzc
TRXUFFA128F932E750,Maple Leaf Rag,Scott Joplin,,spotify,00YwvFzmKcdlqAGQVere2X
TRFQXQM128F93321D0,She's a Woman,Jeff Beck,,spotify,14E2QZ1ISag8EI2sVC89L7
TRZEZRJ128F9322FCF,Slowly Surely,Jill Scott,,spotify,0HC8gFuUfQklYNM0U53Db6
TRLOCCA128F429F768,Ghost Story,Sting,,spotify,1T0M6mPcWP8snyizApzJ0N
TRXCMYR12903CAE517,The Beat Goes On,Buddy Rich,,spotify,0vOCbsgMucPMdmFi4D85t7
TRDREHJ12903CBBC73,This Masquerade,George Benson,,spotify,1tcLRNTtK29oBcwjTwi9BH
TRMGWIZ128F4263D54,Nu Chic,De-Phazz,,spotify,3tWBufG1mg7fZnTReKKGtK
TRDPDYM128F92FF0D2,Theme from Sprite,Squarepusher,,spotify,3yXCfICTAxZ2fWY7VhspBI
TRBDWBI128F9337141,Love Again,Hird,,spotify,6200QST5Vx7rWBBlkI6F4T
TRPDDNY128F429CA97,Test Drive,Skalpel,,spotify,3jA59jPpwF1GR4IBpsjhUB
TREYMLQ128F426591B,Tried And True,Ween,,spotify,1uI9yVpjOQc5AQZ582MrJF
TRBAEOZ128F14841E7,Dream On Dreamer,The Brand New Heavies,,spotify,0vRE8gKJLcck82AVmcKQrA
TRPETPY128F428BB4D,$29.00 ,Tom Waits,,spotify,4nTo4ty9uQYHojDLQNqzWV
TRMQOCY128F42407FC,Muita Bobeira,Luciana Souza,,spotify,0NklVgnCXB88TnoT6RO2dp
TRVTFAW128E07928C4,Carriage,Counting Crows,,spotify,09JNmeub5hyBvBs6JVY5C4
TRYGZXT128F148B26E,Get The Funk Out Ma Face,Brothers Johnson,,spotify,00PLtXXER1XcTRZvs3LioS
TRNISEE128F933908A,How To Explain,The Cat Empire,,spotify,0LK8m0UWW0UXEE17nvUI80
TRUNYJQ128F14A8008,Autumn Song,Parov Stelar,,spotify,7sHxqynDhK396Skylhlmka
TRCZFFA128EF35404E,The Bomb,Bitter:Sweet,,spotify,2oqqV2vO0w0LRolwne73jj
TRDFXMX128F427248F,California Rain,Madeleine Peyroux,,spotify,2eWy89cJoA6hswNiOD2nEh
TRIBEXM12903CDEF31,Spoon,Dave Matthews Band,,spotify,5YOvPxr84u8fmxDXUVnzYC
TRJNAOW128F4263BC9,Baby Elephant Walk,Henry Mancini,,spotify,00yXkp9yKD73Hb10bPft9U
TRRQQUC128F14567B0,This Bitter Earth,Dinah Washington,,spotify,01PP5EoIElcQrJOUCzqNii
TRFPSXY12903CC99A1,Deep Waters,Incognito,,spotify,0zMyzPclDiiWHbEjmflD85
TRAEJCN128F4294220,Lily Was Here,Candy Dulfer,,spotify,0VhDBMJYE0yfnkgnhtEWfv
TRUMRUS128F1496C69,Fuoco Fatuo,Nicola Conte,,spotify,3hfg1asQ2mUgtBeyWlQYFe
TROHROS128F4249850,Nardis,Bill Evans,,spotify,08lOa9z2FtKgxRJmU7W3Sj
TRJYZFK128F426F19B,Killafornia,Cypress Hill,,spotify,2g0aY20ajRQDvh4qss1egh
TRUUTPS128F9337420,It's All Around You,Tortoise,,spotify,37RHbJ91pOIi9gUdTiNXeY
TRYUSQE128F9323935,Broken Dreams,Basement Jaxx,,spotify,34vOooHbNWkSEORXuWQ5Gp
TRCQVZD12903CD40BF,Dindi,Astrud Gilberto,,spotify,0n7u1cwbtmpba1tNVjcg1z
TRFYINA128F1482A75,I Think It's Going to Rain Today,Nina Simone,,spotify,06bkfK0sPu2jGxBUDKTf56
TRLJJCV128F4281A51,Lifesaver,Guru,,spotify,2ZogcCHaq0jZm22c0IOV9J
TRMHBYQ128F932D4E4,Rains On Me,Tom Waits,,spotify,0q37I5VwPbiFYXGOyN7o7W
TRIQTRS128F42631A5,We Can Dance,Caravan Palace,,spotify,0ZAJtvlnfUySPppMT2GsgL
TRROVRF128F930D212,Groovin' High,Dizzy Gillespie,,spotify,00G4mRcpoH1qVaBGGcWWRQ
TRLLEND128F4231EB9,Eyes Closed,BADBADNOTGOOD,,spotify,0lN7pvpYUaZPNQbmh9FADR
TREIIKM128F92E89A6,Day & Night,Thundercat,,spotify,4QdOqIVngsJOyZDsdslxz8
TRMKUOZ128F14AF417,Song for My Father,Madlib,,spotify,5xDmLdu9ZULvX1O9pv2a6p
TRXFKYM12903CD05AF,Shivers,Skalpel,,spotify,0UZHB0dY5rapuaZlZA2HUU
TRABWVN128F92E4E22,Undecided,Ella Fitzgerald,,spotify,00nzC1ubaOz8BQezDlSOI6
TRATUEL128F4269AA6,The Masquerade Is Over,Nancy Wilson,,spotify,02wnXNfHveRTB8hNIy1s0e
TRBCHTM128F428436E,Meditation,Astrud Gilberto,,spotify,0BYLTSaVsANov1Zec9EcIt
TRAHSXR128F9329F69,Doctor Wu,Steely Dan,,spotify,03jh3OBV72p4S9OAyty1Nb
TRXMCRY128F426A969,Adaptation of the Koto Song,The Kilimanjaro Darkjazz Ensemble,,spotify,2EYXsrRB1enN9B14b2XbBW
TRFRGMX128F931D705,This Little Girl of Mine,Ray Charles,,spotify,02gwOCu4nzcOQShtIIPLJ2
TRGPQIZ128F1465041,Peartree,Jonny Greenwood,,spotify,7d22GOyVegQaiDHpRaVVer
TRSVWJR128F92FFE08,Keeping Pigs Together,Red Snapper,,spotify,1w4xMh8oVSS5ylNtNYSwZX
TRFULJJ128F14650F1,Think Twice,Donald Byrd,,spotify,0m4JKEbB1hyOzH6MERHjWj
TRAAOJS128F425FE86,The Shadow Of Your Smile,Astrud Gilberto,,spotify,07obRrGmZKl2ZelYIo09eF
TRVZXTB128F4298105,The Wine Song,The Cat Empire,,spotify,0sR5Jt9SHYf7hZj619KPCw
TRINYGW128F92D081D,Wayfaring Stranger,Eva Cassidy,,spotify,0GDDBDE0du9lyN1PjqpKm0
TRCYQME12903CB457D,Bali Ha'i,Peggy Lee,,spotify,00tUNk7d9YcANFxZvKzrfg
TRGGIUA128F4269012,The Juggler,Weather Report,,spotify,07EB7Lm8fcbUIhLYl43OaF
TRPJFGT12903CB257D,Moritat,Sonny Rollins,,spotify,00wiJex1ZFlkU9qvroiQgT
TRVPUJH12903CD872A,I Must Have That Man,Billie Holiday,,spotify,00ACZPeZY8NDnPl8dYurAT
TRZTYZM128F931C250,16 Megatons,Funki Porcini,,spotify,0sW6DD9mHgNlqO1rchuvoM
TRUJIVI128F930A369,That Ole Devil Called Love,Alison Moyet,,spotify,0d1WIsBCjrCzDkv98uRPml
TRAOWVX12903CA6EB9,Amnesia,Blu,,spotify,2TAjeMbmNwOyEQZupDmDAq
TRLJYMK128F92E732B,Nice Work If You Can Get It,Ella Fitzgerald,,spotify,00lNpWfx2B8nk6ubqQiDSr
TRROREX128F92F9300,Safer,Gabriella Cilmi,,spotify,1BSOKDa7tU8pkx2rfqoQdZ
TRXEMWN12903CE1E13,Game,Beady Belle,,spotify,3AHWHiuixhIo1FXQhBe3Yi
TRIAZPF128F1465CE9,Dancing In The Dark,Diana Krall,,spotify,3VBj6mdLGwdSfJ2DK3BTiA
TRUOGZL128E0791EF7,Jungle Telegraph,Eels,,spotify,2Rgqj63cNCrXvKF1LqMRQm
TROICRE128F426901B,Pennies From Heaven,Billie Holiday,,spotify,00tmVZVqij0BrFrT5cUJ18
TRHKAUS128E0785FFD,Mudfootball,Jack Johnson,,spotify,0DJyJwMEuH95MaxJwwrFdB
TRAAJJE12903CC23A1,In The Still Of The Night,Stacey Kent,,spotify,0yONwS8sTdw91WBhvjVEVT
TRENMSU128F92E7459,Sunday Kind of Love,Etta James,,spotify,0anEr2iMLzCWXR8Zt8bAlZ
TRGCTQW128F932B5DB,Almaz,Randy Crawford,,spotify,0cKsrO5xawrKOZKBmXTBHl
TRXKUAM12903CE5579,Expansions,Lonnie Liston Smith,,spotify,0DG1Vosd0KjI06z441t7vi
TROQZZX128F428A995,Knife Chase,Tom Waits,,spotify,130WLjVvDkpVkait8xf4Xr
TRCSKYH12903D06393,Apparition,RX Bandits,,spotify,16cqbL111h3JQs0A7dEQzA
TRKRQHL128F9319F59,Konfusion,Skalpel,,spotify,1iQHhMV7EIfuRS5AjSc7iE
TRRWRCC128F93393CC,Romantic Love,DJ Cam,,spotify,3odStlo85rToMHx7KTNlt5
TRUWVON128F931C2C0,Low Battery,Jaga Jazzist,,spotify,03ywTUhKUkXTbU2LXMnZKF
TRHNGJL128F9310B69,East St. Louis Toodle-Oo,Steely Dan,,spotify,0M5U3BpuVd2MscKJnytbFu
TRVFKQH128F9310B88,The Fez,Steely Dan,,spotify,1AxFEcCUvVSreRckreiqpb
TRDDGAM128E079241F,Big Lie Small World,Sting,,spotify,1yzYhppMC4yeQ4D0hszEdX
TRUKJYU128F931C2C2,Made for Radio,Jaga Jazzist,,spotify,06F2jkLGa0ggsUklLYLhAt
TRTJHGI128F427092E,Opus Pocus,Jaco Pastorius,,spotify,1hk6KMDQwGWsdy08PYotmM
TRLHSQP128F428CAE4,Destro's Secret,The Dillinger Escape Plan,,spotify,1Tq8OFKWccjquHdBqmCub6
TRRNFRU128F426676B,A Little Bit,Madeleine Peyroux,,spotify,1NUIrNFEAfy0ICZtxrTkDl
TRXCPOV128F42950BC,Way Back,Jazzamor,,spotify,28KcY1dyD0xSqs00sjYDZb
TRDMODW128F93204C0,Blues Walk,Lou Donaldson,,spotify,0Dvbq2O8RFec7eNDhKowjp
TRJHTBA128F93586B1,Triveni,Rodrigo y Gabriela,,spotify,0doSkjprUJWe86NZt7N5kP
TRRGXNI128F426938A,Well You Needn't,Jamie Cullum,,spotify,3pPeDTeA1wOhOAehzdybln
TRSLESN128F4285932,Police Dog Blues,Hugh Laurie,,spotify,13ICn1TfMEB6DhYvc9dR6b
TRTYWIY128F933C0A0,The Nightfly,Donald Fagen,,spotify,1ezKaJGezObvmY5yRJ7fvr
TRRGLYI128F92F3950,Straight Edge,NOFX,,spotify,3VAl4ctgeGRhkubFTaBIcY
TRLPHCQ128F4269033,The Door,D'Angelo,,spotify,10772yYCkLuadtiVAcHkk2
TRLPPVQ128F92FF279,Humble,Nightmares on Wax,,spotify,10wiFtEF1gAIoafaLjqTbt
TRYHOVS128F933D92F,Enlightenment,Sun Ra,,spotify,0nekTuTcsqrgnqBUfyQhpe
TRZPWYQ12903D057CE,Young and Foolish,Bill Evans,,spotify,04yHPqDvuXEM0ANfhsz0IY
TRRWQOT128F933BB40,"I Think, I Love",Jamie Cullum,,spotify,1Wi1OFTKg1wau5TTx2czXF
TRXTKYM128F9325BFF,As Time Goes By,Jimmy Durante,,spotify,2smIP4YA9Z9JwfP72Ku0ZN
TRQIGKV128F92DBF5B,Boytoy Baby,Maria Mena,,spotify,0POle40erAKuyI9necQc31
TRJUGPJ128F92FE197,Make Me Whole,Amel Larrieux,,spotify,0MIjsnyshVkDSG5Ajdobcn
TRKHVXV12903CB111F,"7 Days, 7 Weeks",dEUS,,spotify,01zuQtRyj8jSGowZlj6nUI
TRTQLOX128F426371A,Another Rainy Day,Corinne Bailey Rae,,spotify,0lGQyNeR1XM7gkcwg8p4Pk
TRCSZKA12903CA0E4C,How's It Goin' Down,DMX,,spotify,03SYXLqD9r8xRTN3Ze9pOr
TROSSRR128F92C49C6,Jazz Police,Leonard Cohen,,spotify,1FaLA3e3bX0jVAUpUUmAbk
TRRFIHX128F9323C74,Close Your Eyes,Michael Bublé,,spotify,04THq9ESnlipU969vuvSJx
TRILUPC128F9300BC4,Good Bait,Nina Simone,,spotify,03LnWfPNI7V3W4HvmeunAX
TRSQPSB128F92F34E3,Everlasting Everything,Wilco,,spotify,2yEJSUKKiUSX29TEXbmZlp
TRGGFER128F9326150,World Keeps Turning,Tom Waits,,spotify,0n3gMDe1L2ukAmkQg9ClB3
TRXDRQW128F93105F2,Toda Menina Baiana,Gilberto Gil,,spotify,0fXYBTuPMcJavFohryuQYQ
TROVHGG128F93181C9,Bitter Heart,Zee Avi,,spotify,0JcThwrM2wRNDF9kLosOWt
TRRNWCK128F92F91EF,Frosty the Snowman,Bing Crosby,,spotify,02Pr3fTLwPWqDZwwMLbYai
TRRKBQB128F4285D4E,Wish You Were Mine,Philip George,,spotify,0TlKDaeEowSfLhlz5U3ddb
TRMCDWI128F92CC89B,Perhaps Perhaps Perhaps,Doris Day,,spotify,04sq1lSl5OicJeiaOotvT6
TRRGFPG128F429B369,Too Close For Comfort,Jamie Cullum,,spotify,0MJf7ngFCnkzP1eTGxQhLS
TRCHXPX12903CBFA2B,Gran Torino,Jamie Cullum,,spotify,0NL5jtuXqaVPiPd6Jjn5y7
TRLLZYQ128F4273A78,"You Know, You Know",Mahavishnu Orchestra,,spotify,0QHXFy9QTOgnnXmP53Nc2N
TRPMQXV128F92E53D3,Splitter,Jonny Greenwood,,spotify,1fSOItBtp2Jz02ZLJBLVPJ
TRILGSW128F92DAE50,I'm Not Afraid,Jill Scott,,spotify,0G9zxoPTv4NxLbXFsVygCu
TRGKTWJ128F1499B88,My Ship,Miles Davis,,spotify,02smsF39gImJiXnNSi161l
TRCTSEO128F931D02F,Love Is Here To Stay,"Harry Connick, Jr.",,spotify,077ugzMp1S9zAKsKhKPAMR
TRLDPKS128E078DC7F,Turn That Heartbeat Over Again,Steely Dan,,spotify,0Ka6cMllwgn7TwUyT0La0R
TRRYWAT128F42605BA,Honest,Nuspirit Helsinki,,spotify,4JRoriiRlXsamyXo2weKvh
TRHJQYS128F9312BFC,Samba Triste,Stan Getz,,spotify,02fhjnHW5JHz6uxevkcJBc
TRXUKFL128F4267F1B,Too Marvelous for Words,Frank Sinatra,,spotify,01VUPQQqanLz5LSpvDRV4z
TREJWUR12903CEA408,Tell It To Me,Tom Waits,,spotify,0lV22J0iyrfjVDAXcQTvKA
TRYCQXE12903CA06CB,How Insensitive,Astrud Gilberto,,spotify,0fDSIbHHzIIJMadDkVmoiZ
TRDJVMU128F92FBDB3,If You Were Mine,Billie Holiday,,spotify,01U4aaFwKHIkxUcm44cEAJ
TRIYABQ128F9347FC8,Sirena,Dirty Three,,spotify,0PKKJ1pSQKmQnAvhTYFziz
TRITTVU128F4234E07,Oleo,Miles Davis,,spotify,00IDt0e8ucMlNT7nWyMuS0
TROKPCT128F14A3566,Happy Holiday,Peggy Lee,,spotify,03f3TsK8C21ZrZoYf0vYdB
TRRGGNV12903CE79E2,Never Let Go,Tom Waits,,spotify,1vEG7SzdcDt84BV7QKLwqN
TRURKTO128F4222566,Mermaid,Sade,,spotify,0sEe6W7ik4h8H1B7C2B4PG
TRZPREZ128F14952AB,Fall In Line,Christina Aguilera,,spotify,25qfFpoGhk9Njgu5nl36sS
TRVCGWF128F42514BD,Strange Feelin',Tim Buckley,,spotify,1DQzuxrE9H6sti1pa0Aopk
TRXUPBX128F426A96C,Parallel Corners,The Kilimanjaro Darkjazz Ensemble,,spotify,1WZHplxCDYXSqfjgKQPesB
TRZMKUW128F424792F,Russian Dance,Tom Waits,,spotify,1DGYujdNBoDRjVCz9s18xL
TREGBKU128F93524CA,A Doodlin' Song,Peggy Lee,,spotify,0GQ5jsg1bnKCCJAe9owJKZ
TRZULWO128F92FF0D7,Bubble Life,Squarepusher,,spotify,3dzul0HWBPRv3zZq6YneCh
TRABLGN128F933D417,When You Believe,Whitney Houston,,spotify,0D45anOhy82mcALhcyIBCF
TRIHWQR128EF349B43,Redwings,Guillemots,,spotify,27uQzFVTzQ1Bp1RvjKatfz
TRZXNGV128F4263D9A,T.I.B.W.F.,The Budos Band,,spotify,1j132GoKqpx1ZNT5CY0esh
TRJNRZE128F42A7F0E,Adios Nonino,Astor Piazzolla,,spotify,002t4zrGWI8TctaJCu8pvd
TRMVIID128F9335979,Bala Com Bala,Elis Regina,,spotify,00xEAodhHpWkEI9oWgzT0Z
TRAYKFO128F92F101C,On Broadway,George Benson,,spotify,0FAgi1qBd94gFW2QdEx3cy
TROUUUE128F426B68F,Say You're Sorry,Sara Bareilles,,spotify,011Dg8Hkelamb0hAuaijWd
TRCPIPC12903CB30AE,Here I Come,The Roots,,spotify,0UG6T3ulEb2zWJZgJK0PwP
TRHKSPP128F933DE7D,Muriel,Tom Waits,,spotify,0puoJQhc7IJX5YUEu9MQdo
TRUSCLR12903CCFFD1,Online,De-Phazz,,spotify,2ZTRTZeLPDtGAfxBUJgM3O
TRIOMUE128F1487C80,Wildflower,Nostalgia 77,,spotify,0cyj9Gu3DvsJ7SFc8GbSVH
TRCURFN12903D08AA5,If I Can't Have You,Etta James,,spotify,00VgLHJjaiVVyWQmCkz6Wm
TRVEPVA128F9309DA9,Sunrays,Yesterday's New Quintet,,spotify,0GFtXXiEbOEr7Qxbncwhxb
TRABQJT128F145F172,Atrevido,Orishas,,spotify,0ID4IwkWmNwxnQ6Sw75IaR
TRJWXIA128F426A966,The Nothing Changes,The Kilimanjaro Darkjazz Ensemble,,spotify,4Wr1v74bsiDIKaWKLlwCza
TRSFFJV128F92F5AF4,Mandinga,Rubén González,,spotify,0vPQ6WZD8eaEJUTluiG99Q
TRXKGIJ128F42906CA,An American in Paris,George Gershwin,,spotify,054zm4TvolstkTq3JiQlWq
TRRINPD128F147CC3C,Long Time Coming,Maria Mena,,spotify,0JGIM1jZaOeesAYATm29ZD
TRCVYFZ128F9335BA0,You Do Something To Me,Ella Fitzgerald,,spotify,00WjWrDeQ4LXA0DBZVIHTF
TRAGNUW12903C9AF5B,Rumba Mama,Weather Report,,spotify,1wMytsjsjuApQTzu6duzGd
TRFNSUN128F92D1AC1,Just In Time,Dean Martin,,spotify,00vi2LIQUISH6Ojq5uVfXJ
TRUMUDO128F42516B2,Love Me Like A Man,Diana Krall,,spotify,2amqxhdmO9eo9eZyrZU9cB
TRHGIVH128F42852C4,Put A Lid On It,Squirrel Nut Zippers,,spotify,02CVO6k3yRaeafm4LPD7Tx
TRMGWRF128F424C65A,Tune Up,Sonny Rollins,,spotify,03JsAnXpGKbLzn3wAKkDVj
TRMDIWL12903CF82A4,Eternal Glory,Rhapsody,,spotify,718sgSwdMVWkXWxSVWzvMB
TRIZHHO12903CB3E8C,When Day Is Done,Django Reinhardt,,spotify,02K9pSvZoOizo52K27vaS6
TRLUAQR128F4288259,Slow Love,Prince,,spotify,5NxzQznfKs9fJdoP8CbgAR
TRLMRWD128F145FDBA,Here We Go,Mr. Scruff,,spotify,0CmBtvt1q8RgC0nzUkFTQq
TRFWDCI128E0791BE1,Season of the Witch,Lana Del Rey,,spotify,5DSi7heBC8eTIFROBvttnp
TRRJCHP128F425961F,Darn That Dream,Dexter Gordon,,spotify,01RO7CAso4ivOFuLA6bf6W
TRSQXYT128F428BD0D,The Fall Of Troy,Tom Waits,,spotify,0FHiKHC36zVWORt1CduTQ4
TRNZEUA128F1468671,Zoot Allures,Frank Zappa,,spotify,1ogaPT9Pkgy8uv5VsDY316
TRXLNHP128F4264C42,Time Out Of Mind,Steely Dan,,spotify,0HoRORD3EHX9MvgnZBxqs2
TRMUIHJ128F426B42A,Black Satin,Miles Davis,,spotify,0lRuQJ6g2ZDjz9DZ1J4SpF
TRFNKID128F932C000,A Foggy Day,Ella Fitzgerald,,spotify,00DdclAOM4ibQJF5zqYfYF
TRLKDNN128F93049C6,I Thought About You,Miles Davis,,spotify,01S7O21uXqgCQqfEucLCpM
TRYJNGV128F92F22C2,I'll Be Home For Christmas,Diana Krall,,spotify,4iIjs11YopxGcKIhuSfLau
TRGBTOF128F9338751,The Flood,Katie Melua,,spotify,0BjMPJvzpTtHJ4bgDSmH7T
TRWAWVU128F93070F9,Fives,Guthrie Govan,,spotify,1Dri1PpWa37C6ABRCSOTl6
TRWJRYK128F92E4FA7,Awkward Game,Gabriella Cilmi,,spotify,0L3YtU9LjQaewOGFnhQ1wX
TRWTSIL128E078DC79,Midnite Cruiser,Steely Dan,,spotify,2JrbfIkQ4HOrX9DSkvn9kQ
TRNXYNQ12903CB8D1B,Far-Flung Tonic,Xploding Plastix,,spotify,7gOewruSzHj9fLyvnS2NaU
TRSFXAC128F92F9873,Jump Jive An' Wail,The Brian Setzer Orchestra,,spotify,008eDvzTqcMCICG3A1jJDb
TRGSMUE128F4253A84,Askim,Kamasi Washington,,spotify,21xkL3U23GZEhp4uM1NSaM
TRUGJTC128F4299946,Mystery,Miles Davis,,spotify,2EKHyHVVig6z2DtLjxffEZ
TRQJYKF12903CC4CC3,Green Flower Street,Donald Fagen,,spotify,1P4D09F0qrX5tXVPGThCPh
TRIULBY128F9359821,"Bad, Bad Leroy Brown",Frank Sinatra,,spotify,09JMMrxcgIxVseZmAkKwCo
TRXRPYV128F932D06A,West Coast Blues,Wes Montgomery,,spotify,08X2ub2OdEHPn2b6en5Hvs
TRGCIGO128F9310CFE,Farewell Spaceman,Blockhead,,spotify,0DfLZ5zNmyUQ19NOXJ0gnL
TRLJKGP12903CECC2D,White Christmas,Diana Krall,,spotify,1n6FjWwpEGOragX1k2lTjG
TRLKHJS12903CB04D1,Nothing To Lose,Isabelle Antena,,spotify,5lKAvArSP6DNxXmEKqMZ99
TRLSYFU128F14731EA,Barrytown,Steely Dan,,spotify,0a6HzrBNqLIVfZZTwzhKNc
TRYKHQM12903CF5DA9,Mr. Syms,John Coltrane,,spotify,0AN8XSOGEW700e6e7t1gkz
TRVIUZO128F429D9A3,Tell Me It's Over,Avril Lavigne,,spotify,0aeZzfSoZAcETjba8MCvco
TRRITEJ128F4266ABF,It Ain't Necessarily So,Jamie Cullum,,spotify,0mSvyk4tRc0UqDKRKz0tas
TRUDXBC12903CBA7F8,Flipside,Hypnotic Brass Ensemble,,spotify,23AojpFiW6iRW99RNjPb45
TRTDIPA128F4254B9C,The Herb,9 Lazy 9,,spotify,6uyzP1uKOUSHHY1id6eHzd
TRQVJYH128F4273A76,Vital Transformation,Mahavishnu Orchestra,,spotify,28OaPKpo7NL0aAjMrl25BF
TRRKOLH128E0793FF2,King Of The World,Steely Dan,,spotify,0ZxWG91nxZcCsEUd6ykc6i
TRLLSKV128F934AB92,You're the Only Woman,Ambrosia,,spotify,0ht2n6IHCF0qXIewRfBxSF
TRIQESA128F9300366,Anirog D9,Squarepusher,,spotify,4bJbKvrG2466LEs1nZy4as
TRGJZUI128F92DB525,Bloomdido,Charlie Parker,,spotify,00x65nNeyR7iLjQBQxbqbA
TRLLCHQ128F428BB01,One O'Clock Jump,Benny Goodman,,spotify,003ftKWVGlpmsppNz0rra1
TRJWIUN128F149E2C5,Sofa,Caravan Palace,,spotify,0MYyozepMBYWaoNrYIAi2w
TROKFIL128E0782EF9,I Believe to My Soul,Donny Hathaway,,spotify,2USPHdk6yeyJ8K3QltMPka
TROTLZL128F428BF68,Sister Moon,Sting,,spotify,0VbljZmo9ZwhcCTpiDVK3O
TRCGUKJ128F1495C81,Miss You Like Crazy,Natalie Cole,,spotify,0d0gNKk4trpW9LluNoWQ2C
TRATSDF128F93023EB,Storm,Parov Stelar,,spotify,08g0Xf6SmyyReETXvqrHZH
TRAGAER128F9319F54,Flying Officer,Skalpel,,spotify,2Iy5LvQCKLH5YwtnI88HeL
TRKREKL128F92DC9A1,The Kid from Red Bank,Count Basie,,spotify,080ySvFI1tNy9ZNnfKmJa8
TRRGXEP128F424C5F5,Black Heart,Stooshe,,spotify,0D7nB8biIBCAFJrnsC9oCJ
TRIYADA12903CE88A5,Lost Where I Belong,Andreya Triana,,spotify,0WLtYppVSGNTQ0QrpOO1r7
TROXTXQ128F92EA102,Steady As We Go,Dave Matthews Band,,spotify,4mgrfFMyKHlKJNSgbKmNiz
TRCKQST128E0789141,Song Of The Black Lizard,Pink Martini,,spotify,0kkvRTyzBz2Nz4wXfawPnM
TRIOKWE128F92F9FC1,Light Flight,The Pentangle,,spotify,01ZYsreC5FX7FtZJNCC4IQ
TROROLJ12903CE6C8B,Ordinary Joe,Terry Callier,,spotify,07DkVuaGn9CGkp6Qm554am
TRRFUEV128F428A4EF,Searching,Roy Ayers,,spotify,0BaDG0Te8mmhKFUTMXlRjY
TRUFTSU128F426F813,Sweet And Lovely,Thelonious Monk,,spotify,000y5GIY1pduorfOa9Gzao
TRIFERV12903CDEFD9,In Heaven,Pixies,,spotify,2e9yUc1uFCg2oj78mB1vnJ
TRRGUMF128F145B447,Indigo Blues,Llorca,,spotify,0DYBcefMZafAlKgokP1tV5
TRXPGRG128F932D491,It's Over,Tom Waits,,spotify,2FXpL1hcTb0ydmWJBTVfzK
TRVWDIW12903CBAC37,Who Walks in When I Walk Out?,Ella Fitzgerald & Louis Armstrong,,spotify,0vdhbqAHVLcesPJYu02OPw
TRGDDSX128F425FC6B,House of the Rising Sun,Nina Simone,,spotify,06aH5Hhrp9fNZTag4k6wD4
TRPHFMM128F932CBD0,Central Park Blues,Nina Simone,,spotify,00f7GpUaiBxFeDGwGi4d5N
TREQUZI128F92FB6C1,Crepuscule With Nellie,Thelonious Monk,,spotify,05bcDxU6P40R5WzVnJFdxB
TRCUSSA128F14584E4,Best Of Me,Chrisette Michele,,spotify,5QA4kKWIraFlucPlgRY4ha
TRRHSVF128F4288349,You Belong to Me,Jo Stafford,,spotify,00ES3yGYPawdjdcn7U8jqT
TRCVVJS12903CBAF5B,What's New?,St. Germain,,spotify,0e25BaMyUdspn7PhJOBRHe
TRAJMBU128F149332A,Dream A Little Dream,Robbie Williams,,spotify,0q2DzBQ6I7Lb9GoB5S2NGU
TRQHRUR128F92FCFF3,In For The Kill (Lifelike Remix),La Roux,,spotify,0hxSAyi0JfDOJqxwI0X9fy
TRHLRMN12903CD02EC,Tonight (Nicola Conte New Jazz Version),Koop,,spotify,1zH10LVrz3V635oDWlurUa
TRSDMEN128F428C9AD,Merry Christmas Darling,Christina Perri,,spotify,6brLwOYFXw7rkGOcLntcPZ
TRQOOUL128F9350A97,Would You Like to Take a Walk?,Ella Fitzgerald & Louis Armstrong,,spotify,1z270aIqIu6yz8EkrHOQ7a
TRGZNPZ128F14939EB,A Day In The Life,Wes Montgomery,,spotify,0GxCysYaqNYs57mP7vFaBR
TRBPHTO128F92F6D6E,Troubled Mind,Everything But the Girl,,spotify,0n0iR52CeBl8LTVKOgLXcJ
TRBEGAN128F931C296,Ug,Mr. Scruff,,spotify,1qP1EFH7TDALsoOKn5k6Wi
TRESKNU128E078A187,Homme,Brazilian Girls,,spotify,0BVMU92x2WLBQGpoSnN54C
TRRYNIM12903CF2B13,Blitz,Quasimoto,,spotify,40toSn0ZpBXn0M4DHQ9ODx
TRCXOIW128F931AED5,New York City,The Peter Malick Group,,spotify,15xdJjyg2hoU8obnW2OvSW
TROLIZJ128E0788A40,You'll Never Walk Alone,Nina Simone,,spotify,01AAkPYQyBB729RmEkv2mb
TRCSEEB128F4250FBC,How Long Has This Been Going On,Carmen McRae,,spotify,04IRXQPzuB1CgkTJ551wiD
TRFRULZ128F933BB41,We Run Things,Jamie Cullum,,spotify,04vwIUROVrtTKWgdiC1NBh
TRCYKYR128F1460E17,Not While I'm Around,Jamie Cullum,,spotify,0Gbs1P2sTSOa2C3TpbrCX7
TRCTDWH128E078913D,Que Sera Sera,Pink Martini,,spotify,0ag7S2VHEjTKbC5omtrm5S
TRGKVMG128E0798B36,Born That Way,Anja Garbarek,,spotify,59H9WP2106EFSglfWq9xiy
TRBLXZB128F145E03C,To Know You Is To Love You,B.B. King,,spotify,04ugmEBxip1wwp63xAZMqU
TRCCVSE12903CB8D19,More Powah to Yah,Xploding Plastix,,spotify,49H2d7hU0h5ekEN3LU6Kgf
TRUEYBT128F92FE2FD,Act of the Apostle,God Help the Girl,,spotify,2uJDRGZI6q6fyVkcST7oHl
TRXDKIF128F92E789E,Stars Fell on Alabama,Ella Fitzgerald & Louis Armstrong,,spotify,0Ee4FO7e2dSJ2rc3JGL003
TRUFXLO128F1496B7C,Ring of Fire,Johnny Cash,,spotify,02ea6RBElCInVd0K15p5Xt
TROKUZL128F4293583,Pride and Joy,Stevie Ray Vaughan,,spotify,00fqfrAvsiLSbpKxLwuwgG
TRJNEFM128F92EF06E,Born on the Bayou,Creedence Clearwater Revival,,spotify,06aheTd7dUivTAxGhpar6d
TRUTWPY128F4259CCF,White Riot,The Clash,,spotify,07inklp1KWA2avgPEjFYEN
TRBAVNR128F4258410,I Wanna Be Your Boyfriend,Ramones,,spotify,0k0wPUdgZjrCZX8ZLySaKL
TROGZZW12903CBBCE9,Stone Free,Jimi Hendrix,,spotify,03V76BC54TdmRq3YQEekle
TRFJGUJ128EF367902,Dancing Days,Led Zeppelin,,spotify,0HBoBMAZ473sqqFP5USbt1
TRUYIVA128F92F7798,Heart Full of Soul,The Yardbirds,,spotify,008AVwXB7ogz9uG6KerewA
TRPGERG128F933D02D,Slow Ride,Foghat,,spotify,0HlmdF0fnQDfB3rwvzhDnA
TRYFWGW128F930A22A,19th Nervous Breakdown,The Rolling Stones,,spotify,03T2cTnBjgp0AssEQaar4R
TRFNPIK128F9317759,Limelight,Rush,,spotify,0dnz7bSs3txd9nGY9e3Mlf
TRWPWPE128F92CB675,Friends Will Be Friends,Queen,,spotify,0nvIhBnscX9w7P2yrqxB6K
TRLTKBV12903CBD78D,Tales of Brave Ulysses,Cream,,spotify,0a5wz1j3rnDa6IawNoZp5C
TRCPXZJ128F932938C,I Heard It Through the Grapevine,Creedence Clearwater Revival,,spotify,0zWtqc7q1JrB1gKyI501ph
TRHFXSI128E07898CD,Gimme Three Steps,Lynyrd Skynyrd,,spotify,05JDbUa3kKV7sOwok4Xq4Z
TRCVFHQ128F145CAC0,Flash,Queen,,spotify,3kdoYsCha9XrEvwXoGoQaZ
TRVEXNN128F930D87A,What Do You Want From Me,Pink Floyd,,spotify,0m44L9w4l6ClNcU48IZBAZ
TRQNHTZ128F427F698,Ten Years Gone,Led Zeppelin,,spotify,1NV6sCADgcLSW7DG7zSWlq
TRGSROC128F425C599,Locomotive Breath,Jethro Tull,,spotify,0EExVRv7HhCb7wgdVpdzgl
TRCWVML128F427B10A,Into The Mystic,Van Morrison,,spotify,0WWkAxYEoHEP3ZwLFhxHFs
TRBTGES128F42871DB,Your Latest Trick,Dire Straits,,spotify,0HjfsNaP4WG52L8dj5K4fT
TRKLAWF128F930DC71,Long As I Can See the Light,Creedence Clearwater Revival,,spotify,09XVZdddXghW0qeRW11JWS
TRCALTL128F146FDBA,You Ain't Seen Nothing Yet,Bachman-Turner Overdrive,,spotify,00h3J3sQ4f9hQ7JW28svU0
TRIMZYM128F92C70A9,Tutti Frutti,Little Richard,,spotify,00Hcz68xdMmXCXvK3LfH1D
TRJBYTB128F42969D8,Whole Lotta Rosie,AC/DC,,spotify,0V6mxSZnwc59wL8KJ8x6PM
TRGUJDK128F149251E,Waiting for the Sun,The Doors,,spotify,3HWKixcnVKx3JN6rmGIEs6
TRLUGKR128F4267C58,Open Arms,Journey,,spotify,08Qs2TyVfHrbSQuCJEtxCz
TRXBVDK128E0793883,Since I Don't Have You,Guns N' Roses,,spotify,0cV4G1y8t605NjS8ZOenTq
TRQLGEW128F1463DEA,Nobody's Fault but Mine,Led Zeppelin,,spotify,2mYpbsbzCM3dqrM2XjgSjh
TRDJJBQ12903C9FFB1,Pink,Aerosmith,,spotify,3xv4uNBLBYPXopnBR91mok
TRLLYXI128F426FE6B,Rockaway Beach,Ramones,,spotify,08smdjCgJkrO5JZVJUI0cb
TRIRXAW128F92F09EE,Bike,Pink Floyd,,spotify,4AXnlX147O241EdBdAkulL
TRXUHXE128F9340C31,Spanish Caravan,The Doors,,spotify,0VmTwFFwHpyaaSmEIvGbpL
TREEYPA128F427C4EF,I Won't Back Down,Tom Petty,,spotify,02gLBMcVEj4Wjt18hyW2UN
TRVTJPI128F4287E01,Love of My Life,Queen,,spotify,07g3QpOdaG7kMQUqreh6vn
TRRIYLO128F92FC3C9,Black Night,Deep Purple,,spotify,06mRYYyrqHsVmGwLUbhb5f
TRXXYSU128F4247D6D,Let's Spend the Night Together,The Rolling Stones,,spotify,0gDz48UjL27r1svJvCLIG1
TRMOCLS128F4282B86,Separate Ways (Worlds Apart),Journey,,spotify,00iNSIXMwSF8RZfVZwMNEv
TRAKEHR128F93264EA,To Be With You,Mr. Big,,spotify,034w480D7mMLITItEGN6x6
TRXYUEY128F931CA3D,Set the Controls for the Heart of the Sun,Pink Floyd,,spotify,02lP5ANdHyw8MHF5SVqfA2
TRYTLPJ128E078F1DB,Rockin' in the Free World,Neil Young,,spotify,0Er0IlfynU6rqo13hxFEJO
TRXFLGK128F93293BA,Radar Love,Golden Earring,,spotify,0fUMiLwDvzqZEFu4qhI9S8
TROOSHO128F932BFD8,Louie Louie,The Kingsmen,,spotify,0GuSCxqGia0rBnLRC1mho9
TRFNMGG12903CDA55E,Have A Nice Day,Bon Jovi,,spotify,06CJObn8QpSHk99rjYIM0Y
TRLKRFU128F92D93D7,Badge,Cream,,spotify,05hauPT6APUR9OhFad6vna
TRAQPZF128F9345A8F,Come Sail Away,Styx,,spotify,07QySpkZbzQV2XnmBZryea
TRXCLLK128F930DC79,Hey Tonight,Creedence Clearwater Revival,,spotify,0Ip0RayiXID7BN4NYaURvM
TRDXDJV128F4289BA5,In the Evening,Led Zeppelin,,spotify,0itHcaLfQmyKLajbbugfa6
TRGBLCH128F92DBA09,I Can't Explain,The Who,,spotify,1MqinrBUHwegBh5AhOUcNZ
TRUZITH128F4289515,Rag Doll,Aerosmith,,spotify,0fzp2NFcfxnBevh0L4A9a1
TRVZBQO128F4295215,Coming Back to Life,Pink Floyd,,spotify,01at7a2Q4Eesz8HnK9ezIh
TRWUSIJ12903D110EF,Another Brick in the Wall (Part 2),Pink Floyd,,spotify,09BINxFxiDeywjfC39nRFi
TRRWBPL12903CC810C,Atlantic City,Bruce Springsteen,,spotify,08guAjjmtkbPPRA1b6Bz2U
TRRRXRX128F4249919,Embryonic Journey,Jefferson Airplane,,spotify,0em18R0T5Phr6yv3bBP7cD
TRLNMCN128F930A23E,Eight Miles High,The Byrds,,spotify,0b1S6dMysjvlj1MrtYr0Of
TRDKUTY128F933AD84,Ballad of a Thin Man,Bob Dylan,,spotify,05Kf0ZRtmKaQxAd1vUGcxa
TRAUTZT128F145BF38,See Emily Play,Pink Floyd,,spotify,0KCLSBps1xFMxIAqfYr2Wn
TREBATJ128F4259D4A,She Sells Sanctuary,The Cult,,spotify,05DOyU6iDBgnbtUqWA1jCX
TRKOKQS128F92F9E5B,Bookends,Simon & Garfunkel,,spotify,0QQQvE1riZDmjt4IC3MTZH
TRAJGRW12903CF3F03,Love Bites,Def Leppard,,spotify,11R0Wyq7eaxXsWbxfO4Ge7
TRMAAZC12903D03FBB,Lay Down Sally,Eric Clapton,,spotify,0aiPq4V36ZgnKhjg7hXkpD
TRILVPH128F935FD9C,"It's All Over Now, Baby Blue",Bob Dylan,,spotify,0CeKlNWYohn8c48gnkQ0R5
TRUTMYQ128F93265E7,The Devil Went Down to Georgia,Charlie Daniels Band,,spotify,05cF7fTSzabJg3UlMbb1y4
TRASNUX128F425EAF2,Burnin' for You,Blue Öyster Cult,,spotify,06MoYqgVJMCYUBBPCdu0GO
TRHSYTL128F93320CE,My Eyes Have Seen You,The Doors,,spotify,12QjLrorDvRUlLydL72cO8
TRFWSOB12903CB26A2,Custard Pie,Led Zeppelin,,spotify,0EZXIFZsUhhx59Wr0D4tqc
TRRHYMW128F421A99C,Squeeze Box,The Who,,spotify,0GxyQIW2k4HTgcTpPbQapj
TRFUQPA128F9310FEB,Get Off of My Cloud,The Rolling Stones,,spotify,0v2VpAnwmGKaxBPikx20UJ
TRYDUAU128F429825B,Headlong,Queen,,spotify,02khgOYtbShAi3q1epEK72
TRGQPHL128F148D179,Tequila Sunrise,Eagles,,spotify,1vlCuPLNi0I8Ih8d4sMvJK
TRMVZIF128F930B286,Southern Man,Neil Young,,spotify,23eyDHPHW41eCZYga2q499
TRGUIXO128F9318BEA,Queen Bitch,David Bowie,,spotify,0zHzqMGwkDCKMrKzjLpDZw
TROKJBG128F4256B4B,In My Time of Dying,Led Zeppelin,,spotify,092ztyofpThkR0vAOEJNtc
TRKFXIO128F424A4AB,Mr. Roboto,Styx,,spotify,018LrCmz0IMwnMU1wr4Mnj
TRVNSSN128F934C00F,Friend of the Devil,Grateful Dead,,spotify,0dBqYjpW2zuduO2EXB4FbQ
TRIMRGU12903CABB6D,Roundabout,Yes,,spotify,0csKYDULDHWhRTq4WLGK5V
TRCQOJL128F426551E,One of These Nights,Eagles,,spotify,0ABRLWPRdPDfRSPL4bDsgF
TRAOOGO128F92CC441,Mother's Little Helper,The Rolling Stones,,spotify,041gl8xVegwZhtrCWxnoK3
TRRGMDQ128F9312D19,Mississippi Queen,Mountain,,spotify,05NPw9nLbLBRHIX4FVQ3g9
TRFODGQ128F932B0D0,I'll Be There For You,Bon Jovi,,spotify,01MhjpwA8JD98VIqWhO6Z5
TRADDCI128F42B2621,Love Gun,Kiss,,spotify,04Yrx7XZtREzGhHvSiJqNd
TRAVLOL128F428206C,Play With Fire,The Rolling Stones,,spotify,2vZ9MSGgRlbbQaZEScckw9
TRPGXWQ128F930A27B,Lucifer Sam,Pink Floyd,,spotify,0lT4imdjSzpCtooUccYAKj
TRCYZHV128F427FFBF,Scarborough Fair/Canticle,Simon & Garfunkel,,spotify,0l9xHqRNuFvHtSQAQQK8wL
TROLNKV128F4251877,No Feelings,Sex Pistols,,spotify,0aH4btvzgof1RxDPJNi1Cj
TRBFDID128EF365C72,Commotion,Creedence Clearwater Revival,,spotify,08DfqK5yTxHx89JX7fscxg
TRQIBYS128F93155D8,Rocks Off,The Rolling Stones,,spotify,14ZZiJBYEVBD1OeTagiPks
TRRKXJH128F931A158,Cotton Fields,Creedence Clearwater Revival,,spotify,09Rbq82vFQnwgMm5n2IaGj
TRGBGVQ128F92CEAA2,Reelin' In The Years,Steely Dan,,spotify,043o47KcyZDBEcB2WrWShQ
TRGLXPT128F425A1C7,The Card Cheat,The Clash,,spotify,0dDMifFeXgVPUGEjNHriHE
TRTQZIK128E078B87E,The Crunge,Led Zeppelin,,spotify,3uRVxPHIsg3MJ1APCNr6jy
TRUFQVL128F9346DDD,Magic Bus,The Who,,spotify,07P7W9hEByqImbO5QIJM97
TRPMHFJ128F933F176,Bargain,The Who,,spotify,0eJy9SL6rXQYnVieuV7Pwn
TRROVUT12903CB25BA,Stranglehold,Ted Nugent,,spotify,0iXinvFqsRZHPff2nNF8ts
TRDAWGP128F930D9D2,Not Fade Away,The Rolling Stones,,spotify,0aiJ5F2bN8FG8FeSYAzxsb
TRUSOUG128F93249D7,You're Lost Little Girl,The Doors,,spotify,2TpWV4218ssg6J773MX3VE
TRGBHYH128F4243105,The Seeker,The Who,,spotify,4vAD6goBKmPPUKHZ8XfDtL
TRNQRCJ128F42A5D18,The Rover,Led Zeppelin,,spotify,17hrT8lVaPshC10wtTBXEB
TROLJLW12903CC229D,Ballroom Blitz,Sweet,,spotify,05QKsHZTrdr1hxUvXxxdlG
TRUZUGD128F42645EA,Tombstone Blues,Bob Dylan,,spotify,0BGHHiRpkcFhwJdBYwBvns
TRCESGY128E0780E09,Breakthru,Queen,,spotify,0PesritaDvkWORoHQJmP3z
TRLLDMZ128F428ADEF,Sweet Thing,Van Morrison,,spotify,4dBI72rgkmG0gTzswyBTzz
TRGJYZV128F930AE7B,Beginning To See The Light,The Velvet Underground,,spotify,0IwVSAn5swgAXW39FNF96g
TRLRVNZ128F934C57C,European Son,The Velvet Underground,,spotify,0959tCAsdMARv7rezm1fiC
TRACVAA128F14A50BB,Ohio,"Crosby, Stills, Nash & Young",,spotify,0ToHhkK4qtwEyKOxhQpMbJ
TRWKBUV128F92E88B4,Lover's Rock,The Clash,,spotify,07IFXT1tO4H5bie3Dl5Rqr
TRFRSWS12903D001E4,Since You Been Gone,Rainbow,,spotify,02biojHhEQEBSbQ80iuWIE
TRRKDOC128F4250D33,Rocky Mountain Way,Joe Walsh,,spotify,02aIlfoZV2UBVxoY6JEjMB
TRCQPQG12903CCF19E,Long Tall Sally,Little Richard,,spotify,00441wsiVRKTLwxqnhipcq
TRBXQEL12903CF160A,After Midnight,Eric Clapton,,spotify,0H3Ow0oClCrn3mczUckqbe
TRYYSRC128F92CC1EB,Why Can't This Be Love,Van Halen,,spotify,0atmTqU1i896OxutlurJHO
TRAOMHE12903CC7DC7,Beth,Kiss,,spotify,05lxXTWeG9ZZqEcHbJ0PW1
TRMGLIT12903CE8397,Fireball,Deep Purple,,spotify,0ilene4OGlAvoNQfhAQjwm
TRJEAYL128F427F1D6,Bullet the Blue Sky,U2,,spotify,12w7q5JN7tf22TzQtQiiBN
TRDDECM128F424A5F9,Talk Dirty to Me,Poison,,spotify,01R0Xdwje645C6xFCnMRvm
TRBDGKQ12903CCBAFF,Ventura Highway,America,,spotify,0AKA2EHdNdmcvWHqzg5Yq5
TRIRPZM128F424A61A,Every Rose Has Its Thorn,Poison,,spotify,0dmn193JnA2LGdGLZyqbKC
TRXBXKP128F9323B60,Get It On,T. Rex,,spotify,0cCBRud19HPNIwmAPUcSRj
TRFOJMB12903CB8A69,In-A-Gadda-Da-Vida,Iron Butterfly,,spotify,0gYXRDjEYbxJ0gS5wC2i87
TRZTIFP128E0791078,Straight to Hell,The Clash,,spotify,0ATZ96R9sM5c1wQY0dZ5eU
TRCNYPI12903CD65DB,Four Horsemen,The Clash,,spotify,00An7hrhiiKpXqkUcu3Zxa
TRAYBKR128F92EF2DC,Samba Pa Ti,Santana,,spotify,06lCoO7Go9b2ftrIwW2Xir
TRTYMOR128F425446E,Been Down So Long,The Doors,,spotify,02WWRcznbXMDcVUjbAkgOS
TRDWPZT128F4274A8D,Runnin' Down A Dream,Tom Petty,,spotify,07ebCodTOclkOAAgMcimoo
TRGMCOR128F4295F28,As Tears Go By,The Rolling Stones,,spotify,0G9OyBKMj067EAeWPaNfaL
TROPRVY128F9305C98,Whipping Post,The Allman Brothers Band,,spotify,047WuSeTuGLhMAFM34mQjB
TRIXLQX128F92EEC47,Interstellar Overdrive,Pink Floyd,,spotify,1Lp0MAVf9qfjUjSH7d8KrE
TRKDNLV128F4289BF8,Simple Twist of Fate,Bob Dylan,,spotify,0fDb1dxBV75eQN9XzILEzT
TRSXPUP128F4258EAF,Thank God It's Christmas,Queen,,spotify,0QtJZpyfZF67QF32p41NXa
TRFMXUA128F92FC940,Texas Flood,Stevie Ray Vaughan,,spotify,009KgxyZR1U0hWY1cCteao
TRLDHKN128F145F92F,You Can Leave Your Hat On,Joe Cocker,,spotify,08w73VfGwT7LtosvMzSBco
TROIOJG12903CAE85D,Jeepster,T. Rex,,spotify,0CVYsvz2vgy2wm9RpGSY6e
TRINGNA128F42599B7,Complete Control,The Clash,,spotify,00ymsQK7D5HXKCM8BTJoh6
TRRQJUZ12903C9C931,Susie Q,Creedence Clearwater Revival,,spotify,0FOs5oQEVz1FdFL3COlsKX
TRPOQYW128E0781F77,Sweet Virginia,The Rolling Stones,,spotify,1hJrWWK74fKL7eeV3CFOvF
TRGNWEE128F1457FAB,Too Much Love Will Kill You,Queen,,spotify,0DTvxGyF4PGYDQIxfJVRTx
TRUFTMN128F9338595,Positively 4th Street,Bob Dylan,,spotify,04xflH9CihhvxEbro6hlml
TRXIWCM128F92D2185,Can't Find My Way Home,Blind Faith,,spotify,0xc3GnmBLDgANPa5E82HqP
TRXDRJE128F4282215,Hard To Handle,The Black Crowes,,spotify,05NYcsjJwOYq4jIiKPVj9p
TROWBBZ128F4276E15,Some Kinda Love,The Velvet Underground,,spotify,0uZUjnBNfWKiEvAgJm5Ugm
TRXIFXF128F429B76E,Maggot Brain,Funkadelic,,spotify,05QJfteO9N77FykZtGPJMK
TRIZDVC12903CFF144,Take Me to the River,Talking Heads,,spotify,07kWLdRRMAzLjRjlczWIiW
TROMOPU128F42950E0,Time in a Bottle,Jim Croce,,spotify,06QdhkW7vLVFXVfOVvSmTM
TRZIQPH128F4246589,It Ain't Me Babe,Bob Dylan,,spotify,01KuyDS2ifEzWg8sO0x9DD
TRRGIFI128F149DB2F,Godzilla,Blue Öyster Cult,,spotify,00u7CDrx064Jzmct7WhnaL
TRAVGAF128F4271A55,Carrie,Europe,,spotify,00o4zNuqMzOZPKchQ7aLmz
TREGTLA128F1455584,Masters of War,Bob Dylan,,spotify,0RVQ8Vst7R80fOmSEDilAV
TRVJFCH128F92EEC51,Matilda Mother,Pink Floyd,,spotify,2sC86FQ8NpbcTvh88mBKbT
TRAGZXB128F4288D88,Volunteers,Jefferson Airplane,,spotify,0221qb1EIizZ1Zb9zhNcZ5
TRCWKNQ128F933D808,Badlands,Bruce Springsteen,,spotify,0alRYQWWaSzuxgMdsmuEBO
TRLORQE128F934BDA5,What It Takes,Aerosmith,,spotify,027cleSyI0aGKLxLHmNlhH
TRSZRZF128F426A839,Smokin',Boston,,spotify,0b4lexcQAKJqBCI1kUowzX
TRLTJXV128F427717E,Hot Blooded,Foreigner,,spotify,0eTYmeIlDlEcraTU3xp2H5
TRLLVLF128F4218B02,Children Of The Revolution,T. Rex,,spotify,0v4XqqHru1UpVImgq5Ir2h
TRAJHEN128F92CC43E,Let It Bleed,The Rolling Stones,,spotify,06FcMPcosZg13x2QODDDK6
TRUAKBS128F424357F,Closer to the Heart,Rush,,spotify,06l9H2SGHVs0RHYhhQQCzi
TRMJFDC128F9326B6B,Lick It Up,Kiss,,spotify,0EmWCK09ED4EZsLs9GW0io
TRAGGHG128F4232C46,If 6 Was 9,Jimi Hendrix,,spotify,0J3CHAStO3pNGTnYnxKZod
TRAIFLV12903CCFECD,Peggy Sue,Buddy Holly,,spotify,002pYgSeKP3XT6T2SFikgt
TRMAPMM128F1451DA7,Rip This Joint,The Rolling Stones,,spotify,0SojSZcka4j8l8Sl0W9jUZ
TRKGCIA128F92C315D,Joe's Head,Kings of Leon,,spotify,0A2BgEzGWU9HB6XMYE7V3t
TRZKEID12903CCE257,Down by the Seaside,Led Zeppelin,,spotify,0AOnpRWH1YSIjOP8g5fFLw
TRUZUJN12903CC4411,Hurdy Gurdy Man,Donovan,,spotify,0O9mnR8Hb9dXHjTvfEMaU8
TRDASHB128E0792472,Used To Love Her,Guns N' Roses,,spotify,0gknIb1mtMuoQdjSlplMbs
TRYZYOZ128F426ADA5,April Come She Will,Simon & Garfunkel,,spotify,09eAg7L367l1kRkNrWMWDs
TROTJXP128F425FAFC,Arnold Layne,Pink Floyd,,spotify,2Dsy7Ls7OuvG1fpjrKI5AE
TRIOPBB128F9308FBA,Albatross,Fleetwood Mac,,spotify,0aO9Os315CBE5Z6F2VC95q
TRMUCTI128E0793566,Andy's Chest,Lou Reed,,spotify,06eyew7dzPC6ReApK1zOue
TRHJJEE128F9360CE0,Cretin Hop,Ramones,,spotify,0xtXNacuRqDmLoVVthaBC2
TRXDXRG128F14566DC,Sister Christian,Night Ranger,,spotify,009S0zMWZDxxaBuwrcN7rT
TRRFPMQ128F935239B,If Not for You,Bob Dylan,,spotify,04hog22rr5ooomDHLpyI04
TRCUIMB128F146BA61,White Light/White Heat,The Velvet Underground,,spotify,00JDdZ6DGycb5hgrZ97txp
TRSHXKQ128F92FD48F,She Belongs to Me,Bob Dylan,,spotify,04ash9GOu0fY2UMw7jaeFM
TRUSQRU12903CDFF0C,American Woman,The Guess Who,,spotify,00Fa9IfXatltST3xdHfovb
TRBQCHG128F92EEC59,Flaming,Pink Floyd,,spotify,4r74qNo5usVTNhBZwo1Hg6
TROJKDM128E078A59E,Take The Money And Run,Steve Miller Band,,spotify,0s5U7jfzLLjm4Pzl4MRvWX
TRTAVIM128F42B6803,Now I Wanna Sniff Some Glue,Ramones,,spotify,1ENHD3bFXmBBC3HvR4uIeN
TRVCDMB128F42639F1,Circle of Life,Elton John,,spotify,0LCNGV9bigR3EAM9SV5agX
TRAFNJG128F425A375,Dance the Night Away,Van Halen,,spotify,0Gql9hTkMSka2wbWxworri
TROTXGT128F424E90B,Blue Sunday,The Doors,,spotify,2g3JAKjKruTL40VffoGLmg
TRAEVHJ128F42599B8,London's Burning,The Clash,,spotify,0ENzoOhOqzo6GssgcdXP1S
TRZRHXH128F42709BC,China Grove,The Doobie Brothers,,spotify,0feI8JqnTRtSazTpLnbQzC
TRACAOS128F429063A,Thirteen,Big Star,,spotify,14bdkfiD8UAYJalXKFwcwb
TRUUJBT128F92E51EB,Eminence Front,The Who,,spotify,0LN5gIsS5tQSmRzQrHSaTR
TREIJMC12903CDF5A7,All Because of You,U2,,spotify,0AouBAXww8kssUEuxdXSVI
TRINKME128F92CA359,Urgent,Foreigner,,spotify,01dBSlrXT4QBdnGqjgeLix
TRIOYCY128F145F205,The Fly,U2,,spotify,2EtPb0zzvhRj3Mq1qicOpo
TRCTMYS128F92F2618,The Partisan,Leonard Cohen,,spotify,0fWNV6AyPKO8pW5hjSujwX
TRIOXQC128F9311A0D,Evil Ways,Santana,,spotify,05Z9f1GOT1udlgodnngMuH
TRBRBFR12903CF8A31,Lonesome Town,Ricky Nelson,,spotify,05NegNCNCb2vfdl745QsRy
TRELPGE128F9338B1D,Queen Jane Approximately,Bob Dylan,,spotify,0c2DAekH6ZEnHhf8dM1leK
TRBLAYP128F425BF2A,Working Man,Rush,,spotify,00iyVFYsCwP1LQoqk35fqs
TRDMETU128F9302AE1,Bus Stop,The Hollies,,spotify,03MIDsIpVthSvJrDF0Ayw1
TRZIFCG128F935C9C2,Merry Xmas Everybody,Slade,,spotify,03hBmBcUtYMFLVcK91kNEe
TRJHOOW128F4259EDE,Rocks,Primal Scream,,spotify,01Bficai0NXOGUZjL2de19
TRDGIKI128F933D54D,Surfin' Bird,The Trashmen,,spotify,08sGguJmfqjCe4CAIBQYMV
TRSPLQS128F930D4B4,Blue Jean,David Bowie,,spotify,2Q0bbtlsHknlGyRvbHp9wE
TRGMIAU128F92E2241,Lost for Words,Pink Floyd,,spotify,3FWznOl6ZXiIOnyQg4YBpH
TRBZNMB128F9307828,I Got You Babe,Sonny & Cher,,spotify,00mOqaNKlpc6g17jN87qkN
TRXSPLM128F42999FC,It's Not Unusual,Tom Jones,,spotify,0gE3ctfU9bxgxeyjI4POsz
TRPSSGT12903CC23BD,Take It to the Limit,Eagles,,spotify,0JLQwnFGBbM69Hn9LlkoAu
TRLJYNC128F14A2DEE,La Bamba,Ritchie Valens,,spotify,00os2BP6s0zftuHhv5fhdB
TRLUERG128F92F3044,"Monday, Monday",The Mamas & the Papas,,spotify,052XoXHAbqYX4rRWPgpEGP
TRJPXXL128F14AAF76,Just Like Tom Thumb's Blues,Bob Dylan,,spotify,0lQkE9dfvkNOHHNwWUMuow
TRUIYIH128F932CA6C,That'll Be the Day,Buddy Holly,,spotify,0050i8yBoAj2Sd5ODDeuVP
TRLWWXL128F933D0C1,Walking In Memphis,Marc Cohn,,spotify,0HOaK6s5LfadFsYKRi5whH
TRILKHX12903C99B0E,Return to Sender,Elvis Presley,,spotify,03ZqXPuqj8RcqLLSI09EXf
TRFQBYR128F427A354,All I've Got to Do,The Beatles,,spotify,1tUIGYNrxszpYcE5pFy9dc
TRDOVIG128F930BF43,Shot Down in Flames,AC/DC,,spotify,55kpYgLIlbx2CKQfU68m2X
TRSKATR128F4252499,My Father's Eyes,Eric Clapton,,spotify,08x6zX8yLpIwoX1sc43IW1
TROAMVV128F14917EE,Red Barchetta,Rush,,spotify,19nyDjUptcm5NYDLHutZL2
TRZUYII12903CD4888,Invisible Sun,The Police,,spotify,0dOK1b1RzpIg0MWrkIiG6u
TROIDQT12903CDFA28,Crossroads,Cream,,spotify,1sxtxIKhRiQwuGpUwHoEHq
TRONHZY128F427C2C8,Sweet Talkin' Woman,Electric Light Orchestra,,spotify,00EXMVG1q3vksxpGRcOsZp
TRGMFYB128F429823D,Tie Your Mother Down,Queen,,spotify,0YnA9mbE5tDkbXBOUryz45
TRSJEWT128F933A252,Not to Touch the Earth,The Doors,,spotify,19tC4C8OuwmbrUDkxRoGE6
TRLWVXZ128F146846F,There's a Place,The Beatles,,spotify,0HxU65aeohxAGqOmzxu7iB
TRXDRMA128F9302F53,The Night They Drove Old Dixie Down,The Band,,spotify,0JSb90A5Vbkm4lFJZIa8eS
TRVRCBA128F9305F87,Miracle Drug,U2,,spotify,0Fy4VZ8fTD5pGe4uqpmkpU
TRPQNIU128F429DA6D,In God's Country,U2,,spotify,1a5GCtqWLseerHmpbIBMA2
TRPGPEJ128F92F9624,She's A Lady,Tom Jones,,spotify,02snkSCMlBA5qXctaPhZRl
TRXGWMG128E0792991,14 Years,Guns N' Roses,,spotify,3E5yOnpyHFerNmTVGn8ZXd
TRCPLBX128F42950E2,Knockin' On Heaven's Door,Eric Clapton,,spotify,0jLdl5Du8DgjeBGD6mjBVT
TRRIUON128F92F133B,"Fun, Fun, Fun",The Beach Boys,,spotify,00mZZjdgFvsWVcca64tiTe
TRITUBI12903CD6F69,Here She Comes Now,The Velvet Underground,,spotify,05zxXO7FDkFLKqmeAIcN8K
TRIMEFX12903CCE6D0,Always On My Mind,Elvis Presley,,spotify,01XT9gIiIW589DEJ9ev0Yy
TRLWUTY128F93079EF,Whole Lotta Shakin' Goin' On,Jerry Lee Lewis,,spotify,00a1gS6VvZPhXscYe35V0W
TRLJOXT128E078FB15,We're Going Wrong,Cream,,spotify,0545fGn2Nb6LbUKVOQC6F3
TRFPCZO128F148B08D,Deuce,Kiss,,spotify,01YsSDPoUdCQZ1EiGGglwN
TRFZNJO128F42759D9,Soldier Of Fortune,Deep Purple,,spotify,3qdPCnfmhyMIUxZituFgiy
TRYYKQT128EF343959,It's All Over Now,The Rolling Stones,,spotify,0PtCjZUUCmVMdO1gnOUOnF
TRCZOCY128F422DEE3,Love in Vain,The Rolling Stones,,spotify,26gqa97fsjoACFzAgRq90g
TRZYBJI128F4274B84,Meet Me in the Morning,Bob Dylan,,spotify,0i3iHOAuzvKere4xpGUbXP
TRACKLF128EF3515B7,Everybody's Talkin',Harry Nilsson,,spotify,01FHTOibJpv9jvf0iQ9I8Z
TRDEQEE128F92C7950,The Gnome,Pink Floyd,,spotify,1GqRmuG89ILDLcuAdcli6r
TRYAPCY128F4248286,Victoria,The Kinks,,spotify,00oQSRxY20uctnAZteiZrc
TROHXIP128F4269AFB,My Hometown,Bruce Springsteen,,spotify,0j5yLt1wTlRdgA6QRQYl9s
TRDYMVK12903CED085,Midnight Rambler,The Rolling Stones,,spotify,01w0rmA4z1Ag4wNvSIH3EA
TRDUEQS128F931BEEC,Doctor My Eyes,Jackson Browne,,spotify,0q71T87J2Zy80xhf2e5C7e
TREQWCJ128F4290374,Crosseyed and Painless,Talking Heads,,spotify,0Qmu2DYKupUetYUbxqvtw2
TRSMFMU128F42AA604,Someday Never Comes,Creedence Clearwater Revival,,spotify,00tna9L3VCYQS47UtnTyDr
TRQDIKL128F42AAD7C,This Time Tomorrow,The Kinks,,spotify,28qPqYMeyFB7ROw0mJhpnm
TRAPBTM12903CF5E25,That's Entertainment,The Jam,,spotify,02L1ieepQ4QAzZATM9Ui3i
TRKDQZA12903CB756D,25 Or 6 To 4,Chicago,,spotify,07NVlELjnvDuh5Eopi0NEz
TRFMXGI128F9321060,Shout It Out Loud,Kiss,,spotify,05WSswzK0FRK67BFX02PZS
TRUDQZP128F42967BD,All My Loving,Jim Sturgess,,spotify,4odriYMkc3LoOQwluwek07
TRUDWZM128F424E90D,Ooh La La,Faces,,spotify,1xbcgPty21PD53dkRujRXU
TRCTAES128F4266F8B,New York State Of Mind,Billy Joel,,spotify,0BQgvaGYvOcdzxrbInlQEL
TRYUMZI12903D01C20,Casey Jones,Grateful Dead,,spotify,0XCYpvC5V22ewQqINFM3RG
TRRYJUR128F932DFFB,Cat's in the Cradle,Harry Chapin,,spotify,0nljeywkfajwbgoWNkijPX
TRVBTTF12903CD72E4,Lyin' Eyes,Eagles,,spotify,0i74VE2iKY9ynQaBPzkzAm
TRMPFGP128F146A63C,Dance Tonight,Paul McCartney,,spotify,0TxHeB0SfpKF3moW9b2hLi
TRZEXIR128F92F2783,Vincent,Don McLean,,spotify,0dPt0T6Btc3pCOVrXjj6cR
TRHYRZD128F424657C,"If You See Her, Say Hello",Bob Dylan,,spotify,06E4SoXrgC8IUDq1zctGWx
TRFQRJK128F92E40C8,Pinhead,Ramones,,spotify,01z5YdSp8Drw7D1LquPROd
TRFFXAW128F932B89E,Summer Breeze,Seals & Crofts,,spotify,00p0ov6ETpLFk9PWHuBCyY
TRCQOTV12903CD380C,Night Flight,Led Zeppelin,,spotify,0lrTkq310F22Eyv7yolL87
TRFWDUR128E078F1E0,I Don't Like Mondays,The Boomtown Rats,,spotify,031VNkJHR4G6L8eJpxGSt6
TRVEEXU128F4284AC9,Baby Driver,Simon & Garfunkel,,spotify,0fT0y57HP83G76EjX0PH18
TRUSYBR12903CDE0DC,Shake Your Hips,The Rolling Stones,,spotify,38jmI8GCXdgg1W8bPGodQZ
TROLZWG128F9306568,Happy Xmas (War Is Over),John Lennon,,spotify,0pTu93zKWxYUlExpH2B0pB
TRXFGJX128F426345F,Can't You See,The Marshall Tucker Band,,spotify,026FigeJbbD7sgoRTdty6Q
TRDHBKP128F4271DB7,Walk All Over You,AC/DC,,spotify,4QzPKt8FK4agRp24NpbirY
TRJMLIN128F934A19B,Big Love,Fleetwood Mac,,spotify,1cWilR7SC3qyfl6emCvYf0
TRNQFVE128F934C056,Runnin' Down a Dream,Tom Petty and The Heartbreakers,,spotify,6bxqVA0hflgfiVxdBcs7KY
TRXEOBP12903CB2B3A,Easy Livin',Uriah Heep,,spotify,00B9Jr1FhsD7lcirtroyP5
TRDJWBD12903CBB553,Pledging My Time,Bob Dylan,,spotify,1kuQ6ymAloeKt4lIfgRub2
TRFMBKI128F9335C76,Leopard-Skin Pill-Box Hat,Bob Dylan,,spotify,0aHRB8ErdjUX1SNVnHLwBp
TRFNAKJ128F92DF146,Sweet Baby James,James Taylor,,spotify,1lZJzhTAzXWgEY3RSw9cvx
TRIEQBP12903CB2363,Big Gun,AC/DC,,spotify,18mZ15DQpUi8fU5qqjXsgg
TRMIBMN128F425F6CA,Ship of Fools,The Doors,,spotify,0s0KgQFNSQ9w8grjy39OuK
TRDIHKK128F9311474,Sweet Hitch-Hiker,Creedence Clearwater Revival,,spotify,0P5wNVVRY844luU49Eqyrl
TRRBGPO128F93325CF,Sick Again,Led Zeppelin,,spotify,0GBXsENmBsOCcsEt2KbZda
TRDIFSD128F934265D,Elenore,The Turtles,,spotify,1FCd4WKvN8KNbage6dc71b
TRFNCQR128F93426BC,Crawling King Snake,The Doors,,spotify,14qbY7LbhcXwECCGqH2z7U
TRDJLXD128F93518E6,Problem Child,AC/DC,,spotify,0gyGB58aq4aeZRUjHwWskI
TRMPPDC128F934DF81,Summer's Almost Gone,The Doors,,spotify,0P0BFA4NA56nwEqyPFD7l0
TROIGNO12903CEDFDC,You're Gonna Miss Me,13th Floor Elevators,,spotify,0mqUvfs0G5vfwnblpLtXr9
TRHCRHS128F423D2EA,Wild Is the Wind,David Bowie,,spotify,1bkYbnum2TFiXi3vR1TXSl
TRNBZMV128F42B261C,Calling Dr. Love,Kiss,,spotify,00m9mrJwPaeYhS0CKNIOGV
TREAZLV128F42A9D66,A Little Less Conversation,Elvis Presley,,spotify,0150zV4Fc24mhWJISB5eaA
TRWQJPM128F934B7F1,Surfin' Safari,The Beach Boys,,spotify,008yshs7EQgboJQiGVK61x
TRDASFP12903CB315F,One Tree Hill,U2,,spotify,3hhvJsaNQLfLGY6buy9nyo
TRGALUT128F932B1F5,The Spy,The Doors,,spotify,0RmhtTuScuT0vn9VUscEFo
TRCRVML128F92E21AF,With a Girl Like You,The Troggs,,spotify,06iUjO9hepGxGjdjMlh9xf
TROYFBD128F933835B,That Smell,Lynyrd Skynyrd,,spotify,0Lxr0o4skLKUHLIDmwC5Cr
TRWEFJB128F423362A,Only the Lonely,Roy Orbison,,spotify,00mQaOwzMbMKdZX38y9lU0
TRXWCCP128F92F10DC,Comin' Back to Me,Jefferson Airplane,,spotify,07sTC43vl5wFu5go53GVoq
TRZBTZK12903CC1858,Highway Chile,Jimi Hendrix,,spotify,07AQM5DIuRAlQCM0rUPvs8
TRXCTFW12903CE6CD5,Jesus,The Velvet Underground,,spotify,0rMkPT63gvi3WufSfahOLC
TRMXSYP128F934037A,Night Moves,Bob Seger,,spotify,5zDj1nrwoepjFZ73yQKPky
TRJABGF128F429C0E2,Rock & Roll,The Velvet Underground,,spotify,08og23Wn2zkQo28eUi9lnJ
TRIPSXI128F92FD8B2,Almost Cut My Hair,"Crosby, Stills, Nash & Young",,spotify,0gCJkpD0RhF2rjiALLHBQL
TRDBFSU128F42B0BB3,Bankrobber,The Clash,,spotify,0dLZTdtcwoqzH1PNhALAb6
TRJQETP128F421FFE9,Woodstock,"Crosby, Stills, Nash & Young",,spotify,1cuMP9Ol4RyMcDTcgvUWjR
TRCVPGU12903CAE6A3,Hair of the Dog,Nazareth,,spotify,00ng12lvd1wBypcwARWVAA
TRJHMHE128F1494352,My Best Friend's Girl,The Cars,,spotify,0es5M63JH5NIw4EJEF3vYJ
TRYJMKE128F4268B8B,You've Lost That Lovin' Feelin',The Righteous Brothers,,spotify,07pWWsRyOtcdMofRja3fTb
TRXLLRE12903CE7388,A Saucerful of Secrets,Pink Floyd,,spotify,0OtkNB4TnTzrlid4zipYDV
TRUHJZI128E07912A4,Bloody Well Right,Supertramp,,spotify,00EuslD6TIM060H7Me1coK
TRXURSQ12903CC4144,You Don't Fool Me,Queen,,spotify,17OcWQo9RtvEa6oC8o6Hfl
TRRHMGN128F92FBB35,What It Is,Mark Knopfler,,spotify,070YpjOSUJUcbYFq7jtRzB
TRILFWC128E0790EA9,That's All Right,Elvis Presley,,spotify,00d8M3nikNfPje79i63GFh
TRABKSG128F9339104,Melissa,The Allman Brothers Band,,spotify,0izW6o6XU4FtRKYINxEmNZ
TRVYUKA12903CEA428,Wagon Wheel,Lou Reed,,spotify,0wzt5Ql7PDySTQviZdLvZ4
TRDWEHG128F930DEB2,Cosmic Dancer,T. Rex,,spotify,00hIFlpXvOuVMD83AZowFG
TROLQKJ128F9338FDF,Have Love Will Travel,The Sonics,,spotify,0K7gixSXO9Es2ulNdyvMtH
TRXNGWN128F425CEF9,Same Old Song and Dance,Aerosmith,,spotify,096B5HNZDUCXqYKXgx9evq
TRLKRTG128F4285C23,The Pusher,Steppenwolf,,spotify,08vTnKt0YlgyR5PzdYIbFD
TRJSUQL128F9322FDE,Up On Cripple Creek,The Band,,spotify,1RBXnRMFIZRWeq4FjAQqLE
TRMKRSU128F930D7E8,New York Telephone Conversation,Lou Reed,,spotify,07kgKnZT1PAOnt4fW8IIXK
TRRSWWR128F4255C69,I've Been Everywhere,Johnny Cash,,spotify,0aqtbH8kBns8WVfhkvmYWU
TRCBZEO128F427E24F,Who's Gonna Ride Your Wild Horses,U2,,spotify,0JMrNW4xBb47f7AxBetgOf
TRFNYJS128F14A4FEB,Indian Summer,The Doors,,spotify,2hdeaGl9nT3UoQIgSqctHj
TRCRDKB128F935FB0E,Loving Cup,The Rolling Stones,,spotify,05BcisbhFsmVpTZ0kGD7gK
TRBBEEZ128E078574C,May This Be Love,Jimi Hendrix,,spotify,0WcjAFXpGWwFK0VCN84xq6
TRDFLZI128F92D158C,Woman From Tokyo,Deep Purple,,spotify,0OnRA1yF0Orw7VoSTaBfYl
TRDLRWA128F145A964,Heaven's On Fire,Kiss,,spotify,01fv3ehMBP3wZoWcjOCHWh
TRJCDWH128F148C4C3,Personality Crisis,New York Dolls,,spotify,07IQQkssGMVtIAcdHu2bwe
TRXLELS128F42A9915,Saturday Night Special,Lynyrd Skynyrd,,spotify,0DC5wcWwsGTGlBkVsb6PVe
TRZVJCK128F425E21A,Radio Nowhere,Bruce Springsteen,,spotify,0nVW7L8830OeBOkj2W2u0J
TRFLJDW128F428B0B9,I've Just Seen A Face,Jim Sturgess,,spotify,3OjyQ7YrtLAGQVzp12JuHn
TRUJIJZ128F1464C1D,Bye Bye Love,The Everly Brothers,,spotify,01YuH8nOCFpBgbcDJwukIJ
TRLLPHZ128F93390AE,Be-Bop-a-Lula,Gene Vincent,,spotify,005mz1V5KgsWgq1nrq0s2t
TRFLFIG128F92EEC66,Chapter 24,Pink Floyd,,spotify,0j9iv7tRpEpTGSGpkCMJve
TRWXJYH12903CA885C,Who's Crying Now,Journey,,spotify,09eVLKH1hoiAoEYQ8XRXN1
TRLKSVN12903CA44AB,One Way Out,The Allman Brothers Band,,spotify,02kxH7tt09xfBOCx5xolwe
TRABEIU128F4266CC2,I Can't Tell You Why,Eagles,,spotify,02BsTeJE4q5gWOTt58ur5U
TRHZYKR128F9352360,You're a Big Girl Now,Bob Dylan,,spotify,04tYN12U7z1GBq0puWQHdW
TRJCMJH128E0790A95,No Milk Today,Herman's Hermits,,spotify,0a7jzJkjyY0b3G1Hy3P9VQ
TRAVPQD128EF34300D,Fool To Cry,The Rolling Stones,,spotify,0IaEwk9QjON5875IFotMJF
TRWYQPO128F92F0496,Idiot Wind,Bob Dylan,,spotify,0An65VIrlkChWbKIjP5twQ
TRFNIJE128F934839D,Kyrie,Mr. Mister,,spotify,04qSKad6IcNsaanQDjy7yz
TRPCDXS128E0798A70,Kooks,David Bowie,,spotify,3FLpD2ALz3ZdEP1ZjujSfT
TRKKBLF128F429E941,I'm Set Free,The Velvet Underground,,spotify,03UfAnBYATRvDGdmLDNFc1
TRCWSIH128F426A4FD,I Shall Be Released,Bob Dylan,,spotify,0BbmTYj3Crdlfzn1Aat3dG
TRRVOCU128F92E5533,Gypsy Eyes,Jimi Hendrix,,spotify,1DfWmv1eJU1a9tuGpqKGFP
TRRXSDZ128F422D9A0,The Real Me,The Who,,spotify,09JIQfEOrkWRmpTqT8fdqf
TRALHRK128F92CE7BA,Born Under A Bad Sign,Cream,,spotify,02IZAzAb6c9R62hQHwQws0
TRHLALT12903CC158A,Night Bird Flying,Jimi Hendrix,,spotify,06zKQ4L4yVWntj5gazgNnx
TRJHFWJ128F4284F40,Burning Heart,Survivor,,spotify,0dfIwGVDbThfcfMWCRmtMa
TRUFHXD128F423805C,Bleeding Heart,Jimi Hendrix,,spotify,06hjI2SugXIZQvR7ViysGn
TRXBZXO128F92D0C0C,So Fine,Guns N' Roses,,spotify,1opsSy4JiNUczCyj5aZn11
TRLKTBI12903CD327B,New Moon Rising,Wolfmother,,spotify,08xXTBfPHvWiodEtnNTn0r
TRHFVSD12903CED929,Fat Old Sun,Pink Floyd,,spotify,5qlckstqDQ2RskL0SJsDYx
TROLWDO128F421B15C,Gotta Serve Somebody,Bob Dylan,,spotify,07ASAO2E9i2ay3gx0oyY3P
TRXNYBL12903CF2742,Here Today,The Beach Boys,,spotify,0yUxLvJIcRPjrHgNfa09sp
TRRLWHN128F932C639,Dusty,Kings of Leon,,spotify,0faNfuRILWBI1LOEF2Vbkg
TRPFDFM128F426ADA8,The Dangling Conversation,Simon & Garfunkel,,spotify,0p4GkfW24w2tbJl3XTH0o9
TRBXHNM128F42598CE,Submission,Sex Pistols,,spotify,00yWjvesZZeFFsvaSdXGNR
TROIUUT128F424E745,Let It Rain,Eric Clapton,,spotify,06tLXgJs11ZoTLYSUSW5E2
TRICPNJ128F9308952,You Might Think,The Cars,,spotify,09eL3rPxME4EVtuvqpiCdJ
TRTGKFA128F423249B,Stuck on You,Elvis Presley,,spotify,00VUGYTzDgfqiXoXZ5WmUs
TRKAAKM128F92DCDA3,Mellow Yellow,Donovan,,spotify,000mFaHFqvtU9bYShUFMlk
TRERGNZ12903CB9B09,The Man In Me,Bob Dylan,,spotify,0v8GkAjPsYLGEr8ddtEpqR
TRYNKHB128E078F098,You Better You Bet,The Who,,spotify,0bThmLaDNihjXv15dtSAA3
TRHVPLG128F92CC576,Meat Is Murder,The Smiths,,spotify,2aQ6dCQHeyHTFMnMsJ1l4V
TRKBQYE128F147B08C,(Just Like) Starting Over,John Lennon,,spotify,261hBfitUyQhvQayvR1GKW
TROWVQD12903CC17DE,Dolly Dagger,Jimi Hendrix,,spotify,1X0o0kVNER4NoiZhxzo1DG
TRAGMBZ128F42772FA,Alabama,Neil Young,,spotify,48P9995L8PsJ7BHzxJjUuT
TRVILAN128F42B635B,Fooled Around And Fell In Love,Elvin Bishop,,spotify,01ZMLverX45yCmJ1iR3rMa
TRAQXMW12903CD404A,Casino Boogie,The Rolling Stones,,spotify,05dG6m4jiK3umxfUUPdu5K
TRAOAXM128F92D3119,I'll Be Your Baby Tonight,Bob Dylan,,spotify,032kwZ9kg4yIaIPBOOIwlm
TRDBTED128F42131CE,Call Me The Breeze,Lynyrd Skynyrd,,spotify,03cPR5y8yPLTDpnKhA8o7U
TRMFNEH128F426DD1B,Ripple,Grateful Dead,,spotify,00quZampBcR0E2Mp3YClmV
TRLRVJP128F42525FD,No Expectations,The Rolling Stones,,spotify,06YJrtZ2faMqXWFa17oXpX
TRPBBKP128F42A03E2,Human Touch,Bruce Springsteen,,spotify,0byNlqYNXbwnYie5QH7Vtx
TRXDVHJ128F932654E,No Fun,The Stooges,,spotify,0paSX7dIGr6YMEz2KVBGwt
TRACWVA128F92E7B62,Police & Thieves,The Clash,,spotify,0i6An2dGvPLD1bd6Qzi3eo
TRDPAME128F42791AA,The Stranger Song,Leonard Cohen,,spotify,0KJu4FS8iscxg25eA6kpWj
TRFVKEW128F4255357,Brilliant Disguise,Bruce Springsteen,,spotify,0mclma7ytWRxThexb62uE2
TRNHPPJ128F932F72B,Spanish Castle Magic,Jimi Hendrix,,spotify,09vJOhRFRCPnWuJ7cD9Q1q
TRCYOJO128F92E219C,Cat Scratch Fever,Ted Nugent,,spotify,0GXh4Bvlx7VtxIO6g8aKa6
TRBWTPJ128F145FB00,Freewill,Rush,,spotify,0eqepQW9CGLJX7TgoPlZRq
TRMPIOZ128F931D519,Synchronicity II,The Police,,spotify,3bvrmjrL1Ohm44lY8UhuDS
TRISTDI128F9336589,Sweet Black Angel,The Rolling Stones,,spotify,0xlEn8roMXpoHr8YdcYAWP
TRTALMQ128F42AD439,You're the Voice,John Farnham,,spotify,04kamnLNLm2mMk8fj7V2gn
TRJLLVG128F424793E,Over My Shoulder,Mike & The Mechanics,,spotify,1bNdVhAlFAfdGZ33dd0Yos
TRFYWUU128F424E71C,Secret Garden,Bruce Springsteen,,spotify,02pbsQX3y6LPHqubfssNoP
TRCRAEJ128F428A0C3,The Kids Are Alright,The Who,,spotify,2dimx9savg6C6Y1GqsLy2a
TRLKYVP128F933A2F0,The Garden,Guns N' Roses,,spotify,22Dfr92ps4E5zNUVzaEgiC
TRVTQNN12903CF292E,It Don't Come Easy,Ringo Starr,,spotify,0szKeS5WTmnMzFIgJCQllo
TRYRVJW128F92CB614,Heatseeker,AC/DC,,spotify,0h3A3hdDq762DzIOKUoF21
TRFSQOA128F424ED9E,Legs,ZZ Top,,spotify,0Iqp7HAUktSHpakPA4DrmG
TREWIXS128E0792980,Right Next Door to Hell,Guns N' Roses,,spotify,1416zt0Z35YVGt97dXMbxu
TRASZQB12903CAAE1B,Rock the Night,Europe,,spotify,0PUa24Pxvvxa3ys7reyGSx
TRTTWHT128F93318A5,Eat the Rich,Aerosmith,,spotify,0CFtlafteObzOEuJdESQkb
TRGXONX128F92CB714,Easy Lover,Phil Collins,,spotify,2h6uDqSJMs9G3AZr8fBHjt
TRORLSF128F9305495,Sweet Little Sixteen,Chuck Berry,,spotify,00FNA8rruoyN08oPYg3JKl
TRXZQHU128F14595A6,Jet Airliner,Steve Miller Band,,spotify,0axurGwoFqrY6MrR2SAPDW
TRCRWLY128F425739F,Land Ho!,The Doors,,spotify,0x8FnLcKUX5XmNBQU2jRT1
TRFYLRG128F92C92AF,Mandy,Barry Manilow,,spotify,03OpAE2WOFygTzLWDwBT1i
TRAETNG128F92EDA17,Give Peace a Chance,John Lennon,,spotify,1UmdFhCGWrNY0NeJaLuptV
TRPUGLX128F145C03B,Hip to Be Square,Huey Lewis & The News,,spotify,3cxjR3Jf6QdjLQSBhSnrhW
TRDUAAM128F92F9661,I'll Go Crazy If I Don't Go Crazy Tonight,U2,,spotify,1l8qpATmtRyezh2Vikn7lD
TRAHKEU12903CDA469,Kite,U2,,spotify,1jPLK82k5pTRVRtSxhyQT7
TRXNVNT128F426AC41,Absolutely Sweet Marie,Bob Dylan,,spotify,05bvQtDybecuGhoMOn1VMP
TRULPRC128F42A9D20,Good Golly Miss Molly,Little Richard,,spotify,00nVbEcAXwvMT6PWUdl51z
TRNXKFF128F931E492,Wintertime Love,The Doors,,spotify,1F6heKAbtUZmqONepCtiAm
TRUFPUH128F92FA4B3,Old Love,Eric Clapton,,spotify,0KaAAVQxLIjB7HtjwlCZ5p
TRFYYLA128F931269A,Let It Grow,Eric Clapton,,spotify,0DuIKBP8h9X06IJKdz5BWo
TRCOTBV12903CFB7A2,Band on the Run,Paul McCartney,,spotify,08yZd1Yv4wiq8K7fGbdeVC
TRKAPSC128F14580A4,Living On My Own,Freddie Mercury,,spotify,1CMgO5ySakcUmuJb3A5EVR
TRCQHXR128F92E722F,Little Deuce Coupe,The Beach Boys,,spotify,00fPCBNv0QzaPRWrCjgCcM
TROTQMA128F42389EC,I Wish It Would Rain Down,Phil Collins,,spotify,0KdDRJfInXu99ZPCUwg4L1
TRGUFBU12903CC9566,Let It Loose,The Rolling Stones,,spotify,0ObAD6LBwGEhQHucAVnCeh
TRANLMB12903CA8250,Hold on Tight,Electric Light Orchestra,,spotify,096SuJvGndZqlhgUgHNhqy
TRIQJWF128F93398EF,Can't Stop Lovin' You,Van Halen,,spotify,4L0VER343JbWVhgTyb62uY
TRUFBQY128F9323124,Tequila,The Champs,,spotify,030lRFiZ3Con2ZDtXQ1fwU
TROULOF128F1477072,Bell Bottom Blues,Derek and the Dominos,,spotify,0kzuHiTkK8HLpg4sG8Uzky
TRKFXZZ128F423789B,Gimme Gimme Shock Treatment,Ramones,,spotify,0uLHJ2dZIWHZbqeZNSojDr
TRXZRCR128F4289E21,Rough Boy,ZZ Top,,spotify,06rbNdJ03Xh3ism8xBMaGG
TRKAEQK128F92FAD38,Buckets of Rain,Bob Dylan,,spotify,053T7MTEHbbGAo8XKqRawW
TRWPZDX128F9323713,Saturday in the Park,Chicago,,spotify,0AuSRt9Nc5chfHftcbwe9V
TRJEFMQ128F9306559,Bang A Gong (Get It On),T. Rex,,spotify,07fdxXiQAGvU1rDAgf2sXv
TROJUGA128F14AC1C3,Viva Las Vegas,Elvis Presley,,spotify,0aCV0eFYfOkRdg9jdGvG40
TRXQSGI12903C9DBAC,Let's Twist Again,Chubby Checker,,spotify,00BumRbUv7GdeMz7f96HJW
TRDIYXR12903CAD3C3,California Sun,Ramones,,spotify,1tIr6dLSaCyc4VjpgX31Kl
TRFUDGU128E079298C,Don't Damn Me,Guns N' Roses,,spotify,2e5Ja3v5arGEqprOaEZBh0
TRNUQZU128F428BAC5,Dead Horse,Guns N' Roses,,spotify,1F4qgo6TxXogilcVJOfVaM
TRYAKSX128F933D218,Outside Woman Blues,Cream,,spotify,0MrE0abJp4BOdzZptVqd5Z
TROKHNP128F9311972,Perfect Crime,Guns N' Roses,,spotify,0mFZA712n5Wjn1m99fsxFX
TRYBFEO12903CED194,Bookends Theme,Simon & Garfunkel,,spotify,07hizohfEbQRvqsqvAJLgv
TRINXCH128F9316D55,Show Me The Way,Peter Frampton,,spotify,00R7cTAxFFZrVFP4lc21jt
TRLJYGJ128F426941A,Russians,Sting,,spotify,03QwUBXR3EGwaqujSWytXf
TRRTCES128F426A3F2,Strange Magic,Electric Light Orchestra,,spotify,0DKDmdT1BgkPj2PTPKPSha
TRJFKPM128F9341524,Shaman's Blues,The Doors,,spotify,0madgZ6OBKT5sHVJaMsViK
TRGTVWJ128F9327CCA,Watching the Detectives,Elvis Costello,,spotify,0ccP3r9OwYe9Er7VyiUCTN
TRXPWDW128F930899E,Good Times Roll,The Cars,,spotify,042CVomhNU0aFrDBfWJmqo
TRUHEEO128E078EFE5,I'm Free,The Who,,spotify,04vegLFXFVr9nXEF4dO1nC
TRATDHB128F9344FE9,Radio Song,R.E.M.,,spotify,2uOQzHdmNmTAdF3TRAoTp8
TRFQVSO128F934F647,Lady Jane,The Rolling Stones,,spotify,19kAUW6NMzgDHKT19s7782
TRJSBCG128F9309677,No Particular Place to Go,Chuck Berry,,spotify,02rpai6awOhXxK7i1XZOH7
TRETVKS128F933EA24,A Man and a Woman,U2,,spotify,0919PHWYfCBLt4RFOE9fBu
TRIVWDE128F426956F,"Stay (Faraway, So Close!)",U2,,spotify,0Abb2lo8gicipdZ73ReYjT
TROIAYD128E07920D6,Spoonful,Cream,,spotify,0geuHyGUqnGbeIpd9rK0GY
TRXHZGW128F426F123,Steppin' Out,Joe Jackson,,spotify,02ZbIWdtDLEDS8I59q6vhk
TRRFEWQ128F9327390,Gimme Some Lovin',The Spencer Davis Group,,spotify,004SV2qPVCatdJ6RvfobxE
TRMKLYA128EF34F812,Last Child,Aerosmith,,spotify,07vI52h7cRvYH9oTGhYkYG
TRXJGGL128F931C711,In These Arms,Bon Jovi,,spotify,0T01XTx9hgEbQ4n9tJLFm1
TRAALFH128F4232CFE,Stiff Upper Lip,AC/DC,,spotify,0LGzplkhTM8JpT6Skrgl4Q
TRWKHWZ128F14A473E,Mony Mony,Billy Idol,,spotify,0izrYJq6V0aJ1p1kQidb4d
TRXNWNX128F428067B,Half a World Away,R.E.M.,,spotify,08ikUclxinjagQbqFxA2nC
TRYUVIW12903CC9696,So Cruel,U2,,spotify,2KXi6aTM0tDxwrcbhh13xg
TRUNKTP12903CD1EFB,Blue Sky,The Allman Brothers Band,,spotify,08SPbOlgCODbnWEhxTpZvg
TRFYGPG128F421508C,Dedicated Follower Of Fashion,The Kinks,,spotify,02HkGd3SUBafOWVvijzv4r
TRLDVOB12903CF7C7E,Girlfriend Is Better,Talking Heads,,spotify,08RFyz3gJw0scJxWrEpx6z
TRAKRNP12903CBE4F5,"She Said, She Said",The Black Keys,,spotify,4jO68VNudILB2T22gjUOQx
TRBXGHE128F4221462,You May Be Right,Billy Joel,,spotify,0JKVLtYBvrBnm2M6bCXfyb
TRUSUJU12903CB5317,Bobby Brown,Frank Zappa,,spotify,1fwdbQbf11e7eGVo961a4F
TRIPGIY128E078FC26,Tempted,Squeeze,,spotify,0BJ3W23PEwJaxnlEOtfAH5
TRFVXQP12903D07375,Go All The Way,The Raspberries,,spotify,0BXIU0vjRl1qjv4T3hgVAT
TRGFZTP12903CF2142,Mind Games,John Lennon,,spotify,11N8UaVAMeh1hRfM4uasoP
TRSVGXX128E078A9F9,Heroes and Villains,The Beach Boys,,spotify,14sSBBfrwIi4nRAL7zodQy
TRCQBKU128F932C575,What a Wonderful World,Joey Ramone,,spotify,0mSX5ZZremCHCZ2Ig817ux
TRPAYRK128E0792986,Bad Obsession,Guns N' Roses,,spotify,16ran5yZDoDZIzvVqgSXyW
TRCTPXU128F4293812,I Don't Live Today,Jimi Hendrix,,spotify,1nAuXxGguNT6ZGdd2A4Lh6
TRPTCNR128F1459965,Don't Come Around Here No More,Tom Petty and The Heartbreakers,,spotify,00Vu8gFOCqB4LARWiXDyoy
TRYZNRK128F426EE9E,Temporary Like Achilles,Bob Dylan,,spotify,0bH9eIHvNS3MXqpgDFy9PZ
TRBWIZB128F425A66B,Against All Odds (Take a Look at Me Now),Phil Collins,,spotify,0dE7bw2GjhLiLAtoxIYMWZ
TRFMYIT12903CBF9BE,The Future,Leonard Cohen,,spotify,06caT7tKdpCymnqOAZQOrw
TRACGFA128F9364E0C,Sailing,Christopher Cross,,spotify,01zxKoORuEFjKiyHh497Zu
TRTEAGP128F14580B3,Never Before,Deep Purple,,spotify,0KQppCh24sRBYfo5MZm2qB
TRDGMBH128F9335A12,This Will Be Our Year,The Zombies,,spotify,02KpkaZbiutsR0ucxce4Sh
TRXJJGA128F935DDF3,Lady Godiva's Operation,The Velvet Underground,,spotify,03bibEqMkEIfYjM7EIN2y1
TRMFRTV12903CC55A4,Don't Let It Bring You Down,Neil Young,,spotify,1VYRSp6oXEEHklF9zViJW9
TRPATMV128EF34575D,Jokerman,Bob Dylan,,spotify,01Su3ftW6Qucd1WpoAMx0D
TRCMDUT128F4263793,Heart of Stone,The Rolling Stones,,spotify,0y2Lc5EzYJyptgB2rNlGic
TROYXPA128F9304290,Cross-Eyed Mary,Jethro Tull,,spotify,0dt9drO1owXBD0rQ2rf29r
TRFMVYZ128F428A3E2,Ride On,AC/DC,,spotify,0GKS0hwVOIjQUmrWsLc9o2
TRYEDQC128F1458663,Virginia Plain,Roxy Music,,spotify,01f7DSOhrsrHtPeAP9l4KG
TRAMFRZ128F424801B,Care of Cell 44,The Zombies,,spotify,08qi6ptIDrhWeLaIJZruk8
TRUGGHC128F1477705,Sister Ray,The Velvet Underground,,spotify,0LWLPH2BacF0V3hzERza2A
TRPUGKZ128E0792988,Double Talkin' Jive,Guns N' Roses,,spotify,3w6pWl4HKLoijkYErNjooW
TRPKSQJ128F4284AE7,Night Prowler,AC/DC,,spotify,1hlzwvSxtVrzI5V94Nixt7
TRRJRFB128F93254DC,Exit,U2,,spotify,1Ff7JCLNzooKqDWQYOkvFE
TRXOHEE128F4276197,Lucy in the Sky With Diamonds,Bono,,spotify,6k9XmYfxay3Sgm1tm2VGQs
TRXIUEW128F934BFDE,Here Comes My Girl,Tom Petty and The Heartbreakers,,spotify,075rqIE8gmoigDH7N8rlaz
TRXVDIY128F148F4E0,We Could Be So Good Together,The Doors,,spotify,0kppFYQ2VmT8BMqgMcZFFe
TRXMQBL128F427F1DB,Love Is Blindness,U2,,spotify,05Zw6947yxLybR57zvqAyh
TRJFMNU128F932F805,Pictures of Home,Deep Purple,,spotify,0Lq6X9XmYU54oq63zyySL8
TROIQMT128E0792994,Get in the Ring,Guns N' Roses,,spotify,1Tay8nNhYR2gMO6GbjVW5Q
TRVDXDG128F428E316,Whatever You Want,Status Quo,,spotify,0aCNwSpbhLXKshOKNXngY4
TRCRRVX128F93223FD,Stormbringer,Deep Purple,,spotify,18CUzobvuRKa9QJljLUCDj
TRIAYBJ128E0799A5B,It's Raining Again,Supertramp,,spotify,03DZQeSZ3mvlwOjtGhyN5P
TRNMRJR128F425173C,Pet Sematary,Ramones,,spotify,07b5vArZtW08PuEqCw61Ei
TRFVKPS12903CDF89D,Black Ice,AC/DC,,spotify,1VqpjTgPvDKuU8C7DboocQ
TRZTGSV12903CB2A8E,My Wild Love,The Doors,,spotify,07dDqshVCDYOO391FVQmXa
TROMJIM128F145ABF2,One World,Dire Straits,,spotify,0dZLTxbaiGYOYIEv9eqePP
TRFPUDT128F425A48E,Garden of Eden,Guns N' Roses,,spotify,14ejW3aZSKeSFFKo46UDYB
TRLVVYZ128F92FAABC,Mull Of Kintyre,Wings,,spotify,05D4lD1SOZmRlP8in0qctt
TRDINMZ128F42733FB,Down On The Street,The Stooges,,spotify,0sapj56cqMw049k41QMkP9
TRCTVQB128F14652D5,All The Young Dudes,David Bowie,,spotify,1ZSzn5NIFQ6okGK5Ka4eLr
TRXLNAC128F14695DD,Glory of Love,Peter Cetera,,spotify,0pqAshbjgT1k3cB7r9pw2M
TRUTEGP128F424A7B8,Dead Flowers,The Rolling Stones,,spotify,2Igo92MNNhu1sfQAOIetV3
TRGFRMR12903CCEAE8,Mother Goose,Jethro Tull,,spotify,1jBJoHgCn2cMwZ2Osh70FD
TRAXQHU128F426E6E8,Blaze Of Glory,Bon Jovi,,spotify,0UkIn0MkoGCmBSqFp0Ng6u
TRIZAPW128F4268832,If You Love Somebody Set Them Free,Sting,,spotify,0plrjqD100IT4d5nr9ea4E
TRMVJDE128F4284B8D,Your Possible Pasts,Pink Floyd,,spotify,1IAiDrvZCOx8AHlNZGY5yU
TRNNYHV12903CDA3FC,Born To Be My Baby,Bon Jovi,,spotify,0eQ1fkg5APcix2Q1B44jl2
TRGJOVV12903CAFF69,Beware of Darkness,George Harrison,,spotify,0J0PyV9XSgk4T5tiEqFmmZ
TRSXACD128F92DB899,Love Is Strong,The Rolling Stones,,spotify,03Eo4UQZHshI452ufdYzq7
TRDVYRY128F932C803,C'mon Everybody,Eddie Cochran,,spotify,005To9EtPIhKtd2pIR7tYk
TRVBEHN12903C94E6C,You Do Something to Me,Paul Weller,,spotify,0cSyKe9WZuG4Y3WxAn4uA7
TRABDKM128EF35788A,Old Friends,Simon & Garfunkel,,spotify,08arlTxlLUxoU2RpHNjt9b
TRODDAR128F9305C15,Drive-In Saturday,David Bowie,,spotify,6lY2eZhu7MteH0CCqgT3cq
TRKOJNE128F9312858,Long Hot Summer Night,Jimi Hendrix,,spotify,1HFj7yC7uZfqjWuoH6DO9r
TRNNDPW128F4273925,Someone Saved My Life Tonight,Elton John,,spotify,0bLOiofyBB62YU2cNnONJG
TROIRUX128F92FC956,Before You Accuse Me,Eric Clapton,,spotify,06OOSE07oIxFnzbqQZzXAd
TRXMDGW128F426CDB3,Alberta,Eric Clapton,,spotify,0TyCUtXTnUGFj6Ka1obZfX
TRWVAEM128F4292A25,I Can't Go for That (No Can Do),Hall & Oates,,spotify,01HhQokmLaIN3ujbs2odO7
TRCPRRE128F9301166,Octopus,Syd Barrett,,spotify,0aqzj9SVim1eeCndAqVRVP
TRCQLIU128F933D1FC,The Gift,The Velvet Underground,,spotify,1M5FVFM52hYhmolSD386TJ
TRVKLGW12903CB4523,Aeroplane Blues,The Black Keys,,spotify,18463WFtpMNjZRBCOsJq6n
TRADESF128F4214D8E,Mama Kin,Aerosmith,,spotify,0IB8kS98c9v1eJVzrZy6On
TRYDLAA12903CBE700,The Wonder Of You,Elvis Presley,,spotify,01Ig9QOc4XEUAsrsTQmBI1
TRAKWUM128F4224C67,Babe,Styx,,spotify,0DGXQrV2P1kndgN3N38jMR
TRUZDLX128F42852C5,Runaround Sue,Dion,,spotify,009omzRUTbYHXgdfrXEKTa
TRBUBHB128EF34F4C9,Sugar Magnolia,Grateful Dead,,spotify,0zAaVzDbPRqxz5MEq3Zk3f
TRYMZLK128F428A446,Living in the Past,Jethro Tull,,spotify,0O64edIsPmEaw7cvix9O6z
TRAIUCP12903CE7F87,Double Vision,Foreigner,,spotify,07JJ8J6dKi9yytttCAy4Pp
TRINEPT128F9315539,Sin City,AC/DC,,spotify,28SFr795pMT17y5CErh8I4
TRAJFQS12903CB4DAC,Brandy (You're A Fine Girl),Looking Glass,,spotify,02AsecVLiXoG3AjChkSvfy
TRSNOAI12903CEB84B,Rockin' All Over the World,Status Quo,,spotify,09GivWywOX0j10RKsfLQea
TRZRTPM128F4284DB9,I Heard Her Call My Name,The Velvet Underground,,spotify,0a0bGMAfrPAvQhB961Zq2i
TRRLZJI128F42818C0,Country Road,James Taylor,,spotify,022a6uag6VWEwUPj25ILCw
TRDJWXG128F1486443,Living Next Door to Alice,Smokie,,spotify,03zoO5a1whqHCBbqjN86uF
TRNGJFS128F426E353,Mother and Child Reunion,Paul Simon,,spotify,05LDXSY76ynmYrXWWwkJyG
TRQWPVX128E078DCE5,Wild Honey,U2,,spotify,0UxiKYZaOo5rvz31Mb62Ox
TROMWEX128F93269A7,Cortez The Killer,Neil Young,,spotify,0I95nhuP4B0oa6KWLsqqvH
TRRRQVZ128F93167FE,I'm Gonna Crawl,Led Zeppelin,,spotify,0jd8hx28sbsl57VhpOgOLW
TRHDTQE128F427B8D6,Pull This Blanket Off,The Raconteurs,,spotify,3qqQzkPaAgWCE26J9ZygFB
TRXLTJG128F42B9257,The Trees,Rush,,spotify,04B8uRunIuxlKGn4iay9Cd
TRZXBEL12903C9FC23,Jungleland,Bruce Springsteen,,spotify,0rvFsY75hUIgcwz8lcNJro
TRRDWJY128F92FE6FB,Let Me Live,Queen,,spotify,164B4sABTdbN6P0NOhYuHZ
TRULEEJ128F9309639,(Let Me Be Your) Teddy Bear,Elvis Presley,,spotify,00jEwb7vNR9WDbrfgY26jY
TRPKDEF128F93513C7,Cheap Sunglasses,ZZ Top,,spotify,0FvWTzmlU7kp2f15zn7mqd
TRESBJX128F4262534,Fly Away From Here,Aerosmith,,spotify,08GS2qEwognWZTcsgDYpSI
TRENNJI128F423EC5B,Third Stone From The Sun,Jimi Hendrix,,spotify,09vtOmJrOSCWTQSSvcNpzA
TRUUUGJ128F9318FD9,Beside You,Van Morrison,,spotify,02CMhOmmUwl8unBuL2ON6o
TRKESML128F9316106,Shotgun Blues,Guns N' Roses,,spotify,0jM4nfKmkjzrnRQwyuAEMA
TRCXYQA12903CBEBD3,Private Eyes,Hall & Oates,,spotify,098DRq2EpYSun5kAj7NfWa
TRAKQPN128F428267D,Mystery Train,Elvis Presley,,spotify,00AiGx33HACDrl45MZwscS
TRXCZNS128F428A15E,Next To You,The Police,,spotify,0rUmVbfsJQzWSA1JzolQtN
TRNHPTD128F9309C97,We're An American Band,Grand Funk Railroad,,spotify,03IxRWW0ReUamUxzkKL795
TRLJXLU128F4291F65,One Night,Elvis Presley,,spotify,00FP0um1VWua8SdXym6JNd
TROKDOG128F42A2C59,Itchycoo Park,Small Faces,,spotify,0dhWsRs3ltUg5PPbFymiLz
TROPWSB12903CCDC43,Sara Smile,Hall & Oates,,spotify,0cYGQkYbqVwUhC7qffwHXr
TRJBEOE128F4278A64,Cities on Flame With Rock and Roll,Blue Öyster Cult,,spotify,06oFWEukGKMqidpuA9Kb11
TRACYXW128F4297569,Fool For Your Loving,Whitesnake,,spotify,0jVcfjLvuk97SRk2gUIjYR
TRWCZLP128F428ABA2,I Ain't the One,Lynyrd Skynyrd,,spotify,0bHYdyyEcvZ8LezjGZvGpW
TRYIYPI128F92E221C,One Too Many Mornings,Bob Dylan,,spotify,0oIXoxuFvyTyWK60pF17X3
TRAOTPU128F146ED26,A Minha Menina,Os Mutantes,,spotify,0KH25HS4Zm7Qgwbua1vK6X
TRYMRDO128F92F440D,Good Luck Charm,Elvis Presley,,spotify,04qrH2zmxy0NLPb5et3I30
TRUANPT128F4293F33,The Way I Feel Inside,The Zombies,,spotify,20HX3YGY9KxMOguWtesLPA
TRUJUVG128F42645EC,I Want To Take You Higher,Sly & The Family Stone,,spotify,03CeApBmJyiD5lR9gaxt0R
TRLFNVN128F931B903,Cool It Down,The Velvet Underground,,spotify,2WX3fQOUEKFBluMPfH9NMG
TRLXVQA128F92F2640,Oxford Town,Bob Dylan,,spotify,0f2MtM3Mm6zK1N7l6wbOHI
TRIENZD12903D004B4,Never Say Goodbye,Bon Jovi,,spotify,104jtmlUdZEFk0IiLWy0g0
TRAVLLN128F14744C0,If You Could Read My Mind,Gordon Lightfoot,,spotify,009bHl93A8kHlbDJLjkqHV
TRUUJKM12903CA885A,"Lovin', Touchin', Squeezin'",Journey,,spotify,04A1vlk8Gk7qhIapXlaa8i
TRDDOCT128F4220B66,I Started A Joke,Bee Gees,,spotify,0ibermI0DaGX5Nm7pt1QeQ
TRIZMAB12903CED19E,Fakin' It,Simon & Garfunkel,,spotify,0gcxPywS6cYPTdQO9DCJhh
TRAZDCM12903CDC972,Yahweh,U2,,spotify,0A8WUaNDNTSyS3Ub2PhCZf
TRLRPMC128F9330A41,I Found A Reason,The Velvet Underground,,spotify,09IIZRKT72vlCIdAzPImZK
TRXESAN12903CBCC8B,Philadelphia Freedom,Elton John,,spotify,02FfWYFRwg8otKI4X9smd7
TRWTKSJ128F422B78C,Sister Midnight,Iggy Pop,,spotify,066GLu6aM34sfuseUtE8ya
TREULXO128E0791A7F,Presence Of The Lord,Blind Faith,,spotify,12l0IbewWNKPFdkBcOZdh1
TRAHVWW12903CDA481,Days,The Kinks,,spotify,04TlU1vTbsehfNgK4QE0Bl
TROKBQM128F426E9C0,Rock & Roll Band,Boston,,spotify,0C0mNmyohyTo3r3MzDqGsK
TRJREZB128F429528E,Once Upon a Time in the West,Dire Straits,,spotify,0nvtx9mMWNAk3S6s2aN6rT
TRLLMCB128F9309064,Hard Headed Woman,Elvis Presley,,spotify,00pBOxigOjFGgWsu6HIvbq
TRXSMIF128F92E9231,Mr. Soul,Buffalo Springfield,,spotify,042v1NacbKJzCyi6nBme7T
TRNWPWD128F428B013,Crime of the Century,Supertramp,,spotify,04wy1BZVG9hpl20GudTcce
TROMNDX128E0793A0A,Dead End Street,The Kinks,,spotify,0qjZKsS48znAWSc3hnf8wA
TRFULNM128E07969E2,I'm A Man,The Yardbirds,,spotify,0bLsnEG67MySp5RpTA3adR
TRGYZEO128F92DDC3F,I Love It Loud,Kiss,,spotify,0BJLlRt3CW1NxdQZP7biN5
TRJDEHU128F9309928,Bob Dylan's Dream,Bob Dylan,,spotify,00tanKrs6k2NYcty1CKiVk
TRRFCRV12903CD3279,California Queen,Wolfmother,,spotify,0fDnklQNU5pLhZ4ho2Xdz1
TRHOIRL128F421BBF6,Rock 'N' Roll Singer,AC/DC,,spotify,0Gxtwcq8vKU9nlzjpI1pCS
TRBURIA128F4260AC0,A Woman Left Lonely,Janis Joplin,,spotify,0nqEc9VveL8cAHxAdPD3sG
TRBITIR12903D05EEF,Why Worry,Dire Straits,,spotify,0NL5lqKSd0obXvKwfvyTKw
TRHHTBX128F149DA3C,One Thing Leads To Another,The Fixx,,spotify,0edkg4y7Ja6fbO8UhqrPKz
TREDBAS128F425A617,Prove It,Television,,spotify,01bEYTtXKMube52Of4JkWm
TRKBBAI128F92FD03F,Wait Until Tomorrow,Jimi Hendrix,,spotify,01eSlxFiwXKtrlRoigRTwq
TRONNCI128F93355A3,Sweet Sixteen,Billy Idol,,spotify,09sfBCegzkBJRZCrTdb9EL
TRFXBLS128E07890DF,N.S.U.,Cream,,spotify,0B881eRQGvBojMNE9rm2gH
TRLLBBU128F42B1F8C,Can't Get Enough,Bad Company,,spotify,0u9WUSPggs6FfsFTNXoYGk
TRUWNCQ12903CD1558,Subdivisions,Rush,,spotify,0n3TDqqbs7epxzHUi3QbC5
TRUTCLE128F427EE70,Leaves That Are Green,Simon & Garfunkel,,spotify,06FqnmGcvw0VHd7OOlWgQm
TRBXRYB128F4288EAC,Mood for a Day,Yes,,spotify,0wSOgA47466miewTxOBn8K
TRDJGGU128E079223D,I'm So Glad,Cream,,spotify,0VpQr4PSaVPNn8kFMCH6BZ
TRIQLZJ128F4264FEA,Foreplay/Long Time,Boston,,spotify,0e7KsJwYBQOO2arCmwTgUu
TRKGUDT128F93333D2,Fall on Me,R.E.M.,,spotify,0BXvxzc3ekyI9wnU0V9bRK
TRGDYQU128F1477ABE,Takin' Care Of Business,Bachman-Turner Overdrive,,spotify,06oKBBXXDzoKrydbr3Df1f
TRCWIMN128F4250AF0,Sweet Lady,Queen,,spotify,04PZ2qhA1F1DLi5kUsyKEo
TRUKJEY128F92E6A86,Rumble,Link Wray,,spotify,02FJBhBhZ4viSsUJ6pbGR8
TRALXLY128F148B35B,Caught Up in You,.38 Special,,spotify,06aci9iLy53BqdnOmcJvIb
TRMOXTH12903CAF494,Hocus Pocus,Focus,,spotify,0DY5Nptf7T7Y3qWevzJjjT
TRLVWUX128F930B34C,Some Weird Sin,Iggy Pop,,spotify,0I9wOTl8YRHYA8biOphMAS
TRCPQMA128F426E854,Take Me Home,Phil Collins,,spotify,26rru1oBlpuo4SxEps9tsM
TRNRYAK128F423EAC4,Hang on to Your Ego,The Beach Boys,,spotify,4ZSBGLE9j9buk6DXVSryBI
TRYBVBX12903C9A9F6,Coma,Guns N' Roses,,spotify,34Lo0oc0QDJ1wlepfnWHQI
TRSWUOY128F930D58B,Poison Heart,Ramones,,spotify,01cN5hV6673wJZUBWiQjRT
TRARDNR128F42264DF,Incense And Peppermints,Strawberry Alarm Clock,,spotify,0GClTIViIXefgUGN5V2zbx
TRSTSLR128EF342C1E,Saturday Night's Alright For Fighting,Elton John,,spotify,02itovzGbVGpLAalZ1z0js
TRIWQQL128F930B1FF,Hard Luck Woman,Kiss,,spotify,047uDkoUei79B44ZRKuDTd
TRIODUT12903CB76C5,Rock and Roll Music,Chuck Berry,,spotify,002wmBZozK5sTCWWwB6OQw
TRXRQSI128F428FF82,Let It Down,George Harrison,,spotify,1ZUElyUqmcoMFiwI3no0ye
TRLUXGO12903C9C79B,Year of the Cat,Al Stewart,,spotify,012AMaOErLmNdXZfkDYcjQ
TRRGCXU128F14596E6,The Waiting,Tom Petty and The Heartbreakers,,spotify,0c8gwbAYTSVR7pSb3zv9TL
TRJWRWX128F9344A59,One More Cup of Coffee,Bob Dylan,,spotify,09OWNKNCzo54hTo7YohKLm
TRFUZXN128F933D22C,Funtime,Iggy Pop,,spotify,04lboKJT9e7KNlQbjwCSj6
TRGBEON128F42490F5,Box of Rain,Grateful Dead,,spotify,18vdlwEDTIw5ZpHxRk7ZBk
TRQXZDV128F92FC622,Toys in the Attic,Aerosmith,,spotify,0tbMN5c7FivDawyJKDvjx9
TRAIKRQ128F429AFD6,The Zoo,Scorpions,,spotify,0aWtm4AMNA51dRd1aaZd6O
TRTPGKD128F92F24EF,Word Forward,Foo Fighters,,spotify,74QDbj3qdHQhofu01RyFtT
TRGDGPF128F4272B18,When I See You Smile,Bad English,,spotify,00CP7kE1QGqsE6y6msNguC
TRZYLFW128F4253378,There Was a Time,Guns N' Roses,,spotify,1n5mXt7KA3nBb3Ei7MQQ9g
TRBTHTP128F1459C0C,I Can See Clearly Now,Johnny Nash,,spotify,07NSU4xyW6M2z850uzH3e3
TRYTTGO12903CBEBD0,Kiss On My List,Hall & Oates,,spotify,0Ch7QC0RB6Z6tOc4PN4PlS
TRIQNKJ128F4236065,Hey Hey,Eric Clapton,,spotify,1JStNBwYJQ0VK4pLrosqQ7
TRRWPUU12903CDAF14,Power to the People,John Lennon,,spotify,1L3CH9rWdLJTRP3I8J9KEh
TRAMFMT128F9319948,Metal Guru,T. Rex,,spotify,063IJQL27sztImRUWrgzXU
TRAVLOE12903CB0D31,Life's Been Good,Joe Walsh,,spotify,0bVLBXaFW7Rwx4hiI3mGdD
TRTRURB12903CB4B31,Stray Cat Blues,The Rolling Stones,,spotify,04EncJc80PmZONT4Pbe4Gk
TRCQUHU128F426CA10,Pump It Up,Elvis Costello & The Attractions,,spotify,0JgMHia55MBfhfqZIRi3kF
TRXDYUE128F429FC3F,Molina,Creedence Clearwater Revival,,spotify,07l6JFwSC4I9ZRVQBDfQY9
TRHICCJ128F932F7EC,When a Blind Man Cries,Deep Purple,,spotify,05eJkM6ro4pS0WIvhQvmNX
TRCQNPV128F931B8C0,Politician,Cream,,spotify,0HFgUUhjrFY6sxlGqQ9Dws
TRJXLTW128F933C119,Tea In The Sahara,The Police,,spotify,0e3z7uwzqAh1ElIepzHWv2
TRXYAKW12903CB7853,The Long Run,Eagles,,spotify,26WL0QL76VAIaUMcB3fx3o
TRFRJOM12903CE2A74,Stop Breaking Down,The Rolling Stones,,spotify,09eg3FGzsZQbZk8qEXhJIA
TRFSKAX128E0786BB9,Silence Is Golden,The Tremeloes,,spotify,061hhnDT3NVaaLywgq5QOQ
TRDGDGW128F14AA1E8,You Gotta Move,The Rolling Stones,,spotify,13lOgtjCRglDrUpyQnElxH
TRXVWNK128F92E276E,Have You Ever Really Loved a Woman?,Bryan Adams,,spotify,0zM1AyagtXphAIgK0RbEKf
TREMVBZ12903CE380E,Suite: Judy Blue Eyes,"Crosby, Stills & Nash",,spotify,0tAu4mUSm9xCno0kT3rvXl
TRAHFOR128F4284B75,A House Is Not a Motel,Love,,spotify,0yqPGUloj52QHBKbVWfBso
TRYHFOW128F423E90C,Unchained,Van Halen,,spotify,0G3h654mMPnks3JZXHk4X4
TRALFUX128F9359EAB,Bad Apples,Guns N' Roses,,spotify,1GS5mCcIPaJ6X6MhUNakG1
TRJEROO128F4284A64,Sirius,The Alan Parsons Project,,spotify,0XP9tccEqHdt8y2SByHvBd
TROVGLQ128F4262EBD,I Hate Myself for Loving You,Joan Jett and the Blackhearts,,spotify,0YsLCwWyZFVtc88wNP2Q87
TRLLQMX128F92FF0E2,The Last Resort,Eagles,,spotify,0MrZG1nTNQVzeSJKi6gFVF
TROIERI128F425F681,New Age,The Velvet Underground,,spotify,0eQXMjkdy9s84rkWpB1WyS
TRUUZSG128E07844D4,Feelin' Alright,Joe Cocker,,spotify,0fmNcDkYe0ojAVt4YOVieE
TRNDJUO128F9352386,"Oh, Sister",Bob Dylan,,spotify,08SpJmCsde5wLgh7hSkzoh
TRUGMDC128F92FE455,Maria Maria,Santana,,spotify,3VzlDoXAn97MRfSxjBEkYb
TROVDPS128F146879D,From the Beginning,"Emerson, Lake & Palmer",,spotify,08Iw5rfOlo9Nm0iHJ1fEJg
TRUWCLJ128F92E17C9,The Stroke,Billy Squier,,spotify,0GWFYOdq5xsrR9CZNiCEVC
TRANKUM128F14AEA6B,Yearnin',The Black Keys,,spotify,3jXyrjDussGRametMR9Hrd
TRXLYHD128F1499FC0,Up to Me,Jethro Tull,,spotify,1mIOWPVbohwTlkMUwYdwNK
TRDAWAM128F42958B6,Nebraska,Bruce Springsteen,,spotify,0d203saAKg7zEya0dl3KVZ
TRSEJLA128F42792DA,Half Moon,Janis Joplin,,spotify,07Kgy7y1ruJlrQyGFbY3l5
TRSAWJA128F1492D5E,Love Ain't No Stranger,Whitesnake,,spotify,0KdvDPqjICXB4Y1tZORrU4
TRLSYRB12903D016FE,Crazy Crazy Nights,Kiss,,spotify,05OQAAd4rPxx8sVEeFRDL4
TRQBAJQ12903CE88D9,Peace on Earth,U2,,spotify,05nQlsGGZRvxCGnr8j3drX
TRPDEUQ12903CD0632,Unknown Caller,U2,,spotify,0smKH3Kxqq5RJUKPVIdOmL
TRRLWJV128F4238B38,Dedicated To The One I Love,The Mamas & the Papas,,spotify,0cYGhSn0JCcd3bHjbYKJIa
TRUPURW12903CA9221,God Of Thunder,Kiss,,spotify,00dJCBIXWwnX7Miy7Vs85P
TRGCLFN128F933EA48,Massachusetts,Bee Gees,,spotify,14vGhhGQFejvsIfvJfnEhz
TRKUFJA12903CAD497,Hey Hey What Can I Do,Led Zeppelin,,spotify,2AqsxgflV63VWMfDAUUJCw
TRIYTQR128F4257E8E,Can't Pretend,Tom Odell,,spotify,08vNkWUrzFbPIddJPs22sd
TRRPDET128F92F772F,Soul Survivor,The Rolling Stones,,spotify,0cvNIKzYcMcgo96UCcW7QN
TRUHFEV128F92F9DBB,I Need To Know,Tom Petty and The Heartbreakers,,spotify,03ZGCpShNQuw2kiRZ2gpIQ
TRDJJYF12903CE0513,Outlaw Blues,Bob Dylan,,spotify,02JNDVwGeHgZ7NGI21tHVj
TRSOQEZ128F14637D4,The Things We Do For Love,10cc,,spotify,070rOgQLdpFjxgcqQ3aalL
TRCRCNE12903CE2562,Wild Night,Van Morrison,,spotify,1A7hIo1C8jacIQ5ZiCjc8g
TRJJKVF128F932BF5C,Where You Lead,Carole King,,spotify,0BHbw2pHE8HOfhm2B2x4Oj
TRMIMZV128E0793AC5,Bring On The Night,The Police,,spotify,0gSdtCXgajwjhFDtIKEf70
TRYCTHW128EF344269,Got Me Under Pressure,ZZ Top,,spotify,0obylpC28LbpeUx0tezLFU
TRAACQW128F428854F,The Prettiest Star,David Bowie,,spotify,3rpRBCylc9jg4SLaMAlZaH
TRLKHYA128F145E8B2,Big Time,Peter Gabriel,,spotify,0p3NL6540ySEWhxgZAzc17
TRRJVGD128F933F010,Freak Me Out,Weezer,,spotify,01EBzwufAS0XnF5oGLKgWj
TRBANWB128E07922B4,Turn It On Again,Genesis,,spotify,0qBCCFfcgK8aFGaGlEWZ2F
TRPMVAX128F14566D1,Margaritaville,Jimmy Buffett,,spotify,0aujKmkZiSITkWfX5EgvVg
TRXUKCP128F4261BD5,Richard Cory,Simon & Garfunkel,,spotify,0ewptAPyyXosYnYqPjZm4d
TRSXTEF128F930A81F,The Temple of the King,Rainbow,,spotify,0gaMmmhGi5buPXpquSAfxg
TRIRWYP128E0781998,My God,Jethro Tull,,spotify,1pkoB8ZiZymyyIvaZmKElJ
TRNFHVS128F4265CAF,Hangin' 'Round,Lou Reed,,spotify,0hMxtFUlHJiaz2AoBEWoua
TRXOIWC128F932C9A5,Southampton Dock,Pink Floyd,,spotify,1e6P6S42qX7vFT0u14S5jm
TRYWVFD128F427C337,Levon,Elton John,,spotify,0aJfFLl0grcQS7euiIp0ni
TRLQRWV128F92ED201,Monday Morning,Fleetwood Mac,,spotify,0qjfjKFoP7LaqLI2KI9M1Q
TRFBLPW128F147742A,New Lands,Justice,,spotify,1QaEPhMs0TtPudK2eaPIrW
TRXPWOD128F426A949,Wasn't Born To Follow,The Byrds,,spotify,0Y9WPLtD5BZur0LSaePpuB
TRHIYQS128F42631C0,Good Company,Queen,,spotify,13qGcSeDHrvDKml7xVdpKy
TRUTHCR128F9338549,Can't Stop Loving You,Phil Collins,,spotify,0uaNeGnMc0PxTEknE5ftZr
TRLZJAJ128EF35C2B1,These Dreams,Heart,,spotify,2QHOopHJw2AfBJmagmyHF0
TRXTAYB12903CE856D,Black Diamond,Kiss,,spotify,0BzFX9HdhNCVSp6GD4Ecmp
TRRRCNP128F145CA21,Do You Believe In Magic,The Lovin' Spoonful,,spotify,0mxUejjesE5izbHmAy4iJV
TRKBZER128F425FB17,Free Four,Pink Floyd,,spotify,0QmNafkvajTCGw39CG4FTH
TRASOUI128E078F152,"Anyway, Anyhow, Anywhere",The Who,,spotify,0nv5ev6gKsINIZfefqIFFa
TRJCNSP12903CAC50C,Cat People (Putting Out Fire),David Bowie,,spotify,5vLI1yIuny3x4OLZ38Rrn2
TRDTNRV12903CB663E,Blue Condition,Cream,,spotify,0LHLIK82i1cw6hq5tmYtaP
TRETYHL128F9308EF5,All She Wants To Do Is Dance,Don Henley,,spotify,0iQduAM5aQFHQI4Vdrw8Xn
TRCPUND128F930B254,Raw Power,The Stooges,,spotify,0MELotM1GI0zrC6f1YEYOr
TRGEBPX128E0792DF4,Sweet Wine,Cream,,spotify,0q4sr9cyYPZdz5ZZkgTMLY
TRXCSIC128F9352F12,What's Your Name,Lynyrd Skynyrd,,spotify,0SEDpMr3uYiHK3wEdTTdAm
TRHJGBA12903CB5129,Gumboots,Paul Simon,,spotify,03y0S4ZSWkN1zu4G17qb1g
TRHGZCY128F4291B83,I Shall Be Free,Bob Dylan,,spotify,0bE7oLD2w5IzzKCyqFJ04O
TRIQHAU128F42775E4,Golden Lights,The Smiths,,spotify,4JLwQ3ChDuaHBjTD3mT5p3
TRRSSVE128F92D969E,I Believe In Miracles,Ramones,,spotify,0jjgJw5OWRbm0amnc5yOYi
TRASEAU128F4270346,Little Red Rooster,The Rolling Stones,,spotify,0DRqaGs6gSFhwMBImLlbzN
TRJUTCY12903CF2ABF,Not Dark Yet,Bob Dylan,,spotify,0b3vDt0zsZyLDxzkB7OJ0K
TRDJDAK128F92F0797,KRS-One,Sublime,,spotify,0p9lcMZpYIZTz3MWmCF0Rh
TRXFFQV128F1458643,Burning Bridges,Pink Floyd,,spotify,7eevs3p1r2gE7EMHQ6NHmz
TRFURVI128F146AFC1,Hi Ho Silver Lining,Jeff Beck,,spotify,062Ck90sEqiEZSHFsknRd8
TRUJAYT128F92C4929,Kimberly,Patti Smith,,spotify,0iI8LriXKjg47IxjNCWuwz
TRFUJCM12903D113DD,Alone Again (Naturally),Gilbert O'Sullivan,,spotify,0A1GxNZCZle5HeslqhpwSg
TRCSMEZ12903CDCF8D,Soul Sacrifice,Santana,,spotify,01kZbPe1DCEdkmhSM8zoP2
TRJLWYK128F933AD79,Everything Is Broken,Bob Dylan,,spotify,01kTU9GQwPaUvjiCec9mAp
TRPXPKZ128F4263A05,Yer So Bad,Tom Petty,,spotify,10WjyQAAhruRIDq5JVbUh6
TRXRZEJ128F4274A89,You Got Lucky,Tom Petty and The Heartbreakers,,spotify,0OvjKK6d8DJ1023doAg1fd
TRLLMSE128F935DDD3,Head Held High,The Velvet Underground,,spotify,0f25NTam7eFETf0jhgDb5f
TRLUCXC128F42AA433,Are You Lonesome Tonight,Elvis Presley,,spotify,01EpGNiQg4MTF63Ks0zZLz
TRRIXAE12903CCCC78,Bad Love,Eric Clapton,,spotify,0kRDEuupY0aNQD1m5E2lej
TRYEYCQ128F145C983,Right Down The Line,Gerry Rafferty,,spotify,0dJ0fUf8m5xVmMZKv0QAvL
TRIQKUM12903CFE8F8,I'm Into Something Good,Herman's Hermits,,spotify,00WyjjdBHZIXFmOSlNgDrx
TRRKTDV128F145C02C,Hot In The City,Billy Idol,,spotify,07YT1PaMXkuKP6O0xw2FrJ
TRIMFRH128F4246BA9,You Got Me Rocking,The Rolling Stones,,spotify,0cOQ1ipx6eUc8sZ5iBlfUa
TRCPZXW128F1469774,The Living Years,Mike & The Mechanics,,spotify,0e8B23QGaSj8fZFaGtQCs6
TRDLKIV128F92F599B,The Whole of the Moon,The Waterboys,,spotify,0ccrNcOqLDOig0V702RF2n
TRGOPUM128F9319723,Wildflowers,Tom Petty,,spotify,0fBPsy9bRC0cStEjn1YoB9
TRSYHYP128E0793AC9,The Bed's Too Big Without You,The Police,,spotify,3F6KrT1PGYjxotTRsbHd0O
TROUDVB128E0780D97,Throwing It All Away,Genesis,,spotify,4iYrHuW4C4IsjE7s9HbnxS
TRJIEML12903CABB25,Long Distance Runaround,Yes,,spotify,04tyzG8cU8iujo8ai1ULcQ
TRQZEUT128F146C715,Castellorizon,David Gilmour,,spotify,0YFt5l6xOLbJSJvyVZDpvX
TRIMGYM128E07848C0,A Groovy Kind Of Love,Phil Collins,,spotify,1IRfeUDgSnS7NUmPJ0pRHz
TRJEYIW12903CA755B,Cheat,The Clash,,spotify,0tIJ9LcPpRVH2ENDYr1qjF
TRDHQRL128F4264FF8,Hitch A Ride,Boston,,spotify,0870QNicMawQH2cnzBVZ3P
TRFUXJV128F932FC83,Sister Morphine,The Rolling Stones,,spotify,2NfFko5tdFWPL1zmHEY0Rg
TRROQIM128F426415F,Rudy,Supertramp,,spotify,0AKol8hczg91P4X7XbhIKM
TRRLTCE128F92FF0D9,Darlene,Led Zeppelin,,spotify,261YXW3DwA7bFTB42znEKg
TRODWHD128F92FD8BA,4 + 20,"Crosby, Stills, Nash & Young",,spotify,2jZPEeW2ynykb2GkVqpOkJ
TRRHVPL128F42A1344,Baby Come Back,Player,,spotify,0964WAsWTgWJPCp5A5o6Sh
TREVUFU128F92F5DD8,I Believe in You,Neil Young,,spotify,281Ai3uQkxFo1HLRFpEZDq
TRCSGAK128E0792DEE,Sitting On Top Of The World,Cream,,spotify,0aY5bJ4jRHiOd8eCMWmcy8
TRVOJQZ12903CA5B40,Little Wonder,David Bowie,,spotify,0TcXlhDwt1TJpVZ7CMzCwR
TRCRGBS128F146C717,The Blue,David Gilmour,,spotify,0VCfjcHCbo5IlAF2vZuH75
TRCTTUY128F93475CC,Madagascar,Guns N' Roses,,spotify,2C3FCSTAsefWd7Y7W0TObx
TRRQIDV128E07937FF,Da Ya Think I'm Sexy?,Rod Stewart,,spotify,058VOmj2vkyItyKHFLc8vF
TRUUWPQ12903D0FE6A,We Weren't Born To Follow,Bon Jovi,,spotify,0X7nAlU5n2SaJk4hrEvSPb
TRYIVLB128F426C66A,Safe European Home,The Clash,,spotify,10b8NSGq29QHieVpKfDvoq
TRUEYQB128F933F2FA,Dog Eat Dog,AC/DC,,spotify,0L0x35hQnmCLtHeSGQlEZj
TRXNFIQ128F9306C2C,You Win Again,Bee Gees,,spotify,1blp6zPL7aF5LeDP9mRGPy
TRKISQD128F424B432,Parachute Woman,The Rolling Stones,,spotify,0YSnRQzfvyA2xM1GAEJ85p
TROKEBZ128F423F8CF,Crying in the Chapel,Elvis Presley,,spotify,00Wh913r5nNjdar9xyOXfH
TRRPKYC128F423A5AA,Forever Man,Eric Clapton,,spotify,0CJXHjPxSO8kMl2pu2P8hY
TRMHEIP128F426AC45,"It's Alright, Ma (I'm Only Bleeding)",Bob Dylan,,spotify,0pWMkBbEH52abIPdiSn9q5
TRYGSNI12903CB6AC3,The Bitch Is Back,Elton John,,spotify,1HmkMhU1EsNUGaALH5ZhZ6
TRZMSQA128EF365C6E,Wooden Heart,Elvis Presley,,spotify,00PLJTNsY5p3F8JMuRXbiE
TROHUNJ128F932C215,She's Gone,Hall & Oates,,spotify,08TT1DfijaOu762vH4bZBM
TREGOBV12903CFC735,Comes a Time,Neil Young,,spotify,40cgAD3MjyLfNLrq7ThVee
TRUPUQG128F9342AAD,Have I Told You Lately,Van Morrison,,spotify,1Q7s4NEPt0xzZp1tQh4v7T
TRBIDWF128F930C88B,Vital Signs,Rush,,spotify,1k0GxoZYv3Yx5mNeXMOZN2
TRNQDPE128F93164FF,Are You Ready for the Country?,Neil Young,,spotify,0nikKJBGdruXuk1ZsmT1jW
TRWGTXL128F92C3C03,Autumn Almanac,The Kinks,,spotify,0QaxHSDAsfbbDQAR8fm9rl
TRTCLED128F1494356,Moving In Stereo,The Cars,,spotify,01BmQnWTLdDojdO5eZU6nm
TREWSZA12903CFFC5B,That Was Your Mother,Paul Simon,,spotify,0ZrQxL2er4D02bZdIvuzHp
TRDRCEA128F421BC21,Bad Boy Boogie,AC/DC,,spotify,0mpaH0pvzMbajJGxPA6q7e
TRKMIIB128E07871BB,Big Log,Robert Plant,,spotify,3NA7U5cUemlICkESsoPVKl
TRYLZHP128F932A85F,"Honey, Just Allow Me One More Chance",Bob Dylan,,spotify,0MYDmBenaLfO7v9c80xjJT
TRYOPSQ128F933BA48,When It's Love,Van Halen,,spotify,2rxePraWVAXyZRHVW1ICss
TRFUDIP12903D077E4,How Do You Feel,Jefferson Airplane,,spotify,0diWyRPKZD0nswFui9KTIf
TROYAIL128F931CF93,Lions,Dire Straits,,spotify,0tkxppxCdXy7kvYUDWorjj
TRRGPMB128E0781CF1,I Can't Stand It,The Velvet Underground,,spotify,0b79uw3Yg3uPVuKrbvvQJ1
TRFNPWZ128F92F3198,Mary Had A Little Lamb,Stevie Ray Vaughan,,spotify,0D7A81E3qJkUJXwf1TVGQ2
TRXKNDH128F14984FE,Frankenstein,The Edgar Winter Group,,spotify,0GIFpQ5BbacxFyLxLAZekd
TRDVRIY128F424CDD0,Ramble Tamble,Creedence Clearwater Revival,,spotify,0UUWYEmVaZ2nYbvEjnsr4B
TRQQQIA128F92EB222,Old And Wise,The Alan Parsons Project,,spotify,0aKZS2sM8zI9I6Esp420V3
TRFEINW128F92FC740,Rhythm Of Love,Scorpions,,spotify,0d9VfOgINF9HcYOVuyOtOm
TRTOUJZ128F147FCB8,Something Happened on the Way to Heaven,Phil Collins,,spotify,0HrtORrv567WfN2AoxcpQT
TRCXZGG128F424EC38,This Is Not America,David Bowie,,spotify,0pEf6Q0eYxeXTnLIcbcKPv
TRWIELB128E079435D,Deuces Are Wild,Aerosmith,,spotify,0iShvpWNFvQ63ae3Z0CcrJ
TRNEQPO128F92FBA4E,Just a Song Before I Go,"Crosby, Stills & Nash",,spotify,1wHJ3n8ERZljmfGXc1PRbe
TRDJQMZ128EF3569F7,The Last Goodbye,The Kills,,spotify,0r1R8BHSMuuWTzVdn9vxP5
TRYRKBM128F426C54C,Hang On Sloopy,The McCoys,,spotify,01CMTQov660O0KkySPAehQ
TREBXDI128F42BC4CF,Oh Sherrie,Steve Perry,,spotify,0AZuT3e9wc8IWEKUtPwJoJ
TRBDPNJ128F9330A2A,Why Don't You Write Me,Simon & Garfunkel,,spotify,0aK5CeoLPxjTyfeHAzUA62
TRPTLLK12903CE4D77,In Memory Of Elizabeth Reed,The Allman Brothers Band,,spotify,0FdnseD1d68TVhjGs9UdB8
TRDIPYD128EF35257D,Brokedown Palace,Grateful Dead,,spotify,1lcWQ9L0Mn408rVNelT6wm
TRRPRHC128F4258BE9,Perfect Circle,R.E.M.,,spotify,01gVbpoC1Sp3v3nYVuzcqI
TRBBRIY128F4286995,Mambo Sun,T. Rex,,spotify,0atmueX1iVVW8Q6NSSvPJi
TRDHCLJ128F931FE6B,I Got the Blues,The Rolling Stones,,spotify,0rbRmJij0CAEO9lGIAC37I
TRJKIWX128F92CFE46,You Wear It Well,Rod Stewart,,spotify,08BSHFPXmclm8AYat5hXM7
TRISHPJ12903CF4E0F,Things Have Changed,Bob Dylan,,spotify,0Y8bsouzg0nNaIxmYEbUU7
TRBELIL128F931CF09,Riff Raff,AC/DC,,spotify,0DZwrC4QQOYqpcxCeZzwDg
TRCDCYO128F4276DF3,Ain't Wastin' Time No More,The Allman Brothers Band,,spotify,0BSJiicnQtDB4tMMYCfNDB
TRDEECE128F428C49D,Let 'Em In,Wings,,spotify,0m9njSz9IP5nIxcC6O80QX
TRDHORQ128F42BC761,Thank You For Loving Me,Bon Jovi,,spotify,1IFzeq403x7XPjxghirHxt
TRRKHST12903CBA693,Factory Girl,The Rolling Stones,,spotify,0BVppkDBq3NoP9CrGQBJcG
TRJRYWB128F4236C75,Maybe I'm a Leo,Deep Purple,,spotify,0vM8fZdme2RP0XHOpEo2F9
TRXSKBR128F92E5F77,Georgy Porgy,Toto,,spotify,07K3LmiNALV6aeLoLlZYCA
TRFQSJS128F4274940,My Back Pages,The Byrds,,spotify,0CPGSMKyk1H9YehjLxMe0O
TRCADRD128F930EF50,Rocky Mountain High,John Denver,,spotify,038g2AQsgv1yxaQviLN3ii
TRAFWQW128F4275A92,I Saw The Light,Todd Rundgren,,spotify,047vbM2GUbijB4YkfzrS5f
TRTASXP128F92CBF41,Bleecker Street,Simon & Garfunkel,,spotify,09gL88EhjxRfOejt0TmHpj
TRCIVVV128F424F521,Send Her My Love,Journey,,spotify,0VDh1LCSpTq1m8fqhiQGVa
TRDDBKX128F4266F99,Allentown,Billy Joel,,spotify,020fTYrTxwXYoSU5WvECRu
TRUUXHZ128F931146F,Tombstone Shadow,Creedence Clearwater Revival,,spotify,06m7bGLssnpTaLDhYtZjmc
TRKRKQV12903CBD496,Zig Zag Wanderer,Captain Beefheart & His Magic Band,,spotify,0rkmSn7niswNEUpLlpIQiD
TRSINLJ128F92EB25A,I Drove All Night,Roy Orbison,,spotify,0Dvn3OO0PqPQxDY8HGeRyl
TRRZPRO128F42547D7,Entre Dos Tierras,Héroes del Silencio,,spotify,1LCSzXKto5AzEE8ux8rAAT
TRFNVSK12903CBAE3D,San Francisco Bay Blues,Eric Clapton,,spotify,0nNyCc3qq1GBrLvRFeU8Nx
TRCUDJV128F92F5E82,I.R.S.,Guns N' Roses,,spotify,0Mygcqwf4q8BMC95KSERTx
TRAVPQQ128F92F998A,Picture Book,The Kinks,,spotify,0p85tj9Uvo1CuHSfmAy4X3
TRPECXR12903CF88F5,Spread Your Wings,Queen,,spotify,0MqUyrjDnnEKSyDJbFRZGg
TRFKKLO128F93177DC,Every Picture Tells A Story,Rod Stewart,,spotify,0h8OpGtn3KdNg7Nw0wWpUh
TRLMLPJ128F428AC7B,My Baby Left Me,Creedence Clearwater Revival,,spotify,0FsTGlPITQ4BGoWICavO2D
TRXOPGM128E0793ACF,Truth Hits Everybody,The Police,,spotify,06Pzw36xNa6wN08SUdrb40
TRYBFJC128F4244214,Captain Jack,Billy Joel,,spotify,15I0inabv1t98NP2Zj97OC
TRLRXAY12903CEFAD3,Shower the People,James Taylor,,spotify,0RJ6CvfsnjMK3v4KK4Y6fo
TRCFBHN12903CEDC9C,Cowboy Song,Thin Lizzy,,spotify,0EwtA2FuktwJGYhCRBA683
TRUJNXG12903CC8134,The Rising,Bruce Springsteen,,spotify,0dSYWgM8Hfbg3VJVpL9k1A
TRDUOQV12903CB1040,Psychotic Reaction,The Count Five,,spotify,04nlcn0b78FEwoZHZKGY5F
TRYRWOQ128F9329798,I'm One,The Who,,spotify,1d4O1FxaputG8FPOVJxR6i
TRXSBBO128F424DF0F,Flesh for Fantasy,Billy Idol,,spotify,0ETbFWIFdVK8UQhM1UWzUJ
TRUFTOY128F4273589,Slipstream,Jethro Tull,,spotify,1cc91rPrpQXejSuKWtcbxf
TRIQBYV128F428B506,Jungle Love,Steve Miller Band,,spotify,0ezRSmZDrVy07SAHh7A12u
TRSGGMJ128F93168A7,She'd Rather Be With Me,The Turtles,,spotify,1C4Cep07dxzRgy0ruVPAfl
TRDVKOM128F92F90C4,Still Crazy After All These Years,Paul Simon,,spotify,0eB8E012Kav8kfsOVXh8a8
TRYZTAC128F14993A6,Mercy Street,Peter Gabriel,,spotify,0ccgPlqE1GFOrG0l9Ekv1n
TRSPHWS12903CBEB6C,Life Is a Highway,Tom Cochrane,,spotify,0DWmEwVPGJh2DxHFOTISqH
TRXLBEX12903CEBC84,Nutbush City Limits,Ike & Tina Turner,,spotify,01yNpQ9J4WoHKXHmzb63Mx
TRIBLFZ12903D051CA,Kids on the Run,The Tallest Man on Earth,,spotify,496zbz5Uc0rMHUmRHmMNRf
TRLLQUD128E078C974,Wild World,Mr. Big,,spotify,1vIA6vLzQmGGOS88s3nzO1
TRCWRBR128F4292ABC,Something In The Air,Thunderclap Newman,,spotify,08vEAklEtD7NIMF28EEN5s
TRDHDQY12903CCC67A,Wooly Bully,Sam The Sham & The Pharaohs,,spotify,02akog7kLCs59WXr4cg1Lm
TRWBUKR128F930E8EE,Draw the Line,Aerosmith,,spotify,0MTnpE9P7R44yVnlkJWj0M
TRFPXCR12903CB0D7C,Jet,Paul McCartney,,spotify,0R83NxR5GFbLZckPsLYeeu
TRBDCJB128F9350B87,Moonlight Mile,The Rolling Stones,,spotify,19syRYigiBrdGj5HUqBjzx
TRZBVIV128F1472CEE,Isis,Bob Dylan,,spotify,0my737wfwEv2i29QNQG4Wx
TRFNIAM128F92FBB39,Seasons in the Sun,Terry Jacks,,spotify,04t3Lh4mtn14qWhGSKuk5S
TRXLAXZ128F428F406,The Book Of Love,Peter Gabriel,,spotify,05hFIyVij9uxMIIb480w75
TRUQFBR12903CE327C,Loose,The Stooges,,spotify,2mIYJpqsTKFGOyxmWM7Bm5
TRRFIOJ128EF33DEA5,Berlin,Lou Reed,,spotify,05wpupqsMxAUCenk9q1St3
TRISTHD128F42487EE,Let My Love Open The Door,Pete Townshend,,spotify,0IP5roHjyouLybnIG2rfYr
TRUAWRK128F14B0377,Most Likely You Go Your Way (And I'll Go Mine),Bob Dylan,,spotify,0AFToNTZ5a5k9jUHh474k9
TRLLMYI128F933BD4A,Make It With You,Bread,,spotify,0XNxe6mnaJeiYMR2srkfiS
TRPJCXU128F92E9ED6,One Good Man,Janis Joplin,,spotify,09k5VanaiDlioFJUDj9kG8
TRCMPWF128EF365F64,Dancing Barefoot,Patti Smith,,spotify,3VbdAWKImkGgwph9PjnYk7
TRUVCCD128F93030D1,Salt Of The Earth,The Rolling Stones,,spotify,0eKeQK62hAa7M2j3xN8vyh
TRRSEUP128F93298FE,No Surrender,Bruce Springsteen,,spotify,02geU1fPaHVXWqkImEbDaV
TRFQMSW128F92C26C0,Up The Junction,Squeeze,,spotify,08Q7Rlow4DE7X8QcbUj2Py
TRFMZYD128F9340103,Walkin' Blues,Eric Clapton,,spotify,33vERQvutjssRH1m99vvPO
TRIQAPE128F149F09F,Bring It On Home To Me,The Animals,,spotify,0GvPLNnEwBwXQdQIiAzfWj
TRQWUUG128F1485DAB,Don't Know What You Got (Till It's Gone),Cinderella,,spotify,02inbOlZndnAM99BeRvxd9
TRXDPKS128E079321E,Have You Ever Loved A Woman,Derek and the Dominos,,spotify,0D49bAKZv1PWCMQoq3ruut
TRLLTTH128EF365D4A,This Heaven,David Gilmour,,spotify,0jCKPuHJ3xYTTJk2HT28pw
TROYBWS128F92DD8D8,Here's To You,Joan Baez,,spotify,1BxEoQlrsZwFsIFX1EvnrV
TRUHGAC128F1492AC4,I'm Goin' Down,Bruce Springsteen,,spotify,0VkDedVtP7TQDlaCMq9QVx
TRGCHDN128F428B06D,Welcome To The Working Week,Elvis Costello,,spotify,07lx3oCQc0GJyt1q3VVacR
TRUPTHF128F428BB53,Amazing Journey,The Who,,spotify,0bkWzBVsodF9CGnHghw4cL
TRRFOTE128F4284B79,The Red Telephone,Love,,spotify,09KuVlqxRQ1aYUn6b8kMyY
TRBKZIY128EF35B8D7,Endgame,R.E.M.,,spotify,07k79SwfB5Ot1vze9qbCJi
TRDQSQM12903CD589C,Mr. Spaceman,The Byrds,,spotify,05ztlMYCI5tVafelwxdwvx
TRDXWHN128F427FEFF,(The Angels Wanna Wear My) Red Shoes,Elvis Costello,,spotify,0GmLrYUBXDC5vti77zBZfJ
TRDPUCD12903CB258C,Sleeping Bag,ZZ Top,,spotify,1ESuT2y9AKu1zMdxq47qW5
TRIMWPY128F932F8B3,The Great Pretender,Freddie Mercury,,spotify,0Epgw09MA17cjhagtbVtcC
TRAJQZO128F4267380,Goodnight Saigon,Billy Joel,,spotify,01FISeGhRDpGVqLq7k6D7D
TRXFKGZ12903CEE34B,Cosmic Egg,Wolfmother,,spotify,0A5Fqvt5xCRzotcwtZh2Pn
TRJUAWB128F933F2E7,New York Minute,Don Henley,,spotify,048zcMAXkwe8yicmEf2wk6
TRVKIBY128F424801C,A Rose for Emily,The Zombies,,spotify,0eI5SOdxDTSEGkUppeWKls
TRAHEJG128E0786BEE,I'm a Wheel,Wilco,,spotify,5fA9LaVcDYSlAJNNvrJH5o
TRZKHOS128F428382C,Andmoreagain,Love,,spotify,2xtaXtSZ8uDS6dmSMSJlya
TRDCKWN128E0791807,1921,The Who,,spotify,0wwqPdHt6n24T3jlQmdqDd
TRSDERV128F146C71B,Then I Close My Eyes,David Gilmour,,spotify,0CQJjyQKtXbBTuMvMMFpzf
TRVOAXW128E07824F4,No Good Trying,Syd Barrett,,spotify,0oEEOshfODC8U8gu8DMIor
TRVIJOO128F92FF475,Hello It's Me,Todd Rundgren,,spotify,04XfNa8ZnFqfwKFhKndZVu
TRVDYGV128EF34F811,Gimme Back My Bullets,Lynyrd Skynyrd,,spotify,00MahWhImIyTDmeuZ0KHOo
TRYUKHP128F92F2DB3,Oliver's Army,Elvis Costello & The Attractions,,spotify,1GIV1YzfuFzYAoUjwx3r7W
TRJWFVZ128F92D5A1E,Victim of Love,Eagles,,spotify,1o6AGvIo0IKcP18k14Uh83
TRWPIIN12903CD44B7,Stop Loving You,Toto,,spotify,0Fgc66iBdbKSL9LtC0Jn00
TRKJDJL128F42ACB5F,Faroeste Caboclo,Legião Urbana,,spotify,1N1raIuEZcufIo9uF7rNpZ
TRAQELH128E07824FA,Golden Hair,Syd Barrett,,spotify,0h4ryZCb8eOqMP0HCdDC6e
TRLKAUS12903CED925,Here I Go,Syd Barrett,,spotify,05Of7K9iU5Oe6s19kWc0xc
TRIXWNH128F4251817,"Bye, Bye Baby",Janis Joplin,,spotify,29yX6BZzaL8FVEscPgjzcq
TRCQDUL128F427927B,Night,Bruce Springsteen,,spotify,1rcDEAA3hLF9WU5fso2zw9
TRJENQH128E078E00F,Respectable,The Rolling Stones,,spotify,0axWKbiLeIUzv6PCul5qxz
TRGGBPS128F14675B0,Is She Really Going Out With Him?,Joe Jackson,,spotify,0BrjupuYKi10EjZOVcJDT5
TRRGRHJ128E0793A05,David Watts,The Kinks,,spotify,0agjVRLwmyMMMlZ7n8O2cl
TRJGLJU128F14AC25B,I Wish You Would,The Yardbirds,,spotify,0CiswloEaHL7MTZBtzlnVj
TRFSTGU128E07831EE,Home Again,Carole King,,spotify,07Uium9M1C0SH9g5GSQln5
TRREYOW128F93196BF,Something for Nothing,Rush,,spotify,0aIgyDQnheDUr30jfQvqGB
TRHFAVZ128F423F624,Young Turks,Rod Stewart,,spotify,3fFyYJp3sdRkRsBB562f12
TRFICNX128EF3518B0,Sure Know Something,Kiss,,spotify,0ASxr5szuIwUID1P9Pnjzb
TRINVZU128F427DB51,Atlantis,Donovan,,spotify,0FYprG7MWPHLnmxfhWRH90
TRRWYRM128F426A5C5,I'll Be Alright Without You,Journey,,spotify,01D1oM4HYTLs51a6rAlYpT
TRKCQLG12903CBA764,Roll Me Away,Bob Seger & The Silver Bullet Band,,spotify,0NIx295I7Uo9siPZfx2iTt
TRXHSTX12903CE90D6,Penetration,The Stooges,,spotify,2XPKnK7bqSwQnGmkQzAtjZ
TRACGAQ128F4280C47,Malted Milk,Eric Clapton,,spotify,2AFcst4nKsgG8kqpbJ6ZIn
TREZGLQ128F932A48D,"Welcome, Ghosts",Explosions in the Sky,,spotify,0Nu1RTexkATKSAr0en5OPh
TRSQIJW128F14A2CBF,Divenire,Ludovico Einaudi,,spotify,02ETtD0iD5xSYa3q52pMpS
TRPXNIP128F425DCF2,Take Me Somewhere Nice,Mogwai,,spotify,1ZBkR2W1rHhoKJIWbcfaaD
TRIGVAJ128F932A490,It's Natural To Be Afraid,Explosions in the Sky,,spotify,0D5nC0ocA6YQZsxUGxvsjy
TRVVQDF128F932A497,What Do You Go Home To?,Explosions in the Sky,,spotify,0hdgZOMzhsZUuhef4T9Jnh
TRCPSDW128E0789AAE,Forever Lost,God Is An Astronaut,,spotify,3p1XieTGbODd1PCYUrcH1Q
TREIDXQ128F92D1987,Ambre,Nils Frahm,,spotify,0suQ6B8Bsp0tFuCXx652Az
TRGZWSO128E0781688,Surprise Ice,Kings of Convenience,,spotify,5bkbTZwZjc2nwGXoNuF9he
TRJQTJT128F148F423,Together We Will Live Forever,Clint Mansell,,spotify,00kz2RloLAZ5DfWDQ0gAms
TROPHUH128F42987DE,Easier,Grizzly Bear,,spotify,3IxS5z5Y4nKQgkuHpU3pVh
TREMVLZ128F9310ED7,Souvlaki Space Station,Slowdive,,spotify,03e9mpepwyHY6vfOuTptv8
TRRFKRO128F4282739,Með suð í eyrum,Sigur Rós,,spotify,1G2Qy9jq3SHXKA7D8nYd4m
TRRNUDX128F429594C,The Moon Is Down,Explosions in the Sky,,spotify,74joYQr5dbovBShQKtjdHF
TRJPXVK128F425DD62,I Know You Are But What Am I?,Mogwai,,spotify,0zBhwGJYRnjGRF4nRD5dos
TRDSTOD128F930179F,Ameno,Era,,spotify,042nwZMTn1IMR8L8dQcHSq
TRLNXUS12903CA9C30,Interlude II,alt-J,,spotify,3LjfxfyBVeHTsyqeRHW60s
TROKCES128F9326FD5,Afternoon,Youth Lagoon,,spotify,1AXrL34QZeKocpvbYGSZr0
TRLKGMC128F92F6DBE,Sunset Lover,Petit biscuit,,spotify,1xWH7lhR9YSWRyhKgvARfv
TRHOCUC128F42B923F,Vladimir's Blues,Max Richter,,spotify,1a2paDLqRK6YXpGICVS9Em
TRLQKJS128F9309DD1,Time Stops,Explosions in the Sky,,spotify,13RCU8kxS6HUk6rUpR0p4b
TRIVTUV128F932DE45,Cody,Mogwai,,spotify,0RaYmJ7KOyxj22Ldgzq9Pg
TRGBKHL128F1455FF8,Threnody,Goldmund,,spotify,7hyAAjHZaDWSPDzlUYNUIa
TRDTZGH128F932A78D,Finish Your Collapse and Stay for Breakfast,Broken Social Scene,,spotify,0hP95y6Rly2tOXxU7en4Xy
TRHYIBL12903C9E974,Loch Raven,Animal Collective,,spotify,09PnmjNVWXOLD2Vi122ZYi
TRXYGHM12903CB40B3,Prologue,The Antlers,,spotify,2EnLgzXgFexGUKUb56o1Un
TRFSBLD128F42B9261,Written on the Sky,Max Richter,,spotify,02xmGU9unopKjpblPRC67j
TRUJGLJ128F146CB4D,Acid Food,Mogwai,,spotify,0ww7BbzhhaJReB8jf6b70P
TROTWOU12903CFE310,I'm Still Your Fag,Broken Social Scene,,spotify,0BYHHSxMS1zDQp85t4sxL0
TRAXREG128F4281B39,"Out of Egypt, Into the Great Laugh of Mankind, and I Shake the Dirt From My Sandals as I Run",Sufjan Stevens,,spotify,2ZDnp9v73IzGtoC3bWlvl3
TRHMJQQ128E0791D4B,Remembrance Day,God Is An Astronaut,,spotify,57kOZjn0j2epxfKmSKF2SA
TRIREMN128F4295BE4,Atrophy,The Antlers,,spotify,2IWkSItOvLiuO83JJnOwQs
TRQBUXT128F92F06FB,Una Mattina,Ludovico Einaudi,,spotify,00u5Z5O9wSVi54YzHgjRbL
TRYGBXM128F42293CF,Mogwai Fear Satan,Mogwai,,spotify,02GrFF2czRiBF9fI2ncDho
TREBYWK128F9330E2A,The World Is Our ___,This Will Destroy You,,spotify,1EKk6Xvei9N9scaQcrax2S
TRRXVUC128F92E0649,Daffy Duck,Animal Collective,,spotify,00TxyR6U1i3ciJhCS5dQ5a
TRRIPAO128F426365B,Queen,Perfume Genius,,spotify,1Bv5QgYrsaHLrmzjevJiU3
TRLKIUQ128F42720DF,Nothing Ever Happened,Deerhunter,,spotify,0Q2vqScvfcZOmxoXlW4p0V
TRDAKDD128F92E064D,Turn Into Something,Animal Collective,,spotify,1PbKrpXPuvOYGyezCvQBYr
TRNSJCQ128F936684A,L490,30 Seconds to Mars,,spotify,1a4GtYqTrQCLHmmrZdQSey
TRJHYON128F9301354,Þú ert jörðin,Ólafur Arnalds,,spotify,0UoOKfKikzqWlPvbTqpEdV
TRFXTPW128F9336B2B,Adiemus,Adiemus,,spotify,0lkcSkSSEUV4hXAYYREimy
TRXDHHY128F1476FD3,Tracy,Mogwai,,spotify,0ESqSduft6QPpSEkMqVQGZ
TRKHUJI128F146CB4F,Team Handed,Mogwai,,spotify,09NS1VhiTGIemeQZbqG9Nl
TRTFZRE128F146CB50,Emergency Trap,Mogwai,,spotify,077yxqlSIyqhlImWawFWIR
TROBTQV128F92E3F8A,Melon Yellow,Slowdive,,spotify,15CfzUD8RWiR3Af1pb7KhY
TRJQMCI128F92E3F86,Altogether,Slowdive,,spotify,1I3f8tsoYbIPEgQ1TPvJPb
TRIPIRB128F92F6A9D,White Noise,Mogwai,,spotify,11VJR4xCNF5nNiRnepnQza
TRNIDDR128F932A7B7,Bandwitch,Broken Social Scene,,spotify,0H5xSahoW5Vhi4ax8WUQxT
TRQHSNY128F42902A6,Salka,Sigur Rós,,spotify,56wq2gyE0MfuAeCCTwOPkw
TRZAJCO128F9308AD2,La Despedida,Manu Chao,,spotify,0Gt4QPz8D6tuV3M8S0mF8m
TRLZPEN12903CDD460,When Everything Dies,God Is An Astronaut,,spotify,2GL3AROcBppXgWCv0uxWfx
TROLRKO128F4241A52,Your Lucky Day In Hell,Eels,,spotify,2hvGNyZgXOl2kwjJB6CKyp
TRMPQFE128E0791E64,Bye,Elliott Smith,,spotify,4JosyubgIpErAsvMKwph8n
TRXJCMQ128F42720DB,Calvary Scars,Deerhunter,,spotify,1MXxzrvv5aR0Ew3H26IUZ8
TRPOMAM128F1453E8C,Yes! I Am A Long Way From Home,Mogwai,,spotify,0y2ofpTwYP5d7K7R7nML5u
TRKOWEN128F42293A9,Katrien,Mogwai,,spotify,2DJd1tLy74ohemSuwtkKLv
TROKUAR128EF3453C0,Yawny At the Apocalypse,Andrew Bird,,spotify,0N84yAqAoJ7MYoWvJBnjOP
TRZWYOP128F146CB52,I Chose Horses,Mogwai,,spotify,6XG6slkII4Lmx5mKFGbctQ
TRVKONN128EF3453B9,The Supine,Andrew Bird,,spotify,05MipfBiiGjxsuY01Q2P9w
TRAANSZ128F425DD63,Stop Coming to My House,Mogwai,,spotify,0iRb9QCi3UioohEiOGELTA
TRLVGOD12903CE7BEA,Neckbrace,Ratatat,,spotify,3N6k3IfXUJB9IjKsGH6JRB
TRLVPHI128F92FEB97,Corsair,Boards of Canada,,spotify,54IGiCAOFeISJAGZoHjtjf
TRYYXRZ128F9331D61,The Outer Banks,The Album Leaf,,spotify,5BNTYChVajKKXVvW9N8K3l
TRWRLAJ128F92FEB8C,Diving Station,Boards of Canada,,spotify,5Gys2CeJwuTGlR8OsLYi29
TRDPXXK128F930109B,Strotha Tynhe,Aphex Twin,,spotify,1jOQGMVH5KXU3ghzbWDOWN
TRPCOQP128F931F8AC,Up!,M83,,spotify,2ijZaNmuF1HGqVjzfkff09
TRTSJVD128F427EEF4,Tahquamenon Falls,Sufjan Stevens,,spotify,1jI4sRPkeaAEn4VimL00gj
TRZUKSV128F4295F98,Inside My Mind (Blue Skies),Groove Armada,,spotify,0PgdKddkZvJJdlfqXIbNzi
TRAYUCS128F423EDDE,On Your Way,The Album Leaf,,spotify,2iAPVrTaLtzUhwFfIDpPeG
TRCDJTR128F423E1C9,The Drug,Röyksopp,,spotify,1oVmSPNMogBqbuf4xWOKda
TRIHXFI128F425DD5A,Ratts of the Capital,Mogwai,,spotify,36qBDcRiS4nkqw7by0TFok
TRVMAGY128E0784B6A,Signs of Love,Moby,,spotify,2JZve8AoLmjFdFFovLSynH
TRSOIPR128F425BCDE,R U Still in 2 It,Mogwai,,spotify,0WIhcR9cz5tgZZ1lo1P7iL
TRUGZNP128EF342C3A,Shoulder Holster,Morcheeba,,spotify,01M9NC8qxAi1Erj1763AUm
TRHVNDG128E0781924,Radian,Air,,spotify,2KRtaifTqFrba2d5fa33w7
TRJTBNW128F9333CE3,Voyeur,James Blake,,spotify,0fXM4vV7A80CpItxNv0HaA
TRUAJOJ128F14557B6,Post Houmous,Morcheeba,,spotify,0BrSfR3QBDYEIu1OT9uMKB
TRFVZCH12903CF5E15,Adrift,Tycho,,spotify,0ZGEC3MQ3THFeR7puLpmvP
TRYVUIY128F92F7285,Lapland,Ratatat,,spotify,3BcJ0FG1rM6JeVIkzHDDD0
TRXINVF128F932D6C9,Now We Are Free,Lisa Gerrard,,spotify,0fXFZuSKfZiY1GozNsnV42
TRJIWJJ128F92FF536,Tommib,Squarepusher,,spotify,5bgbePi06Jpajb3CfgEhgJ
TRRJDAL128F4262A96,God Bless,Lamb,,spotify,1IVI9ChsVwaA8StqJDSKVU
TRXEIXQ128E07920E2,Melt,Leftfield,,spotify,0OZvU4j32GTCDOwwybaQgI
TRRNWSK128F92DF492,Southern Comfort,Burial,,spotify,0j8a5IYp3HlagJtgwhL2mw
TRUGCNZ128F42ACFCD,In A State,UNKLE,,spotify,3ID4lXzK9hACkNbeXxEIre
TRCQTIY128F425A50A,Papua New Guinea,The Future Sound of London,,spotify,0Aie6EVFU1bYzz0U19NrCq
TRCVSZV128F93150EB,Venice,Beirut,,spotify,2On7Pl6geUAVHhsz63ZlFO
TRNPXSW128F425A683,Theme From Harry's Game,Clannad,,spotify,0F0aQyjllcNRAXIqHhZu1c
TRIOKLB128F9336F2B,Lux Aeterna,Clint Mansell,,spotify,4pm0f5nyrclUt3JkpgciJ2
TRYKOID128F14649BC,Unrecorded,M83,,spotify,1FInytdx7o5gmCCoKpBnmP
TRYLBXB128F9335220,Waves,Hooverphonic,,spotify,0bHbWYxCWWyjtOKUWKvrem
TRIVJTU128F930623C,First Thing,Four Tet,,spotify,1v9S9HKGKyOY9W4uD1NStZ
TRFHQNR128F92F4174,Another Woman,Moby,,spotify,3B7WJzNHrwLuY6mw9MfhrD
TRGPQDW12903CD8C27,Jets,Bonobo,,spotify,3cg38isdTrBH63B4BMywsw
TRXWYZX12903CD11F6,18,Moby,,spotify,37SGSCMv40H4nK7RVh5NRF
TREQKXI128F42802AB,Eye for an Eye,UNKLE,,spotify,08xUcLC5L86lOG4KzysG8r
TRFOWKQ128F42BBB3C,In Church,M83,,spotify,04ySWenkow98kpJPYxkoza
TRLZNBS128F9334374,Wait It Out,Imogen Heap,,spotify,3RP28uWsdXhqxJ3rguyRJb
TRPZOLS128F427EEFB,"Alanson, Crooked River",Sufjan Stevens,,spotify,1bLCaayBLZiHwcncCQtgbS
TRLZDDD128F92EB304,The Long Island Sound,Beirut,,spotify,3PFQ2UZmZ6KDDq45vnlBh5
TRXDTJY128F93412F9,Jumbo,Underworld,,spotify,17GqFVkU0lQSBURiRSjAR4
TRHWFHT12903C9EEC5,Andare,Ludovico Einaudi,,spotify,0bkDTVUhpdG8q2j45MxSj4
TRJVZXB128F4279308,"Ah, Weir",Yeasayer,,spotify,13g85WZWdr4yGjRCIoZqaA
TRPAJJF128F933E280,Desired Constellation,Björk,,spotify,0mB39qdUig8s8cKtAD1eKO
TRGVAOP128F92E3353,Seeing Things,Zero 7,,spotify,1jYGX9uFoBFaIg9G6tZNy6
TRNTDYD128F426D343,Wounder,Burial,,spotify,0Aj8mzJPCU1HI6K5vH9jYx
TRWKASW12903D00493,Postcard From 1952,Explosions in the Sky,,spotify,2h5vYbtbVw2d5Q4wswJgK2
TRMUECU128F92FF235,Yellow Calx,Aphex Twin,,spotify,1DkyfVUQXUhPl5Nu0vGxul
TRUYLIR128F930029F,Belfast,Orbital,,spotify,0OLKfSnEjCLRKUp9xmg3Zz
TRTMIGX128F425DD5F,Golden Porsche,Mogwai,,spotify,3mzUxiGWSBElzItUZMemoO
TROIBCX128E07984B8,Deep Honey,Goldfrapp,,spotify,2R9f9YE5XzV4lCBE4q7FnG
TRMTGRC12903CAC603,Homebase,Dzihan & Kamien,,spotify,0giNQucpKubSZbUPcMnD2B
TRXJZOY128F428BC92,Marijuana,Chrome Sparks,,spotify,1F6Rc2vJJvwHOEn204SauY
TRGUSWN128F422B41A,Around Us,Jónsi,,spotify,0Qg9iTbdSdC7hFMckxdxHp
TRNVBYK12903CAE350,Original Bedroom Rockers,Kruder & Dorfmeister,,spotify,4eMgsZJy1dgzeGRSR64gB1
TRAMRKB128E0788DFD,J'ai Dormi Sous L'eau,Air,,spotify,0Wh17wJx160AHuHRHRXp5Y
TRCUEAD128F92FFC39,Auntie's Harp,Flying Lotus,,spotify,0E23MtZsk2QJDhyNNLj8WD
TRLKDGV128F421A1AE,Rachel's Song,Vangelis,,spotify,032PRXG5E47aJrqoMuyikg
TRBDQIZ128F92EDE8C,Circling,Four Tet,,spotify,1U33VCwivm3GrXN8dxvlt4
TRLGVGW12903CB6D32,The Sicilian,Bonobo,,spotify,2G5JNmqnfYI61NvCSsYdUg
TRYIGTG12903CB6D3E,Scuba,Bonobo,,spotify,0lk1PDn2UsV0gWSy6jFNB0
TRBWWKE128E0784AD0,Felt Mountain,Goldfrapp,,spotify,29gFYO4jj7nN112acpHrS5
TRRMRFE12903CB5400,Night Over Manaus,Boozoo Bajou,,spotify,0KwI2MbHh6KMbWGABpm7CM
TRXIJRV128F427C258,"Far, Far Away",Wilco,,spotify,6uyZDvXO9CQcT0MfQCYtrj
TRLTSRG128F145A6A5,Back And Forth,UNKLE,,spotify,4xUXg02oo6oS0ajxdxs21T
TREMWWD128F92FFBDC,Brainfeeder,Flying Lotus,,spotify,0ElQfyKk1fGmoghRN7lVp8
TRXBVXP128F4255842,Monday,Ludovico Einaudi,,spotify,00SylyNnwRO2uGOrP9jjIq
TRAPLSD128E0781A94,Eugene's Lament,Beastie Boys,,spotify,2jMOtrRVQ23QpDH97Evg4j
TRAZOIH128F14762CF,San Pedro,Mogwai,,spotify,2b2z78Xl4O7YCKPfLXbxVV
TRRHHPV128E078E725,Submarine,Björk,,spotify,1oITaqjmeB4U1qs45VZ2Ws
TRJBZIB128F932DD82,Spanish Armada,Ratatat,,spotify,4yqIzdMW1Ecq6DZ3eVzOo6
TRPNVWW128F92D0417,The Host of Seraphim,Dead Can Dance,,spotify,0cHOra6ly8oAnyFV7ADgDx
TRCSQQG128F931C3B8,American Beauty,Thomas Newman,,spotify,1Hc9rfFRsUE8nyKDnyXg7f
TRUHUWB128F4297EFB,I Am You,Nightmares on Wax,,spotify,5d7tvMoTrlcYurv2eCgwN2
TRWKIEA128F9331D66,Streamside,The Album Leaf,,spotify,4RLDix32rMqaYErXoiYiS1
TRIQOUM128F42819B8,Campfire,Grizzly Bear,,spotify,0BCXn9RpVjqopFs8ODr6TY
TRIALHC128F42B9228,Horizon Variations,Max Richter,,spotify,1r63ijU3FOBgp33Pjafp2G
TRBSPQV128F9316F38,Spirit Fingers,Four Tet,,spotify,0GjeIN6rPIGCfvYQ9zsCQb
TRMWYSV128F42293C2,With Portfolio,Mogwai,,spotify,0oLA7T8PY7rhVoSZKQPngT
TRJUIBE128F149C5AC,You Can Count on Me,Panda Bear,,spotify,0ew562HnGzdiAxwbIIddx9
TRPWZWO128F4281B35,In This Temple as in the Hearts of Man for Whom He Saved the Earth,Sufjan Stevens,,spotify,0ax3USmva6tE4Ngk5vWljh
TRYNZSR128F92F4AC9,Things Left Unsaid,Pink Floyd,,spotify,2cebGDEkFRmNxMWcNJn6v8
TRIMYOE12903CACE64,Fifty-Fifty Clown,Cocteau Twins,,spotify,440hzhtm2kTmiGQPH9flRu
TRQETXD12903D0C3A8,Recoiled,Flying Lotus,,spotify,6nE26UACGb5GDoz5wDsFPS
TRFXXYV128F934B038,Gutted,Burial,,spotify,3SAKDBaRdqzQz5RvX5ijxF
TRNFVBM128F425DD55,Boring Machines Disturbs Sleep,Mogwai,,spotify,0JCeCIBS03gLA3rkEfZdGj
TRMLCLK128E0792AF1,Little Fluffy Clouds,The Orb,,spotify,0AD5jcG57kNcdd7Egkovqx
TRPZCLK128F425F72D,Monster Love,Goldfrapp,,spotify,0z8Ce1cAeaP845eFUuztx1
TRBJDGS12903D0C3A9,Dance of the Pseudo Nymph,Flying Lotus,,spotify,4iRf6daikCpjbmscGxwBV7
TRXLJMO128F424C435,Plastic People,Four Tet,,spotify,3nBC1i4zwo9ul4auU1rgy6
TRBVSRY12903CB6A0B,Look Up,Zero 7,,spotify,1FuJxcc6eB2Kot2m7LtITF
TRRGIJV128F930C330,Marian,Nouvelle Vague,,spotify,2JHqmE4tsAz3MBGHfLMvIK
TRONIZE128F930831B,Sixtyniner,Boards of Canada,,spotify,4sJcrGDqNJr9gLKsTE1a18
TROGOTM128F92F80D5,Start Shootin',Little People,,spotify,4IUgpL0CgSiloUOHzgd6Qe
TRTFFJY128F4273C70,Frosted Flake Wood,Hooverphonic,,spotify,0AzgiOoPJUiU8Q1ud8NhpX
TRYFMPI128F42720DC,Green Jacket,Deerhunter,,spotify,10eJo3GyQO3SMt7oBjw1uG
TRVCYCQ128F42293CC,A Cheery Wave From Stranded Youngsters,Mogwai,,spotify,038QE8VF6ujiIrBDwVRf3Z
TRXOKHY12903CA7581,Gemini,Boards of Canada,,spotify,1M01dPDMkkFTf1rYs5Rf6n
TRCRLST128F14530C9,Thule,The Album Leaf,,spotify,3aO0zL8RaAgolkayyQ4Nbo
TRBOLJS128F92C5A74,Air Batucada,Thievery Corporation,,spotify,1kcaDp2nWBLLeHN5RWr7Ul
TRXNLUL12903CA5BA9,Hi Scores,Boards of Canada,,spotify,4cK52WJ9gD5M3VrJoZvhaN
TRINSNF128F9344DF1,Morning Song,Zero 7,,spotify,2ajlKZ1MVXOphWzD5cl3Ov
TRSGHNH128F92FF23A,Girl/Boy Song,Aphex Twin,,spotify,2JrkJg6slbznYpsxWk9IHk
TRKQVFA128E0784AD3,Horse Tears,Goldfrapp,,spotify,0tY63DDssURx9wkdEiV89l
TRSHASW128F42AB1FF,Madonna,CocoRosie,,spotify,4538SA2lrXgKPOXRImQi04
TRTLVSS128E0784AD1,Oompa Radar,Goldfrapp,,spotify,1f20trxXqODnys2FW2Trnf
TRSUJIW128F9308062,#3,Aphex Twin,,spotify,1D7TUN3EkC5FRJfDY7jZzN
TRPHDLW12903CE840F,2 Wicky,Hooverphonic,,spotify,0EuwSjXlnu6gisdne0vY1A
TRQWCHI128F9334407,0.3,Porcupine Tree,,spotify,28NJbBPk0ggVksbEsCfWgm
TRZROTX128F42720DE,Activa,Deerhunter,,spotify,0au53QS6K5QUVNyLfyTtJi
TRFPUCQ128F4297754,Slow Jam,Four Tet,,spotify,3P5E4WfetaTVMbSRzoFfsv
TRFTKRG128F9325C76,Saltwater,Chicane,,spotify,05c4AAJKIulqI8vQQ41Rch
TRLLQPK128F427F582,Sandy,Caribou,,spotify,2XF86ThTSceBxe37jeFAdP
TRBEOAG128E0796558,Moog Island,Morcheeba,,spotify,0Bsy2wW5BOBZK0Bt9S1YJO
TRJJAPQ128F4216B17,I Slept With Bonhomme at the CBC,Broken Social Scene,,spotify,0cZieQJvVqVUl0PqmNh2Ek
TRXEJRM12903CC7AAA,Jaguar,Mogwai,,spotify,77usMf9weSg5uBP00Cmh5j
TRHFDVW128E0781929,Don't Be Light,Air,,spotify,1vO7cEdUkYHjHuSKg1HdSC
TRVYWNH128F429E99A,Return to Hot Chicken,Yo La Tengo,,spotify,6qpUN8rDsKIq7rLGiTrPFy
TREJXKL128F92DC50C,Magic Love,Bent,,spotify,0gD1aL33YgWH4W7Kthi4FN
TRTQJEA128F42B91E8,Good Lovin Outside,Animal Collective,,spotify,1Snc0htI6UzRSjfkqGPUXm
TRCWJKI128F429BBF2,Röyksopp's Night Out,Röyksopp,,spotify,3ifpdd3tdBnnTYXeUr6P0K
TRAMCDV128F423386E,Morse,Nightmares on Wax,,spotify,165cDid35S2YOTmTW6bHQa
TRRIBOP128F934D0E6,Postales,Federico Aubele,,spotify,0WMSOFttGVcpEK0S0Lml6n
TRRLGBX128F1468615,Way Beyond,Morcheeba,,spotify,0a3kZw1GYePgVs2h0k75iZ
TRVKYBS128F425E784,Edge Hill,Groove Armada,,spotify,0QDg7o5hBQaFr3H5YVRNog
TRUJVBH128F92F8C3C,Give Up,FKA twigs,,spotify,0sIrDvF7pXX967UlBcdc9Y
TRAHCKW128F930104C,Jynweythek,Aphex Twin,,spotify,7etelDpVxaPTzmeZrYo8Qy
TRZKYRD128F14A2CC4,Oltremare,Ludovico Einaudi,,spotify,0BdPae4NnHVphZdBF0uk88
TRDEVHC128F42702E7,Nightlite,Bonobo,,spotify,0uZb3OVPITeKPEpKqS11lX
TRXWMDN12903CA5BBE,June 9th,Boards of Canada,,spotify,0m3cGW8hDGSuRTxoLtFsco
TRAPAAK12903CAE560,In Time,Zero 7,,spotify,24KUUpAqE8k8r6OGzOfM8c
TRUOXPJ128F9308F4B,Ascension,Tycho,,spotify,1fGUwpL7Eqz7mWcMSLnpsn
TRCKRAC128F148F422,Death Is the Road to Awe,Clint Mansell,,spotify,3RoQX4ou3qYEASsuC7YAWD
TRZVNNE128F4230F44,3055,Ólafur Arnalds,,spotify,3wdKBHf684laOeupcjsGEe
TRSXWUC128F92F951E,Until We Bleed (feat. Lykke Li),Kleerup,,spotify,382ol6Yp9nnfvRE2CIuzin
TRIMCMS128F93316D6,Safe,M83,,spotify,0iky2XJfYPL7snO2yvGdVN
TRXPXST128F4262D95,Slight Night Shiver,M83,,spotify,0uAglILcTE6Zfaimil7DTB
TRJVHFX12903CB74BF,Firesuite,Doves,,spotify,0VNZCqwaPxzWPRX2HI4jrR
TROWXOQ12903CFB59C,Reign,UNKLE,,spotify,0rn5fZuR9jXmJarzPgQdQS
TRUGZHZ128F92F1B25,Chaos,UNKLE,,spotify,3TmGInCJsBlWPLIjXbrww1
TRUDZWW12903CD5F28,Montana,Tycho,,spotify,1JR1tkmUrBb1xYA7PlnZLn
TRSYURB128F9316F70,And They All Look Broken Hearted,Four Tet,,spotify,1cRAbycgHXXmCqPwPoL5pJ
TRWZRLE128F146B244,The Other Side of Mt. Heart Attack,Liars,,spotify,0jh4HEKsmQLBQLKq1BdqI6
TRDCTXD128E07813EE,Faust,Gorillaz,,spotify,5AOdFhZH5pBT7zxxHX20JP
TREGWXG128F9317156,Smile Around the Face,Four Tet,,spotify,0TQ7UlSdsWwrBqBS0FaABb
TRYPKZO128F9341FE8,Nice Weather For Ducks,Lemon Jelly,,spotify,1swkFJ90VYPjkPOleS728V
TRMHAVS128F92DDDAA,Scott,Simian Mobile Disco,,spotify,1JTzdU2dO2DFu8AFnZ88eo
TRAWJDS128F4262D92,Let Men Burn Stars,M83,,spotify,35EaJKlY8tsx32p1ds6wM2
TRYXNBH128F427FCF9,Passport Radio,Broken Social Scene,,spotify,4ZqlqUvjwepy6889WL6R9I
TRDSVQX128F146D224,Salt Water Sound,Zero 7,,spotify,0afeqTQ1BXMYU1lZRPybSC
TRAAIQS128F9301078,Kladfvgbung Micshk,Aphex Twin,,spotify,5TlYQXJjhGyMfsA1nxnpk6
TRSGIJS128F92C5A70,Indra,Thievery Corporation,,spotify,44qwhbumtZrqnTrzMGnEqX
TRIPLBM128F933F624,One by One,Enya,,spotify,0IBxIwPdmZvFkdmSZF2gBN
TRPAICU128F1453ADA,Flora's Secret,Enya,,spotify,0yEE7VxJmb7l9KO42JBLE1
TROZGQT128F14649C2,Be Wild,M83,,spotify,0hH2MFhI2WZsdmrhzWe8u2
TRYFDLZ128F42720E6,Twilight at Carbon Lake,Deerhunter,,spotify,0hHO9I1kP99XklsBJdUA6x
TRVBICR128F932DAAD,Brazilian Sun,CocoRosie,,spotify,3hQm2UIYz3xM38bMgQ2SJr
TRCFSVE12903CABAA3,No Ordinary Morning,Chicane,,spotify,0Q92cP6jvwZyi06WiBG6we
TRLJRXY12903CA5BB6,Nlogax,Boards of Canada,,spotify,4twZPBdFpG2AXWrlRqurnQ
TRMGNXY128F9336554,13 Angels Standing Guard 'round the Side of Your Bed,A Silver Mt. Zion,,spotify,63N9MT70cKQvkfpEGEUCr8
TROMUUH128F92C7D43,Numbers,FKA twigs,,spotify,20pmESciax7zZLojLJqhEH
TRJAMBR128F934D989,I Love My Man,Bent,,spotify,0mSnIiRbfiz4oMy9YVg1xV
TRLLERA128F4284DAE,Childhood,Beach House,,spotify,07gvkzUeXwQemBcZYt5UIF
TRKDAFD128F9336376,Slomo,Slowdive,,spotify,0NMoL8gXM7GJAdSEX14mY6
TRECQDQ128F92EF309,Ljósið,Ólafur Arnalds,,spotify,4jm1Ymkrtazz5PIvpHrAJv
TRCKCWC128F425DCF1,Sine Wave,Mogwai,,spotify,0k5YDcmuVqg3on5U9wcMX0
TRAKDPN128F930B078,Hooray,Minus the Bear,,spotify,0Qnp1BQ8vtxym7QpXAU93m
TRLFQEM128F92F070A,Dietro Casa,Ludovico Einaudi,,spotify,01GzimCcA1gC66XcSHhvO3
TRJITGN128E078637E,Hotel Intro,Moby,,spotify,1gLR6ByvOPHzh2luJQSjcM
TRAKKTI128F42B4F25,Two Silver Trees,Calexico,,spotify,0KHven1R2w5aJgAyIacGiz
TRCSEPR128F931930D,From Home,Tycho,,spotify,0743Icq3ZNTk4VTplccxe6
TRULWVU128F428CB26,Blade Runner Blues,Vangelis,,spotify,3nqUfLiGPkW7ZcPnUjKlrL
TRMNKFF12903D06EB6,Lay in a Shimmer,Pantha du Prince,,spotify,0cl0n2q47RWh4n1JYmiVkq
TRJPYRO12903CE8278,Don't Wait,Bonobo,,spotify,1x6fQ08Smj58AYlSchDMVV
TRJCMPD12903CBE056,At Least We Tried,Moby,,spotify,2KIs3gkVXuoNngx1KLwChM
TRFPGUR12903CC27BA,Adieu,Enter Shikari,,spotify,1kImXoWQduSW5SShYzl4KS
TRJCVKD12903CF562A,Immunity,Jon Hopkins,,spotify,1wev6SJvXRjNnnE2ca4vbz
TRLLRIV128F425131D,Pirates,Burial,,spotify,3EOTCtT8kLSCsM04R2fyuF
TRKBWFM128F93028E6,You Know What,N*E*R*D,,spotify,0V2AUdkzX2HW8TkgwuGTxV
TRYOPRP128E0786383,Where You End,Moby,,spotify,0exARdjbowHg0T7shlhXih
TRXRTET12903CCEBCB,Ancestors,Björk,,spotify,0VpoMM2t120lHTQ4S5fhZn
TRYMQCF128F934AC15,What Would I Want? Sky,Animal Collective,,spotify,3OzBfEIRte9W7pUnrN64aL
TRUEBXP128F4295443,The Lucky One,Au Revoir Simone,,spotify,1KpuWb0uPEzSM2PIh5JIwI
TRECXXM12903CAC924,Fog,Nosaj Thing,,spotify,6VPwlEWUcNnnR1CSH9UAbT
TRJBWYR12903CC579E,Haven't Got a Clue,The Flaming Lips,,spotify,0FcRGA5YHTajyCYsdCxNF5
TRRIAKE128EF34A5EE,So Sad,Gregorian,,spotify,1JfDfNfCh2PNKX1KkLFsk8
TRWQOGZ128E0781928,Wonder Milky Bitch,Air,,spotify,1EfWyN6MM2jkyHm7yZYi8b
TRCPRDM128F9302587,Shadows,God Is An Astronaut,,spotify,57VIuHeFcNikGqUOITAg79
TRGSLPH128E078192A,Caramel Prisoner,Air,,spotify,2mdCyvOLCkTQUuTTclUXCv
TRSUHEZ128F4242E9A,Sweden,C418,,spotify,4NsPgRYUdHu2Q5JRNgXYU5
TRMLJAE128F932624E,In Motion,Trent Reznor and Atticus Ross,,spotify,50CgC2wKmbWm4WLQKY87oP
TRBMCEO128F934BC1E,Fallen Embers,Enya,,spotify,0lvcVCCEpjn9titFA3lSis
TRLQIVN128F4293F75,Elegy,Tycho,,spotify,07f1e12HKiEji6KyeLrLiq
TRBSDYE128E078BB58,China Roses,Enya,,spotify,1ArsSZRWknVciDgyMmOObr
TRSLGEU128F92F614D,Cyborg,M83,,spotify,1cB9rln8xRZxfGeIu17gn6
TRUGCGI128F9308B67,Damage,Yo La Tengo,,spotify,2D3iWTrJxz5sgj8VZYAsjt
TRRNTHU12903CB0320,L,Tycho,,spotify,1Wn95kJbF6FU4aiD8KapMn
TRRNOUT128F425DCF5,You Don't Know Jesus,Mogwai,,spotify,1WBNgnLkcaB4cfEasGrR6y
TROMSKI12903CD9FEC,Crazy For You,Slowdive,,spotify,3gcIqknhltPEuekVMrP25o
TREXNUE128F92FFC12,Golden Diva,Flying Lotus,,spotify,1q9aXCAu3ffgFLQkRhomsX
TRGCBNZ128F42AC944,Sunworshipper,Mylo,,spotify,1HDWClqZC8Mjy6ruDgnML3
TRQDMNR128E0781926,Sex Born Poison,Air,,spotify,2NVHxR89RDACrAPpckPfkN
TRXHQTA128F42691DF,Amor,Yonderboi,,spotify,0HXkZxflii4wsif1fBhyiS
TRCEQQA128F92F48B5,The Mass,Era,,spotify,17iycEiYuuXtcttJLxpkEp
TRWREBK12903C9F711,Cold Earth,Boards of Canada,,spotify,4LF9jbBeDeAI41yxHMSimZ
TRMOBOG12903CE3961,Seeplymouth,Volcano Choir,,spotify,3pJa7qpAhXYVmIAojOHhy6
TROTWMO128F42B9238,Iconography,Max Richter,,spotify,04gW4W5ziYM3cvdJoDYqQo
TRWOKIX128F424F95A,Amo Bishop Roden,Boards of Canada,,spotify,1oeovPFdMfedh7VpbXg6YP
TRRMTLY128F4267470,Song to the Siren,This Mortal Coil,,spotify,4HKRis2qSgN8bW33evjDAa
TRRIQMH128F934B6D5,The Big Picture,Bright Eyes,,spotify,2XP50Utis4tHT0kJiI9usu
TRPHDFT128F92C5A75,So Com Voce,Thievery Corporation,,spotify,1f0V4eqYAmy1w7eyIOov2z
TRBHILV12903CB6655,Modern Drift,Efterklang,,spotify,0ArfB9AX7OI6XOWkkfd2PG
TRUPEQM128F42702B7,Kicks,FKA twigs,,spotify,15iSTbfKnVWdIDxEdXE8Zy
TRZJHGG128E079655A,Never An Easy Way,Morcheeba,,spotify,1c1KODqYVJlTlo04i0PoGu
TRXMNUH128F426EDD7,Learning,Perfume Genius,,spotify,3scfwRRc7uKibvGMa1yiwG
TROIHOI128F428ADAE,Anyway,Télépopmusik,,spotify,1c50ZrgKs9uTyShlcMH5g6
TREXZNI128F92C5A6F,Le Monde,Thievery Corporation,,spotify,1Egz4yOAaoWmIrtLjKBn6E
TRILKFN128F4243524,Rosa,Grimes,,spotify,2C0NwrvqLVOm6iHIt78NAH
TRAWAHT128F92FF8A3,Acrid Avid Jam Shred,Aphex Twin,,spotify,3Bp478Itxv8gxqqEcf8HRL
TRLJLIW128F92E4802,Pale Horses,Moby,,spotify,0F12Uq4148i5DMvQ3h8VFc
TRKRKGG128F9331034,The Disconnect,Tycho,,spotify,09OkxeLUm8G3a2FyWyUfAM
TRISQCC128F9335B18,Into Black,Blouse,,spotify,3C89QQVBDQzmfyD7St9JS3
TRRFSHT128F42AB17C,Probably,Flunk,,spotify,0oZ9VSVaqTilDkB3b1g0te
TRLAISL128F933A23F,To and Fro,Architecture in Helsinki,,spotify,6GwT77zlWSSWF0hRyq4VsO
TRCWMJP12903CAB227,Reversing,Four Tet,,spotify,08v3DEUswSwEPs2oMOOxNb
TRYJZXV128F93095BD,Great Escape,Moby,,spotify,2HgUpCvEQcJVtw2pf6IR3L
TRBOMEV128F934EDF5,Entropy,Grimes,,spotify,5li3FHS5s9V3l4xWsUcmQa
TRRPPSL128F930B0EB,Ataraxia,Team Sleep,,spotify,0yzjqS9Ya9tE0QAYizgpNe
TRAMGZO12903CE3963,Dote,Volcano Choir,,spotify,4qtZSrdq0pquVLZvVpiLmo
TRAFEPZ128F42902A8,Hljómalind,Sigur Rós,,spotify,0nGdyY9gImsPcJQiVq8Dbp
TRGWSFM128EF345D17,The State We're In,The Chemical Brothers,,spotify,5cTitgnXxwBuRUJMEnEgtk
TRWJXFQ12903CACE32,Beatrix,Cocteau Twins,,spotify,0NBMXGfJqNpenKUNVLQ85T
TROJGKM128F428BB89,Treasures,Thievery Corporation,,spotify,2vfyLQGs0LkJg11eNJpxwS
TRFRCRL128F93011CD,Meltphace 6,Aphex Twin,,spotify,5c9rqdpSp3nUYZ2luRCGte
TRUHIZL128F4230F3D,0952,Ólafur Arnalds,,spotify,3CYC5Gvz8YHjatWPbEhbz9
TRJATZC128F421878D,Writings On The Wall,The Album Leaf,,spotify,1XsLz6xsvEbOEIgBNzHSCV
TRVSNVU12903CD501B,New world,Björk,,spotify,04Tta9rZZ6PvgK2F5orwpJ
TREXKFD12903CE3964,And Gather,Volcano Choir,,spotify,1sItaNlpU0EpTuHsLUEnLR
TRYRENS12903CDB316,Darkfall,God Is An Astronaut,,spotify,1Cakklkax3AuheNdkFybeS
TRVWUBH128F425DCF3,O I Sleep,Mogwai,,spotify,3khjohtOfTx45eDCGvonnX
TRXVZDQ12903CC82E9,Virus,Björk,,spotify,0xV5GW7d8u8PhK97UMdd2b
TRLYKLF128F14649C4,0078h,M83,,spotify,0qnxQvomWREJuHbJoVIPfE
TRQBPEC128F92FF8B1,The Waxen Pith,Aphex Twin,,spotify,0dZvL5TDpKiwvZtB49g6Ky
TRUKZBL128F1496F94,Hood,Perfume Genius,,spotify,32w0Pa2DW4vn0rRaDkuaF4
TRASRUM128F92EB233,Heart,Darkside,,spotify,4rYIw7VUMpesYBmNyRqEBo
TRUGNWT128F42912D3,Shining,Peace Orchestra,,spotify,142EqkXHFdaCXLAJWIylJy
TRAYAKZ128F14ACCBA,Main Title,James Horner,,spotify,0szqatKESGv8vqgk8YTLIM
TRKSBTA12903CF2843,Sing Sang Sung,Air,,spotify,1xtQRpWyDpm1RDsDrgI1Z0
TRREXXW128F931A117,Mouth's Cradle,Björk,,spotify,0ILdWEVzjnEBdPf3IkmtqU
TRXQWLS128F92F3FE2,Drifting Away,Faithless,,spotify,0EThKNkADh3PEhCKoy8FsE
TRACPEN128F4293F01,Stay With Me,Spiritualized,,spotify,0bSvdm3BrbP9vlTYRIvdPp
TRHJGFY128F14655F5,Principles of Lust,Enigma,,spotify,3QFVziLXelowYZ6lMidcm5
TRNOGGS128F426CD4E,We Flood Empty Lakes,Yndi Halda,,spotify,0Nspo9lzpBjTaAzgJ8AIp7
TRYSRKH128F146A46C,Silence Must Be Heard,Enigma,,spotify,06YQULjJuHlACCU2LYL055
TRWGCNY128F9319405,Let Me Back In,Explosions in the Sky,,spotify,2x6lBRFMER77w4F8Qdis1d
TRGRQIO12903CC05B9,Telepath,Boards of Canada,,spotify,0k8fnqsE4oIgA1rG2Fi2Wm
TRPGCOY12903CABAF6,Normal Song,Perfume Genius,,spotify,6rJkpnkWhjoh453uODgLfA
TREDDGU128F92EF2FB,Erla's Waltz,Ólafur Arnalds,,spotify,5PJNg1RW7SE4opZbBczDvB
TRJWKWU128F426FA06,House on the Hill,Beach House,,spotify,0hSorm57pBUWYXZLC52opy
TRYYNSK12903CB47DD,Divine Moments of Truth,Shpongle,,spotify,5z0QLEpkbUh00SevSuYxOh
TRMXDQL128F42318F4,Muscle Cars,Mylo,,spotify,0sXEZFf5KIOOOMV5LrjVMz
TRINVUW128F92C2EF7,Who Is It,Björk,,spotify,2yqucO2bR0Hcj5hWpZ0sDW
TRBAFVP128F9300C01,Perverted Undertone,Prefuse 73,,spotify,0DjzUUdiltvAnYSwdhTbms
TRUNWZC12903CBD376,Route 666,God Is An Astronaut,,spotify,3IswBxvt02vatMuHhY8nTC
TRIYOKK128F427EAE5,Dice,Finley Quaye,,spotify,1PopEXbkCp6kYSm80NolN6
TRNXCLO128F427B23F,Chocky,Mogwai,,spotify,0nkVSg7F8HxuGpoH5BJWk4
TRXVINP128F930A297,Remembrance,God Is An Astronaut,,spotify,01zzQaYXcDRdkhsk1XMObl
TRZTKHG128F93011B8,Lornaderek,Aphex Twin,,spotify,0wO98kwaiREiZwIUV9TaAH
TRYQSBI12903CD4396,Dorset Perception,Shpongle,,spotify,5SBrBmHBMD1FjHZrWdabsK
TRLKGUZ128F930F75D,Father,Aphex Twin,,spotify,0mjBKvFwLHw0h1ACwkB8lP
TRHSIXU128E07848B5,Whispering Wind,Moby,,spotify,0nA7RwOWfvLfSnpxGMjNFD
TRCIVOE128F9350825,Outer,Grimes,,spotify,4idePKyGnwIaDZvBpGeOIK
TRFETAB12903D01E24,Lissoms,Toro y Moi,,spotify,1zMH1yw6XibQTZmtqZVAWt
TROLBAV128F4267AE4,Offshore,Chicane,,spotify,06XttM2edoHFeAUTU3kg9Y
TROQXBV12903CA43A5,Dark Matter,Björk,,spotify,1XWsufK7SQzuD7NAe1zjmB
TRYJMLA128F421DC08,Saltarello,Dead Can Dance,,spotify,3YSSD2ZcDTJKxsy0cd9lV1
TRSWEBT128F9336E7C,Callas Went Away,Enigma,,spotify,4KeRXhil6blpGuroDZ2ot7
TRAUJPR128F92CA3AF,Mistake,Moby,,spotify,0BalaVC6BL2N36lbH8limi
TRIRJRT12903D005F7,Disconnect,She Wants Revenge,,spotify,02BmQE9chWL1ey6I9VbydW
TRXJRNO12903CDA6B9,Earth,Imogen Heap,,spotify,4zXgNwVhtfDrPLjKs52msC
TRYXKXZ128E0784212,Got Glint?,The Chemical Brothers,,spotify,2LZTp4LrvWUwtKr9cfr8aG
TRJGLLO128F425B713,"Don't Be Afraid, You Have Just Got Your Eyes Closed",múm,,spotify,3SUD1V40QU6FWsCc3eLs2R
TRYKYFR12903D01E25,Fax Shadow,Toro y Moi,,spotify,0zRIYpo0IcZGsJ9VzF2o6i
TRKMHMY128F92E95EF,Rutti,Slowdive,,spotify,03wpSoF5jgbHyVcrdvL9t1
TRTMOJG12903D0739A,Blank Pages,The Album Leaf,,spotify,47D774OTQbbGPU6fTMTgya
TRKLIOF128F933653D,Sit in the Middle of Three Galloping Dogs,A Silver Mt. Zion,,spotify,1gXBGzboCu41w2GBYgNPti
TRAYVKY128F92D7F96,The Wider Sun,Jon Hopkins,,spotify,2FrLjVAp4d08fDZ0Q5fmK8
TRHBQAS128F4290E82,Frou-Frou Foxes in Midsummer Fires,Cocteau Twins,,spotify,48nnle9pyE1avnDOR8AZ9S
TRILUPL128F930057A,Pessimist,Wild Nothing,,spotify,0HpCv71nioUPwoHIX2wUEC
TRUOYYC128F92D728B,Skins,Pink Floyd,,spotify,1mMrTFKOROzGNpgsQ31wfY
TRKAGIR12903CA1314,Dye,Tycho,,spotify,08Z3vnfucOMerexVE2RR8w
TRXEIFP12903CE0ABB,Invasion,UNKLE,,spotify,2r7N4CvVygpMCaJJmMff1d
TRKWDSW128F428C875,Honeythief,Halou,,spotify,07dRAdbmVyeWbebhrfYLSk
TRSYWQQ12903D07051,I'm Into You,Chet Faker,,spotify,379ZTBDhoClT7SVNjbDet2
TRAGRIH128F426FE32,Devon,Grimes,,spotify,0GrRb2wxM0LVzdG3WRfYxM
TRPRAKZ128F428B04F,Dropped,Atoms for Peace,,spotify,3UpMuTtzhnVNQGUlfP5zfj
TRJUQIJ128F9316B52,Glue of the World,Four Tet,,spotify,1yhT2KbM8jvwO1DGt3UEvo
TRIRJSI12903CF5B5A,Opus 23,Dustin O'Halloran,,spotify,1T8Y5s4PMRKAD05b4KOyNj
TRZUAKW12903CB6D3B,Magicman,Bonobo,,spotify,1jZ2rukfTETOzYTMyHGeyx
TROHRMR128F930834A,Oirectine,Boards of Canada,,spotify,17wpd7YvJhBP5Vbmoa5v75
TRCQZAC128F932576E,Black Lake,Emancipator,,spotify,6Nfeou4uzrZW1jZ6KUHwai
TREWPIM128F4261B51,Sigur 3 (Untitled),Sigur Rós,,spotify,1IEh9iXdF6w0DO4Cpap7Wu
TRRZLBQ128C71967A0,...Meets His Maker,DJ Shadow,,spotify,09FDnnFoekmu7FMjSG7Va7
TRAIKBB128F428AD73,I'll Come Running,Brian Eno,,spotify,0oB1FDZMc5hfZbb4g9yKVM
TRSPSPL128F427FCFC,Alive in 85,Broken Social Scene,,spotify,0U5asV4YU73OOW4jjoZKkh
TRSTDTJ128F4248E75,Home With You,FKA twigs,,spotify,1lofsKXY29reyN9j0doHFF
TROJWLM128F4271B63,Still,Volcano Choir,,spotify,6jXbkv2tV8ly7173SCOA5t
TRJQNCT128F4273C73,Pink Fluffy Dinosaurs,Hooverphonic,,spotify,0FvfP7OojeDlc3ppuyu8QP
TRXQRIK128F93180A9,Moksha,Caspian,,spotify,1Mi9cnh2KWb4lC8327CRG4
TRGCRZW128F4216B41,Last Place,Broken Social Scene,,spotify,4acUcOXrwRcrzaz0mRaEvN
TRBIIVV128F42A4C92,Shadow Journal,Max Richter,,spotify,13wL7NIQ7VbNRCle36KRmQ
TRDQCNI128F427F948,Mohammed,The Dandy Warhols,,spotify,1YKaWMpuoPFhqFMwMVF4ET
TRMYZMN128F425B71A,Now There's That Fear Again,múm,,spotify,0FG3fYIZk0HTmb9t9nb1lk
TRCPPKA128F9326EA0,Nothing Is Real,Boards of Canada,,spotify,2RCX8RfgJpGRWUADBDdbd0
TRAWNZJ128F9326295,Collider,Jon Hopkins,,spotify,1WXdKJsy5v7BR7C25zL8yk
TREMNUK128F934E969,Dockyard,Paul Kalkbrenner,,spotify,2DQRvIrFTWBHoxnIrh5DIz
TRORSDO12903CE3966,Cool Knowledge,Volcano Choir,,spotify,0VKpDNl5rBrTeplDodZXtZ
TRVMDAG128F931A42A,Midnight Feast,Mr. Scruff,,spotify,1kso4ftbucCeUK4F4q7Nsk
TRMXKPR128F148EAC9,Marble Halls,Enya,,spotify,1bWHNlvBDJYJDjviGeDT7G
TRBJILU128F425A99C,Who Am I,Peace Orchestra,,spotify,6zHjcsZzOMUYLgeIUaQoZe
TRUYAFP128F423EA2E,3 Kilos,The Prodigy,,spotify,03nwLA0atJGEznz6GplFmr
TRXFJTC128F9307AA8,See In You,The Album Leaf,,spotify,4fIRJvW0drfmvYdgEqBdYt
TRMLAPP128E07823CE,Chico's Groove,The Chemical Brothers,,spotify,7JzD3lTV3bWCceb9A1DroB
TRHFFEH128F933A300,The 5th Exotic,Quantic,,spotify,1hmynunVESpBkuPSPLotNv
TRUPVHV128F9336531,Broken Chords Can Sing a Little,A Silver Mt. Zion,,spotify,4gDrS1LE8jj2mLGd0M7v40
TRQUBIF12903CDA5DC,Sentimental X's,Broken Social Scene,,spotify,0nHhS46iH5NqzntlLjOXcK
TRUQYWC128F933654B,Stumble Then Rise on Some Awkward Morning,A Silver Mt. Zion,,spotify,38W81QeAkOxiNcEzusE6gO
TRLWHGA128F9326444,Kindred,Burial,,spotify,00hXgZOU2yu4SPznb75djZ
TROOKQN128E07988CA,Adagio,Secret Garden,,spotify,0aMW4m1hSBXSjWyhm0cPgx
TRWMXEH128F9317169,And Then Patterns,Four Tet,,spotify,08FC4kEaZaM5HmEaAXvuTx
TRBGCBV128F426CD4A,Dash And Blast,Yndi Halda,,spotify,4uIW4qsSFPxKN2bBfdrtYM
TRCFMEZ128F93005C3,Welcome to the Times,65daysofstatic,,spotify,0AIKlb7lhg5xufNmwkMRiU
TRFQDMX128EF3658A8,Var,Sigur Rós,,spotify,16SvKQMsf5zGbOQhFHlUJT
TRPXVMC128F42987CC,Marmalade Fires,múm,,spotify,0oI4EVUXgD7f5WR45Lnpcy
TRDZRGT128F42768F4,Canvas,Imogen Heap,,spotify,4l4cIoNlIRHMdSql0b0wWw
TRMFENK12903CC085E,Good For Me,Above & Beyond,,spotify,04cKfRMOg8eFPkQRTfLom2
TRZBWBB128F92FF626,Collapse,Boards of Canada,,spotify,6cWqe90MDs5ddfFRY10tng
TRABNIC12903CF101C,Solar,Thunderball,,spotify,2vFB4BXR7YXXNW23UV82C9
TRUVWWU128F4295409,Price You Pay,UNKLE,,spotify,0igyA9heehk4jNFvCFT3EH
TRJSHCR128F9301283,Ruglen Holon,Aphex Twin,,spotify,3ILqdMyLiDMcpgCkZAs10v
TREWWBL12903CB452A,DMT,XXYYXX,,spotify,0sNjOxzoRZLZ2UiDLRUB21
TRMVHYS128F423C6A8,Ebudae,Enya,,spotify,2b9FR5aYxmQjIzkauR2MuN
TRQXGWQ12903CD51F7,3 Minutes Of,Moderat,,spotify,6MCWMrg9cXVGjp0pnxZ4ZM
TRXLEEM128F933CE7F,The Child,Alex Gopher,,spotify,0MioScMk1FyffSB0qTMHD3
TRYGSRR128F9329089,Montreal,Autechre,,spotify,4G5lTzfkklIotjt28dhlz3
TROHERR128F4216B2E,Blues for Uncle Gibb,Broken Social Scene,,spotify,3vUt8FJsaJJryTrPoj8rgp
TRDYUTX128F424F981,African Pirates,Nightmares on Wax,,spotify,5CDnDbgSF5mgmQGhlYz2gS
TRRVTCK128F932FB2E,First Snow,Clint Mansell,,spotify,68QYOMnW4SzkdvSIE2EPbF
TRVODQD128F9336551,Movie (Never Made),A Silver Mt. Zion,,spotify,3qRrap3ettgPCXB1rXOGj9
TRTNGWT128F42B921F,The Blue Notebooks,Max Richter,,spotify,05ST29gNqPs6wqLX3YnR4T
TRJAOJO128F92D3F5A,La Petite Fille De La Mer,Vangelis,,spotify,0AnfRYtEwqD10uWAEKZCSV
TRDQNBQ128F9309E09,Left Side Drive,Boards of Canada,,spotify,47wSsypqjVoZ7XaGIp1aOV
TRXLWAH128F422A39C,See,Tycho,,spotify,2AzVcfrWrVQi4N2vmxw0af
TRBCDLQ128F42720D2,Cover Me (Slowly),Deerhunter,,spotify,3h6s9FCAZGo1b1wXDF2T1l
TRGSZLI128F4230F3A,0040,Ólafur Arnalds,,spotify,1G4MfI4XIR0WvNNC1OHLuK
TRPADEE12903CCCF81,I Was There,The War on Drugs,,spotify,2vweEwn1vlWm2uf2uFmrMP
TRNMCTG128F427FD0A,Mossbraker,Broken Social Scene,,spotify,2ecEbuJHO4WIyF3B82yAUp
TROUIBB12903D036F1,Black Car,Beach House,,spotify,1f9lfNIGc2Kd0bylXc7qEa
TRRFJKW12903CAFAE5,Yearning,Mono,,spotify,0FN6VqVDsvCxkDZNC2V3r8
TRXGVLZ12903CC1CD5,All Through The Night,Emancipator,,spotify,1kigYUbiT7cBZLJqaKWhrB
TRGPZOH128F14649C6,Beauties Can Die,M83,,spotify,2mEWdHHVTeeOdOo1jPmrut
TRFVZVK12903D01E28,Freak Love,Toro y Moi,,spotify,0bk9aGycIZrFDfav0I5RnL
TRZPFWL128F429626E,Worms,Yeasayer,,spotify,0c11UsUFQ9MugO24u1zkVE
TRUKLCI128F421A3DA,When We Fall,Grouper,,spotify,79LQUX64oeap9XXWIwjkel
TRCIQEH128F1471812,On My Own,Ulrich Schnauss,,spotify,3aMMb8QdoWKVtQSk3Cd3XQ
TRUMOHB128F4296B3F,Unless,Atoms for Peace,,spotify,7alFGBi594HZ8ndIBhYFUj
TRRIBHH128F422D475,Sol,Solar Fields,,spotify,72c1iKsEgEcfJvsNkv02xF
TRJQCWO128E078199D,M62 Song,Doves,,spotify,1wfXD6Puywfz8jfPXrBJsC
TRUGVGY128F9308381,Iced Cooly,Boards of Canada,,spotify,2Btev3NylHkua0TJK8FiGS
TRXDKDD12903CC8A24,Glory,Radical Face,,spotify,4XoDdGtXBIkDLaGT0t8RbI
TRUFBLN128F932EFFA,Little Bird,Imogen Heap,,spotify,11XMjzsyPB5LYOwMb058bT
TRXJMDJ128F42BA280,Scatterheart,Björk,,spotify,1DFWkY2o07ICiyzF7fQ1fF
TRFNBPR128F9349AAF,Wait For Me,Vangelis,,spotify,0CAehNPvuzYaWydhBvoOj1
TRYMUDV128F930CB51,Under My Sensi,Boozoo Bajou,,spotify,0SEDeWWfOTWnGYXyWXNJZA
TROYBBR128E0791837,Ohm,Yo La Tengo,,spotify,3qG5TkcvkvmdkxJFznQGly
TRZBJHP12903CB5E41,Elysian Fields,God Is An Astronaut,,spotify,17jB9l5pzarLPbvYTTBWvF
TRVIFUY12903CD51FB,Nasty Silence,Moderat,,spotify,4WYkssl2yM6UOcEnPxIVti
TRGBSFN128F92EBFF0,Jet Stream,Emancipator,,spotify,42fGLwbmdlMvpNl1pl2axC
TRRZWFZ128F930179B,Misere Mani,Era,,spotify,14uZ7wpq1J4igJZaS0cSbt
TRTFFMQ128F92F8DB2,Cups,Underworld,,spotify,2YG7ywaxz4iZL2xU136WXB
TRFOGUT128F425A5C0,The Individual,Spiritualized,,spotify,0fyBxkxr2fQtbPxb1NaCVD
TRDAERX128EF34DB39,Worlds In Collision,God Is An Astronaut,,spotify,1A7nrbEpnyxh09wYiJT8I5
TROLYTV128F424407D,Wait for Me,Moby,,spotify,0CFIWsbwvZ9hISvt4lJ5Pn
TRSFSIO128F933926F,Wavering Radiant,Isis,,spotify,7BOSTQY8GCczdygFaYhPVF
TRKYVCE12903CE7DFF,The Light That Failed,Atlas Sound,,spotify,0HYhUkhCv68c7uZ5hmwldT
TRHMAPT12903CE7E01,An Orchid,Atlas Sound,,spotify,1CtyFj4nbhjijdpIO6pVqY
TRLEAPM128F425B71F,Finally We Are No One,múm,,spotify,0kePF8JdAfY2hR4yWZXqE8
TRVOJUX128F93083E0,Twoism,Boards of Canada,,spotify,31hN9r2HwN6fCV4cxddii7
TRTSJZH128F931465B,Maritime,Isis,,spotify,165iK8ai5Jfi2oMWoXJm0g
TRWJKIE128F930843F,Melissa Juice,Boards of Canada,,spotify,3E2tlXF4ByefHk8et8pDNP
TRPMHKN128F934415C,Welcome to Lunar Industries,Clint Mansell,,spotify,48OdPKKEytl27mdfj1awGT
TRVAKOJ128F932EFFF,Between Sheets,Imogen Heap,,spotify,3NLTgRJ9AdiFixo8Ylyf5T
TRBBYXV128F1464453,Elegia,New Order,,spotify,0u2GkRXY4PHBwjUmwsYVFW
TRZQJFE128F9331D69,Moss Mountain Town,The Album Leaf,,spotify,1cWCLub3KclXZC7R9wXTUv
TRFLIUK128F4267203,Digital Sea,Thrice,,spotify,0sDm7IYDj0F47cb4UPMGgM
TRIJOSQ128F425B71C,Faraway Swimmingpool,múm,,spotify,155MLgC6AfxV58uLBiStFR
TRWDPJS128F9336BD3,Tree of Life,Clint Mansell,,spotify,2OPWO9fNI2wZYxTL56ze75
TRCHTIG128F42733AE,The Voice of Enigma,Enigma,,spotify,4gPuYeIEZRutUTkLCpOrdP
TRXLWGU128E0793E91,The Diamond Sea,Sonic Youth,,spotify,3QFQUqMj5UkDcrYYKFA5Vb
TRDEFSR128F426B137,Didjital Vibrations,Jamiroquai,,spotify,0ETFpgbWQCiTJl4Vk1575l
TRCEEON128F92EF2FD,Raein,Ólafur Arnalds,,spotify,3gHs8er76dK0iFOKDiEVB8
TROIDAY128F42B9251,Organum,Max Richter,,spotify,0xyUCEk6IkYMN6asvcavk9
TRIVVXX128F932E521,Familiar,Nils Frahm,,spotify,0d7kHC1NoYwzy8vDKEZP4h
TRUEXUA128F1453AC4,On My Way Home,Enya,,spotify,141UgBlawMatJc0ZlZenA3
TRKOVPM128F4273C74,L'Odeur Animale,Hooverphonic,,spotify,0qchU32VAkE7PoU7zFehlT
TRDPDLO128F427FD0E,Feel Good Lost,Broken Social Scene,,spotify,137Uy6AjiR9mPhfJw19r1J
TRUXGEU128F4229CDE,To France,Mike Oldfield,,spotify,0LcTXFldfLqzQn84r89UAR
TRYIRGN128F92D5E30,Dögun,Sigur Rós,,spotify,4n2RxoMYoLkyVbpE5fdeDV
TRIJKGC128E0783CB5,Pioneer Skies,The Chemical Brothers,,spotify,5QtnIL12NvXCb9FMEEgRnL
TRANRUZ128F934BBE7,Trains and Winter Rains,Enya,,spotify,0mTY034G4adUiZDuaDSfAd
TROLZRB128F14A77B6,Into The Sea,The Album Leaf,,spotify,0BPhaC9Kbf5LRuYiEVKjp3
TRFNWPG128F92FFA2A,Fantino,Sébastien Tellier,,spotify,0OEbOkS3z12jcBX7wYuT8Q
TRXEKSP128F4261A83,Muhammad Ali,Faithless,,spotify,0wUamy2Q36uGJ90Ga3YsqR
TRCOLZV128F1453AD8,Tempus Vernum,Enya,,spotify,5gr5OUyqK5uIG2EouwV6Ta
TRIOCRS128F931F3DB,Camioux,Boozoo Bajou,,spotify,0Z9YCaNHYgChuac9fuhwPg
TRIUHGF128F429B2D8,Closing,Philip Glass,,spotify,2k7sDeTidXMEEN4lxJLThg
TRFVNJI12903CF8A25,Sundown,Boards of Canada,,spotify,1DVWlbMhXHrgWw2SNU2lQe
TRHJBAT128F429E912,Big Day Coming,Yo La Tengo,,spotify,1eXbRoaVapRQMLKZTj7DMT
TRXQZXQ128F9301352,Þú ert sólin,Ólafur Arnalds,,spotify,1sc7nr4cXBBN2PRsxrmls8
TRBOTVG128F14A2CC7,Ascolta,Ludovico Einaudi,,spotify,2Lr1BE3WgyvoOZgK3NHaa8
TRJQWDJ12903CED9C3,Flip,Glass Animals,,spotify,48KSlIKpiGGMiwmnTqumyg
TREPPMC12903CE9509,St. Elmo's Fire,Brian Eno,,spotify,7aKf1JG9J2s41yZ8ptk3pU
TRIRENC128EF359E20,Pelican Narrows,Caribou,,spotify,2zbRTG53ShqwqsC0NLemJ6
TRKHPDT128F148F41F,Xibalba,Clint Mansell,,spotify,785Uvxf6tosqsMbu1yUVT8
TRTKSXO128F427CBFC,Jo,Goldfrapp,,spotify,08OmICPJSK84NAXc6H87XH
TRFNOIH128F4251714,One Way Ride,Hooverphonic,,spotify,2BHR1GO8t7pCcqcYocvpwD
TRURVSU128F426D342,Spaceape,Burial,,spotify,02Pi3fNsyWlnLx9IaSS8e3
TRQYARO128F9343167,Weather Storm,Craig Armstrong,,spotify,03ggLCvtDK6HIOK8EkA6di
TROPXUM12903CD6CF3,Snowstorm,Galaxie 500,,spotify,3yVd9YEpifSP6n2ehXgAbo
TRIOPCL128F9331849,Swing,Zero 7,,spotify,0e53M1gFGQZvfDFgcC95MW
TRFYUOO128E07934F5,Broken Arrow,The Album Leaf,,spotify,0Rfqy2KEprSm4VuEKxhjhO
TRFBDAG128E078904D,Polaroid Girl,Massive Attack,,spotify,0Yl6w9orq12YlirZ5YiaKJ
TRFEFTF128E078EF10,Old Artist,Archive,,spotify,7G6xzn69cnaBooFilyXKVJ
TRSCIKK128F92C4290,Thank You Space Expert,Mogwai,,spotify,0yzeCBgh0dSSO0C1Qv7qUX
TRPAKKL128F4269557,Miss Sarajevo,Passengers,,spotify,2C3RaGRcUWBlgKoLzQvRDS
TRCDOYG128F429E9A5,The Lie and How We Told It,Yo La Tengo,,spotify,1vW135zJomc7eQGhcvB7dc
TRLWPRD128F424FF0B,To Heal,Underworld,,spotify,0JUJ71M4fUe3VnPMgsm0xe
TRMNLLW128F92F80BB,Basique,Little People,,spotify,5x823Kkxfwzs8d6mLgGk6y
TRXGFIX128F9300B31,Soul Purpose,Nightmares on Wax,,spotify,0uVQOHACZJ5gzuvFo9km9W
TRPYOJZ128F146956F,T.N.T. for the Brain,Enigma,,spotify,0Qr3Mrf6ysmEuY06DTzO1p
TRPIGND128F426CD57,"Illuminate My Heart, My Darling!",Yndi Halda,,spotify,1WiEh5LbzMOx8z7gapbGNc
TRIAWFM128F930111B,Gwarek2,Aphex Twin,,spotify,37GmMcVxRYtQsvruXdPfwB
TRWQMSZ128F424364C,Metatron,Darkside,,spotify,2bwaK11vcD0hfsbUBTwzYn
TRXEARZ12903CC98AE,Slip,Autechre,,spotify,6wTXs58QJBjjwWVwX4ECTM
TRXKBIC128F933567F,Harbour,Moby,,spotify,08NFFw0QINmB6oMkRJ7kx7
TRUNIJR128F92F9693,Crystal Canyon,God Is An Astronaut,,spotify,1z9idp0FEZL6xFxvXNA9eY
TRFPFLM12903CDA266,Division,Moby,,spotify,05lUgtyuwArL3IvT0PpX3W
TRVCVEY128F4271706,Thanatos,Soap&Skin,,spotify,3G2ZDbOdLFrSr4yyI6Gq7Y
TRUKMBD128F145C78E,Close,Télépopmusik,,spotify,0ajKu4hPn877TI7vlwaPT9
TRQXWTY128F92C5A7A,The Mirror Conspiracy,Thievery Corporation,,spotify,07A1nEfaACeCYekORJ89QY
TRUDNLS128F933A24F,Sunflower,Low,,spotify,0zhtTDPiMU1s0DZJNRlDXw
TRBKPFZ12903CD435E,Flute Fruit,Shpongle,,spotify,3S6tRvkDL9Vr9rUPsp2Nwt
TRCEQSN128F930151F,Beetles,Aphex Twin,,spotify,2EUNrFW6bKhYWxtE7VZuHX
TRDJFKQ128F9326F4F,Arboretum,Max Richter,,spotify,0ShqMWmD4kvsSyCwReGDAZ
TRKWZIV128F92FEE92,Foil,Autechre,,spotify,07C2MiIIwVUEqcnwXpHO67
TRILNFB12903CB8820,Therapy,Moderat,,spotify,21fzpzrIsCzZZf3tVkgFI3
TRQGPCF128F931C063,How's That,FKA twigs,,spotify,0qIPWC28jSSFtPzjwvM4ts
TRVLJTC128F92FEACF,Nannou,Aphex Twin,,spotify,3sUVNEHBQJSb4qRyQ4ahwK
TRNXUST12903CB5A56,Coming home,Röyksopp,,spotify,1z050MAy1P5SiBSHDS6yMV
TRMTGGR12903CD43E4,The Queen Of All Everything,Ott,,spotify,1wB6MwJMoJ3nMfyycKboRZ
TRXGSUK128F933658F,Era,Era,,spotify,0jwlveNZq0Lm1XgEVJWkL9
TRIZSIX128F42796F2,All the Love,Ulver,,spotify,14g4fbWzMDzBv1pItNmBFK
TRGFQNF12903CBDF14,Second Sun,Bonobo,,spotify,16ikmfoT1249gG3pzPvnYt
TRINABB128F1473492,The Mission,Ennio Morricone,,spotify,0kc6qbXIb1jXxrAHIqTSNJ
TRHKJJB128F1473EB6,If I Could Be Where You Are,Enya,,spotify,0KXpgyL7L8xIpotzpWoUOo
TRYOQOL128F422FB18,Elements,Lemon Jelly,,spotify,3FT6t5o6lOGslevtoNt7OT
TRXFDFD128F427861B,Fish,Mr. Scruff,,spotify,03lVVDeHqoQZKBGTYZbZO5
TRKDNLI128F930C40A,Tidal,Imogen Heap,,spotify,09XOG8iMrDrfpcTLiLnRV6
TRYROVX128F423C23E,A Dream,Cut Copy,,spotify,0vDoaHuSKz892bbn7hAK2O
TRFAWNF128F931C202,Yasawas,Amon Tobin,,spotify,06VODIJZtspYZkfOjj1aHw
TRXKVUE128F423173D,Half Life,Imogen Heap,,spotify,2w4nEj2NbU9EwYiEtFDPJx
TRGNNLM128F42B356A,By This River,Brian Eno,,spotify,4M9rYcYmkWZIIq12Z2nwNq
TRFPSIE128F422A54A,Amok,Atoms for Peace,,spotify,2r4cSpg6mKnb8wBBN5g5hz
TRIPJIJ128F1453AE0,Lazy Days,Enya,,spotify,29K5Ku7NhBIDfDe4CDRXt6
TRBKIHF128F93559C9,Dictionary,Hooverphonic,,spotify,2GGEFbWCsiV3YdPgaUgi7U
TRUMPVK128F93321F9,Stay Now,Jem,,spotify,0TxGd2o3Or11VQmlszCUDN
TROQDOP12903CEF552,This Song,Grizzly Bear,,spotify,3lCt6bp8ZcexirXz55LveY
TRIUHPZ128F145BA29,Ballad Of Sister Sue,Slowdive,,spotify,0rjOegvHN4VzTJ36cTzSCx
TROIJFE128F92D8D70,One Step Beyond,Karsh Kale,,spotify,0CT4OgjLkUJbwYoKtO6t89
TRADYXQ128F14655F1,Modern Crusaders,Enigma,,spotify,0aiAH0rJX9KJzwy3tzPQSS
TRUFPOO128F4235516,Percolator,Stereolab,,spotify,1zBQWzGkEcb1mx74AmeW2c
TRISHIT128F92F59EF,Parks,Four Tet,,spotify,0n0JJFeE94olCwKQZ5LUKD
TRJRQWR128F423EAD3,Katy Song,Red House Painters,,spotify,0oJDhLwHa3na8UpbR6oJFS
TRBFIEK128F92D7F90,Light Through the Veins,Jon Hopkins,,spotify,04ZbcIONrJTCECTaYrheNB
TRGEAWE128F145C78A,Last Train to Wherever,Télépopmusik,,spotify,3P9monJ7I2F4E4EMrOKCCd
TRUFKZO128F93205DC,Any Day Now,Elbow,,spotify,0dkiCJno27wtcDjYC5U7NL
TRHVENP128F932F000,2月1日,Imogen Heap,,spotify,3oP21LzGhEyzDkDpJH9v0c
TRIZBDE128F42398A8,Old Song,Max Richter,,spotify,03iCbEHHWjnTGouDZhptqK
TRUUVGC128F931B470,Kitchen Sink,Amon Tobin,,spotify,0OEQ9B8Id4HNf7tNNqb1dr
TRIOMZE12903CB2DBF,Walking Wounded,Everything But the Girl,,spotify,1ohg4aO1S8h8KcgAy7eIPM
TRXSHDF128F92DCF24,Sam,Massive Attack,,spotify,43XCMRXegofAnwtaFdJi60
TRIEDGR128F92C428E,"I Love You, I'm Going To Blow Up Your School",Mogwai,,spotify,1D8Gojvb2UenNm6rm7f6Sn
TRPHAIU128F92CD6B5,Field,Mount Kimbie,,spotify,60agvjZwS4MO4yhxKodr7E
TROMYMM128F42132A8,Kissing,Bliss,,spotify,0DbYe4bGMFPGzibdUmGivG
TROHBLC128F429D975,Rattlesnakes,Emancipator,,spotify,6i0mXs6UJCtbC4o55uKUDP
TRIIALE128F92CD1BE,Knuddelmaus,Ulrich Schnauss,,spotify,0Pobrg7pAYCd7r8GtPCqxB
TRJWRDV128F92CF3ED,Cicely,Cocteau Twins,,spotify,5c0XXAyJsPWzyBugwi3CYH
TRYIWQU12903CA94FE,Hymn,Moby,,spotify,1dcT7W1sGnk8QV1oP3oVQL
TRSTCHQ12903CB26A2,Seven Stars,Air,,spotify,4cLBOTTeztlJ6D7xEu0XQj
TRXQJQP128F4250F28,Shining Through,God Is An Astronaut,,spotify,1gQJTpmHttinxOFbe2iHlH
TRRFBVD128F930B49B,Fragments,Thievery Corporation,,spotify,0v9wUQHCYYzqBcfL5iHF3m
TRCSESB128F931E79A,Station Approach,Elbow,,spotify,01GCrFA5KbN7wYC02ns7rO
TRNQYLV128F4217C93,I Love You My Hope,Hird,,spotify,0dTu1WPqpkU9nbqMpErdTu
TRNCSZU128F427264C,Trishika,Télépopmusik,,spotify,1g00tks5HfyAxT6LHnaT0x
TRARVQC12903CD43B5,Botanical Dimensions,Shpongle,,spotify,6pNK9a7xLmfpJjQi6nTtB6
TRSLRAA128F429E9E3,Let's Save Tony Orlando's House,Yo La Tengo,,spotify,2Lsk7CJgiN9NBTYIn6mlqL
TRAPODF128F92F4FA8,Please Remember,Deafheaven,,spotify,7gTyR63h4FXXxOIXTZYDzv
TRKNSSE128F92EF304,Lost Song,Ólafur Arnalds,,spotify,2O6TOP79EP7NyOWtPvooVz
TRCXEPR128E078E9AF,Spider Monkey,Beth Gibbons & Rustin Man,,spotify,0goL6ZHSR67GBueoORw9bg
TREBRMO128F1492C80,Horsefish,Amon Tobin,,spotify,2Due2EIHgfgIyv9qEHO4hJ
TRRDIAQ128F92C9374,Aha!,Imogen Heap,,spotify,1ZxbtHcxGJem3r6Rajk4Xb
TRRUHQZ128F424EF19,Primitive,Real Estate,,spotify,011ov0lzWtRkCD9TRnILOD
TRFWMXL128E0792F02,Whitewash,Buckethead,,spotify,2Jhu4lQcNVxGV9W9cT3Wsh
TROQGKN128F92F2A0F,West Coast Friendship,Owl City,,spotify,0G8vwB1TTrRpDnh3UhDU6S
TRCQBDV128F9317160,Clouding,Four Tet,,spotify,1jUGthgw0iCvRIKSVq6uVa
TRLLIUN128F425228E,Entrance,Washed Out,,spotify,0ahzoKTkl2D7gyU6GZ5HGt
TRYRVJI12903CDB1E6,Finished Symphony,Hybrid,,spotify,1BE9l16zR5a232qN7DSqQP
TRKOCXI128F9316B54,Harmony One,Four Tet,,spotify,1BtLEUri7ROn7IC0HnuSdi
TRXQVEH128F92F345F,Fifth Ave,Gold Panda,,spotify,4etk0n2U1adzIr1iuu5yeN
TRYFQXK128F1469569,Morphing Thru Time,Enigma,,spotify,0c0X4p4fER8ldFSHBLRkWQ
TRBIEMV128F1492C82,Big Furry Head,Amon Tobin,,spotify,1NOIIbDFL2xRlUxZQ91V8W
TROMHAN128F93373B1,Calling,Pink Floyd,,spotify,1lPNYqcPgfTK1ssrELo4Ju
TREWJRR128F93144B2,Ether,Mogwai,,spotify,1nUcBUA5xahpjWjR9tAjC0
TRXZUBG128F4288072,One Man's Dream,Yanni,,spotify,0p68QvK1ynLk4MCSVgjfqe
TRVGGCM128F93235A9,Hymne,Era,,spotify,0ixHDkCntIbWNIQu0mVtwV
TRYLITA128F429BC02,40 Years Back Come,Röyksopp,,spotify,40GkVUz0J8aAdmTb2eeKxF
TRGSGZG128F9317172,High Fives,Four Tet,,spotify,08ZzoMOT6LZzuY5azVVwbJ
TROHCBF12903CC2584,Walk With Me,Moby,,spotify,00jgniOfp8oQZA2BmlSDVU
TRRQETO128F42902AB,Í Gær,Sigur Rós,,spotify,2PCJnlB0swwBjk9xBYSJtI
TRSJBBQ128F93296DA,Fragment II,Library Tapes,,spotify,1A60T9pI8l36PofYe4YtZK
TREJWOC128F931A0FF,Öll Birtan,Björk,,spotify,2Nizgnd8zPHmTOOQFSNdva
TRPTJXL128F934AC11,Graze,Animal Collective,,spotify,3EiwTmqzHdgx4XtI7f7fX5
TRDMOMP128F934B4BA,Ephemera,Delphic,,spotify,00HOXKpRUaSfljTWWRwZhh
TRFTKRJ128F14A2CC8,Ritornare,Ludovico Einaudi,,spotify,0LhpqRZN12GbJj17g4NhQD
TRVRRBE128F4216B4E,Cranley's Gonna Make It,Broken Social Scene,,spotify,4KuYKyY4dzMiNdVcKm07zn
TRLJTPG128F9346D85,Weightless,Washed Out,,spotify,2nnQJegvBedTTPo5MwZVSq
TRFPDFA128F4252F5D,Adeline,alt-J,,spotify,1fxdSIUrAwrLK5J2uyOwk9
TRBXXQJ128F92F08A3,On Your Shore,Enya,,spotify,0M4H4fCxvw3ujXDkfb4EzU
TRFUGEL128F427907D,Today Is the Day,Yo La Tengo,,spotify,1MI0EW4ydOfbIYBuOEJ9Kc
TRCUILL128EF3688CB,Wherever I Go,The Album Leaf,,spotify,1dD4cMuFuECAxOoWbir5cq
TRAHFIP128F4259341,Disengaged,Grouper,,spotify,2FMul8UujFx1BfYXcTheLU
TRIGAXW128F423EE89,Rejoicing in the Hands,Devendra Banhart,,spotify,1A2saMxJmwG4G5qwSZVZIC
TRLYYOV12903CC0590,The Carnival Is Over,Dead Can Dance,,spotify,77TAmXdYFPJKl4dRePhhvz
TRLPADI12903CC6081,Kinetic,Radiohead,,spotify,0RVTBm5sbonE3gfsY9Nrl9
TRHNYFZ12903CD22E2,Safe in the Steep Cliffs,Emancipator,,spotify,0XIR6NgMKekKW4nsGLTRIE
TRWDQHB128F931CE2E,After Afterall,William Fitzsimmons,,spotify,1WB7LfqSTHxWWARMCSxpyQ
TRFQZUS128F92F9D98,Lush,Four Tet,,spotify,4KjNEsQ4jkqXwCmsn71a9p
TRXPRHT12903C94F3D,Sola Sistim,Underworld,,spotify,0GyId17ayWB1ogf8cOdfQz
TRFPZKS128F933AEFC,Opening Title,Massive Attack,,spotify,1gGtQbCkZh2N0i4iiWfYhi
TRWDCSI128F92DCFBD,Gita,Moderat,,spotify,0x6NvsJwJNyAL6DF5CrCvr
TRUEAOF12903CD435D,Around the World in a Tea Daze,Shpongle,,spotify,0Eu6mR6EuOUxcVHGgHED2R
TRCISPC12903C9F1F8,Nothing Is Something Worth Doing,Shpongle,,spotify,5RNGOlGqKBawkqLfdJqiqA
TRJGGHO128F9308394,Basefree,Boards of Canada,,spotify,1up4FgVP2VFHNcVn47R1mW
TRIMUWM128F92E95F9,Miranda,Slowdive,,spotify,09up4LZcf0qLctrA9hJDyV
TRKUXXS128F42AC969,Emotion 98.6,Mylo,,spotify,27zPBpzqCNH0Zpp82kPwJ6
TROOESA128F92F8C56,Plains,Tycho,,spotify,1eueYfJA1ADnfghW90xxxf
TRCETPX128F92E2238,Less Than You Think,Wilco,,spotify,2Vp3WT2AaPzysCBnCnHIbQ
TRXVGOX128F1453ADC,Silver Inches,Enya,,spotify,5YNUF9XA2H4FyUUX391NDs
TRBNPYJ12903CEC13E,fountain,iamamiwhoami,,spotify,0Z8t2aioQUddxh04fQKSnM
TRUEDMD128F92C4EEE,Mango,Sascha Funke,,spotify,0Ix7RhjqrUBxSf11Fnwvkh
TRFNEXP128F9303E7D,Wholehearted Mess,Bear in Heaven,,spotify,0B7ttfI8huT4mk2uHWRPod
TRLJQLA128F4215DA8,I Will Find You,Clannad,,spotify,1bUkiL0CBi2oK7oD8qCZAD
TRANWCQ128F4259F8E,Childhood Dream,Anathema,,spotify,2LaOvHoU4WVupBb4bkKlpV
TRKQUXN128F145BA2A,Erik's Song,Slowdive,,spotify,0QwLXiZIF9wFkEGW9INVOe
TRISDST128F934C93B,Motion,Balam Acab,,spotify,0JExELrTTlXBvwYXJGIMtT
TRKRYYJ12903CD22D6,Kamakura,Emancipator,,spotify,2d1VMQTd2j4UjKISuIWuRU
TRZFNYC128F428B534,Rugla,Amiina,,spotify,1eW160u4hiUeFSbZQJWSOl
TRPHJUD128F42695A2,Finish It,Clint Mansell,,spotify,2T7DPSbgzbZZv525SpWbx5
TREAKLG128F9309E12,Heard From Telegraph Lines,Boards of Canada,,spotify,72fa7xnZfwJdH1bbMzeRvx
TRVJSKV128EF35F680,Enigma of the Absolute,Dead Can Dance,,spotify,1W9griG1YfseOBnleLA0zZ
TRXHZON128F92E973F,Nightwalker,Trentemøller,,spotify,1Cwlhi2qfOVsyk6tclLjU5
TRBQKXL128F1458D53,Spirits Drifting,Brian Eno,,spotify,0yczbPfbLPbST3OKK9t25k
TRFIUEI128F429EB79,Little Eyes,Yo La Tengo,,spotify,1ZC3Wsv0JD551TpSnmNRaF
TRUQHNT128F933BCF5,Cascade,The Future Sound of London,,spotify,0yLGDhmqekagzKNsu8PZGe
TRIUWUV12903CE9286,Crawlspace,Caspian,,spotify,1iQw72cYcRseMnH3fMqoP1
TRLJFJB128F423ECCA,Houses,CocoRosie,,spotify,23RalJT2U3L52c3nUwt3V3
TRMVYXS128F92F48BB,Enae Volare,Era,,spotify,0DBATIvQTcU2v3vpXFWigI
TRMCDYI128E078BE17,Our Ride to the Rectory,Team Sleep,,spotify,4IXaR1dkVdm6VC897ROiZO
TRUTKWX128F42BB079,Start as You Mean to Go On,Aphex Twin,,spotify,57tTLNzIMTOkZXL1ztO00U
TRUHCQL12903D05F4D,Tears From the Moon,Conjure One,,spotify,0QAm4WttIo7TJZCzOkVXTe
TRXLGNX128F4230F3E,1440,Ólafur Arnalds,,spotify,3gS9D4Q47UMZjj0m5ixVb2
TRDWTJP128F9337C28,Dark Halls,Au Revoir Simone,,spotify,0F9URUsJNBHclnA2is0TNF
TRYEMHA128F423AE9C,Queer Fellow,Paul Kalkbrenner,,spotify,0Mzza3TEGvtsEo7dJ4wcjY
TRFDCFX128F92D3A1E,Skyliner,Boards of Canada,,spotify,1EN3p7jO1shOkOEamkbyKQ
TRLWSPX128F92FF8EB,Mookid,Aphex Twin,,spotify,0sVgFvEkJ1i95UD8MpfCJy
TROJAXH128F424C5E2,Worthless,Dido,,spotify,0p9LT1frz5CYegfpDPKnG1
TROYKCI128F1468D95,The Dream of the Dolphin,Enigma,,spotify,1BK4P5U99RBR0Vlvueshtp
TRIRVKC128F934D1BB,The Time We Lost Our Way,Thievery Corporation,,spotify,040iQ3kPZmDAFOzlNky6FQ
TRBAMEV128F148C814,I Don't Like It Like This,The Radio Dept.,,spotify,0qAH3O1siYiOj1UP5fLImY
TRMHAXN12903CD4357,Star Shpongled Banner,Shpongle,,spotify,5Az0npMyX1GUu1C75eY7AZ
TRFRJLI128F428F1FD,Rebirth,A Forest Mighty Black,,spotify,2OuSYixlYNVKS8U4E5CohH
TROOPUQ128F92FEF0C,Nil,The Cardigans,,spotify,47WRau78t8U5cVq29jSRnt
TRUFFIU12903CC59EA,Fok,Ólafur Arnalds,,spotify,39FLnoibzunzerxYTLw6iW
TROAFCQ128F426A2B3,I Need Something Stronger,UNKLE,,spotify,14a7zwpTrfjNRhxOSc7wsk
TRNAUTZ128F9336564,For Wanda,A Silver Mt. Zion,,spotify,0paHP9Kv1xVYrDZoQM2fWg
TRDDYTV128F932AD28,Severance,Dead Can Dance,,spotify,22IL9oiAa10DO9tpgDTxvl
TRHGGCC12903CD22DF,Vines,Emancipator,,spotify,4xEIrUbZn1ySRuFbVv6dl9
TRBDHTM128F4228AB1,Lark,Au Revoir Simone,,spotify,1WopY2xuCOSarbONsJxuGs
TROPFXM128F9300AFD,Me!,Nightmares on Wax,,spotify,2r3PVpjai9ngiOA7Cj2VZl
TRIUYXG12903CE7E10,Washington School,Atlas Sound,,spotify,49g7XntQS69Dy8fk1K8Inr
TRYLDGF128F4278567,Clipper,Autechre,,spotify,0tH7mxb2ML1VlOinHRcelQ
TRPUPIT128F42A270D,Passaggio,Ludovico Einaudi,,spotify,0KaXQzfZaoLp3NhLcYSDB9
TRIAHBB128F930136B,Þau hafa sloppið undan þunga myrkursins,Ólafur Arnalds,,spotify,1kMR7QEUuk6pJozPan3OOi
TRKUUEK128F932F001,Bad Body Double,Imogen Heap,,spotify,2rkQtnknRZivK7saBryrjm
TRPEUOS12903CDD460,Caravansary,Kitaro,,spotify,0KPjlS4FgrzEU6CGHex9V1
TRUKLAF128F146503B,Moon Mall,Jonny Greenwood,,spotify,55exCBFaHtlME4BZcdZrT3
TRFSCEM12903CB26A7,Pilgrim,Enya,,spotify,1wVQzI9QHQHZ9hNXwpY5GZ
TRWDWVV128F42252F9,Lulled By Numbers,IAMX,,spotify,1wVvszcZxQGxe1N7CrMu2v
TRDJVSO128E078B632,Tales of the Future,Vangelis,,spotify,21aDHnHXtZqnxqLaD0chkG
TREMEWB128E07919C6,In The Bath,Lemon Jelly,,spotify,2lLOO9wvepcjc9bqH1nGv2
TRVAJVY128F4231930,Pacific State,808 State,,spotify,0C0HkrBJDEuX9fFLtGnkIk
TRSNIDB128F934F93F,Ugla,Amiina,,spotify,0lpHbkj7TqmMRiq6J84Ai6
TRJAUXM128F93221B4,As You Fall,Bent,,spotify,1A1bbNhZFEBLEWZtc0HBo6
TRRJXWK128F92FE2D9,Bad Stone,The Crystal Method,,spotify,0uzL6f5wT1wwStjAwbGo6U
TRWGITG12903CC5AA7,Tiny Tortures,Flying Lotus,,spotify,76MV7OyHilsf3lSjVnkBl3
TRDKHWG128F92EF307,Faun,Ólafur Arnalds,,spotify,6mKr9nBx6qs0kG7rSkITbG
TRHDSXU128F423CFCC,Backyards,Broken Social Scene,,spotify,0SbXT31hjihEBvLIhI8z8X
TRPBVDA128F9327537,Nine,Autechre,,spotify,3aGy3SfQuWtOvzhogvCEZO
TRUDGGK128F92F038B,Altibzz,Autechre,,spotify,2dqLO6897sZKnAAXuOcdGW
TRJDCHI128F93180B2,Sea Lawn,Caspian,,spotify,1HtIiOEBrJbKrI744s0Me3
TRTKOMW128F92E9607,Blue Skied An' Clear,Slowdive,,spotify,38ZKbVHXf2HcJ0KyIc92FW
TRGBJQJ128F92DFAE3,Purrfect,Funki Porcini,,spotify,1J7QTBkmqVWQmMEwcOneex
TRGCAAH128F92FF8E2,Wet Tip Hen Ax,Aphex Twin,,spotify,0BHE7cwodOlQ8ctYFK8NzO
TRJQRHL128F423A68A,From Mars,Gojira,,spotify,0oxx0RAzc9HJAiKpVtQaex
TRCTZBI128F425B70B,Sleep/Swim,múm,,spotify,1d0QOXD1ZfxTjOYlykROD5
TRYWYUG128F426BDE4,War Child,The Cranberries,,spotify,0VimWhCX117PF2iILC0s49
TRCWXTN12903CD43C5,Exhalation,Shpongle,,spotify,78BmRzrZKULnJkhMEmqM7H
TRWOEWK128F92FC400,Criost Liom,Dagda,,spotify,0Ag1zZQrLI3ErWKYg7iFSe
TRMJILC128F4230F46,3326,Ólafur Arnalds,,spotify,0nQxvooG1Nt1OOXdmVCsyS
TRJVBTW128E078199E,Where We're Calling From,Doves,,spotify,4gIyFNy16zEQTzaEvuClkY
TRUDKFF12903CE8387,Brother,Tycho,,spotify,1vhWY9F2OiP68cyisNPXmU
TROJHLB12903CD4307,Shpongle Falls,Shpongle,,spotify,33F3D9Al5ecWuEjztKcDGf
TRXVQAJ128F9316B65,Untangle,Four Tet,,spotify,07x32YcknJlShlCY5ELl99
TRJAQLF128F4243D6A,Sao Paulo,Morcheeba,,spotify,2AAgUikfQ4kTuLEnW5Aqr8
TRJUPFF128EF35C780,Anywhere Anyone,Dntel,,spotify,5CD2roOtEPtuTNEQkDF02t
TRFOXXS128F422A4E4,Touch,Holy Other,,spotify,0JIDF001wAm0sI7x41oqV6
TRLLTWT128F425D7C8,Ultraviolet,FKA twigs,,spotify,1MSLiTqxZBKWgcHZGPGTDr
TRXSJFQ128F42795A1,Cry Wolf,Soap&Skin,,spotify,0Ol1pMPyH3ZsptkVFAzJjS
TRFNEER128F42298C9,Small Town,Morcheeba,,spotify,44zw5iAPAFjVEWzFRbX0xD
TRXYKGL128F425B717,K/Half Noise,múm,,spotify,1DLYgVfg7qM7puDWeY08Ct
TRMUCLR12903CD43B7,Levitation Nation,Shpongle,,spotify,5q720hId3qLgOws8xb7AiC
TRDTUZT128F9339905,Coat of Arms,Nosaj Thing,,spotify,5Jdy3Y2zeKdl7FrQdSgDO5
TRLQUKL128F9301508,Inkey$,Aphex Twin,,spotify,057USazpmJmMYzMkK6pmRe
TRADEOV128F9330E3B,Happiness: We're All In It Together,This Will Destroy You,,spotify,0EIO8ORzhZoYRao0TIjTbv
TRPRLYK128F42AF55F,Need You Tonite,Mylo,,spotify,0cUzQVPMrBSl0UMXjIWu6k
TRCSYKX128F429A5BD,The Dove,Caspian,,spotify,1CL06yVCOj9fqoP4FqQYeA
TRARYVA128F429695B,Said And Done,Nils Frahm,,spotify,0aH8L9ZQ1C4eo4QGSFvLP0
TRSINVF128F93158EA,Native Belle,Animal Collective,,spotify,0QJKwVXki3XrKcN87IfX94
TRZJVCI128F93182E2,I'll Find My Way Home,Jon & Vangelis,,spotify,0ChsqhMkQohGqCfCtDrceP
TRAZCMI128F14557B9,Howling,Morcheeba,,spotify,2PFP9QAfVE4cmPuSflMAfV
TRQZZXP128C719670D,Transmission 2,DJ Shadow,,spotify,0E0KkR43omlzpwTThRdCR3
TRFNULN128F9309E1C,Under the Coke Sign,Boards of Canada,,spotify,6wcu9A6wDcaEOdj5qa0umk
TRILNHM128F93326D5,Drifting,Enya,,spotify,0H7YHOAhCgPqfaLrCs6c1L
TRPEDMG12903CBCA66,Home Again In Eireann,Dagda,,spotify,0thPkSf7Lnw6sJONwcmdgm
TRTWVGB128F92FF901,Next Heap With,Aphex Twin,,spotify,2xgrHMi01LBtWkPEMkGuYc
TRDYYWS128E078EF11,All Time,Archive,,spotify,3MxL36v6vmAMIS83LS8Bw6
TRKOSAQ128F93221A1,Beautiful Otherness,Bent,,spotify,0IiwxDaT3sXm81IRGpmzhq
TRGKWZS128F933A586,Gebrechlichkeit I,Burzum,,spotify,52Lme0Q55mdbf4hD68W9p5
TRTKCZK128F92E973D,While The Cold Winter Waiting,Trentemøller,,spotify,0kMbQ79AV7gr91zfyoZ9sk
TRUMJTH128F425470C,Ostinato,Eluvium,,spotify,3S3TAOOEX6EpSssot3Udon
TRMHZLT12903CEA646,If Work Permits,The Format,,spotify,0icXCKKFfN5LMAsmrz4ZZ3
TRPMHWC128C7196709,Transmission 1,DJ Shadow,,spotify,4fKy9sf6h7YIOpqm6ilWpc
TRFVDZC128F428E4AA,Shine Like Stars,Primal Scream,,spotify,0BrtxPsAIVIe1Q9aM47Gi5
TRCVMQE128F931F493,Elevator,Jaffa,,spotify,7i5ZRYvZjg0YHFI5P1qfsb
TRBCGVD128F93010C1,Cock/Ver10,Aphex Twin,,spotify,1ppw4aUaKKiY43tRMJD05h
TRPZFRA128F146956E,The Child in Us,Enigma,,spotify,6bl2cA03RSC3uodBpq66Jt
TRUBZIN12903CF5B50,Opus 20,Dustin O'Halloran,,spotify,1BDEDuqxCvqGMda7R2VBI0
TRQLATM128F9308C80,Lazy Moon,Groove Armada,,spotify,0uOJR8Oowb5pALmSLKiT4O
TRINHYI128F93299B9,Mirror,Era,,spotify,2AR00dBDzoLqUUreiH90Ex
TRCWHDK128F92FA96B,Logos,Atlas Sound,,spotify,1EKHH3zQEKK28SEpdG8Jqx
TRBUZSS128F9317B5D,Shadows of the Sun,Ulver,,spotify,1vgmu6tsoVphshKClGX56H
TRVYQKH128EF35F66A,Re,Nils Frahm,,spotify,6teNxpsKa9WL8lknJ0b3Gf
TRRHMZG128F930F08D,Punk Rock,Mogwai,,spotify,0cDxzIwq3LYlJWxEXhul40
TRURCWX128E0792798,After The Laughter,...And You Will Know Us by the Trail of Dead,,spotify,2C8Jn5VBOKQtMpYnrzjcHN
TRURIOU12903CD435C,Once Upon the Sea of Blissful Awareness,Shpongle,,spotify,2fbLEmptexovdPSA5TRlMK
TRXSRET128F9316B71,No More Mosquitoes,Four Tet,,spotify,0n2fcA9SkpD1x5Ecqs5lPN
TRJXIGI128F9302A5B,Super 8,Bonobo,,spotify,0fJBnbrWQbJ6HUH34JJMlk
TRQISIG12903CC244D,Ethereal,Amethystium,,spotify,2ij1unJ2nGGkZylPSJTPhq
TRAIUYZ128F425BD2F,Nightly Cares,múm,,spotify,0RqK2pQ1yz8RFK0UMQrP81
TROMQUY128F1492C83,Ever Falling,Amon Tobin,,spotify,46CeJgkvvf74CqrAhnrQF1
TRAKBNF128F421E560,Cello,Slowdive,,spotify,14sViqhDCvG6cPlquLw2oq
TRGSXES128F1468D90,Second Chapter,Enigma,,spotify,1mITvds7JRzV7WJhsnGGpn
TRWFZIJ12903D05F47,Damascus,Conjure One,,spotify,3cYaOzCcsuJiq9ur9GjE56
TRILWAS128F423C160,Beautiful Burnout,Underworld,,spotify,1I61h0TNyzE86dx1tZzj3b
TROXAFO128F92EB063,Connjur,School of Seven Bells,,spotify,03w9zgYXS5WZYvV9GBVCQH
TROIGJL128F934C7CC,The Key,Tosca,,spotify,6jTdDZQHXpxT1FchLu6CLk
TRPZTCC128F934A9DD,The Palm Sunday Tornado Hits Crystal Lake,Sufjan Stevens,,spotify,0aSB7AHl4VlnSXVlaIN3MY
TRMBMQO128F9339623,Flatlands,Chelsea Wolfe,,spotify,3diqzmavbWJdQiIuIbvoWt
TROLSKV12903CA3593,Pants,Orbital,,spotify,0hDLgpNPjZaFCD1T0JotFY
TRIPSEV128E0786BBD,Parade,Air,,spotify,38a3TXsmlfacfj67txcqZQ
TRILVMP128F933159E,Scarborough Fair,Sarah Brightman,,spotify,03t7xWAeEahiQs2IUQVx9G
TRDHGAS12903CD4308,Monster Hit,Shpongle,,spotify,1GEKc8wS1qUP2hkpSeT0wt
TRUYPAO128F425E794,Drifted,Groove Armada,,spotify,0hPf869NLEMUaTuBGwqS2u
TRJKNCE128F93297E2,Scream Pilots,Moby,,spotify,0FDfprQXAdgit2bBadl9Mc
TRYWUBH128F92D7F6B,The Animator,The War on Drugs,,spotify,0SsNPptC0tszddJc6bhl3g
TRQQQSY12903CCE493,Shallow End,Morcheeba,,spotify,5Y2H3AFPi2i1o9USnpNOX6
TRXBUXX128F92CD1A3,A Letter From Home,Ulrich Schnauss,,spotify,0wFTVsfQXLoULxk8WUFBBV
TRJLORC128F429596A,Miss Clare Remembers,Enya,,spotify,1EtDirwsItquhCrqtC3pOn
TRVHULU12903CB5485,Fleur Blanche,Orsten,,spotify,0NCyuzDSokNxaTsSHc7GLO
TREALII128E0789055,Confused Images,Massive Attack,,spotify,20gb8wYm1ztNNC81DfqeEq
TRDZNNI128F932A67D,Make a Wish,Conjure One,,spotify,1HtgG0Byt5LzV1Ky52pueE
TRUHQIG128F14B08D5,Windows,Deafheaven,,spotify,1NClfLPFneHXcvHSkF64JK
TRYPQWV12903CAFC5F,Two Dots,Lusine,,spotify,0afiyQoFVHrD9k4od9Jyvo
TRCUXNC128F4291758,Nefeli,Ludovico Einaudi,,spotify,03MuKUoB9LXeN6RsV4yQbt
TRXOXRY128F92F87BB,The Winter,Balmorhea,,spotify,37LPjPC6eTSV7qT2M2Wa5A
TRJRBWA128F9317175,You Were There With Me,Four Tet,,spotify,0j2JTcQHjhUmV3uZuuOVYX
TRMYZZO128F9325B21,Cool Blue,The Japanese House,,spotify,0Lbe98RKWwBbu1sipPSa4n
TRJBHPW128F428B53E,Sexfaldur,Amiina,,spotify,07yrGv3KM1firPPAt2ASSX
TRCWTLX128F9353D7C,Swan Song,Grimes,,spotify,1kCB1zSVXUYZ3y5efhzH62
TRQFAIB128F4262D85,Farewell / Goodbye,M83,,spotify,0ldrZdOXKxH0HWqRdQh4FL
TRLMPJT128F42A7562,Seagulls,PJ Harvey,,spotify,257mtYW9XcDEzgOA20M2dZ
TRYEWXV128F425E773,Lightsonic,Groove Armada,,spotify,02xYBdqRI1fD55bwEfPTQX
TRTNSGG128F931A655,Mighty Micro People,Amon Tobin,,spotify,250ZvCPLrSTOWS06p8t3HJ
TRUARQG128F93180CC,ASA,Caspian,,spotify,09OUvNReqaqFXYVfKreQjd
TROIHPD12903CD6D13,Leave the Planet,Galaxie 500,,spotify,0ZAzATo0uLINhFnPozlGMW
TRCQUVK128E078E9B3,Rustin Man,Beth Gibbons & Rustin Man,,spotify,31oInpuZqABVyibO32JB4M
TRNCYEJ12903D09168,Before We Talked,Gold Panda,,spotify,2kHG8spK2c98MQXuuApBdV
TRIVNLK128F92F7DA4,Black Sun,Dead Can Dance,,spotify,0BsgS408KPy7rDAxXa3hpH
TRTFNJE12903CA6571,Time Lapse,Ludovico Einaudi,,spotify,07fynzlBq7ltsOYSx6cC3A
TRAXDFV128F93180C0,The Dropsonde,Caspian,,spotify,0vImLwGWIQWCEF4q4wIaiG
TRNIPAI128F93297B3,A Seated Night,Moby,,spotify,0b31r7sUwl86A1qJ7hyo0M
TRZARMT128F93098BC,Eutow,Autechre,,spotify,2Y1z54YDD3qkrPvxW5NhJZ
TRBPRVC128F4260389,23 Lies,Death in Vegas,,spotify,3BMiDc6whLQbxR99PE7HSR
TRCTSVN128F423C31E,Aldebaran,Enya,,spotify,4f5kexHZAQh0OC2bgXiULy
TROIJUX12903D06EC9,Welt am Draht,Pantha du Prince,,spotify,371phoS1Sumwnt6qX5DMGE
TRXKKMZ128F429AFCE,Stay Where You Are,Ambulance Ltd,,spotify,1LoEh398Ax9d1ZzNW14d20
TRAHMOZ12903CF0D7F,Sentinel,Mike Oldfield,,spotify,1IP5cGry5ni79EWFrowQJF
TROCVJH128F4230F41,1953,Ólafur Arnalds,,spotify,3RlWtR5JbfbywWpWoamkBt
TRCLWOD12903CB893B,Love Theme,Vangelis,,spotify,1mx52Cx4sOLVf7jKuqxBBK
TRXYTHU128F92FF7AF,Ralome,Plaid,,spotify,1XLeX0E7yeFHrSkTgVNtMm
TRJOXBS128F42669E2,You Are All I See,Active Child,,spotify,03r6jiModnKvMkc4Sj4war
TRTIULO128F4251473,Some,Built to Spill,,spotify,2CuaKXOJF6pxdYVZyZG40w
TRYVEZL128F92E3898,The Storm,Doves,,spotify,4mEkKK05hFx5o0Z2Wlwaok
TRCBJHA12903CD4359,Room 23,Shpongle,,spotify,5oM4v18VGT9fzzmUkRwn51
TRACWHF128F14557BB,Enjoy The Wait,Morcheeba,,spotify,03n4bUnpUCW2OIs3qvccjo
TRDCVAI128F1473EC6,Water Shows the Hidden Heart,Enya,,spotify,0mMZG7eMJPxRvsPbyvsBr5
TRUFKAG12903CAA7B3,Bad Luck,Hot Chip,,spotify,25Jmk6iGx7T60zJPRC1Zcm
TRYUEOW12903CB8C4D,Hallways of Always,Ulver,,spotify,1qOEomNmdkmM2pyCNdAxP3
TRXPWZN12903CD43B6,Outer Shpongolia,Shpongle,,spotify,08JbOQGSzcVVIHv33i8TMz
TRCXAAU128F426464D,The Past,Vitalic,,spotify,5O5GsT0VdhLNeovUMohPC1
TRSOLJD128F93146D9,Over Root and Thorn,Isis,,spotify,1GAmTtVnmKhAHyP9NCTdOY
TRHJZKB128F428B538,Seoul,Amiina,,spotify,1gmngCdk2hsfg0FJdsPBo1
TRZGBMR128F935482C,As I Moved On,Blue Foundation,,spotify,1ssVPZetldKAKUrNZbqWdN
TRNLCHM128F9316B77,Tangle,Four Tet,,spotify,1Jd4Rxdgvbepk09X5rzLFh
TRUQJPQ128F1489D1C,Bluebeard,Cocteau Twins,,spotify,26pVQIOHumc6UbhRnMXADd
TRYQKYS128F146AE33,Saboteur,Amon Tobin,,spotify,0EepaN4mXg2iUc9dOgwhhv
TRAGSIT128F426F746,Isolate,Moby,,spotify,0HJ2BDnKlsP6MGo1cZYLV3
TRFQICA128F424D4DF,Elizabeth,Team Sleep,,spotify,5U77mWepweE43tbBhGJeea
TRHJFXU128F1456C7A,Stanley Kubrick,Mogwai,,spotify,00IKAAajgz36MkWxrkZEHg
TRBYCLG128F4260A8C,Evergreen,Faithless,,spotify,0AZrR3CCUYAPtIeEZhUlHG
TRTAXEW128F146503A,Moon Trills,Jonny Greenwood,,spotify,6kyC8h3hpORkVmZFVIsPmV
TRDSPFR128F1468D94,Silent Warrior,Enigma,,spotify,4aqm3AXpo7MI7qET8ZURxD
TRIXKKQ12903CCE495,Coming Down Gently,Morcheeba,,spotify,1THrjOqYA1chA9ku0g27wP
TRAKVSD128E0789059,Red Light Means Go,Massive Attack,,spotify,0AWH0LXZhiK0OvxCxVQlta
TRBAHOA128F92EF90B,Your Mouth,Telefon Tel Aviv,,spotify,0Kt9nlTmo1FFX7L7VOiKxM
TRUYKMW128F93146DB,"All Out of Time, All Into Space",Isis,,spotify,4AFNASbKO8bACa8C8sMP9l
TRUTRVZ128F422C116,The Summoning,Linkin Park,,spotify,2R1PDwtngmzEMgigHCP1VM
TRVBEPG128F931A0FC,Vökuró,Björk,,spotify,4yVWBsMlwbCdRNILhD2yFj
TRRFOZB128E0789072,I Am Home,Massive Attack,,spotify,0aH36wK5r26yyaZiK3RtEx
TRLPHED128F4257FF5,Lionheart,Emancipator,,spotify,1MfZ0TFSbzeWtZSZWlScxz
TREAXNW12903CB0B7B,Seamless,Archive,,spotify,02d6XJcUo4UbnATGiSkhdr
TRISPFY128F4258110,Marco Polo,Loreena McKennitt,,spotify,0Teg1PzUiEIpeKhiuMje7U
TRZSHLK128F1465A6B,Last Saturday,M83,,spotify,00jaVq2l9ASHks3yPt8edY
TRXDEET128F425D37B,Siren,Emancipator,,spotify,4NB5SS3LB9hoYz47V3enYk
TRFNPEY128F428CFB5,Silhouettes,Swimming with Dolphins,,spotify,7yJYpehw5rztlpMAZH896v
TRLREUO128F92EF301,Allt varð hljótt,Ólafur Arnalds,,spotify,6Fl2crSZrAJPkXpfNzh6Pe
TRCFQJO128F92E95FC,Trellisaze,Slowdive,,spotify,2THQ3U3sbjHmAeXth1Xa6y
TRFSPWA128F9331A14,Interloper,Carbon Based Lifeforms,,spotify,1nbxaFALcmHQ1SrbcWl934
TRLXLEW128F932546A,Glitch,Autechre,,spotify,5Jei9M7m8TZwYyKOxYdzoy
TRPSYWE128F9316B81,You Could Ruin My Day,Four Tet,,spotify,1vmFHgKSYZQ9R6HtP5UkDG
TRZBSZF12903CE6387,Where Am I,Mono,,spotify,2USblE7DcKhqEELttB2imd
TRRKGME128F934D0A4,New Year's Eve,The Walkmen,,spotify,1HFaIpjLMnT3I37uqFasrW
TRDYRIK128F9317174,"Sleep, Eat Food, Have Visions",Four Tet,,spotify,1NczSFBFY7Df25BNBqkiGK
TRSNCIW128F14557BC,Col,Morcheeba,,spotify,4XZ9hQzKr4hUf2IRzwqxfG
TRBRDUK128E078906E,Everything About You Is New,Massive Attack,,spotify,3VznRp7eGvoQhgRKKB0FZR
TRSNTFI128F423F070,Shaolin Satellite,Thievery Corporation,,spotify,35uzCegY2dxHFkeUJ4sBxq
TRSJBPV12903CB8C4C,Porn Piece or the Scars of Cold Kisses,Ulver,,spotify,0bO0irGLBkgWobyvVQKJ8m
TRNHULM128F425B70D,Green Green Grass Of Tunnel,múm,,spotify,2P0p37wIpFQGBUnaV6dAHG
TRIOBNW128F428F421,River Card,Atlas Sound,,spotify,13iBrpCL26CEl6K2XtZwsS
TRLPUCN12903CD22DC,Bury Them Bones,Emancipator,,spotify,3jkRh3GlVCbFa5pKq1meUA
TRVOOLP12903CD430A,Shpongle Spores,Shpongle,,spotify,2j9YZ66Crpyi9Zd16Jut7j
TRUKRLC128F92E9B58,Pop Art Blue,Zero 7,,spotify,0YbRvHQTBiFTurz4RqJXXn
TRXVENG128F4262BF9,Family,Björk,,spotify,02N29byrV4YRTYcbM7vfRp
TROXPQJ128F42625AE,The Air,Modest Mouse,,spotify,1PYf0XPzZApI5kKefLGXf2
TRLRPQB128F425EB2C,Estate Sale,Eels,,spotify,1uG0OD52PteRWkCLv0RF3M
TRURAVB128F931C3B2,I Lied,Telefon Tel Aviv,,spotify,1nwCuQttym4xgSBBPNRteB
TRMPQWJ128F933A56B,The Crying Orc,Burzum,,spotify,1MGSbE4IoSOdRAiqBZpfiS
TRLVXLE128F425ECD9,God Is in the House,Nick Cave & The Bad Seeds,,spotify,28F2yBcxEFtdElKTjIDhjX
TRPATYP128F145A887,Martha's Harbour,Celtic Spirit,,spotify,46AQL07Gxie96Jc3s9TCSN
TREQUCG128F92CCF39,Classical Records,Department of Eagles,,spotify,11TwaVcT3DhbzmqJM6VE4D
TRXCRRR128F4282253,Silver Wings,Thrice,,spotify,1f4LyTlheeVIUXndHJakbH
TRYNQER128F4246870,EM Ocean,Modeselektor,,spotify,2lGNTC3NKCG1d4lR8x3611
TRRZOCA12903CE2106,Our Prayer,The Beach Boys,,spotify,0d2F0N5Ozea9iOM1ol2TYX
TREQFHS128F42378EC,The Way That He Sings,My Morning Jacket,,spotify,0RZhyGYpy1F0z7SiFaNUq0
TREGBAH12903CF9BC0,Swords,Leftfield,,spotify,1oHiKfRmA88RYPDNL9Xlzf
TRLTOEL128F931E7B9,The Stops,Elbow,,spotify,234iWzN5hlStiWp57uRz4A
TRDSTJK128F425A098,Swingers,Faithless,,spotify,12ojNGUI8KU6F0KWkcW9zJ
TRSRMRF12903CD5210,No. 22,Moderat,,spotify,0zCgdJcyJ6hB234FAC5vIF
TRNZKRV128F92E9B55,Mr McGee,Zero 7,,spotify,258D3N0JuTdhWY61ecaVyX
TRGPMRM12903CC5B10,Troya,Rue du Soleil,,spotify,2bH1Xkq8mwMuy9pid65HOG
TRBFLZY128F428FF2F,Witness,Katy Perry,,spotify,0rrO3Kk5LQCrfzCXcoPxNJ
TRXDEEL128F92E8386,Zion,Fluke,,spotify,1VsZbSojFgcMttbfZqJpoL
TRTCNRY128F428B533,Sogg,Amiina,,spotify,32vS0BdOiqk80MgKFz2W05
TRLYTZU128F930135F,Gleypa okkur,Ólafur Arnalds,,spotify,1k98Pzu4eiUZhIBQMNzZYf
TRLKEEG128F4252100,This Time,Moderat,,spotify,0Rpt3h2j2x36UseA3DMmJ3
TRYJBHM128F1468D97,Out From the Deep,Enigma,,spotify,5p6BgGmew8ZbyNlW6zVEMw
TRVICEW128E0785D72,Miranda That Ghost Just Isn't Holy Anymore,The Mars Volta,,spotify,0dXROD1x8bHVIdr7iSSMeN
TROYKQI128F4298A3A,The Stars,Moby,,spotify,1GcvCwHiw4AoJTsGh0gr3W
TRXZTTJ12903CD43B8,Periscopes of Consciousness,Shpongle,,spotify,2Yv5JlP1qab9Ta2wda9Mqn
TRQMTNC128F933A53F,Hvis lyset tar oss,Burzum,,spotify,0QRrZdjaYuPHjgZhF2wMl1
TRPAWAH128F428EA57,Pavane pour une infante défunte,Maurice Ravel,,spotify,01PGrTxR4TcdZPrrujTVGG
TRCTRLK128F42370B0,Odyssey,Amethystium,,spotify,0Pa9Dmsp8HFl9CkmEKryAW
TRHKWUH128F92FF24A,Mind Eye,Nightmares on Wax,,spotify,00SyEUnf8XFHzTnT5Ieplm
TRGLHVX128F930135C,Kjurrt,Ólafur Arnalds,,spotify,1VMF3PCCpZJfwEj4fKGxcc
TRWULXR128F423B2B4,Hyenas,Moby,,spotify,0vyvlI1MVulb84BN9sbvpX
TRIOJFA12903D05F52,Manic Star,Conjure One,,spotify,2JAJSmHGv9UlaFPNcu4a0R
TRXAAKD12903CB47C5,Behind Closed Eyelids,Shpongle,,spotify,7fitEtKFX3CTbxdrdukk3u
TRHLYRQ128F4293579,The Telephone Call,Chromatics,,spotify,2V58BLzYNwFoPGaWnw6IIR
TRXYKYV12903CBCB1C,Here She Comes Again,Röyksopp,,spotify,0UpSRuiUivoYlnqg0FxqTR
TRWBPJY128F14714E1,Atlantico,Roberto Cacciapaglia,,spotify,2ZAlA8GSF2rdn1AtSF801L
TRJSZMN128F930DDDA,Foreign Affair,Mike Oldfield,,spotify,0PCTBJNvnRjf6rIldLhmld
TRDEMOB128F425D0D1,Stick,Banks,,spotify,0UerLqi8642nqnvn5MDBwM
TRMGPYG128F93203C4,Silk Road,Kitaro,,spotify,1fwiYzLrtix9Vx0ZV05qZy
TRXNKZP128F93376D7,Milkman,Aphex Twin,,spotify,2ZmHy7P5Gt4GwqkuPFhF12
TRRTVOE128F93663D5,Sevastopol,Moby,,spotify,02kYMUkMMTDHZNkwxRXZox
TRRVXDM128F1472AC8,The Academy,Massive Attack,,spotify,1JG4mYo4bpIaDAm0ndq01N
TROHOGZ128F42A036E,Flowers,Galaxie 500,,spotify,0sxpgiWUnU38Q4oLDshs3F
TRRCXPO128F4295F6E,No Holly For Miss Quinn,Enya,,spotify,1C9Uw3hTKciIPSGpz60vkN
TRRMATZ128F9319B75,Unlike Me,Kate Havnevik,,spotify,2P6HZexKx7pmkaVdW5kt94
TRDKVXW128F421BD42,Keechie,No Age,,spotify,3RddK11bNvwxdZl9EvTOWo
TRADYYF128F1459C8E,Years,Conjure One,,spotify,1KXCnBs3FrnfzZcdxuOIUy
TRLQGIJ128F92E9603,J's Heaven,Slowdive,,spotify,4g1zeUDCp2rWQnXrlDMC2C
TRXEMPN128F4265D3E,Too Soon,The Radio Dept.,,spotify,35wfuzVsYPnIetgFdrauTK
TROJFPG128F92EC591,Welcome to the End,Celldweller,,spotify,4GfR42kNHYjOcnCZDcH3yw
TRRZBXW128F14AE04F,Tuesday,Télépopmusik,,spotify,5lPydim4ZhUvo4pmtE9gaj
TRFFPTM12903CD6D19,Plastic Bird,Galaxie 500,,spotify,1at3n20c5mRAFfNKD1Ru7j
TRUYVIU128F148C822,Opus 36,Dustin O'Halloran,,spotify,1ezEdKP9mWIwNlxCrNGtRH
TRZRBXX128F9339AFE,Phaedra,Tangerine Dream,,spotify,1i4hZrlij5OW6sQphwrDMO
TRIRSJP12903CBF454,Hibernation,Random Forest,,spotify,2OuACwejkbRvb8vomGmak7
TRMJZTN12903CBE89E,Dreamdance,Amethystium,,spotify,4e3rxcAYJHy3TiXKAGmKzv
TRVRFJM128F42666C7,Brainfreeze,Fuck Buttons,,spotify,0pOrNDeuJQ5MaJf5ywWtM3
TRCTSJA128EF35C788,Last Songs,Dntel,,spotify,5JYLETsdG1dUcvJPf8hLBh
TRFZRRT128F92F2F40,Stars And Midnight Blue,Enya,,spotify,04qBnMcy4q7WOIUknPatUj
TRXDQGG128F92FB82E,Lament,Balmorhea,,spotify,1EQUC7KWr023CAtq9EEe4c
TRNIXMN128F4295F70,Evacuee,Enya,,spotify,0hQ1xTibCCRUK77VL0831S
TRLNEGK12903CE86B0,Great Expectations,Elbow,,spotify,0ybU6I79tfRSkCHuoDd5sj
TRIMPJG128F932DC81,Stalemate,Enter Shikari,,spotify,06YoxzRLTXYS50nU1pnBoE
TRLJVJZ128F93272C6,Last Time,Moderat,,spotify,02eME0NMGruQPYjq56bJEF
TROKEPN128F92FA0D7,My Kingdom,The Future Sound of London,,spotify,7mB5AgvBYc6QasgzTxrugB
TRYAOYQ12903CE93A3,The Gate,Björk,,spotify,3BEJxxZPPJKCTyNjiaxmny
TRESZJO128F92D7FA9,A Drifting Up,Jon Hopkins,,spotify,0jaklgVfZ8BTIQEPyO4Hwd
TRXSBPV128F935A8C8,Step Aside,Efterklang,,spotify,0jfSwwHe4cAOMQmyBgJmGC
TRSGFOG128F9329182,Mitternacht,Kraftwerk,,spotify,00SbpMDQwBJHuvx98gm2E8
TRDODQM128F92E9741,Like Two Strangers,Trentemøller,,spotify,0wR21T7HelKOc55hRuCNId
TRUDQQN128F4280B9D,Deep Sea Diver,Bat for Lashes,,spotify,07qrSTpY2Ims4vQTH9w7RV
TRZRBQL128F425BD34,"Weeping Rock, Rock",múm,,spotify,04Abz4gvrYiKRdXiCmOqlJ
TRPSZZD128F931C317,The Great Drive By,Funki Porcini,,spotify,0wzbarRJgKtz2LOV9QhTZy
TRPVRMV128F92EB2C4,Ghost Outfit,Deerhunter,,spotify,1BHOarn9YsAOo7goaSEH2u
TRRSIYQ128F427C63A,Fragment,Max Richter,,spotify,04CGl8uqDLKDmnOUqMt0VB
TRUTPYV128F92D0CB1,Chukhung,Biosphere,,spotify,6XyiKLuIK9wAlNczDfHnMi
TRIPHPF128F14542E4,Less Than a Pearl,Enya,,spotify,0nTiQ7Ow4MzWgMLGxuGjJb
TRYVLBH128F92D7FAD,Autumn Hill,Jon Hopkins,,spotify,0fkHDu9xecvJKXfW9h3C50
TRAFMLZ128EF33EF70,Evening Falls,Enya,,spotify,0dIbHSML5zi2kOqOLuoxcl
TRYMSWC128F932E1A9,Wherever You Are,Ulrich Schnauss,,spotify,0zhzoW6bBDpVvOzMrSAjb4
TRQKLTK128F4264770,The Warden,Chelsea Wolfe,,spotify,6PpYc5LlcZSrdY0My0GOib
TRVFAZY128F93268D8,No Way Down,Air France,,spotify,04gPjQ5mGXVzMyVAcJRBSV
TRCQWXQ128F425BF43,Singapore,Tom Waits,,spotify,0KgEFupF6s1XGKxUkf49Zn
TRXBALC128E0792111,This Apparatus Must Be Unearthed,The Mars Volta,,spotify,1gxBA8cHJsd62SawLiNBlg
TRHVRWL128F42396D6,The Flying Club Cup,Beirut,,spotify,2heLGVC64EHWj9RHXdheVI
TROLOZX12903CA7153,Abducted,Cults,,spotify,0OLyp6n6yMwIzzlubXDrsK
TRDMRBH128F92E87E0,About Face,Grizzly Bear,,spotify,66zSeZQdUUI6BKA1yDmqc9
TRFUBHQ128EF34349F,Do It For Me Now,Angels & Airwaves,,spotify,1N79IF2r8yr0gU3LQdrL9r
TRYBVRS128F9350968,Candle,Sonic Youth,,spotify,0paBiZVfAoFi74VTeISuI3
TRYRSOF128F92F6BF2,Dory,Grizzly Bear,,spotify,0S7MQY3rKE0YD5UVQJ9jrk
TRJPZJR128F92E16B7,Where You'll Find Me Now,Neutral Milk Hotel,,spotify,17DpjGO0QMVaSmpVSFXX3B
TRCXIGZ128E07816E0,Henry Lee,Nick Cave & The Bad Seeds,,spotify,0JV09jQxgyioNqbJA4JqE5
TRBPYCG128F932C2AB,Unsolved Mysteries,Animal Collective,,spotify,04KSeJSb6ojNQHdqkwVpfC
TRDSJFU128F424A57D,Shape Shifter,Local Natives,,spotify,4K2KgAsQlbKIC2fl99M5EM
TRYNPHN128F92EF091,Rest,The Temper Trap,,spotify,09f5bxT3ZhNLQf0noyoMOT
TROOWWQ128E0786B91,Turn It Out,Death from Above 1979,,spotify,0v9k2B1qHB0w1aA2dioNMO
TRZOJZY128F429B01A,Sleepwalk Capsules,At the Drive-In,,spotify,04lgjCHtcPHnog0MmIfCdL
TRFUSUK128F92E0641,Flesh Canoe,Animal Collective,,spotify,0SM86Z9raXlFMPvAFy69tv
TRCPSXN128F92EC404,Hold Still,Grizzly Bear,,spotify,2sz9MuXW6MhhMbWRb8V8dD
TRXFRDG128F92CF7A0,Who Could Win a Rabbit,Animal Collective,,spotify,0c1si7egALscoJS6vz3MoF
TRNEGYK128F42720D5,Never Stops,Deerhunter,,spotify,1jkTjnKw15ClpbUmxiHpry
TRACOTR128F92E16B1,Someone Is Waiting,Neutral Milk Hotel,,spotify,5BbwrrAuNBtbUdFENCVgM9
TRGIEHQ128F14668E3,Pepper,Butthole Surfers,,spotify,1ng36571Iyov4HBxUClySn
TRGASPR128F93322E7,The Gulag Orkestar,Beirut,,spotify,3gNwlim5qMcVg7HJelghRc
TRAWZHY128F932C2AF,Chores,Animal Collective,,spotify,06M7bFudfipJg4EpAMOxF7
TRMGYTZ128F4281923,Bird Gerhl,Antony and the Johnsons,,spotify,0sWbK72hTDYwllhkUCULvD
TRAHWHD128F428F680,Total Trash,Sonic Youth,,spotify,0pS7wWqJ5jZJMKSBoKo6Ys
TRFOATE128F930FBC9,Hotel,Broken Social Scene,,spotify,0Ayq5JJDoseT8WiVSpdhVA
TRAHUUV128F428F681,Hey Joni,Sonic Youth,,spotify,1BTqSWF44UdsA7xxC0ghvn
TRGOZBI128F428F689,Eric's Trip,Sonic Youth,,spotify,0e73LTHwKxiRFf98voGNND
TRUWRWK128F92E16B6,Marching Theme,Neutral Milk Hotel,,spotify,09I6P9d09OsvVK3j1UfWLX
TRJAPJF128F146CB4E,Travel Is Dangerous,Mogwai,,spotify,25xl2vdPyASA7EhpYRKedx
TRIFWAT128F92C5A86,Shout Me Out,TV on the Radio,,spotify,0GaaMQOQVCF79NcNdUp8p4
TRGLXOX128F4250CC9,Easy Easy,King Krule,,spotify,08ZsI74y3P6mQw8En1c6tQ
TRQHYDK12903CDB3DF,Ramshackle,Beck,,spotify,0E2aZMFFpUexu3Tv3JWDsw
TRKZCWR128E0785D71,L'Via L'Viaquez,The Mars Volta,,spotify,1LuPrOdGp4NSWVsJ2sPJOx
TRDOGIT128F4263321,Recess,Muse,,spotify,0iRVNQRFgVr5jsjRmrUHyw
TRMHUPX128F4286774,Heart It Races,Architecture in Helsinki,,spotify,0kGmdT19pPmSeLDqU8ZoXx
TRRMWJH128F42B91C5,Winters Love,Animal Collective,,spotify,0OaeaVeOEuNED8EPPDtBrx
TRFPMAH128F14840DC,A Poor Man's Memory,Explosions in the Sky,,spotify,3Sr65YB3fNytWhAD1kIIr3
TROIVZG128F9326122,San Francisco,Foxygen,,spotify,1Iz0C5jekrwJW6sDUjIcPv
TRFYQJH128F427475B,Murderers,John Frusciante,,spotify,2Lt6XpDCo3xETDwWgvZJIY
TRHKCBK128F932FE20,Interlude With Ludes,Them Crooked Vultures,,spotify,3hMbcse2b8sVHySctAgkuE
TREZYWT128F93191B7,Cards & Quarters,Local Natives,,spotify,4qzW5f0kjIC98EmOK4rgAu
TRINACG128F427BB90,Am I Wry? No,Mew,,spotify,0CQRfsaza6IkyL2oPVjfYR
TREUZOI128F92D2C49,Gun Street Girl,Tom Waits,,spotify,2OCpoUUjefeFnYHnxAF5rY
TRGKULK128F146CB53,We're No Here,Mogwai,,spotify,0Yg4jghmFn1I1HCBMulZ9i
TRHCBME12903CE3962,"Island, IS",Volcano Choir,,spotify,2qIyKPmIvI9XBu28yGCZ31
TRGMCQT128F92FED48,Ddiamondd,Battles,,spotify,6I5TrlHsY108HpSoYyXNsQ
TRDNYJQ12903CE3960,Husks and Shells,Volcano Choir,,spotify,05PxNZJfr9OTpCo2JjH0xe
TRIXIYF128F92FED57,Leyendecker,Battles,,spotify,0k9Bz6pdjy3i8TQM4iCxpS
TRHGPTG128F9334775,Retreat! Retreat!,65daysofstatic,,spotify,12DgUV1rmedhkmBPlQ02ra
TRPKWUR12903CEAF2D,Maybe You Can Owe Me,Architecture in Helsinki,,spotify,0rAsGFJKV83RLWZJumFNyS
TRFRXLA128F422A569,Stereo,Pavement,,spotify,0S7ajt4buMo00wBDa8N5Pq
TRRQBED128F4279305,Wait for the Summer,Yeasayer,,spotify,1PgmBUEdAPCAeFJthSU9Rr
TRCTMHI128F932464E,Feeling Yourself Disintegrate,The Flaming Lips,,spotify,6WmoqCj0nZmfGtptIfZWLm
TRXFTRO128F93365F1,Priceless,Incubus,,spotify,3FxvXRObQngRIZ6JOHIvm3
TRVOVKQ128F4231095,Wax Simulacra,The Mars Volta,,spotify,0h15E41qCgeFxEO10Tzyfa
TRIGPCW128F428191B,My Lady Story,Antony and the Johnsons,,spotify,4wyBvxdYxD2o1ka4i9Y2i5
TRQDKBK128F42B91C0,The Softest Voice,Animal Collective,,spotify,0a5MgNfakcddRZMTUCxz1a
TRFSEBO128F42B91CF,Sweet Road,Animal Collective,,spotify,2EhAVT1zRNKuqZSXenty1Z
TRBYHXS128F42720D9,Microcastle,Deerhunter,,spotify,1mN5cmz1YYM3Iy0N0Ppl3m
TRCUTVF128F145A75B,Fury,Muse,,spotify,1ApIj11bSDVrCeCxKGZYwW
TRFYQUV128F931957E,Little Brother,Grizzly Bear,,spotify,3BJXT7qqVw8YR2VGFKXeiO
TRVBYSS128F42BAA8A,Mote,Sonic Youth,,spotify,4048s7u4aEwCNAbIvNG9FM
TRLIAEU128F42B91E2,We Tigers,Animal Collective,,spotify,08cA75ANA5PaVqfmr64fMz
TRUZAFD12903CEAF25,Tiny Paintings,Architecture in Helsinki,,spotify,49gK7S43ntGxxq03zw8Vm5
TRWOPYQ128F932A7BE,Tremoloa Debut,Broken Social Scene,,spotify,17dBqflnYhNrnxd906Nuj4
TRAHGKR128F426EA77,Germs,Yeasayer,,spotify,29XF1QH82sLPbOzo5n4bYd
TRFPFIA12903CAD652,Tourist,Julian Casablancas,,spotify,08K2w6rgaB3JKEX2WEp3r4
TRFRCQB128F92FA221,Goliath,The Mars Volta,,spotify,2OIca10vMnqiJyDELHiPJb
TRLJGJI128F93005C0,Drove Through Ghosts to Get Here,65daysofstatic,,spotify,1KKDr3xNkiiE4VPVkJSvI4
TRIZPHI128F429DDE4,In This Twilight,Nine Inch Nails,,spotify,2GncMXKc5i1FOVwbHN0dWj
TRTZXPD12903CEAF43,"Frenchy, I'm Faking",Architecture in Helsinki,,spotify,0RkGsRtmkbH3fwzIpMd8Fe
TRUYVHW128F4281B43,Jesus Christ Was an Only Child,Modest Mouse,,spotify,2eZvdGbgPt9QD0lPrLhNJM
TRCTEHG128F42B19A7,Stagger Lee,Nick Cave & The Bad Seeds,,spotify,4UngfSwDZC7f99RtLMtvwO
TRJJLZH128F14ADCA8,Carousels,Beirut,,spotify,0k01YN7V0ptCfHYtYrUkqk
TRZAIZB12903CC7DC4,K-Hole,CocoRosie,,spotify,1pVC7nzK3UpsR11LJYgQ2T
TRRIUHG128F424364B,Aberinkula,The Mars Volta,,spotify,0gGcxqdc9eJGQZstHKbyGt
TRIAKTQ128F92EFA40,Bugman,Blur,,spotify,0mTEeOwkeTwbSDboEOK7T8
TRAREKC12903CC9123,The Greater Good,Nine Inch Nails,,spotify,1aTVf35ucKsKGljGI8NHcq
TRGFUQQ128F429BB06,20 Dollar,M.I.A.,,spotify,0VegASqBdH2VamTzGBa6Df
TRWVOVH128F42B91E1,College,Animal Collective,,spotify,1f0jGeJzBwPE2AKMR3xpSm
TRCQJES128F428A9DF,Rainbow,Battles,,spotify,6wRSFdxXTPeM7uMWaWrIVX
TRJNXVK128F934BE00,Second Song,TV on the Radio,,spotify,2hxQNvX4ED97nfqnpnkVhc
TRRHCRK128F9351441,Lemonade,CocoRosie,,spotify,02c2bbr5M4hSgiIqmhJQv7
TRMQJPY128F4232F24,Say That,Toro y Moi,,spotify,0etlLuRtQ0PREpGuZaYMYu
TRFMZEJ128F934051B,Born Free,M.I.A.,,spotify,0w9bDd1FaBpYFXlILpWe3P
TRFSUID128F92F2B86,Shambala,Beastie Boys,,spotify,1rsYaFdIhyvuuCZYlZeTtG
TRDGDJL128F92D7616,Lips,The xx,,spotify,1onfcprzpSGh2LqrBh17AA
TRXMGZV128F4251499,Straight A's,Sleigh Bells,,spotify,0HtMLlYCMvc6vy6TGkQomq
TRHUVQV128F425BCE1,Kappa,Mogwai,,spotify,16C9yo9yuCyotMSItzMW0a
TRIUETE128F92FEAB0,Colorado,Grizzly Bear,,spotify,4QLgWj86OtcDdCNgcPgMZ2
TRZIOOI12903CDEFB3,Instrumental,The Microphones,,spotify,22OsO6FswfxoH00HPQgG6K
TRMBWAG128F1485B05,Vicarious Atonement,The Mars Volta,,spotify,1DiWJwIlC8F3lKJ4t6eP41
TRQJJSV128F932E733,Paperbag Writer,Radiohead,,spotify,0l8kx5UM3p8DxaEYZ2YzN9
TRFRGXK128EF35418D,Pneumonia,Björk,,spotify,0Oh0Um7ukRJlSabHTn8t3A
TROPLNY128F4225172,Interlude I,alt-J,,spotify,5TJJPr4HTnWe0cdFSzWyZl
TRSPGEF128F9316CD9,No Need To Worry,Yeasayer,,spotify,0PbsbMx40kJsDZylTI065s
TRMFQSS128F1485B08,Tetragrammaton,The Mars Volta,,spotify,22nkzsbEO4aXylUXAY6wLG
TRIUUXZ128F930C3A4,Jesus Loves Me,CocoRosie,,spotify,3gfTLvDjbyBcF3741aFtsS
TRADBSW128F933A7A8,Loba,Shakira,,spotify,1fPCGREltHJuV3axEPydLp
TRMOWGQ128F1485B0A,Vermicide,The Mars Volta,,spotify,1QqlqH7MKihuZR6HgHhb0h
TRRQVGF128EF344BF6,If It Works,Tokyo Police Club,,spotify,0QagQLUmqR0hxBYkANsGXA
TRCSDQB128F92D0F37,Shift,Grizzly Bear,,spotify,2u19OoJqxjLW2Scw1XHOfp
TROOWFX128F92F9D7E,Headless Horseman,The Microphones,,spotify,1xsrUjzXaTzS4mBGDHK4Ch
TRWXGNI128F92FEA92,Marla,Grizzly Bear,,spotify,1NFYrCEAi9BO6uwTxcmLpP
TRPBNOT128F1485B0E,Asilos Magdalena,The Mars Volta,,spotify,4XJ5hpBj30HKneI75NvSiY
TRUNPIM128F42B91E6,Mouth Wooed Her,Animal Collective,,spotify,1PGz5xd5Onl7gVzNXcmY7J
TREJXRG128F4281B15,Locked,Four Tet,,spotify,17okhFS3QwBN3nsUZDrFBr
TRFRZPY12903CAF90F,Full of Fire,The Knife,,spotify,0eJdbfC4KEPU61TrD1p5rp
TRCSCNE128F1452133,Forgiveness,Yeasayer,,spotify,0fklwoqAVuw9FNLaWYrgiI
TRUNBFC12903CB2CCC,Strange Reunions,Yeasayer,,spotify,0g4Qxkh4KAkC08AgmtFzuN
TRCRULC128F930A1A9,Slip Away,Perfume Genius,,spotify,3Gda1sTo2ZjbztjjsnAsP3
TRVUEXY128F930950F,Such Small Hands,La Dispute,,spotify,1fuvJOVYfwxbIb07kxKBbs
TRDWJYI12903CB64F7,Real Eyes,Quasimoto,,spotify,0aQjNj3qRfX62Bl9NUmTak
TRDJFPH128F933AC0A,We Were Born the Mutants Again With Leafling,of Montreal,,spotify,1F3RwflonaRJW4Uxh8I4xt
TRIUKWV128F4251471,Mushroom,Can,,spotify,02zmNqJlwJgkS57BkrOzl1
TRTTABL128E0794C21,Cinderella's Big Score,Sonic Youth,,spotify,0AgGnlK6GLVOHEz9vdMZeq
TRXDEQP128F92FF01A,Dark Star,Beck,,spotify,3UxM5RDH6bcG5tNIN2mXJ2
TRBWUHU128F932E73A,I Am A Wicked Child,Radiohead,,spotify,3STByesnbcQatiGHgwi1Tv
TRTIQRI128F1497CC5,Labyrinthian Pomp,of Montreal,,spotify,2meJ4vAlNbppIEBN2fjklM
TRHSANI128F93437BB,Juggernauts,Enter Shikari,,spotify,1OcLGTzBcDy3HiXZXdz3aj
TRCAOQU128F426D348,U Hurt Me,Burial,,spotify,4Q0Ny5xBn0nzFLTsEWjs8a
TRIZHLK128F9306349,Goin' Out West,Tom Waits,,spotify,141XsxpUkbj7AkQKT8vySq
TRDBIUT128F92FD711,Palo Alto,Radiohead,,spotify,0eKOf7uPc2Kuc1WfNzQtMc
TRPSZSI128F423F041,Misery Is a Butterfly,Blonde Redhead,,spotify,547CSByJjpVo2tHxbkYQfO
TRYETCB128F425A2B1,Doubt,Twenty One Pilots,,spotify,57yL3161hUMuw06zzzUCHi
TRFTNOO128F4259B03,Dollhouse,Melanie Martinez,,spotify,03qgYX3EVom5qlOzTAyoFY
TRQNSUX12903CB2CD1,Grizelda,Yeasayer,,spotify,1UxvrTtoZsNpRYW4qAcgvA
TRIUNVC12903D05476,Silently,Blonde Redhead,,spotify,2kvQvGSt8jNK9bjluwylvi
TRMAEQF128F425F1A2,Ruby Blue,Róisín Murphy,,spotify,1aSs4R5VkCa5VjywWeFeXB
TRLSXAD128F93548CC,Free at Last,Antony and the Johnsons,,spotify,1IP1mMLRl4MG1arDgUwJhm
TRRDIKR128F9330FC5,Save Me From What I Want,St. Vincent,,spotify,3jdgYB99xF0EIWHkSzpYVt
TRIRYEI128F424364D,Ilyena,The Mars Volta,,spotify,1tw8a9Epuu6Pak7MHNE3m3
TRCSXEM12903CE88F9,Detroit,Gorillaz,,spotify,6xbDAaVUnQ2kaPAg5GXjFW
TRURQEC128E07911AC,As Far As I Can See,Phantogram,,spotify,10Hn6BRwNAsN52uRyEmkJ2
TRYHEEG128F42483E6,The Message,M.I.A.,,spotify,23UbeebKFGXfYBgKbaCWIO
TRINQYY128F4246005,Hallogallo,Neu!,,spotify,1GkZZHT9uJjdzrrksrpczR
TRBGPXH12903CB2CCD,Mondegreen,Yeasayer,,spotify,1N6Rxy2WnN8bjdK1FLRn8q
TRUNODO12903CC7AB4,Shadow of a Doubt,Sonic Youth,,spotify,0mYaDPgvNkXgXS3TVjuITD
TRXECZU128F14ACCFB,The Cemetery,Architecture in Helsinki,,spotify,3VDzkcwYPG1OE8fNmx1jcy
TRUOHTC128E0781CB3,The Move,Beastie Boys,,spotify,3PyI8d4eB4fI4khD0SnPbS
TRCQQLR128F9342D6C,Annie,Mac DeMarco,,spotify,251isBi3o3xoGh1N5mn4We
TRWVXQR128F931A49B,Get Your Snack On,Amon Tobin,,spotify,02AWUcAqymlhr3ScysCBr2
TRRKEHF128F4281CF3,Jellybones,The Unicorns,,spotify,0HEPEApQIhtnX9503O9R5S
TRRPOWJ128F9337D94,Pornography,The Cure,,spotify,3FsYdsgbCWzLd52KQIa3OG
TROKBQH12903C9D506,Chase Scene,Broken Social Scene,,spotify,0Bu4QhDJZTn6RQDisaY4BV
TRFQGNU128F93403CF,Cellophane,FKA twigs,,spotify,2cYALQZNXmuFGp2ecgpKMa
TRRMOCN128F93333D3,Marriage,Gold Panda,,spotify,1ABtPfKR0bYT9DImB6307A
TRCURLL128F92FFC22,GNG BNG,Flying Lotus,,spotify,3ikwXw561IEOzPikYP1j0y
TRZOXOV128F934F67D,Woo,Rihanna,,spotify,1bMLlAmVfFZOl0z4gTAsHx
TRRGULB128F92E1582,Lipstick,Ariel Pink,,spotify,2i1nmBnMkDGFTTjeGGIOTm
TRRDSVH128F429570A,Milk Lizard,The Dillinger Escape Plan,,spotify,4TOZ8TuZQRMEgJjNsgewg2
TRBHYLS128F42333EE,To Talk To You,PJ Harvey,,spotify,009sNIaOR1r9UHVo5V3VKI
TRZSOKH128F92FED73,Tij,Battles,,spotify,28kZe5Nyf2xM7bc34swh6c
TRUDTNI128F428D20D,Lilies,Bat for Lashes,,spotify,3F0TMV1oiDwaz2p5hyo26a
TRTCQUM128F4289D54,Waste It On,Silversun Pickups,,spotify,18ZEfFWohl9woTvBykvlsI
TRFXPAV128F93345FF,Shoot,Sonic Youth,,spotify,0zTqtssz3d7bR6wbqfFtJ5
TRIUXCQ128F1485B0C,Meccamputechture,The Mars Volta,,spotify,36ixVOqksirsysXs3Hl3Hu
TRRCDWX128F42720E2,Saved by Old Times,Deerhunter,,spotify,0G8wAnzlarEbVccJIV39tV
TRTPQHZ128F428876A,Rapture Rapes the Muses,of Montreal,,spotify,11Ovo5Rk1JkrOV1gILIGOz
TRIQXRH128F42632A8,Bad Things,Cults,,spotify,1caFMoQlQyF5JHvfPNe49E
TROOIXY12903CD956F,Mercenary,Crystal Castles,,spotify,1nlwMy27j8bSzcWf5aXGqC
TRQKBTO128F42999C2,Random Firl,Late of the Pier,,spotify,0asK70V5iNYJ8J0CIGgrux
TRGBJFX12903CDC3BF,Fix It,Grizzly Bear,,spotify,0zY4xcee7evBepEc04z0dO
TRFZXWA128F9345A87,Thunderbolt,Björk,,spotify,47eRpC2lBdi7kCqzYQ3W26
TRHOIIQ128F930023C,Carpe,Russian Circles,,spotify,0YodeiUKnpTft8EG0Hi1aP
TRRTVVF128F930FD97,Osaka Loop Line,Discovery,,spotify,3ETayXmEtFFE0GxOu7qY4Y
TRCRIKB128F931AFC5,Skanky Panky,Kid Koala,,spotify,06AruRwQx3IFPkJOm8OWCP
TRZAWQQ128F4292B9E,Message Man,Twenty One Pilots,,spotify,4Oyl6oYSNeeZZP0OAxPVaU
TRVQPYN12903CF5E64,Earth Died Screaming,Tom Waits,,spotify,1dlsDScZgvZO5FrIljHlqR
TRNXHKI128F9334786,Await Rescue,65daysofstatic,,spotify,4h5t2PlUyyvNh21v1rOVyZ
TRADTGP128F1497D8C,Cripple and the Starfish,Antony and the Johnsons,,spotify,0GSnfh30vOkU81XwROnwpl
TRTAHFU128F931A7C1,Bucephalus Bouncing Ball,Aphex Twin,,spotify,0dHbniuO4zBQfE8ArIqFgV
TRRFEBA12903CBD577,Neighbour Riffs,Surfer Blood,,spotify,2gfLi5HcElnNtfmeH4TXhX
TRAUEYX12903CEAF48,Need To Shout,Architecture in Helsinki,,spotify,0POJkfkfMRwBmG3VYdqlML
TRHIODL128F9330FC6,The Neighbors,St. Vincent,,spotify,0Y1ueEIOy5YSojIhjjlfAy
TRKHQMX128F4243650,Tourniquet Man,The Mars Volta,,spotify,1DyYfdGRQXp8iBnYcHIzRk
TREYSYX128F92C7E9A,"I Swallowed Hard, Like I Understood",65daysofstatic,,spotify,1UJHOmv93BDWbGRAhB4XuB
TRIRPAF12903CEDAC5,Ghost Rider,Suicide,,spotify,0oEREnar2B1I5oFZ8fgxL6
TRISGJF12903D050D8,The Bride,Dirty Projectors,,spotify,0St0r9iL8Nyhgs8ErRFa3H
TRMVJYF12903D0C39C,Intro//A Cosmic Drama,Flying Lotus,,spotify,61z0V2sucJ90PkegVA0up3
TRJJELX128F9309DCF,Tears in the Typing Pool,Broadcast,,spotify,1eTFYrLba7YT81QhJpQwSz
TRNTUYB128F14AA17B,Bluebells,Patrick Wolf,,spotify,0RbzGmPYIwSjteO3ptKstg
TRWAHOC128F92C7E96,Another Code Against the Gone,65daysofstatic,,spotify,0iiN2qbCgJKTZhLpOgtFqf
TRTOOAV128F4281CF0,Ghost Mountain,The Unicorns,,spotify,1YUDW4ytgtcyoXI573sWmC
TRVQSBL12903CC9062,The Information,Beck,,spotify,0q7lX9FtLctZ6RibMBW0Rz
TRRZTYF128F9314717,The Fix,Minus the Bear,,spotify,03p0shAYVKerVFKWSaFals
TRDZZBY128F92E5538,A Tender History In Rust,Do Make Say Think,,spotify,0E4aTFOTBhKfNRPLw7RiMo
TRKPQKW128F426C4E2,We've Been Had,The Walkmen,,spotify,0wa9Qs0GYXb5Su65vXIUct
TRDPQNL128F9330FC8,Black Rainbow,St. Vincent,,spotify,1ArTGgRnvDq2TnRSCZPxtJ
TRUMVTL12903CDDFCB,Way Down in the Hole,Tom Waits,,spotify,0OG6G72aRjL7HB7ehERv76
TROPYNK128F4259830,Touched,Vast,,spotify,0715HQDNkwF1B4SmSR3uY0
TRYWLIM128F427930B,Wait for the Wintertime,Yeasayer,,spotify,1aQZyiO1OhLnjzJnMzzTn1
TRTRXCY128E07816DE,Song of Joy,Nick Cave & The Bad Seeds,,spotify,1pjM5AWnBkMRUv8yEBVMrJ
